dataset,rep,lead,alpha,mechanism,pi,method,nfail,ntest,notice,frac_cens,infeasible,fail
BATTERY,0,0,0.05,administrative,0.25,censored_as_failure,0.0,6150,767.6698933333333,0.25384615384615383,0.0,0.0
BATTERY,0,0,0.05,administrative,0.25,complete_case,261.0,6150,31.474313746157225,0.25384615384615383,0.0,0.042439024390243905
BATTERY,0,0,0.05,administrative,0.5,censored_as_failure,0.0,6150,771.4753333333334,0.4923076923076923,0.588,0.0
BATTERY,0,0,0.05,administrative,0.5,complete_case,462.0,6150,28.010215743293365,0.4923076923076923,0.0,0.07512195121951219
BATTERY,0,0,0.05,administrative,0.75,censored_as_failure,0.0,6150,772.7113333333334,0.7461538461538462,1.0,0.0
BATTERY,0,0,0.05,administrative,0.75,complete_case,0.0,6150,772.7113333333334,0.7461538461538462,1.0,0.0
BATTERY,0,0,0.05,none,0.0,oracle,2.0,123,19.89033333333333,0.0,0.0,0.016260162601626018
BATTERY,0,0,0.05,policy,,censored_as_failure,100.0,6150,19.89033333333333,0.4483974358974359,0.0,0.016260162601626018
BATTERY,0,0,0.05,policy,,complete_case,30.0,6150,340.3174533333334,0.4483974358974359,0.42,0.004878048780487805
BATTERY,0,0,0.05,random,0.25,censored_as_failure,0.0,6150,758.6056733333334,0.24965641025641025,0.0,0.0
BATTERY,0,0,0.05,random,0.25,complete_case,77.0,6150,30.789129398331138,0.24965641025641025,0.0,0.012520325203252032
BATTERY,0,0,0.05,random,0.5,censored_as_failure,0.0,6150,769.7113333333334,0.49118974358974354,0.0,0.0
BATTERY,0,0,0.05,random,0.5,complete_case,81.0,6150,265.66988065256146,0.49118974358974354,0.32,0.013170731707317073
BATTERY,0,0,0.05,random,0.75,censored_as_failure,0.0,6150,769.7113333333334,0.7499794871794871,0.0,0.0
BATTERY,0,0,0.05,random,0.75,complete_case,0.0,6150,772.7113333333334,0.7499794871794871,1.0,0.0
BATTERY,0,0,0.1,administrative,0.25,censored_as_failure,0.0,6150,705.8064133333334,0.25384615384615383,0.0,0.0
BATTERY,0,0,0.1,administrative,0.25,complete_case,602.0,6150,10.315324861217213,0.25384615384615383,0.0,0.09788617886178862
BATTERY,0,0,0.1,administrative,0.5,censored_as_failure,0.0,6150,770.5753333333333,0.4923076923076923,0.288,0.0
BATTERY,0,0,0.1,administrative,0.5,complete_case,626.0,6150,13.832477409353931,0.4923076923076923,0.0,0.10178861788617886
BATTERY,0,0,0.1,administrative,0.75,censored_as_failure,0.0,6150,772.7113333333334,0.7461538461538462,1.0,0.0
BATTERY,0,0,0.1,administrative,0.75,complete_case,671.0,6150,22.13446724719829,0.7461538461538462,0.0,0.10910569105691056
BATTERY,0,0,0.1,none,0.0,oracle,11.0,123,9.748737373737374,0.0,0.0,0.08943089430894309
BATTERY,0,0,0.1,policy,,censored_as_failure,550.0,6150,9.751237373737375,0.4483974358974359,0.0,0.08943089430894309
BATTERY,0,0,0.1,policy,,complete_case,97.0,6150,64.6723115942029,0.4483974358974359,0.06,0.015772357723577237
BATTERY,0,0,0.1,random,0.25,censored_as_failure,0.0,6150,604.1498933333334,0.24965641025641025,0.0,0.0
BATTERY,0,0,0.1,random,0.25,complete_case,333.0,6150,13.535588217800955,0.24965641025641025,0.0,0.054146341463414634
BATTERY,0,0,0.1,random,0.5,censored_as_failure,0.0,6150,767.8076533333333,0.49118974358974354,0.0,0.0
BATTERY,0,0,0.1,random,0.5,complete_case,290.0,6150,15.889594701836355,0.49118974358974354,0.0,0.04715447154471545
BATTERY,0,0,0.1,random,0.75,censored_as_failure,0.0,6150,769.7113333333334,0.7499794871794871,0.0,0.0
BATTERY,0,0,0.1,random,0.75,complete_case,226.0,6150,241.98746789377716,0.7499794871794871,0.296,0.0367479674796748
BATTERY,0,0,0.2,administrative,0.25,censored_as_failure,9.0,6150,179.11913696969697,0.25384615384615383,0.0,0.0014634146341463415
BATTERY,0,0,0.2,administrative,0.25,complete_case,1218.0,6150,5.908170409123788,0.25384615384615383,0.0,0.1980487804878049
BATTERY,0,0,0.2,administrative,0.5,censored_as_failure,0.0,6150,769.8313333333334,0.4923076923076923,0.04,0.0
BATTERY,0,0,0.2,administrative,0.5,complete_case,1224.0,6150,6.177615792344686,0.4923076923076923,0.0,0.19902439024390245
BATTERY,0,0,0.2,administrative,0.75,censored_as_failure,0.0,6150,772.5193333333334,0.7461538461538462,0.936,0.0
BATTERY,0,0,0.2,administrative,0.75,complete_case,1118.0,6150,9.302672880163463,0.7461538461538462,0.0,0.18178861788617887
BATTERY,0,0,0.2,none,0.0,oracle,21.0,123,6.255334861217214,0.0,0.0,0.17073170731707318
BATTERY,0,0,0.2,policy,,censored_as_failure,1035.0,6150,6.325879468783561,0.4483974358974359,0.0,0.16829268292682928
BATTERY,0,0,0.2,policy,,complete_case,471.0,6150,17.308232595889475,0.4483974358974359,0.004,0.07658536585365854
BATTERY,0,0,0.2,random,0.25,censored_as_failure,41.0,6150,185.65695880544575,0.24965641025641025,0.0,0.006666666666666667
BATTERY,0,0,0.2,random,0.25,complete_case,985.0,6150,6.854321410215844,0.24965641025641025,0.0,0.16016260162601625
BATTERY,0,0,0.2,random,0.5,censored_as_failure,0.0,6150,615.3078533333334,0.49118974358974354,0.0,0.0
BATTERY,0,0,0.2,random,0.5,complete_case,973.0,6150,7.274612882251982,0.49118974358974354,0.0,0.15821138211382113
BATTERY,0,0,0.2,random,0.75,censored_as_failure,0.0,6150,769.7113333333334,0.7499794871794871,0.0,0.0
BATTERY,0,0,0.2,random,0.75,complete_case,901.0,6150,19.105211472634693,0.7499794871794871,0.012,0.14650406504065042
BATTERY,0,15,0.05,administrative,0.25,censored_as_failure,0.0,6150,767.7222133333333,0.25384615384615383,0.0,0.0
BATTERY,0,15,0.05,administrative,0.25,complete_case,187.99999999999994,6150,53.08584244306418,0.25384615384615383,0.0,0.030569105691056902
BATTERY,0,15,0.05,administrative,0.5,censored_as_failure,0.0,6150,771.3913333333334,0.4923076923076923,0.56,0.0
BATTERY,0,15,0.05,administrative,0.5,complete_case,264.99999999999994,6150,50.59955105966497,0.4923076923076923,0.0,0.04308943089430893
BATTERY,0,15,0.05,administrative,0.75,censored_as_failure,0.0,6150,772.7113333333334,0.7461538461538462,1.0,0.0
BATTERY,0,15,0.05,administrative,0.75,complete_case,0.0,6150,772.7113333333334,0.7461538461538462,1.0,0.0
BATTERY,0,15,0.05,none,0.0,oracle,6.0,123,41.322041407867495,0.0,0.0,0.04878048780487805
BATTERY,0,15,0.05,policy,,censored_as_failure,300.0,6150,41.322041407867495,0.4785974358974359,0.0,0.04878048780487805
BATTERY,0,15,0.05,policy,,complete_case,120.99999999999996,6150,280.7275466666667,0.4785974358974359,0.324,0.019674796747967474
BATTERY,0,15,0.05,random,0.25,censored_as_failure,0.0,6150,760.5035333333333,0.2496307692307692,0.0,0.0
BATTERY,0,15,0.05,random,0.25,complete_case,203.99999999999997,6150,50.844506045548655,0.2496307692307692,0.0,0.03317073170731707
BATTERY,0,15,0.05,random,0.5,censored_as_failure,0.0,6150,769.7113333333334,0.507248717948718,0.0,0.0
BATTERY,0,15,0.05,random,0.5,complete_case,155.99999999999997,6150,326.6882022774327,0.507248717948718,0.388,0.02536585365853658
BATTERY,0,15,0.05,random,0.75,censored_as_failure,0.0,6150,769.7113333333334,0.7378435897435898,0.0,0.0
BATTERY,0,15,0.05,random,0.75,complete_case,0.0,6150,766.6798933333333,0.7378435897435898,0.992,0.0
BATTERY,0,15,0.1,administrative,0.25,censored_as_failure,0.0,6150,722.6096333333332,0.25384615384615383,0.0,0.0
BATTERY,0,15,0.1,administrative,0.25,complete_case,540.9999999999999,6150,28.183915160232594,0.25384615384615383,0.0,0.08796747967479673
BATTERY,0,15,0.1,administrative,0.5,censored_as_failure,0.0,6150,770.7793333333334,0.4923076923076923,0.356,0.0
BATTERY,0,15,0.1,administrative,0.5,complete_case,547.9999999999999,6150,36.654746818580975,0.4923076923076923,0.0,0.08910569105691055
BATTERY,0,15,0.1,administrative,0.75,censored_as_failure,0.0,6150,772.7113333333334,0.7461538461538462,1.0,0.0
BATTERY,0,15,0.1,administrative,0.75,complete_case,608.0,6150,44.5085658683386,0.7461538461538462,0.0,0.09886178861788618
BATTERY,0,15,0.1,none,0.0,oracle,9.999999999999998,123,28.135233954451344,0.0,0.0,0.08130081300813007
BATTERY,0,15,0.1,policy,,censored_as_failure,499.9999999999999,6150,28.135233954451344,0.4785974358974359,0.0,0.08130081300813007
BATTERY,0,15,0.1,policy,,complete_case,275.0,6150,66.85973076604556,0.4785974358974359,0.036,0.044715447154471545
BATTERY,0,15,0.1,random,0.25,censored_as_failure,0.0,6150,653.6634733333334,0.2496307692307692,0.0,0.0
BATTERY,0,15,0.1,random,0.25,complete_case,460.9999999999999,6150,29.603778240462816,0.2496307692307692,0.0,0.07495934959349591
BATTERY,0,15,0.1,random,0.5,censored_as_failure,0.0,6150,767.8081333333333,0.507248717948718,0.0,0.0
BATTERY,0,15,0.1,random,0.5,complete_case,377.99999999999994,6150,38.72945654075901,0.507248717948718,0.004,0.061463414634146334
BATTERY,0,15,0.1,random,0.75,censored_as_failure,0.0,6150,769.7113333333334,0.7378435897435898,0.0,0.0
BATTERY,0,15,0.1,random,0.75,complete_case,379.99999999999994,6150,218.81794942345985,0.7378435897435898,0.248,0.06178861788617885
BATTERY,0,15,0.2,administrative,0.25,censored_as_failure,7.999999999999997,6150,194.09645420289854,0.25384615384615383,0.0,0.0013008130081300809
BATTERY,0,15,0.2,administrative,0.25,complete_case,1234.0,6150,22.804480370217572,0.25384615384615383,0.0,0.20065040650406504
BATTERY,0,15,0.2,administrative,0.5,censored_as_failure,0.0,6150,769.8073333333334,0.4923076923076923,0.032,0.0
BATTERY,0,15,0.2,administrative,0.5,complete_case,1152.0,6150,23.933799844198965,0.4923076923076923,0.0,0.1873170731707317
BATTERY,0,15,0.2,administrative,0.75,censored_as_failure,0.0,6150,772.5073333333333,0.7461538461538462,0.932,0.0
BATTERY,0,15,0.2,administrative,0.75,complete_case,1174.0,6150,28.06913427055154,0.7461538461538462,0.0,0.19089430894308942
BATTERY,0,15,0.2,none,0.0,oracle,21.0,123,23.334782608695654,0.0,0.0,0.17073170731707318
BATTERY,0,15,0.2,policy,,censored_as_failure,1046.0,6150,23.3616884057971,0.4785974358974359,0.0,0.17008130081300812
BATTERY,0,15,0.2,policy,,complete_case,521.9999999999999,6150,32.0252865010352,0.4785974358974359,0.0,0.08487804878048778
BATTERY,0,15,0.2,random,0.25,censored_as_failure,75.99999999999999,6150,213.78470498776585,0.2496307692307692,0.0,0.01235772357723577
BATTERY,0,15,0.2,random,0.25,complete_case,1040.9999999999998,6150,23.577432296505037,0.2496307692307692,0.0,0.16926829268292679
BATTERY,0,15,0.2,random,0.5,censored_as_failure,0.0,6150,700.3096733333333,0.507248717948718,0.0,0.0
BATTERY,0,15,0.2,random,0.5,complete_case,958.9999999999999,6150,24.364032035377914,0.507248717948718,0.0,0.15593495934959348
BATTERY,0,15,0.2,random,0.75,censored_as_failure,0.0,6150,764.9004133333333,0.7378435897435898,0.0,0.0
BATTERY,0,15,0.2,random,0.75,complete_case,880.9999999999999,6150,28.582954360960528,0.7378435897435898,0.0,0.14325203252032517
BATTERY,0,30,0.05,administrative,0.25,censored_as_failure,0.0,6150,769.7113333333334,0.25384615384615383,0.0,0.0
BATTERY,0,30,0.05,administrative,0.25,complete_case,173.99999999999991,6150,69.34614492753623,0.25384615384615383,0.0,0.028292682926829255
BATTERY,0,30,0.05,administrative,0.5,censored_as_failure,0.0,6150,771.7033333333334,0.4923076923076923,0.664,0.0
BATTERY,0,30,0.05,administrative,0.5,complete_case,241.99999999999991,6150,65.85767385620915,0.4923076923076923,0.0,0.03934959349593495
BATTERY,0,30,0.05,administrative,0.75,censored_as_failure,0.0,6150,772.7113333333334,0.7461538461538462,1.0,0.0
BATTERY,0,30,0.05,administrative,0.75,complete_case,0.0,6150,772.7113333333334,0.7461538461538462,1.0,0.0
BATTERY,0,30,0.05,none,0.0,oracle,5.999999999999998,123,55.657000000000004,0.0,0.0,0.04878048780487804
BATTERY,0,30,0.05,policy,,censored_as_failure,299.9999999999999,6150,55.657,0.49688461538461537,0.0,0.04878048780487803
BATTERY,0,30,0.05,policy,,complete_case,54.99999999999995,6150,385.23280144927537,0.49688461538461537,0.448,0.0089430894308943
BATTERY,0,30,0.05,random,0.25,censored_as_failure,0.0,6150,758.4517733333333,0.24647179487179485,0.0,0.0
BATTERY,0,30,0.05,random,0.25,complete_case,200.99999999999991,6150,67.61592042909918,0.24647179487179485,0.0,0.03268292682926828
BATTERY,0,30,0.05,random,0.5,censored_as_failure,0.0,6150,769.7113333333334,0.5001410256410256,0.0,0.0
BATTERY,0,30,0.05,random,0.5,complete_case,153.99999999999994,6150,317.7872480632411,0.5001410256410256,0.364,0.025040650406504057
BATTERY,0,30,0.05,random,0.75,censored_as_failure,0.0,6150,769.7113333333334,0.7515820512820512,0.0,0.0
BATTERY,0,30,0.05,random,0.75,complete_case,0.0,6150,772.7113333333334,0.7515820512820512,1.0,0.0
BATTERY,0,30,0.1,administrative,0.25,censored_as_failure,0.0,6150,751.0658933333333,0.25384615384615383,0.0,0.0
BATTERY,0,30,0.1,administrative,0.25,complete_case,703.9999999999999,6150,47.2964459885434,0.25384615384615383,0.0,0.11447154471544714
BATTERY,0,30,0.1,administrative,0.5,censored_as_failure,0.0,6150,770.8153333333333,0.4923076923076923,0.368,0.0
BATTERY,0,30,0.1,administrative,0.5,complete_case,629.9999999999999,6150,51.51308266201814,0.4923076923076923,0.0,0.10243902439024388
BATTERY,0,30,0.1,administrative,0.75,censored_as_failure,0.0,6150,772.7113333333334,0.7461538461538462,1.0,0.0
BATTERY,0,30,0.1,administrative,0.75,complete_case,514.9999999999999,6150,60.08654619788386,0.7461538461538462,0.0,0.08373983739837397
BATTERY,0,30,0.1,none,0.0,oracle,14.999999999999996,123,45.73077749360614,0.0,0.0,0.12195121951219509
BATTERY,0,30,0.1,policy,,censored_as_failure,749.9999999999999,6150,45.73077749360614,0.49688461538461537,0.0,0.1219512195121951
BATTERY,0,30,0.1,policy,,complete_case,214.99999999999991,6150,66.00461391304347,0.49688461538461537,0.008,0.03495934959349592
BATTERY,0,30,0.1,random,0.25,censored_as_failure,0.0,6150,653.6595333333333,0.24647179487179485,0.0,0.0
BATTERY,0,30,0.1,random,0.25,complete_case,656.9999999999999,6150,47.826134093920764,0.24647179487179485,0.0,0.10682926829268291
BATTERY,0,30,0.1,random,0.5,censored_as_failure,0.0,6150,769.7113333333334,0.5001410256410256,0.0,0.0
BATTERY,0,30,0.1,random,0.5,complete_case,579.9999999999999,6150,52.057094961821356,0.5001410256410256,0.0,0.09430894308943087
BATTERY,0,30,0.1,random,0.75,censored_as_failure,0.0,6150,769.7113333333334,0.7515820512820512,0.0,0.0
BATTERY,0,30,0.1,random,0.75,complete_case,357.99999999999994,6150,323.1225852798547,0.7515820512820512,0.372,0.05821138211382113
BATTERY,0,30,0.2,administrative,0.25,censored_as_failure,4.999999999999998,6150,230.53608550724638,0.25384615384615383,0.0,0.0008130081300813005
BATTERY,0,30,0.2,administrative,0.25,complete_case,1326.0,6150,41.22770570361423,0.25384615384615383,0.0,0.21560975609756097
BATTERY,0,30,0.2,administrative,0.5,censored_as_failure,0.0,6150,769.9513333333334,0.4923076923076923,0.08,0.0
BATTERY,0,30,0.2,administrative,0.5,complete_case,1266.0,6150,41.99980028853693,0.4923076923076923,0.0,0.20585365853658535
BATTERY,0,30,0.2,administrative,0.75,censored_as_failure,0.0,6150,772.5553333333334,0.7461538461538462,0.948,0.0
BATTERY,0,30,0.2,administrative,0.75,complete_case,1130.0,6150,45.68261836890619,0.7461538461538462,0.0,0.183739837398374
BATTERY,0,30,0.2,none,0.0,oracle,26.0,123,41.325663356251596,0.0,0.0,0.21138211382113822
BATTERY,0,30,0.2,policy,,censored_as_failure,1299.0,6150,41.32551617010441,0.49688461538461537,0.0,0.21121951219512194
BATTERY,0,30,0.2,policy,,complete_case,715.9999999999999,6150,47.607056555921304,0.49688461538461537,0.0,0.11642276422764226
BATTERY,0,30,0.2,random,0.25,censored_as_failure,100.99999999999999,6150,246.00867087395696,0.24647179487179485,0.0,0.016422764227642273
BATTERY,0,30,0.2,random,0.25,complete_case,1260.0,6150,41.60032263564049,0.24647179487179485,0.0,0.2048780487804878
BATTERY,0,30,0.2,random,0.5,censored_as_failure,0.0,6150,717.6462733333333,0.5001410256410256,0.0,0.0
BATTERY,0,30,0.2,random,0.5,complete_case,1252.0,6150,41.86174395310661,0.5001410256410256,0.0,0.20357723577235773
BATTERY,0,30,0.2,random,0.75,censored_as_failure,0.0,6150,769.7113333333334,0.7515820512820512,0.0,0.0
BATTERY,0,30,0.2,random,0.75,complete_case,1030.0,6150,48.63731922675924,0.7515820512820512,0.004,0.16747967479674797
BATTERY,0,45,0.05,administrative,0.25,censored_as_failure,0.0,6150,769.7113333333334,0.25384615384615383,0.0,0.0
BATTERY,0,45,0.05,administrative,0.25,complete_case,97.99999999999999,6150,87.51059868247694,0.25384615384615383,0.0,0.015934959349593495
BATTERY,0,45,0.05,administrative,0.5,censored_as_failure,0.0,6150,771.8473333333334,0.4923076923076923,0.712,0.0
BATTERY,0,45,0.05,administrative,0.5,complete_case,147.99999999999997,6150,85.3230090909091,0.4923076923076923,0.0,0.0240650406504065
BATTERY,0,45,0.05,administrative,0.75,censored_as_failure,0.0,6150,772.7113333333334,0.7461538461538462,1.0,0.0
BATTERY,0,45,0.05,administrative,0.75,complete_case,0.0,6150,772.7113333333334,0.7461538461538462,1.0,0.0
BATTERY,0,45,0.05,none,0.0,oracle,3.999999999999999,123,78.47659552042161,0.0,0.0,0.03252032520325202
BATTERY,0,45,0.05,policy,,censored_as_failure,199.99999999999994,6150,78.4765955204216,0.4792153846153846,0.0,0.03252032520325202
BATTERY,0,45,0.05,policy,,complete_case,37.0,6150,321.1239066666667,0.4792153846153846,0.344,0.0060162601626016264
BATTERY,0,45,0.05,random,0.25,censored_as_failure,0.0,6150,756.5633133333333,0.24962564102564103,0.0,0.0
BATTERY,0,45,0.05,random,0.25,complete_case,94.99999999999999,6150,84.83509093544137,0.24962564102564103,0.0,0.015447154471544712
BATTERY,0,45,0.05,random,0.5,censored_as_failure,0.0,6150,769.7113333333334,0.499525641025641,0.0,0.0
BATTERY,0,45,0.05,random,0.5,complete_case,109.99999999999997,6150,334.12301351778655,0.499525641025641,0.368,0.017886178861788612
BATTERY,0,45,0.05,random,0.75,censored_as_failure,0.0,6150,769.7113333333334,0.7527435897435897,0.0,0.0
BATTERY,0,45,0.05,random,0.75,complete_case,0.0,6150,772.7113333333334,0.7527435897435897,1.0,0.0
BATTERY,0,45,0.1,administrative,0.25,censored_as_failure,0.0,6150,752.3625933333334,0.25384615384615383,0.0,0.0
BATTERY,0,45,0.1,administrative,0.25,complete_case,329.99999999999994,6150,72.15458787125917,0.25384615384615383,0.0,0.053658536585365846
BATTERY,0,45,0.1,administrative,0.5,censored_as_failure,0.0,6150,771.1633333333334,0.4923076923076923,0.484,0.0
BATTERY,0,45,0.1,administrative,0.5,complete_case,345.99999999999994,6150,74.14653740008784,0.4923076923076923,0.0,0.05626016260162601
BATTERY,0,45,0.1,administrative,0.75,censored_as_failure,0.0,6150,772.7113333333334,0.7461538461538462,1.0,0.0
BATTERY,0,45,0.1,administrative,0.75,complete_case,342.99999999999994,6150,80.2906806603513,0.7461538461538462,0.0,0.05577235772357723
BATTERY,0,45,0.1,none,0.0,oracle,6.999999999999997,123,68.83690118577076,0.0,0.0,0.05691056910569103
BATTERY,0,45,0.1,policy,,censored_as_failure,349.9999999999999,6150,68.83690118577076,0.4792153846153846,0.0,0.05691056910569104
BATTERY,0,45,0.1,policy,,complete_case,171.99999999999997,6150,86.37548226613966,0.4792153846153846,0.008,0.027967479674796743
BATTERY,0,45,0.1,random,0.25,censored_as_failure,0.0,6150,685.1687733333333,0.24962564102564103,0.0,0.0
BATTERY,0,45,0.1,random,0.25,complete_case,319.9999999999999,6150,71.45968579333709,0.24962564102564103,0.0,0.05203252032520323
BATTERY,0,45,0.1,random,0.5,censored_as_failure,0.0,6150,769.7113333333334,0.499525641025641,0.0,0.0
BATTERY,0,45,0.1,random,0.5,complete_case,273.99999999999994,6150,75.21452772821381,0.499525641025641,0.0,0.04455284552845527
BATTERY,0,45,0.1,random,0.75,censored_as_failure,0.0,6150,769.7113333333334,0.7527435897435897,0.0,0.0
BATTERY,0,45,0.1,random,0.75,complete_case,241.99999999999994,6150,289.60928342169746,0.7527435897435897,0.308,0.03934959349593495
BATTERY,0,45,0.2,administrative,0.25,censored_as_failure,2.9999999999999982,6150,262.5668588405797,0.25384615384615383,0.0,0.0004878048780487802
BATTERY,0,45,0.2,administrative,0.25,complete_case,862.9999999999999,6150,61.200341811228064,0.25384615384615383,0.0,0.14032520325203252
BATTERY,0,45,0.2,administrative,0.5,censored_as_failure,0.0,6150,769.9033333333334,0.4923076923076923,0.064,0.0
BATTERY,0,45,0.2,administrative,0.5,complete_case,882.9999999999999,6150,62.2824099719111,0.4923076923076923,0.0,0.1435772357723577
BATTERY,0,45,0.2,administrative,0.75,censored_as_failure,0.0,6150,772.6273333333334,0.7461538461538462,0.972,0.0
BATTERY,0,45,0.2,administrative,0.75,complete_case,736.9999999999999,6150,67.45964855546302,0.7461538461538462,0.0,0.11983739837398372
BATTERY,0,45,0.2,none,0.0,oracle,18.0,123,59.92636363636363,0.0,0.0,0.14634146341463414
BATTERY,0,45,0.2,policy,,censored_as_failure,899.9999999999999,6150,59.92636363636364,0.4792153846153846,0.0,0.14634146341463414
BATTERY,0,45,0.2,policy,,complete_case,326.9999999999999,6150,70.245694914361,0.4792153846153846,0.0,0.05317073170731706
BATTERY,0,45,0.2,random,0.25,censored_as_failure,49.999999999999986,6150,250.3257573649539,0.24962564102564103,0.0,0.008130081300813006
BATTERY,0,45,0.2,random,0.25,complete_case,836.9999999999999,6150,61.34265164231201,0.24962564102564103,0.0,0.13609756097560974
BATTERY,0,45,0.2,random,0.5,censored_as_failure,0.0,6150,719.3269333333334,0.499525641025641,0.0,0.0
BATTERY,0,45,0.2,random,0.5,complete_case,816.9999999999999,6150,62.2786451030068,0.499525641025641,0.0,0.13284552845528452
BATTERY,0,45,0.2,random,0.75,censored_as_failure,0.0,6150,769.7113333333334,0.7527435897435897,0.0,0.0
BATTERY,0,45,0.2,random,0.75,complete_case,865.9999999999999,6150,68.5552395117464,0.7527435897435897,0.004,0.14081300813008127
BATTERY,1,0,0.05,administrative,0.25,censored_as_failure,0.0,6150,763.6849333333333,0.25384615384615383,0.0,0.0
BATTERY,1,0,0.05,administrative,0.25,complete_case,129.99999999999991,6150,56.14739751552795,0.25384615384615383,0.0,0.021138211382113806
BATTERY,1,0,0.05,administrative,0.5,censored_as_failure,0.0,6150,770.8033333333334,0.4923076923076923,0.364,0.0
BATTERY,1,0,0.05,administrative,0.5,complete_case,249.99999999999991,6150,51.53278197244642,0.4923076923076923,0.0,0.040650406504065026
BATTERY,1,0,0.05,administrative,0.75,censored_as_failure,0.0,6150,772.6033333333334,0.7461538461538462,0.964,0.0
BATTERY,1,0,0.05,administrative,0.75,complete_case,0.0,6150,772.7113333333334,0.7461538461538462,1.0,0.0
BATTERY,1,0,0.05,none,0.0,oracle,3.999999999999997,123,12.96202898550725,0.0,0.0,0.03252032520325201
BATTERY,1,0,0.05,policy,,censored_as_failure,198.99999999999986,6150,12.967455652173914,0.4835974358974359,0.0,0.03235772357723575
BATTERY,1,0,0.05,policy,,complete_case,64.99999999999994,6150,399.59586637681156,0.4835974358974359,0.484,0.010569105691056901
BATTERY,1,0,0.05,random,0.25,censored_as_failure,0.0,6150,741.4450733333333,0.24649487179487178,0.0,0.0
BATTERY,1,0,0.05,random,0.25,complete_case,145.99999999999991,6150,46.9686098136646,0.24649487179487178,0.0,0.02373983739837397
BATTERY,1,0,0.05,random,0.5,censored_as_failure,0.0,6150,769.7113333333334,0.49808461538461535,0.0,0.0
BATTERY,1,0,0.05,random,0.5,complete_case,145.99999999999994,6150,310.5426455132483,0.49808461538461535,0.38,0.023739837398373976
BATTERY,1,0,0.05,random,0.75,censored_as_failure,0.0,6150,769.7113333333334,0.7539948717948718,0.0,0.0
BATTERY,1,0,0.05,random,0.75,complete_case,0.0,6150,772.7113333333334,0.7539948717948718,1.0,0.0
BATTERY,1,0,0.1,administrative,0.25,censored_as_failure,0.0,6150,674.7958133333334,0.25384615384615383,0.0,0.0
BATTERY,1,0,0.1,administrative,0.25,complete_case,999.9999999999999,6150,6.552729985970118,0.25384615384615383,0.0,0.16260162601626013
BATTERY,1,0,0.1,administrative,0.5,censored_as_failure,0.0,6150,770.2633333333333,0.4923076923076923,0.184,0.0
BATTERY,1,0,0.1,administrative,0.5,complete_case,818.9999999999999,6150,8.00550556021729,0.4923076923076923,0.0,0.13317073170731705
BATTERY,1,0,0.1,administrative,0.75,censored_as_failure,0.0,6150,772.4473333333334,0.7461538461538462,0.912,0.0
BATTERY,1,0,0.1,administrative,0.75,complete_case,497.99999999999994,6150,41.23285651029785,0.7461538461538462,0.0,0.08097560975609755
BATTERY,1,0,0.1,none,0.0,oracle,17.0,123,7.743785775179637,0.0,0.0,0.13821138211382114
BATTERY,1,0,0.1,policy,,censored_as_failure,835.9999999999999,6150,7.798013213538379,0.4835974358974359,0.0,0.1359349593495935
BATTERY,1,0,0.1,policy,,complete_case,207.9999999999999,6150,129.1349375861649,0.4835974358974359,0.14,0.03382113821138209
BATTERY,1,0,0.1,random,0.25,censored_as_failure,0.0,6150,601.4205933333334,0.24649487179487178,0.0,0.0
BATTERY,1,0,0.1,random,0.25,complete_case,589.9999999999999,6150,9.213228132697084,0.24649487179487178,0.0,0.09593495934959348
BATTERY,1,0,0.1,random,0.5,censored_as_failure,0.0,6150,765.0639733333334,0.49808461538461535,0.0,0.0
BATTERY,1,0,0.1,random,0.5,complete_case,578.9999999999999,6150,14.33482990815021,0.49808461538461535,0.0,0.09414634146341462
BATTERY,1,0,0.1,random,0.75,censored_as_failure,0.0,6150,769.7113333333334,0.7539948717948718,0.0,0.0
BATTERY,1,0,0.1,random,0.75,complete_case,370.99999999999994,6150,281.3419971399086,0.7539948717948718,0.344,0.060325203252032514
BATTERY,1,0,0.2,administrative,0.25,censored_as_failure,0.0,6150,148.10949333333335,0.25384615384615383,0.0,0.0
BATTERY,1,0,0.2,administrative,0.25,complete_case,1802.0,6150,4.184546892185901,0.25384615384615383,0.0,0.29300813008130083
BATTERY,1,0,0.2,administrative,0.5,censored_as_failure,0.0,6150,769.8073333333334,0.4923076923076923,0.032,0.0
BATTERY,1,0,0.2,administrative,0.5,complete_case,1736.0,6150,4.256591154948908,0.4923076923076923,0.0,0.28227642276422765
BATTERY,1,0,0.2,administrative,0.75,censored_as_failure,0.0,6150,771.8593333333333,0.7461538461538462,0.716,0.0
BATTERY,1,0,0.2,administrative,0.75,complete_case,1515.0,6150,5.4481192709520485,0.7461538461538462,0.0,0.24634146341463414
BATTERY,1,0,0.2,none,0.0,oracle,35.0,123,4.357754010695187,0.0,0.0,0.2845528455284553
BATTERY,1,0,0.2,policy,,censored_as_failure,1677.0,6150,4.5047779629108415,0.4835974358974359,0.0,0.2726829268292683
BATTERY,1,0,0.2,policy,,complete_case,737.9999999999999,6150,54.378483542015935,0.4835974358974359,0.052,0.11999999999999998
BATTERY,1,0,0.2,random,0.25,censored_as_failure,106.99999999999997,6150,180.52180698331506,0.24649487179487178,0.0,0.017398373983739834
BATTERY,1,0,0.2,random,0.25,complete_case,1676.0,6150,4.584215072521891,0.24649487179487178,0.0,0.27252032520325203
BATTERY,1,0,0.2,random,0.5,censored_as_failure,1.0,6150,681.6527866666667,0.49808461538461535,0.0,0.00016260162601626016
BATTERY,1,0,0.2,random,0.5,complete_case,1556.0,6150,5.1904187777241235,0.49808461538461535,0.0,0.2530081300813008
BATTERY,1,0,0.2,random,0.75,censored_as_failure,0.0,6150,769.7113333333334,0.7539948717948718,0.0,0.0
BATTERY,1,0,0.2,random,0.75,complete_case,1198.0,6150,13.217485617529446,0.7539948717948718,0.004,0.19479674796747967
BATTERY,1,15,0.05,administrative,0.25,censored_as_failure,0.0,6150,767.4038333333334,0.25384615384615383,0.0,0.0
BATTERY,1,15,0.05,administrative,0.25,complete_case,118.99999999999991,6150,78.93702305665349,0.25384615384615383,0.0,0.019349593495934944
BATTERY,1,15,0.05,administrative,0.5,censored_as_failure,0.0,6150,770.8873333333333,0.4923076923076923,0.392,0.0
BATTERY,1,15,0.05,administrative,0.5,complete_case,182.99999999999991,6150,71.80972520094704,0.4923076923076923,0.0,0.029756097560975595
BATTERY,1,15,0.05,administrative,0.75,censored_as_failure,0.0,6150,772.6153333333334,0.7461538461538462,0.968,0.0
BATTERY,1,15,0.05,administrative,0.75,complete_case,0.0,6150,772.7113333333334,0.7461538461538462,1.0,0.0
BATTERY,1,15,0.05,none,0.0,oracle,3.999999999999997,123,31.411826086956523,0.0,0.0,0.03252032520325201
BATTERY,1,15,0.05,policy,,censored_as_failure,199.99999999999986,6150,31.41182608695652,0.4903692307692307,0.0,0.03252032520325201
BATTERY,1,15,0.05,policy,,complete_case,64.99999999999994,6150,397.74029188405797,0.4903692307692307,0.464,0.010569105691056901
BATTERY,1,15,0.05,random,0.25,censored_as_failure,0.0,6150,760.6832733333333,0.2503897435897436,0.0,0.0
BATTERY,1,15,0.05,random,0.25,complete_case,128.99999999999991,6150,70.14809233201582,0.2503897435897436,0.0,0.02097560975609755
BATTERY,1,15,0.05,random,0.5,censored_as_failure,0.0,6150,769.7113333333334,0.4961,0.0,0.0
BATTERY,1,15,0.05,random,0.5,complete_case,122.99999999999993,6150,292.160097095995,0.4961,0.324,0.01999999999999999
BATTERY,1,15,0.05,random,0.75,censored_as_failure,0.0,6150,769.7113333333334,0.7501358974358974,0.0,0.0
BATTERY,1,15,0.05,random,0.75,complete_case,0.0,6150,772.7113333333334,0.7501358974358974,1.0,0.0
BATTERY,1,15,0.1,administrative,0.25,censored_as_failure,0.0,6150,709.6750333333333,0.25384615384615383,0.0,0.0
BATTERY,1,15,0.1,administrative,0.25,complete_case,660.9999999999999,6150,24.042119334974263,0.25384615384615383,0.0,0.10747967479674794
BATTERY,1,15,0.1,administrative,0.5,censored_as_failure,0.0,6150,770.3593333333333,0.4923076923076923,0.216,0.0
BATTERY,1,15,0.1,administrative,0.5,complete_case,656.9999999999999,6150,24.968051036129033,0.4923076923076923,0.0,0.10682926829268291
BATTERY,1,15,0.1,administrative,0.75,censored_as_failure,0.0,6150,772.4833333333333,0.7461538461538462,0.924,0.0
BATTERY,1,15,0.1,administrative,0.75,complete_case,515.9999999999999,6150,59.43053129990753,0.7461538461538462,0.0,0.08390243902439022
BATTERY,1,15,0.1,none,0.0,oracle,13.999999999999996,123,23.92696900353651,0.0,0.0,0.11382113821138208
BATTERY,1,15,0.1,policy,,censored_as_failure,695.9999999999999,6150,23.937355223632203,0.4903692307692307,0.0,0.11317073170731705
BATTERY,1,15,0.1,policy,,complete_case,189.9999999999999,6150,145.8853072463768,0.4903692307692307,0.14,0.03089430894308941
BATTERY,1,15,0.1,random,0.25,censored_as_failure,0.0,6150,648.3521533333334,0.2503897435897436,0.0,0.0
BATTERY,1,15,0.1,random,0.25,complete_case,516.9999999999999,6150,26.03002547135684,0.2503897435897436,0.0,0.08406504065040649
BATTERY,1,15,0.1,random,0.5,censored_as_failure,0.0,6150,767.4048333333334,0.4961,0.0,0.0
BATTERY,1,15,0.1,random,0.5,complete_case,450.9999999999999,6150,33.548214851456706,0.4961,0.0,0.07333333333333332
BATTERY,1,15,0.1,random,0.75,censored_as_failure,0.0,6150,769.7113333333334,0.7501358974358974,0.0,0.0
BATTERY,1,15,0.1,random,0.75,complete_case,399.99999999999994,6150,260.8335231826136,0.7501358974358974,0.3,0.06504065040650406
BATTERY,1,15,0.2,administrative,0.25,censored_as_failure,9.999999999999993,6150,182.19166376811594,0.25384615384615383,0.0,0.0016260162601626005
BATTERY,1,15,0.2,administrative,0.25,complete_case,1818.0,6150,21.15262117307693,0.25384615384615383,0.0,0.29560975609756096
BATTERY,1,15,0.2,administrative,0.5,censored_as_failure,0.0,6150,765.6822133333334,0.4923076923076923,0.012,0.0
BATTERY,1,15,0.2,administrative,0.5,complete_case,1746.0,6150,21.308123407997755,0.4923076923076923,0.0,0.2839024390243902
BATTERY,1,15,0.2,administrative,0.75,censored_as_failure,0.0,6150,771.9073333333333,0.7461538461538462,0.732,0.0
BATTERY,1,15,0.2,administrative,0.75,complete_case,1324.0,6150,22.575428191882597,0.7461538461538462,0.0,0.21528455284552844
BATTERY,1,15,0.2,none,0.0,oracle,32.0,123,21.406017316017316,0.0,0.0,0.2601626016260163
BATTERY,1,15,0.2,policy,,censored_as_failure,1488.0,6150,21.536408392270296,0.4903692307692307,0.0,0.24195121951219511
BATTERY,1,15,0.2,policy,,complete_case,619.9999999999999,6150,49.66679400531671,0.4903692307692307,0.02,0.10081300813008129
BATTERY,1,15,0.2,random,0.25,censored_as_failure,63.99999999999996,6150,203.03462555839727,0.2503897435897436,0.0,0.010406504065040643
BATTERY,1,15,0.2,random,0.25,complete_case,1531.0,6150,21.46962001069241,0.2503897435897436,0.0,0.2489430894308943
BATTERY,1,15,0.2,random,0.5,censored_as_failure,0.0,6150,694.5964533333333,0.4961,0.0,0.0
BATTERY,1,15,0.2,random,0.5,complete_case,1397.0,6150,21.939226677532545,0.4961,0.0,0.22715447154471544
BATTERY,1,15,0.2,random,0.75,censored_as_failure,0.0,6150,767.7294133333334,0.7501358974358974,0.0,0.0
BATTERY,1,15,0.2,random,0.75,complete_case,1230.0,6150,31.564506704541028,0.7501358974358974,0.008,0.2
BATTERY,1,30,0.05,administrative,0.25,censored_as_failure,0.0,6150,767.4010933333334,0.25384615384615383,0.0,0.0
BATTERY,1,30,0.05,administrative,0.25,complete_case,65.99999999999999,6150,94.60757829851308,0.25384615384615383,0.0,0.010731707317073168
BATTERY,1,30,0.05,administrative,0.5,censored_as_failure,0.0,6150,771.0313333333334,0.4923076923076923,0.44,0.0
BATTERY,1,30,0.05,administrative,0.5,complete_case,129.99999999999997,6150,89.97105362695277,0.4923076923076923,0.0,0.021138211382113817
BATTERY,1,30,0.05,administrative,0.75,censored_as_failure,0.0,6150,772.6153333333334,0.7461538461538462,0.968,0.0
BATTERY,1,30,0.05,administrative,0.75,complete_case,0.0,6150,772.7113333333334,0.7461538461538462,1.0,0.0
BATTERY,1,30,0.05,none,0.0,oracle,3.9999999999999982,123,51.471028985507246,0.0,0.0,0.032520325203252015
BATTERY,1,30,0.05,policy,,censored_as_failure,199.99999999999991,6150,51.471028985507246,0.4817025641025641,0.0,0.03252032520325202
BATTERY,1,30,0.05,policy,,complete_case,29.0,6150,390.17876,0.4817025641025641,0.44,0.004715447154471545
BATTERY,1,30,0.05,random,0.25,censored_as_failure,0.0,6150,762.4894533333334,0.25219487179487177,0.0,0.0
BATTERY,1,30,0.05,random,0.25,complete_case,100.99999999999999,6150,85.48303450028233,0.25219487179487177,0.0,0.016422764227642273
BATTERY,1,30,0.05,random,0.5,censored_as_failure,0.0,6150,769.7113333333334,0.5003282051282051,0.0,0.0
BATTERY,1,30,0.05,random,0.5,complete_case,149.99999999999997,6150,327.1839683943059,0.5003282051282051,0.36,0.02439024390243902
BATTERY,1,30,0.05,random,0.75,censored_as_failure,0.0,6150,769.7113333333334,0.7552410256410257,0.0,0.0
BATTERY,1,30,0.05,random,0.75,complete_case,0.0,6150,772.7113333333334,0.7552410256410257,1.0,0.0
BATTERY,1,30,0.1,administrative,0.25,censored_as_failure,0.0,6150,729.2550133333333,0.25384615384615383,0.0,0.0
BATTERY,1,30,0.1,administrative,0.25,complete_case,683.9999999999999,6150,45.614001565574014,0.25384615384615383,0.0,0.11121951219512194
BATTERY,1,30,0.1,administrative,0.5,censored_as_failure,0.0,6150,770.5393333333334,0.4923076923076923,0.276,0.0
BATTERY,1,30,0.1,administrative,0.5,complete_case,538.9999999999999,6150,47.14138278978078,0.4923076923076923,0.0,0.0876422764227642
BATTERY,1,30,0.1,administrative,0.75,censored_as_failure,0.0,6150,772.5913333333334,0.7461538461538462,0.96,0.0
BATTERY,1,30,0.1,administrative,0.75,complete_case,337.99999999999994,6150,76.82357859628682,0.7461538461538462,0.0,0.054959349593495924
BATTERY,1,30,0.1,none,0.0,oracle,16.999999999999996,123,45.373472614342184,0.0,0.0,0.1382113821138211
BATTERY,1,30,0.1,policy,,censored_as_failure,849.9999999999999,6150,45.379758328627894,0.4817025641025641,0.0,0.1382113821138211
BATTERY,1,30,0.1,policy,,complete_case,140.99999999999994,6150,102.68828031620554,0.4817025641025641,0.048,0.022926829268292672
BATTERY,1,30,0.1,random,0.25,censored_as_failure,1.0,6150,675.8480066666667,0.25219487179487177,0.0,0.00016260162601626016
BATTERY,1,30,0.1,random,0.25,complete_case,565.9999999999999,6150,47.475916032967795,0.25219487179487177,0.0,0.09203252032520323
BATTERY,1,30,0.1,random,0.5,censored_as_failure,0.0,6150,769.7113333333334,0.5003282051282051,0.0,0.0
BATTERY,1,30,0.1,random,0.5,complete_case,494.9999999999999,6150,56.0953438243831,0.5003282051282051,0.0,0.08048780487804877
BATTERY,1,30,0.1,random,0.75,censored_as_failure,0.0,6150,769.7113333333334,0.7552410256410257,0.0,0.0
BATTERY,1,30,0.1,random,0.75,complete_case,330.99999999999994,6150,333.1282843924447,0.7552410256410257,0.38,0.053821138211382104
BATTERY,1,30,0.2,administrative,0.25,censored_as_failure,6.999999999999998,6150,199.1629034782609,0.25384615384615383,0.0,0.001138211382113821
BATTERY,1,30,0.2,administrative,0.25,complete_case,1210.0,6150,41.75357759135691,0.25384615384615383,0.0,0.1967479674796748
BATTERY,1,30,0.2,administrative,0.5,censored_as_failure,0.0,6150,765.7258933333333,0.4923076923076923,0.044,0.0
BATTERY,1,30,0.2,administrative,0.5,complete_case,1145.0,6150,41.9026513835561,0.4923076923076923,0.0,0.1861788617886179
BATTERY,1,30,0.2,administrative,0.75,censored_as_failure,0.0,6150,772.0513333333333,0.7461538461538462,0.78,0.0
BATTERY,1,30,0.2,administrative,0.75,complete_case,1006.9999999999999,6150,42.93045191859561,0.7461538461538462,0.0,0.16373983739837397
BATTERY,1,30,0.2,none,0.0,oracle,26.0,123,41.8859363081617,0.0,0.0,0.21138211382113822
BATTERY,1,30,0.2,policy,,censored_as_failure,1287.0,6150,41.92954582459986,0.4817025641025641,0.0,0.20926829268292682
BATTERY,1,30,0.2,policy,,complete_case,652.9999999999999,6150,52.68976860610023,0.4817025641025641,0.004,0.10617886178861786
BATTERY,1,30,0.2,random,0.25,censored_as_failure,62.99999999999997,6150,230.52049032185207,0.25219487179487177,0.0,0.010243902439024385
BATTERY,1,30,0.2,random,0.25,complete_case,1188.0,6150,42.1524678561668,0.25219487179487177,0.0,0.19317073170731708
BATTERY,1,30,0.2,random,0.5,censored_as_failure,0.0,6150,708.5254533333334,0.5003282051282051,0.0,0.0
BATTERY,1,30,0.2,random,0.5,complete_case,1136.9999999999998,6150,42.6100455730405,0.5003282051282051,0.0,0.18487804878048777
BATTERY,1,30,0.2,random,0.75,censored_as_failure,0.0,6150,769.7113333333334,0.7552410256410257,0.0,0.0
BATTERY,1,30,0.2,random,0.75,complete_case,918.9999999999999,6150,51.051397610457926,0.7552410256410257,0.004,0.14943089430894307
BATTERY,1,45,0.05,administrative,0.25,censored_as_failure,0.0,6150,769.7113333333334,0.25384615384615383,0.0,0.0
BATTERY,1,45,0.05,administrative,0.25,complete_case,75.0,6150,107.7464117259552,0.25384615384615383,0.0,0.012195121951219513
BATTERY,1,45,0.05,administrative,0.5,censored_as_failure,0.0,6150,771.0673333333334,0.4923076923076923,0.452,0.0
BATTERY,1,45,0.05,administrative,0.5,complete_case,150.0,6150,102.82301144362883,0.4923076923076923,0.0,0.024390243902439025
BATTERY,1,45,0.05,administrative,0.75,censored_as_failure,0.0,6150,772.6873333333334,0.7461538461538462,0.992,0.0
BATTERY,1,45,0.05,administrative,0.75,complete_case,0.0,6150,772.7113333333334,0.7461538461538462,1.0,0.0
BATTERY,1,45,0.05,none,0.0,oracle,4.999999999999999,123,70.46321212121212,0.0,0.0,0.04065040650406503
BATTERY,1,45,0.05,policy,,censored_as_failure,249.99999999999994,6150,70.46321212121212,0.4975820512820513,0.0,0.04065040650406503
BATTERY,1,45,0.05,policy,,complete_case,31.0,6150,407.6116066666667,0.4975820512820513,0.448,0.0050406504065040655
BATTERY,1,45,0.05,random,0.25,censored_as_failure,0.0,6150,764.9214133333334,0.24639230769230766,0.0,0.0
BATTERY,1,45,0.05,random,0.25,complete_case,110.99999999999999,6150,100.87900123972645,0.24639230769230766,0.0,0.018048780487804877
BATTERY,1,45,0.05,random,0.5,censored_as_failure,0.0,6150,769.7113333333334,0.4999897435897436,0.0,0.0
BATTERY,1,45,0.05,random,0.5,complete_case,154.0,6150,338.5395447241952,0.4999897435897436,0.36,0.025040650406504064
BATTERY,1,45,0.05,random,0.75,censored_as_failure,0.0,6150,769.7113333333334,0.7478435897435898,0.0,0.0
BATTERY,1,45,0.05,random,0.75,complete_case,0.0,6150,772.7113333333334,0.7478435897435898,1.0,0.0
BATTERY,1,45,0.1,administrative,0.25,censored_as_failure,0.0,6150,743.1236933333333,0.25384615384615383,0.0,0.0
BATTERY,1,45,0.1,administrative,0.25,complete_case,944.9999999999999,6150,63.698725020526204,0.25384615384615383,0.0,0.15365853658536582
BATTERY,1,45,0.1,administrative,0.5,censored_as_failure,0.0,6150,770.5513333333333,0.4923076923076923,0.28,0.0
BATTERY,1,45,0.1,administrative,0.5,complete_case,738.9999999999999,6150,65.020194304571,0.4923076923076923,0.0,0.12016260162601625
BATTERY,1,45,0.1,administrative,0.75,censored_as_failure,0.0,6150,772.6033333333334,0.7461538461538462,0.964,0.0
BATTERY,1,45,0.1,administrative,0.75,complete_case,441.0,6150,91.30200983748412,0.7461538461538462,0.0,0.07170731707317073
BATTERY,1,45,0.1,none,0.0,oracle,18.0,123,64.259181880921,0.0,0.0,0.14634146341463414
BATTERY,1,45,0.1,policy,,censored_as_failure,900.0,6150,64.259181880921,0.4975820512820513,0.0,0.14634146341463414
BATTERY,1,45,0.1,policy,,complete_case,252.0,6150,100.25150798293494,0.4975820512820513,0.02,0.04097560975609756
BATTERY,1,45,0.1,random,0.25,censored_as_failure,1.0,6150,690.9251866666666,0.24639230769230766,0.0,0.00016260162601626016
BATTERY,1,45,0.1,random,0.25,complete_case,817.0,6150,65.26765795920477,0.24639230769230766,0.0,0.13284552845528455
BATTERY,1,45,0.1,random,0.5,censored_as_failure,0.0,6150,769.7113333333334,0.4999897435897436,0.0,0.0
BATTERY,1,45,0.1,random,0.5,complete_case,507.99999999999994,6150,74.82934815192674,0.4999897435897436,0.0,0.08260162601626016
BATTERY,1,45,0.1,random,0.75,censored_as_failure,0.0,6150,769.7113333333334,0.7478435897435898,0.0,0.0
BATTERY,1,45,0.1,random,0.75,complete_case,411.0,6150,295.40335194156825,0.7478435897435898,0.312,0.06682926829268293
BATTERY,1,45,0.2,administrative,0.25,censored_as_failure,3.9999999999999982,6150,261.21568015810277,0.25384615384615383,0.0,0.0006504065040650403
BATTERY,1,45,0.2,administrative,0.25,complete_case,1433.0,6150,59.15409530102867,0.25384615384615383,0.0,0.2330081300813008
BATTERY,1,45,0.2,administrative,0.5,censored_as_failure,0.0,6150,769.8073333333334,0.4923076923076923,0.032,0.0
BATTERY,1,45,0.2,administrative,0.5,complete_case,1388.0,6150,59.33283868334519,0.4923076923076923,0.0,0.2256910569105691
BATTERY,1,45,0.2,administrative,0.75,censored_as_failure,0.0,6150,772.0753333333333,0.7461538461538462,0.788,0.0
BATTERY,1,45,0.2,administrative,0.75,complete_case,1341.0,6150,60.368912400015,0.7461538461538462,0.0,0.21804878048780488
BATTERY,1,45,0.2,none,0.0,oracle,27.0,123,59.4909683299157,0.0,0.0,0.21951219512195122
BATTERY,1,45,0.2,policy,,censored_as_failure,1350.0,6150,59.50831569833675,0.4975820512820513,0.0,0.21951219512195122
BATTERY,1,45,0.2,policy,,complete_case,848.9999999999999,6150,65.60016605825965,0.4975820512820513,0.0,0.13804878048780486
BATTERY,1,45,0.2,random,0.25,censored_as_failure,93.99999999999999,6150,277.0683551502604,0.24639230769230766,0.0,0.015284552845528453
BATTERY,1,45,0.2,random,0.25,complete_case,1292.0,6150,60.111398771632636,0.24639230769230766,0.0,0.21008130081300813
BATTERY,1,45,0.2,random,0.5,censored_as_failure,0.0,6150,725.3104733333333,0.4999897435897436,0.0,0.0
BATTERY,1,45,0.2,random,0.5,complete_case,1259.0,6150,60.449196102896515,0.4999897435897436,0.0,0.20471544715447154
BATTERY,1,45,0.2,random,0.75,censored_as_failure,0.0,6150,769.7113333333334,0.7478435897435898,0.0,0.0
BATTERY,1,45,0.2,random,0.75,complete_case,1032.0,6150,77.58187883232546,0.7478435897435898,0.016,0.1678048780487805
BATTERY,2,0,0.05,administrative,0.25,censored_as_failure,0.0,6150,767.2441333333333,0.25384615384615383,0.0,0.0
BATTERY,2,0,0.05,administrative,0.25,complete_case,135.99999999999991,6150,58.11169820816865,0.25384615384615383,0.0,0.022113821138211368
BATTERY,2,0,0.05,administrative,0.5,censored_as_failure,0.0,6150,771.8233333333334,0.4923076923076923,0.704,0.0
BATTERY,2,0,0.05,administrative,0.5,complete_case,214.99999999999991,6150,48.10866811673452,0.4923076923076923,0.0,0.03495934959349592
BATTERY,2,0,0.05,administrative,0.75,censored_as_failure,0.0,6150,772.7113333333334,0.7461538461538462,1.0,0.0
BATTERY,2,0,0.05,administrative,0.75,complete_case,0.0,6150,772.7113333333334,0.7461538461538462,1.0,0.0
BATTERY,2,0,0.05,none,0.0,oracle,2.999999999999997,123,17.497797101449272,0.0,0.0,0.024390243902438997
BATTERY,2,0,0.05,policy,,censored_as_failure,149.99999999999986,6150,17.497797101449276,0.4593076923076923,0.0,0.024390243902439
BATTERY,2,0,0.05,policy,,complete_case,71.99999999999991,6150,342.16742898550723,0.4593076923076923,0.404,0.011707317073170718
BATTERY,2,0,0.05,random,0.25,censored_as_failure,0.0,6150,732.1931133333334,0.2427102564102564,0.0,0.0
BATTERY,2,0,0.05,random,0.25,complete_case,125.99999999999991,6150,52.03675114624506,0.2427102564102564,0.0,0.020487804878048767
BATTERY,2,0,0.05,random,0.5,censored_as_failure,0.0,6150,769.7113333333334,0.5056410256410256,0.0,0.0
BATTERY,2,0,0.05,random,0.5,complete_case,120.99999999999993,6150,303.131551499896,0.5056410256410256,0.36,0.019674796747967467
BATTERY,2,0,0.05,random,0.75,censored_as_failure,0.0,6150,769.7113333333334,0.7478641025641026,0.0,0.0
BATTERY,2,0,0.05,random,0.75,complete_case,0.0,6150,772.7113333333334,0.7478641025641026,1.0,0.0
BATTERY,2,0,0.1,administrative,0.25,censored_as_failure,0.0,6150,722.7257733333333,0.25384615384615383,0.0,0.0
BATTERY,2,0,0.1,administrative,0.25,complete_case,545.9999999999999,6150,8.779795391641159,0.25384615384615383,0.0,0.08878048780487803
BATTERY,2,0,0.1,administrative,0.5,censored_as_failure,0.0,6150,771.0673333333334,0.4923076923076923,0.452,0.0
BATTERY,2,0,0.1,administrative,0.5,complete_case,560.9999999999999,6150,9.699298081468495,0.4923076923076923,0.0,0.09121951219512194
BATTERY,2,0,0.1,administrative,0.75,censored_as_failure,0.0,6150,772.7113333333334,0.7461538461538462,1.0,0.0
BATTERY,2,0,0.1,administrative,0.75,complete_case,510.99999999999994,6150,34.13306187657499,0.7461538461538462,0.0,0.08308943089430894
BATTERY,2,0,0.1,none,0.0,oracle,9.999999999999996,123,9.35659420289855,0.0,0.0,0.08130081300813005
BATTERY,2,0,0.1,policy,,censored_as_failure,499.99999999999983,6150,9.358394202898552,0.4593076923076923,0.0,0.08130081300813005
BATTERY,2,0,0.1,policy,,complete_case,216.9999999999999,6150,96.00817354413702,0.4593076923076923,0.092,0.035284552845528436
BATTERY,2,0,0.1,random,0.25,censored_as_failure,2.0,6150,618.44562,0.2427102564102564,0.0,0.0003252032520325203
BATTERY,2,0,0.1,random,0.25,complete_case,399.9999999999999,6150,11.367489174319196,0.2427102564102564,0.0,0.06504065040650404
BATTERY,2,0,0.1,random,0.5,censored_as_failure,0.0,6150,769.7113333333334,0.5056410256410256,0.0,0.0
BATTERY,2,0,0.1,random,0.5,complete_case,361.9999999999999,6150,19.36105392691214,0.5056410256410256,0.0,0.05886178861788616
BATTERY,2,0,0.1,random,0.75,censored_as_failure,0.0,6150,769.7113333333334,0.7478641025641026,0.0,0.0
BATTERY,2,0,0.1,random,0.75,complete_case,279.99999999999994,6150,260.54298816526466,0.7478641025641026,0.312,0.045528455284552835
BATTERY,2,0,0.2,administrative,0.25,censored_as_failure,7.999999999999996,6150,199.60901478260868,0.25384615384615383,0.0,0.0013008130081300806
BATTERY,2,0,0.2,administrative,0.25,complete_case,1166.0,6150,5.5527245285606845,0.25384615384615383,0.0,0.18959349593495936
BATTERY,2,0,0.2,administrative,0.5,censored_as_failure,0.0,6150,769.8553333333334,0.4923076923076923,0.048,0.0
BATTERY,2,0,0.2,administrative,0.5,complete_case,1220.0,6150,5.4854944963391254,0.4923076923076923,0.0,0.1983739837398374
BATTERY,2,0,0.2,administrative,0.75,censored_as_failure,0.0,6150,772.5673333333334,0.7461538461538462,0.952,0.0
BATTERY,2,0,0.2,administrative,0.75,complete_case,1198.0,6150,6.537637558501982,0.7461538461538462,0.0,0.19479674796747967
BATTERY,2,0,0.2,none,0.0,oracle,22.0,123,6.201521739130435,0.0,0.0,0.17886178861788618
BATTERY,2,0,0.2,policy,,censored_as_failure,1066.0,6150,6.262639320138291,0.4593076923076923,0.0,0.17333333333333334
BATTERY,2,0,0.2,policy,,complete_case,467.9999999999999,6150,20.458037188029362,0.4593076923076923,0.004,0.07609756097560974
BATTERY,2,0,0.2,random,0.25,censored_as_failure,59.999999999999964,6150,188.84667915678526,0.2427102564102564,0.0,0.009756097560975605
BATTERY,2,0,0.2,random,0.25,complete_case,920.0,6150,6.535784850961396,0.2427102564102564,0.0,0.14959349593495935
BATTERY,2,0,0.2,random,0.5,censored_as_failure,0.0,6150,684.7590533333333,0.5056410256410256,0.0,0.0
BATTERY,2,0,0.2,random,0.5,complete_case,895.9999999999999,6150,6.990672561447168,0.5056410256410256,0.0,0.14569105691056908
BATTERY,2,0,0.2,random,0.75,censored_as_failure,0.0,6150,767.3588533333334,0.7478641025641026,0.0,0.0
BATTERY,2,0,0.2,random,0.75,complete_case,810.9999999999999,6150,21.13854789076824,0.7478641025641026,0.012,0.13186991869918696
BATTERY,2,15,0.05,administrative,0.25,censored_as_failure,0.0,6150,767.7342133333334,0.25384615384615383,0.0,0.0
BATTERY,2,15,0.05,administrative,0.25,complete_case,50.0,6150,79.7515,0.25384615384615383,0.0,0.008130081300813009
BATTERY,2,15,0.05,administrative,0.5,censored_as_failure,0.0,6150,771.7993333333334,0.4923076923076923,0.696,0.0
BATTERY,2,15,0.05,administrative,0.5,complete_case,103.99999999999999,6150,72.8645046238125,0.4923076923076923,0.0,0.016910569105691053
BATTERY,2,15,0.05,administrative,0.75,censored_as_failure,0.0,6150,772.7113333333334,0.7461538461538462,1.0,0.0
BATTERY,2,15,0.05,administrative,0.75,complete_case,0.0,6150,772.7113333333334,0.7461538461538462,1.0,0.0
BATTERY,2,15,0.05,none,0.0,oracle,1.9999999999999984,123,39.51750724637681,0.0,0.0,0.016260162601626004
BATTERY,2,15,0.05,policy,,censored_as_failure,99.99999999999993,6150,39.517507246376816,0.48369999999999996,0.0,0.016260162601626004
BATTERY,2,15,0.05,policy,,complete_case,34.99999999999999,6150,398.744324057971,0.48369999999999996,0.464,0.005691056910569104
BATTERY,2,15,0.05,random,0.25,censored_as_failure,0.0,6150,760.6554133333333,0.251825641025641,0.0,0.0
BATTERY,2,15,0.05,random,0.25,complete_case,71.99999999999999,6150,72.39331365508633,0.251825641025641,0.0,0.01170731707317073
BATTERY,2,15,0.05,random,0.5,censored_as_failure,0.0,6150,769.7113333333334,0.4999128205128205,0.0,0.0
BATTERY,2,15,0.05,random,0.5,complete_case,80.99999999999999,6150,316.9252629900839,0.4999128205128205,0.36,0.013170731707317071
BATTERY,2,15,0.05,random,0.75,censored_as_failure,0.0,6150,769.7113333333334,0.7415897435897435,0.0,0.0
BATTERY,2,15,0.05,random,0.75,complete_case,0.0,6150,772.7113333333334,0.7415897435897435,1.0,0.0
BATTERY,2,15,0.1,administrative,0.25,censored_as_failure,0.0,6150,730.4498933333333,0.25384615384615383,0.0,0.0
BATTERY,2,15,0.1,administrative,0.25,complete_case,394.99999999999994,6150,29.26514156022467,0.25384615384615383,0.0,0.06422764227642276
BATTERY,2,15,0.1,administrative,0.5,censored_as_failure,0.0,6150,771.0193333333334,0.4923076923076923,0.436,0.0
BATTERY,2,15,0.1,administrative,0.5,complete_case,411.99999999999994,6150,32.374973966070726,0.4923076923076923,0.0,0.06699186991869918
BATTERY,2,15,0.1,administrative,0.75,censored_as_failure,0.0,6150,772.7113333333334,0.7461538461538462,1.0,0.0
BATTERY,2,15,0.1,administrative,0.75,complete_case,367.99999999999994,6150,55.2162523991215,0.7461538461538462,0.0,0.05983739837398373
BATTERY,2,15,0.1,none,0.0,oracle,7.999999999999999,123,27.104484363081617,0.0,0.0,0.06504065040650406
BATTERY,2,15,0.1,policy,,censored_as_failure,393.99999999999994,6150,27.12594943485195,0.48369999999999996,0.0,0.0640650406504065
BATTERY,2,15,0.1,policy,,complete_case,121.99999999999997,6150,117.92895829138062,0.48369999999999996,0.088,0.019837398373983735
BATTERY,2,15,0.1,random,0.25,censored_as_failure,1.0,6150,657.7815066666667,0.251825641025641,0.0,0.00016260162601626016
BATTERY,2,15,0.1,random,0.25,complete_case,271.99999999999994,6150,31.18460748075723,0.251825641025641,0.0,0.04422764227642276
BATTERY,2,15,0.1,random,0.5,censored_as_failure,0.0,6150,767.1370933333334,0.4999128205128205,0.0,0.0
BATTERY,2,15,0.1,random,0.5,complete_case,260.99999999999994,6150,37.79737749393246,0.4999128205128205,0.0,0.04243902439024389
BATTERY,2,15,0.1,random,0.75,censored_as_failure,0.0,6150,769.7113333333334,0.7415897435897435,0.0,0.0
BATTERY,2,15,0.1,random,0.75,complete_case,208.99999999999997,6150,259.83150249089357,0.7415897435897435,0.292,0.03398373983739837
BATTERY,2,15,0.2,administrative,0.25,censored_as_failure,11.999999999999996,6150,196.50586260869565,0.25384615384615383,0.0,0.0019512195121951213
BATTERY,2,15,0.2,administrative,0.25,complete_case,915.0,6150,23.537102962377656,0.25384615384615383,0.0,0.14878048780487804
BATTERY,2,15,0.2,administrative,0.5,censored_as_failure,0.0,6150,769.9033333333334,0.4923076923076923,0.064,0.0
BATTERY,2,15,0.2,administrative,0.5,complete_case,951.0,6150,23.69575949713857,0.4923076923076923,0.0,0.1546341463414634
BATTERY,2,15,0.2,administrative,0.75,censored_as_failure,0.0,6150,772.6153333333334,0.7461538461538462,0.968,0.0
BATTERY,2,15,0.2,administrative,0.75,complete_case,936.0,6150,26.337924629600817,0.7461538461538462,0.0,0.1521951219512195
BATTERY,2,15,0.2,none,0.0,oracle,16.0,123,24.21086297760211,0.0,0.0,0.13008130081300814
BATTERY,2,15,0.2,policy,,censored_as_failure,792.0,6150,24.297718757367726,0.48369999999999996,0.0,0.12878048780487805
BATTERY,2,15,0.2,policy,,complete_case,303.99999999999994,6150,50.56481939116566,0.48369999999999996,0.02,0.04943089430894308
BATTERY,2,15,0.2,random,0.25,censored_as_failure,43.99999999999998,6150,223.7781655599473,0.251825641025641,0.0,0.007154471544715444
BATTERY,2,15,0.2,random,0.25,complete_case,789.0,6150,24.45788386060478,0.251825641025641,0.0,0.12829268292682927
BATTERY,2,15,0.2,random,0.5,censored_as_failure,0.0,6150,689.3317733333333,0.4999128205128205,0.0,0.0
BATTERY,2,15,0.2,random,0.5,complete_case,800.0,6150,24.59954196612977,0.4999128205128205,0.0,0.13008130081300814
BATTERY,2,15,0.2,random,0.75,censored_as_failure,0.0,6150,765.2223333333334,0.7415897435897435,0.0,0.0
BATTERY,2,15,0.2,random,0.75,complete_case,756.0,6150,35.14666422208742,0.7415897435897435,0.008,0.12292682926829268
BATTERY,2,30,0.05,administrative,0.25,censored_as_failure,0.0,6150,767.5666933333333,0.25384615384615383,0.0,0.0
BATTERY,2,30,0.05,administrative,0.25,complete_case,60.0,6150,98.85447101449276,0.25384615384615383,0.0,0.00975609756097561
BATTERY,2,30,0.05,administrative,0.5,censored_as_failure,0.0,6150,771.8233333333334,0.4923076923076923,0.704,0.0
BATTERY,2,30,0.05,administrative,0.5,complete_case,88.0,6150,91.98592179183134,0.4923076923076923,0.0,0.014308943089430894
BATTERY,2,30,0.05,administrative,0.75,censored_as_failure,0.0,6150,772.7113333333334,0.7461538461538462,1.0,0.0
BATTERY,2,30,0.05,administrative,0.75,complete_case,0.0,6150,772.7113333333334,0.7461538461538462,1.0,0.0
BATTERY,2,30,0.05,none,0.0,oracle,2.0,123,66.4415072463768,0.0,0.0,0.016260162601626018
BATTERY,2,30,0.05,policy,,censored_as_failure,100.0,6150,66.4415072463768,0.4507102564102564,0.0,0.016260162601626018
BATTERY,2,30,0.05,policy,,complete_case,32.0,6150,404.0353,0.4507102564102564,0.452,0.005203252032520325
BATTERY,2,30,0.05,random,0.25,censored_as_failure,0.0,6150,757.5051733333333,0.25539999999999996,0.0,0.0
BATTERY,2,30,0.05,random,0.25,complete_case,62.99999999999999,6150,90.95351014492753,0.25539999999999996,0.0,0.010243902439024389
BATTERY,2,30,0.05,random,0.5,censored_as_failure,0.0,6150,769.7113333333334,0.5011358974358975,0.0,0.0
BATTERY,2,30,0.05,random,0.5,complete_case,71.99999999999999,6150,326.8281460578323,0.5011358974358975,0.36,0.01170731707317073
BATTERY,2,30,0.05,random,0.75,censored_as_failure,0.0,6150,769.7113333333334,0.7538615384615385,0.0,0.0
BATTERY,2,30,0.05,random,0.75,complete_case,0.0,6150,772.7113333333334,0.7538615384615385,1.0,0.0
BATTERY,2,30,0.1,administrative,0.25,censored_as_failure,0.0,6150,741.7603533333333,0.25384615384615383,0.0,0.0
BATTERY,2,30,0.1,administrative,0.25,complete_case,295.99999999999994,6150,46.812541625473436,0.25384615384615383,0.0,0.048130081300813
BATTERY,2,30,0.1,administrative,0.5,censored_as_failure,0.0,6150,771.2113333333334,0.4923076923076923,0.5,0.0
BATTERY,2,30,0.1,administrative,0.5,complete_case,234.99999999999997,6150,58.56482540765616,0.4923076923076923,0.0,0.038211382113821135
BATTERY,2,30,0.1,administrative,0.75,censored_as_failure,0.0,6150,772.7113333333334,0.7461538461538462,1.0,0.0
BATTERY,2,30,0.1,administrative,0.75,complete_case,267.0,6150,77.25216420670368,0.7461538461538462,0.0,0.04341463414634146
BATTERY,2,30,0.1,none,0.0,oracle,7.0,123,46.05615151515151,0.0,0.0,0.056910569105691054
BATTERY,2,30,0.1,policy,,censored_as_failure,349.0,6150,46.059969696969695,0.4507102564102564,0.0,0.056747967479674796
BATTERY,2,30,0.1,policy,,complete_case,114.99999999999999,6150,90.15795826086956,0.4507102564102564,0.024,0.018699186991869916
BATTERY,2,30,0.1,random,0.25,censored_as_failure,0.0,6150,670.6106533333333,0.25539999999999996,0.0,0.0
BATTERY,2,30,0.1,random,0.25,complete_case,249.99999999999994,6150,51.60094725106574,0.25539999999999996,0.0,0.04065040650406503
BATTERY,2,30,0.1,random,0.5,censored_as_failure,0.0,6150,769.7113333333334,0.5011358974358975,0.0,0.0
BATTERY,2,30,0.1,random,0.5,complete_case,269.99999999999994,6150,58.19398969198941,0.5011358974358975,0.0,0.043902439024390234
BATTERY,2,30,0.1,random,0.75,censored_as_failure,0.0,6150,769.7113333333334,0.7538615384615385,0.0,0.0
BATTERY,2,30,0.1,random,0.75,complete_case,228.99999999999997,6150,299.1633083427316,0.7538615384615385,0.332,0.03723577235772357
BATTERY,2,30,0.2,administrative,0.25,censored_as_failure,8.999999999999998,6150,242.4811631884058,0.25384615384615383,0.0,0.0014634146341463412
BATTERY,2,30,0.2,administrative,0.25,complete_case,1091.0,6150,40.55552172318341,0.25384615384615383,0.0,0.17739837398373984
BATTERY,2,30,0.2,administrative,0.5,censored_as_failure,0.0,6150,769.9993333333334,0.4923076923076923,0.096,0.0
BATTERY,2,30,0.2,administrative,0.5,complete_case,972.0,6150,41.12303894413628,0.4923076923076923,0.0,0.15804878048780488
BATTERY,2,30,0.2,administrative,0.75,censored_as_failure,0.0,6150,772.6033333333334,0.7461538461538462,0.964,0.0
BATTERY,2,30,0.2,administrative,0.75,complete_case,841.0,6150,45.92353203015886,0.7461538461538462,0.0,0.1367479674796748
BATTERY,2,30,0.2,none,0.0,oracle,21.0,123,41.161044053985236,0.0,0.0,0.17073170731707318
BATTERY,2,30,0.2,policy,,censored_as_failure,1042.0,6150,41.19021380188439,0.4507102564102564,0.0,0.1694308943089431
BATTERY,2,30,0.2,policy,,complete_case,433.99999999999994,6150,52.97877175425194,0.4507102564102564,0.004,0.0705691056910569
BATTERY,2,30,0.2,random,0.25,censored_as_failure,42.99999999999999,6150,242.01458948061853,0.25539999999999996,0.0,0.006991869918699186
BATTERY,2,30,0.2,random,0.25,complete_case,928.9999999999999,6150,41.55577393509737,0.25539999999999996,0.0,0.15105691056910567
BATTERY,2,30,0.2,random,0.5,censored_as_failure,0.0,6150,705.9622133333334,0.5011358974358975,0.0,0.0
BATTERY,2,30,0.2,random,0.5,complete_case,923.0,6150,41.941586578711366,0.5011358974358975,0.0,0.15008130081300813
BATTERY,2,30,0.2,random,0.75,censored_as_failure,0.0,6150,769.7113333333334,0.7538615384615385,0.0,0.0
BATTERY,2,30,0.2,random,0.75,complete_case,878.0,6150,53.84025101615425,0.7538615384615385,0.012,0.14276422764227642
BATTERY,2,45,0.05,administrative,0.25,censored_as_failure,0.0,6150,765.0942133333334,0.25384615384615383,0.004,0.0
BATTERY,2,45,0.05,administrative,0.25,complete_case,76.0,6150,110.70918050065875,0.25384615384615383,0.0,0.012357723577235772
BATTERY,2,45,0.05,administrative,0.5,censored_as_failure,0.0,6150,771.9793333333333,0.4923076923076923,0.756,0.0
BATTERY,2,45,0.05,administrative,0.5,complete_case,133.99999999999997,6150,105.68536654620742,0.4923076923076923,0.0,0.021788617886178856
BATTERY,2,45,0.05,administrative,0.75,censored_as_failure,0.0,6150,772.7113333333334,0.7461538461538462,1.0,0.0
BATTERY,2,45,0.05,administrative,0.75,complete_case,0.0,6150,772.7113333333334,0.7461538461538462,1.0,0.0
BATTERY,2,45,0.05,none,0.0,oracle,2.9999999999999982,123,84.92310144927535,0.0,0.0,0.02439024390243901
BATTERY,2,45,0.05,policy,,censored_as_failure,149.99999999999991,6150,84.92310144927536,0.4706307692307692,0.0,0.02439024390243901
BATTERY,2,45,0.05,policy,,complete_case,28.0,6150,382.66300666666666,0.4706307692307692,0.412,0.0045528455284552845
BATTERY,2,45,0.05,random,0.25,censored_as_failure,0.0,6150,762.8021533333333,0.25464358974358975,0.0,0.0
BATTERY,2,45,0.05,random,0.25,complete_case,99.99999999999999,6150,103.5755183587427,0.25464358974358975,0.0,0.016260162601626015
BATTERY,2,45,0.05,random,0.5,censored_as_failure,0.0,6150,769.7113333333334,0.5046948717948718,0.0,0.0
BATTERY,2,45,0.05,random,0.5,complete_case,110.99999999999997,6150,355.6787362479321,0.5046948717948718,0.384,0.018048780487804873
BATTERY,2,45,0.05,random,0.75,censored_as_failure,0.0,6150,769.7113333333334,0.7486487179487179,0.0,0.0
BATTERY,2,45,0.05,random,0.75,complete_case,0.0,6150,772.7113333333334,0.7486487179487179,1.0,0.0
BATTERY,2,45,0.1,administrative,0.25,censored_as_failure,0.0,6150,743.9859733333334,0.25384615384615383,0.0,0.0
BATTERY,2,45,0.1,administrative,0.25,complete_case,477.99999999999994,6150,68.08389720605862,0.25384615384615383,0.0,0.07772357723577235
BATTERY,2,45,0.1,administrative,0.5,censored_as_failure,0.0,6150,771.3313333333334,0.4923076923076923,0.54,0.0
BATTERY,2,45,0.1,administrative,0.5,complete_case,357.99999999999994,6150,75.82250778824532,0.4923076923076923,0.0,0.05821138211382113
BATTERY,2,45,0.1,administrative,0.75,censored_as_failure,0.0,6150,772.7113333333334,0.7461538461538462,1.0,0.0
BATTERY,2,45,0.1,administrative,0.75,complete_case,315.99999999999994,6150,94.75234263617479,0.7461538461538462,0.0,0.0513821138211382
BATTERY,2,45,0.1,none,0.0,oracle,10.999999999999998,123,65.61159420289854,0.0,0.0,0.08943089430894308
BATTERY,2,45,0.1,policy,,censored_as_failure,549.9999999999999,6150,65.61159420289854,0.4706307692307692,0.0,0.08943089430894308
BATTERY,2,45,0.1,policy,,complete_case,143.99999999999994,6150,121.55501571240353,0.4706307692307692,0.044,0.023414634146341453
BATTERY,2,45,0.1,random,0.25,censored_as_failure,1.0,6150,699.0181866666667,0.25464358974358975,0.0,0.00016260162601626016
BATTERY,2,45,0.1,random,0.25,complete_case,430.99999999999994,6150,70.56755200075287,0.25464358974358975,0.0,0.07008130081300812
BATTERY,2,45,0.1,random,0.5,censored_as_failure,0.0,6150,769.7113333333334,0.5046948717948718,0.0,0.0
BATTERY,2,45,0.1,random,0.5,complete_case,370.99999999999994,6150,79.90932124738724,0.5046948717948718,0.0,0.060325203252032514
BATTERY,2,45,0.1,random,0.75,censored_as_failure,0.0,6150,769.7113333333334,0.7486487179487179,0.0,0.0
BATTERY,2,45,0.1,random,0.75,complete_case,354.99999999999994,6150,281.77212898990496,0.7486487179487179,0.292,0.05772357723577235
BATTERY,2,45,0.2,administrative,0.25,censored_as_failure,11.999999999999996,6150,285.0005452173913,0.25384615384615383,0.0,0.0019512195121951213
BATTERY,2,45,0.2,administrative,0.25,complete_case,1291.0,6150,58.78758242662573,0.25384615384615383,0.0,0.20991869918699188
BATTERY,2,45,0.2,administrative,0.5,censored_as_failure,0.0,6150,768.1522933333333,0.4923076923076923,0.148,0.0
BATTERY,2,45,0.2,administrative,0.5,complete_case,1041.0,6150,60.159782862789385,0.4923076923076923,0.0,0.16926829268292684
BATTERY,2,45,0.2,administrative,0.75,censored_as_failure,0.0,6150,772.6273333333334,0.7461538461538462,0.972,0.0
BATTERY,2,45,0.2,administrative,0.75,complete_case,855.0,6150,66.10563452932882,0.7461538461538462,0.0,0.13902439024390245
BATTERY,2,45,0.2,none,0.0,oracle,28.999999999999996,123,58.63289403321137,0.0,0.0,0.23577235772357721
BATTERY,2,45,0.2,policy,,censored_as_failure,1444.9999999999998,6150,58.64778988804453,0.4706307692307692,0.0,0.2349593495934959
BATTERY,2,45,0.2,policy,,complete_case,525.9999999999999,6150,71.41263726628824,0.4706307692307692,0.0,0.08552845528455283
BATTERY,2,45,0.2,random,0.25,censored_as_failure,74.99999999999997,6150,301.49306036890647,0.25464358974358975,0.0,0.012195121951219507
BATTERY,2,45,0.2,random,0.25,complete_case,1191.0,6150,59.43165994537611,0.25464358974358975,0.0,0.19365853658536586
BATTERY,2,45,0.2,random,0.5,censored_as_failure,0.0,6150,746.9427133333334,0.5046948717948718,0.0,0.0
BATTERY,2,45,0.2,random,0.5,complete_case,1136.0,6150,60.456016619893916,0.5046948717948718,0.0,0.18471544715447155
BATTERY,2,45,0.2,random,0.75,censored_as_failure,0.0,6150,769.7113333333334,0.7486487179487179,0.0,0.0
BATTERY,2,45,0.2,random,0.75,complete_case,947.9999999999999,6150,69.9487548935347,0.7486487179487179,0.004,0.1541463414634146
FD001,0,0,0.05,administrative,0.25,censored_as_failure,0.0,5000,159.126,0.25,0.0,0.0
FD001,0,0,0.05,administrative,0.25,complete_case,374.0,5000,7.894470777433781,0.25,0.0,0.0748
FD001,0,0,0.05,administrative,0.5,censored_as_failure,0.0,5000,203.92239999999998,0.5,0.068,0.0
FD001,0,0,0.05,administrative,0.5,complete_case,0.0,5000,205.31,0.5,1.0,0.0
FD001,0,0,0.05,administrative,0.75,censored_as_failure,0.0,5000,205.062,0.75,0.752,0.0
FD001,0,0,0.05,administrative,0.75,complete_case,0.0,5000,205.31,0.75,1.0,0.0
FD001,0,0,0.05,none,0.0,oracle,5.0,100,8.955603715170279,0.0,0.0,0.05
FD001,0,0,0.05,policy,,censored_as_failure,250.0,5000,8.955603715170279,0.486875,0.0,0.05
FD001,0,0,0.05,policy,,complete_case,36.0,5000,149.70956099071208,0.486875,0.716,0.0072
FD001,0,0,0.05,random,0.25,censored_as_failure,0.0,5000,199.32139999999998,0.250375,0.0,0.0
FD001,0,0,0.05,random,0.25,complete_case,322.0,5000,11.49742750257998,0.250375,0.016,0.0644
FD001,0,0,0.05,random,0.5,censored_as_failure,0.0,5000,204.31,0.489125,0.0,0.0
FD001,0,0,0.05,random,0.5,complete_case,70.0,5000,162.58411525627795,0.489125,0.784,0.014
FD001,0,0,0.05,random,0.75,censored_as_failure,0.0,5000,204.31,0.737625,0.0,0.0
FD001,0,0,0.05,random,0.75,complete_case,0.0,5000,205.31,0.737625,1.0,0.0
FD001,0,0,0.1,administrative,0.25,censored_as_failure,0.0,5000,78.646,0.25,0.0,0.0
FD001,0,0,0.1,administrative,0.25,complete_case,658.0,5000,6.302864327485381,0.25,0.0,0.1316
FD001,0,0,0.1,administrative,0.5,censored_as_failure,0.0,5000,200.2426,0.5,0.02,0.0
FD001,0,0,0.1,administrative,0.5,complete_case,502.0,5000,7.449101261844451,0.5,0.0,0.1004
FD001,0,0,0.1,administrative,0.75,censored_as_failure,0.0,5000,204.87,0.75,0.56,0.0
FD001,0,0,0.1,administrative,0.75,complete_case,0.0,5000,205.31,0.75,1.0,0.0
FD001,0,0,0.1,none,0.0,oracle,11.0,100,6.459313725490196,0.0,0.0,0.11
FD001,0,0,0.1,policy,,censored_as_failure,550.0,5000,6.459313725490196,0.486875,0.0,0.11
FD001,0,0,0.1,policy,,complete_case,317.0,5000,12.049725146198831,0.486875,0.02,0.0634
FD001,0,0,0.1,random,0.25,censored_as_failure,0.0,5000,149.9998,0.250375,0.0,0.0
FD001,0,0,0.1,random,0.25,complete_case,570.0,5000,6.672708582731339,0.250375,0.0,0.114
FD001,0,0,0.1,random,0.5,censored_as_failure,0.0,5000,199.864,0.489125,0.0,0.0
FD001,0,0,0.1,random,0.5,complete_case,505.0,5000,7.360355818467737,0.489125,0.0,0.101
FD001,0,0,0.1,random,0.75,censored_as_failure,0.0,5000,204.31,0.737625,0.0,0.0
FD001,0,0,0.1,random,0.75,complete_case,274.0,5000,111.34998915738544,0.737625,0.524,0.0548
FD001,0,0,0.2,administrative,0.25,censored_as_failure,21.0,5000,28.34185008599931,0.25,0.0,0.0042
FD001,0,0,0.2,administrative,0.25,complete_case,1387.0,5000,4.362214833652759,0.25,0.0,0.2774
FD001,0,0,0.2,administrative,0.5,censored_as_failure,0.0,5000,164.9628,0.5,0.0,0.0
FD001,0,0,0.2,administrative,0.5,complete_case,1268.0,5000,4.5142282564700515,0.5,0.0,0.2536
FD001,0,0,0.2,administrative,0.75,censored_as_failure,0.0,5000,204.542,0.75,0.232,0.0
FD001,0,0,0.2,administrative,0.75,complete_case,988.0,5000,5.447649626671918,0.75,0.0,0.1976
FD001,0,0,0.2,none,0.0,oracle,24.0,100,4.915250626566416,0.0,0.0,0.24
FD001,0,0,0.2,policy,,censored_as_failure,1200.0,5000,4.915250626566416,0.486875,0.0,0.24
FD001,0,0,0.2,policy,,complete_case,603.0,5000,6.416750051599587,0.486875,0.0,0.1206
FD001,0,0,0.2,random,0.25,censored_as_failure,81.0,5000,52.45055773993808,0.250375,0.0,0.0162
FD001,0,0,0.2,random,0.25,complete_case,1205.0,5000,4.836307409790073,0.250375,0.0,0.241
FD001,0,0,0.2,random,0.5,censored_as_failure,0.0,5000,150.113,0.489125,0.0,0.0
FD001,0,0,0.2,random,0.5,complete_case,1114.0,5000,5.084565869115405,0.489125,0.0,0.2228
FD001,0,0,0.2,random,0.75,censored_as_failure,0.0,5000,192.4086,0.737625,0.0,0.0
FD001,0,0,0.2,random,0.75,complete_case,900.0,5000,9.685136637734471,0.737625,0.02,0.18
FD001,0,5,0.05,administrative,0.25,censored_as_failure,0.0,5000,165.44660000000002,0.25,0.0,0.0
FD001,0,5,0.05,administrative,0.25,complete_case,174.0,5000,12.985181768145853,0.25,0.0,0.0348
FD001,0,5,0.05,administrative,0.5,censored_as_failure,0.0,5000,204.366,0.5,0.056,0.0
FD001,0,5,0.05,administrative,0.5,complete_case,0.0,5000,205.31,0.5,1.0,0.0
FD001,0,5,0.05,administrative,0.75,censored_as_failure,0.0,5000,205.13,0.75,0.82,0.0
FD001,0,5,0.05,administrative,0.75,complete_case,0.0,5000,205.31,0.75,1.0,0.0
FD001,0,5,0.05,none,0.0,oracle,3.0,100,13.940584795321637,0.0,0.0,0.03
FD001,0,5,0.05,policy,,censored_as_failure,150.0,5000,13.940584795321637,0.4795,0.0,0.03
FD001,0,5,0.05,policy,,complete_case,31.0,5000,147.23243625730996,0.4795,0.696,0.0062
FD001,0,5,0.05,random,0.25,censored_as_failure,0.0,5000,199.0702,0.250375,0.0,0.0
FD001,0,5,0.05,random,0.25,complete_case,157.0,5000,15.667971310629515,0.250375,0.012,0.0314
FD001,0,5,0.05,random,0.5,censored_as_failure,0.0,5000,204.31,0.501,0.0,0.0
FD001,0,5,0.05,random,0.5,complete_case,42.0,5000,172.96474729962162,0.501,0.832,0.0084
FD001,0,5,0.05,random,0.75,censored_as_failure,0.0,5000,204.31,0.757625,0.0,0.0
FD001,0,5,0.05,random,0.75,complete_case,0.0,5000,205.31,0.757625,1.0,0.0
FD001,0,5,0.1,administrative,0.25,censored_as_failure,0.0,5000,84.26639999999999,0.25,0.0,0.0
FD001,0,5,0.1,administrative,0.25,complete_case,344.0,5000,11.100192019263845,0.25,0.0,0.0688
FD001,0,5,0.1,administrative,0.5,censored_as_failure,0.0,5000,197.2962,0.5,0.016,0.0
FD001,0,5,0.1,administrative,0.5,complete_case,311.0,5000,11.922398036758564,0.5,0.0,0.0622
FD001,0,5,0.1,administrative,0.75,censored_as_failure,0.0,5000,204.93,0.75,0.62,0.0
FD001,0,5,0.1,administrative,0.75,complete_case,0.0,5000,205.31,0.75,1.0,0.0
FD001,0,5,0.1,none,0.0,oracle,8.0,100,11.300670794633643,0.0,0.0,0.08
FD001,0,5,0.1,policy,,censored_as_failure,400.0,5000,11.300670794633644,0.4795,0.0,0.08
FD001,0,5,0.1,policy,,complete_case,144.0,5000,15.726893567251462,0.4795,0.012,0.0288
FD001,0,5,0.1,random,0.25,censored_as_failure,3.0,5000,163.33521169590645,0.250375,0.0,0.0006
FD001,0,5,0.1,random,0.25,complete_case,289.0,5000,11.545412573099416,0.250375,0.0,0.0578
FD001,0,5,0.1,random,0.5,censored_as_failure,0.0,5000,201.8572,0.501,0.0,0.0
FD001,0,5,0.1,random,0.5,complete_case,270.0,5000,13.064316010614771,0.501,0.004,0.054
FD001,0,5,0.1,random,0.75,censored_as_failure,0.0,5000,203.83120000000002,0.757625,0.0,0.0
FD001,0,5,0.1,random,0.75,complete_case,112.0,5000,141.02262411420708,0.757625,0.668,0.0224
FD001,0,5,0.2,administrative,0.25,censored_as_failure,17.0,5000,34.06358947368421,0.25,0.0,0.0034
FD001,0,5,0.2,administrative,0.25,complete_case,888.0,5000,9.319783566760037,0.25,0.0,0.1776
FD001,0,5,0.2,administrative,0.5,censored_as_failure,0.0,5000,165.47920000000002,0.5,0.004,0.0
FD001,0,5,0.2,administrative,0.5,complete_case,838.0,5000,9.539087836673131,0.5,0.0,0.1676
FD001,0,5,0.2,administrative,0.75,censored_as_failure,0.0,5000,204.626,0.75,0.316,0.0
FD001,0,5,0.2,administrative,0.75,complete_case,633.0,5000,10.348768760805758,0.75,0.0,0.1266
FD001,0,5,0.2,none,0.0,oracle,17.0,100,9.505718954248367,0.0,0.0,0.17
FD001,0,5,0.2,policy,,censored_as_failure,850.0,5000,9.505718954248367,0.4795,0.0,0.17
FD001,0,5,0.2,policy,,complete_case,378.0,5000,11.165630065359478,0.4795,0.0,0.0756
FD001,0,5,0.2,random,0.25,censored_as_failure,46.0,5000,63.828885861713104,0.250375,0.0,0.0092
FD001,0,5,0.2,random,0.25,complete_case,789.0,5000,9.550852661064425,0.250375,0.0,0.1578
FD001,0,5,0.2,random,0.5,censored_as_failure,0.0,5000,167.145,0.501,0.0,0.0
FD001,0,5,0.2,random,0.5,complete_case,728.0,5000,9.893217457293309,0.501,0.0,0.1456
FD001,0,5,0.2,random,0.75,censored_as_failure,0.0,5000,200.5058,0.757625,0.0,0.0
FD001,0,5,0.2,random,0.75,complete_case,621.0,5000,15.3723317590734,0.757625,0.024,0.1242
FD001,0,10,0.05,administrative,0.25,censored_as_failure,0.0,5000,173.21220000000002,0.25,0.0,0.0
FD001,0,10,0.05,administrative,0.25,complete_case,229.0,5000,19.46853209494324,0.25,0.0,0.0458
FD001,0,10,0.05,administrative,0.5,censored_as_failure,0.0,5000,203.966,0.5,0.14,0.0
FD001,0,10,0.05,administrative,0.5,complete_case,0.0,5000,205.31,0.5,1.0,0.0
FD001,0,10,0.05,administrative,0.75,censored_as_failure,0.0,5000,205.146,0.75,0.836,0.0
FD001,0,10,0.05,administrative,0.75,complete_case,0.0,5000,205.31,0.75,1.0,0.0
FD001,0,10,0.05,none,0.0,oracle,2.0,100,20.696315789473683,0.0,0.0,0.02
FD001,0,10,0.05,policy,,censored_as_failure,100.0,5000,20.696315789473683,0.495875,0.0,0.02
FD001,0,10,0.05,policy,,complete_case,21.0,5000,160.48902105263159,0.495875,0.756,0.0042
FD001,0,10,0.05,random,0.25,censored_as_failure,0.0,5000,201.7682,0.250875,0.0,0.0
FD001,0,10,0.05,random,0.25,complete_case,159.0,5000,22.35059628482972,0.250875,0.012,0.0318
FD001,0,10,0.05,random,0.5,censored_as_failure,0.0,5000,204.31,0.507625,0.0,0.0
FD001,0,10,0.05,random,0.5,complete_case,27.0,5000,171.72540584795323,0.507625,0.82,0.0054
FD001,0,10,0.05,random,0.75,censored_as_failure,0.0,5000,204.31,0.7585,0.0,0.0
FD001,0,10,0.05,random,0.75,complete_case,0.0,5000,205.31,0.7585,1.0,0.0
FD001,0,10,0.1,administrative,0.25,censored_as_failure,0.0,5000,99.0766,0.25,0.0,0.0
FD001,0,10,0.1,administrative,0.25,complete_case,368.0,5000,17.81179793601651,0.25,0.0,0.0736
FD001,0,10,0.1,administrative,0.5,censored_as_failure,0.0,5000,200.10160000000002,0.5,0.032,0.0
FD001,0,10,0.1,administrative,0.5,complete_case,313.0,5000,18.60735759836998,0.5,0.0,0.0626
FD001,0,10,0.1,administrative,0.75,censored_as_failure,0.0,5000,204.994,0.75,0.684,0.0
FD001,0,10,0.1,administrative,0.75,complete_case,0.0,5000,205.31,0.75,1.0,0.0
FD001,0,10,0.1,none,0.0,oracle,7.0,100,17.56563811489508,0.0,0.0,0.07
FD001,0,10,0.1,policy,,censored_as_failure,350.0,5000,17.56563811489508,0.495875,0.0,0.07
FD001,0,10,0.1,policy,,complete_case,139.0,5000,24.729973099415204,0.495875,0.024,0.0278
FD001,0,10,0.1,random,0.25,censored_as_failure,2.0,5000,166.1939777777778,0.250875,0.0,0.0004
FD001,0,10,0.1,random,0.25,complete_case,327.0,5000,18.204039662882696,0.250875,0.0,0.0654
FD001,0,10,0.1,random,0.5,censored_as_failure,0.0,5000,203.3078,0.507625,0.0,0.0
FD001,0,10,0.1,random,0.5,complete_case,271.0,5000,19.845280220158237,0.507625,0.004,0.0542
FD001,0,10,0.1,random,0.75,censored_as_failure,0.0,5000,204.31,0.7585,0.0,0.0
FD001,0,10,0.1,random,0.75,complete_case,120.0,5000,138.33090371120107,0.7585,0.64,0.024
FD001,0,10,0.2,administrative,0.25,censored_as_failure,20.0,5000,39.08972514619883,0.25,0.0,0.004
FD001,0,10,0.2,administrative,0.25,complete_case,822.0,5000,15.742681045751633,0.25,0.0,0.1644
FD001,0,10,0.2,administrative,0.5,censored_as_failure,0.0,5000,181.1712,0.5,0.004,0.0
FD001,0,10,0.2,administrative,0.5,complete_case,704.0,5000,16.1536701595618,0.5,0.0,0.1408
FD001,0,10,0.2,administrative,0.75,censored_as_failure,0.0,5000,204.642,0.75,0.332,0.0
FD001,0,10,0.2,administrative,0.75,complete_case,512.0,5000,17.383617422137544,0.75,0.0,0.1024
FD001,0,10,0.2,none,0.0,oracle,13.0,100,15.87111111111111,0.0,0.0,0.13
FD001,0,10,0.2,policy,,censored_as_failure,650.0,5000,15.87111111111111,0.495875,0.0,0.13
FD001,0,10,0.2,policy,,complete_case,344.0,5000,17.81328620571035,0.495875,0.0,0.0688
FD001,0,10,0.2,random,0.25,censored_as_failure,58.0,5000,76.7754255245958,0.250875,0.0,0.0116
FD001,0,10,0.2,random,0.25,complete_case,744.0,5000,16.01736877563441,0.250875,0.0,0.1488
FD001,0,10,0.2,random,0.5,censored_as_failure,0.0,5000,176.64339999999999,0.507625,0.0,0.0
FD001,0,10,0.2,random,0.5,complete_case,728.0,5000,16.3420366653814,0.507625,0.0,0.1456
FD001,0,10,0.2,random,0.75,censored_as_failure,0.0,5000,203.37439999999998,0.7585,0.0,0.0
FD001,0,10,0.2,random,0.75,complete_case,631.0,5000,20.823086119144012,0.7585,0.02,0.1262
FD001,0,15,0.05,administrative,0.25,censored_as_failure,0.0,5000,179.5686,0.25,0.0,0.0
FD001,0,15,0.05,administrative,0.25,complete_case,262.0,5000,25.984422566219468,0.25,0.0,0.0524
FD001,0,15,0.05,administrative,0.5,censored_as_failure,0.0,5000,204.41,0.5,0.1,0.0
FD001,0,15,0.05,administrative,0.5,complete_case,0.0,5000,205.31,0.5,1.0,0.0
FD001,0,15,0.05,administrative,0.75,censored_as_failure,0.0,5000,205.194,0.75,0.884,0.0
FD001,0,15,0.05,administrative,0.75,complete_case,0.0,5000,205.31,0.75,1.0,0.0
FD001,0,15,0.05,none,0.0,oracle,5.0,100,26.531547987616097,0.0,0.0,0.05
FD001,0,15,0.05,policy,,censored_as_failure,250.0,5000,26.531547987616097,0.498,0.0,0.05
FD001,0,15,0.05,policy,,complete_case,66.0,5000,156.03715975232197,0.498,0.724,0.0132
FD001,0,15,0.05,random,0.25,censored_as_failure,1.0,5000,202.67516842105263,0.247875,0.0,0.0002
FD001,0,15,0.05,random,0.25,complete_case,263.0,5000,28.924645958032336,0.247875,0.016,0.0526
FD001,0,15,0.05,random,0.5,censored_as_failure,0.0,5000,204.31,0.504125,0.0,0.0
FD001,0,15,0.05,random,0.5,complete_case,41.0,5000,174.5281918128655,0.504125,0.828,0.0082
FD001,0,15,0.05,random,0.75,censored_as_failure,0.0,5000,204.31,0.752375,0.0,0.0
FD001,0,15,0.05,random,0.75,complete_case,0.0,5000,205.31,0.752375,1.0,0.0
FD001,0,15,0.1,administrative,0.25,censored_as_failure,1.0,5000,103.05696842105263,0.25,0.0,0.0002
FD001,0,15,0.1,administrative,0.25,complete_case,341.0,5000,24.084018575851395,0.25,0.0,0.0682
FD001,0,15,0.1,administrative,0.5,censored_as_failure,0.0,5000,202.382,0.5,0.016,0.0
FD001,0,15,0.1,administrative,0.5,complete_case,297.0,5000,25.14331283109735,0.5,0.0,0.0594
FD001,0,15,0.1,administrative,0.75,censored_as_failure,0.0,5000,205.018,0.75,0.708,0.0
FD001,0,15,0.1,administrative,0.75,complete_case,0.0,5000,205.31,0.75,1.0,0.0
FD001,0,15,0.1,none,0.0,oracle,8.0,100,23.450409356725146,0.0,0.0,0.08
FD001,0,15,0.1,policy,,censored_as_failure,400.0,5000,23.450409356725146,0.498,0.0,0.08
FD001,0,15,0.1,policy,,complete_case,269.0,5000,26.124498452012382,0.498,0.0,0.0538
FD001,0,15,0.1,random,0.25,censored_as_failure,2.0,5000,171.4244,0.247875,0.0,0.0004
FD001,0,15,0.1,random,0.25,complete_case,351.0,5000,24.171742139662886,0.247875,0.0,0.0702
FD001,0,15,0.1,random,0.5,censored_as_failure,0.0,5000,203.75639999999999,0.504125,0.0,0.0
FD001,0,15,0.1,random,0.5,complete_case,344.0,5000,25.570306071551425,0.504125,0.004,0.0688
FD001,0,15,0.1,random,0.75,censored_as_failure,0.0,5000,204.31,0.752375,0.0,0.0
FD001,0,15,0.1,random,0.75,complete_case,159.0,5000,132.3300103887169,0.752375,0.596,0.0318
FD001,0,15,0.2,administrative,0.25,censored_as_failure,29.0,5000,46.16053505331958,0.25,0.0,0.0058
FD001,0,15,0.2,administrative,0.25,complete_case,609.0,5000,21.210684674922604,0.25,0.0,0.1218
FD001,0,15,0.2,administrative,0.5,censored_as_failure,0.0,5000,185.3752,0.5,0.0,0.0
FD001,0,15,0.2,administrative,0.5,complete_case,558.0,5000,21.7955081232493,0.5,0.0,0.1116
FD001,0,15,0.2,administrative,0.75,censored_as_failure,0.0,5000,204.69,0.75,0.38,0.0
FD001,0,15,0.2,administrative,0.75,complete_case,418.0,5000,23.706125318197454,0.75,0.0,0.0836
FD001,0,15,0.2,none,0.0,oracle,10.0,100,21.46907120743034,0.0,0.0,0.1
FD001,0,15,0.2,policy,,censored_as_failure,500.0,5000,21.469071207430343,0.498,0.0,0.1
FD001,0,15,0.2,policy,,complete_case,390.0,5000,23.556016580667354,0.498,0.0,0.078
FD001,0,15,0.2,random,0.25,censored_as_failure,56.0,5000,81.02613918128655,0.247875,0.0,0.0112
FD001,0,15,0.2,random,0.25,complete_case,578.0,5000,21.503211971104232,0.247875,0.0,0.1156
FD001,0,15,0.2,random,0.5,censored_as_failure,0.0,5000,182.0576,0.504125,0.0,0.0
FD001,0,15,0.2,random,0.5,complete_case,562.0,5000,21.87537903166665,0.504125,0.0,0.1124
FD001,0,15,0.2,random,0.75,censored_as_failure,0.0,5000,202.3766,0.752375,0.0,0.0
FD001,0,15,0.2,random,0.75,complete_case,541.0,5000,28.6658551521406,0.752375,0.032,0.1082
FD001,1,0,0.05,administrative,0.25,censored_as_failure,0.0,5000,156.66660000000002,0.25,0.0,0.0
FD001,1,0,0.05,administrative,0.25,complete_case,202.0,5000,9.891245132438941,0.25,0.0,0.0404
FD001,1,0,0.05,administrative,0.5,censored_as_failure,0.0,5000,203.077,0.5,0.064,0.0
FD001,1,0,0.05,administrative,0.5,complete_case,0.0,5000,205.31,0.5,1.0,0.0
FD001,1,0,0.05,administrative,0.75,censored_as_failure,0.0,5000,205.142,0.75,0.832,0.0
FD001,1,0,0.05,administrative,0.75,complete_case,0.0,5000,205.31,0.75,1.0,0.0
FD001,1,0,0.05,none,0.0,oracle,3.0,100,11.645263157894737,0.0,0.0,0.03
FD001,1,0,0.05,policy,,censored_as_failure,150.0,5000,11.645263157894737,0.506,0.0,0.03
FD001,1,0,0.05,policy,,complete_case,33.0,5000,164.63766315789474,0.506,0.788,0.0066
FD001,1,0,0.05,random,0.25,censored_as_failure,0.0,5000,198.4776,0.247875,0.0,0.0
FD001,1,0,0.05,random,0.25,complete_case,172.0,5000,14.144751049191607,0.247875,0.016,0.0344
FD001,1,0,0.05,random,0.5,censored_as_failure,0.0,5000,203.46,0.496125,0.0,0.0
FD001,1,0,0.05,random,0.5,complete_case,45.0,5000,163.9076178878569,0.496125,0.788,0.009
FD001,1,0,0.05,random,0.75,censored_as_failure,0.0,5000,204.31,0.744125,0.0,0.0
FD001,1,0,0.05,random,0.75,complete_case,0.0,5000,205.31,0.744125,1.0,0.0
FD001,1,0,0.1,administrative,0.25,censored_as_failure,0.0,5000,82.27239999999999,0.25,0.0,0.0
FD001,1,0,0.1,administrative,0.25,complete_case,341.0,5000,6.730072445820433,0.25,0.0,0.0682
FD001,1,0,0.1,administrative,0.5,censored_as_failure,0.0,5000,196.5824,0.5,0.004,0.0
FD001,1,0,0.1,administrative,0.5,complete_case,341.0,5000,8.025179315936901,0.5,0.0,0.0682
FD001,1,0,0.1,administrative,0.75,censored_as_failure,0.0,5000,204.962,0.75,0.652,0.0
FD001,1,0,0.1,administrative,0.75,complete_case,0.0,5000,205.31,0.75,1.0,0.0
FD001,1,0,0.1,none,0.0,oracle,6.0,100,6.603684210526316,0.0,0.0,0.06
FD001,1,0,0.1,policy,,censored_as_failure,300.0,5000,6.603684210526316,0.506,0.0,0.06
FD001,1,0,0.1,policy,,complete_case,159.0,5000,22.582567251461988,0.506,0.06,0.0318
FD001,1,0,0.1,random,0.25,censored_as_failure,1.0,5000,144.31066315789474,0.247875,0.0,0.0002
FD001,1,0,0.1,random,0.25,complete_case,277.0,5000,7.672918910020148,0.247875,0.0,0.0554
FD001,1,0,0.1,random,0.5,censored_as_failure,0.0,5000,196.03979999999999,0.496125,0.0,0.0
FD001,1,0,0.1,random,0.5,complete_case,278.0,5000,9.985624474081131,0.496125,0.008,0.0556
FD001,1,0,0.1,random,0.75,censored_as_failure,0.0,5000,204.31,0.744125,0.0,0.0
FD001,1,0,0.1,random,0.75,complete_case,179.0,5000,117.62777456970274,0.744125,0.556,0.0358
FD001,1,0,0.2,administrative,0.25,censored_as_failure,30.0,5000,28.75574269005848,0.25,0.0,0.006
FD001,1,0,0.2,administrative,0.25,complete_case,1114.0,5000,4.203637740793778,0.25,0.0,0.2228
FD001,1,0,0.2,administrative,0.5,censored_as_failure,0.0,5000,161.70620000000002,0.5,0.0,0.0
FD001,1,0,0.2,administrative,0.5,complete_case,1025.0,5000,4.398504249998368,0.5,0.0,0.205
FD001,1,0,0.2,administrative,0.75,censored_as_failure,0.0,5000,204.562,0.75,0.252,0.0
FD001,1,0,0.2,administrative,0.75,complete_case,783.0,5000,5.321247003220378,0.75,0.0,0.1566
FD001,1,0,0.2,none,0.0,oracle,16.0,100,4.692063492063492,0.0,0.0,0.16
FD001,1,0,0.2,policy,,censored_as_failure,800.0,5000,4.692063492063492,0.506,0.0,0.16
FD001,1,0,0.2,policy,,complete_case,293.0,5000,7.336387891296869,0.506,0.0,0.0586
FD001,1,0,0.2,random,0.25,censored_as_failure,54.0,5000,55.47934619883041,0.247875,0.0,0.0108
FD001,1,0,0.2,random,0.25,complete_case,815.0,5000,4.827391250201467,0.247875,0.0,0.163
FD001,1,0,0.2,random,0.5,censored_as_failure,0.0,5000,147.51,0.496125,0.0,0.0
FD001,1,0,0.2,random,0.5,complete_case,829.0,5000,4.958564527904157,0.496125,0.0,0.1658
FD001,1,0,0.2,random,0.75,censored_as_failure,0.0,5000,191.7924,0.744125,0.0,0.0
FD001,1,0,0.2,random,0.75,complete_case,753.0,5000,12.84546047406326,0.744125,0.032,0.1506
FD001,1,5,0.05,administrative,0.25,censored_as_failure,0.0,5000,151.66660000000002,0.25,0.0,0.0
FD001,1,5,0.05,administrative,0.25,complete_case,229.0,5000,13.931441520467837,0.25,0.0,0.0458
FD001,1,5,0.05,administrative,0.5,censored_as_failure,0.0,5000,204.394,0.5,0.084,0.0
FD001,1,5,0.05,administrative,0.5,complete_case,0.0,5000,205.31,0.5,1.0,0.0
FD001,1,5,0.05,administrative,0.75,censored_as_failure,0.0,5000,205.246,0.75,0.936,0.0
FD001,1,5,0.05,administrative,0.75,complete_case,0.0,5000,205.31,0.75,1.0,0.0
FD001,1,5,0.05,none,0.0,oracle,4.0,100,15.37345029239766,0.0,0.0,0.04
FD001,1,5,0.05,policy,,censored_as_failure,200.0,5000,15.373450292397662,0.4855,0.0,0.04
FD001,1,5,0.05,policy,,complete_case,69.0,5000,148.79871578947368,0.4855,0.7,0.0138
FD001,1,5,0.05,random,0.25,censored_as_failure,0.0,5000,199.8928,0.251,0.0,0.0
FD001,1,5,0.05,random,0.25,complete_case,225.0,5000,16.89645994152047,0.251,0.012,0.045
FD001,1,5,0.05,random,0.5,censored_as_failure,0.0,5000,204.31,0.5055,0.0,0.0
FD001,1,5,0.05,random,0.5,complete_case,45.0,5000,174.85106871345027,0.5055,0.84,0.009
FD001,1,5,0.05,random,0.75,censored_as_failure,0.0,5000,204.31,0.7545,0.0,0.0
FD001,1,5,0.05,random,0.75,complete_case,0.0,5000,205.31,0.7545,1.0,0.0
FD001,1,5,0.1,administrative,0.25,censored_as_failure,0.0,5000,79.61460000000001,0.25,0.0,0.0
FD001,1,5,0.1,administrative,0.25,complete_case,382.0,5000,11.670832163742691,0.25,0.0,0.0764
FD001,1,5,0.1,administrative,0.5,censored_as_failure,0.0,5000,200.7254,0.5,0.032,0.0
FD001,1,5,0.1,administrative,0.5,complete_case,336.0,5000,12.485524256720232,0.5,0.0,0.0672
FD001,1,5,0.1,administrative,0.75,censored_as_failure,0.0,5000,205.09,0.75,0.78,0.0
FD001,1,5,0.1,administrative,0.75,complete_case,0.0,5000,205.31,0.75,1.0,0.0
FD001,1,5,0.1,none,0.0,oracle,8.0,100,11.499912280701754,0.0,0.0,0.08
FD001,1,5,0.1,policy,,censored_as_failure,400.0,5000,11.499912280701754,0.4855,0.0,0.08
FD001,1,5,0.1,policy,,complete_case,203.0,5000,19.127900584795324,0.4855,0.024,0.0406
FD001,1,5,0.1,random,0.25,censored_as_failure,3.0,5000,147.20336374269007,0.251,0.0,0.0006
FD001,1,5,0.1,random,0.25,complete_case,341.0,5000,11.922733625730995,0.251,0.0,0.0682
FD001,1,5,0.1,random,0.5,censored_as_failure,0.0,5000,201.74620000000002,0.5055,0.0,0.0
FD001,1,5,0.1,random,0.5,complete_case,314.0,5000,14.061018214654283,0.5055,0.004,0.0628
FD001,1,5,0.1,random,0.75,censored_as_failure,0.0,5000,204.31,0.7545,0.0,0.0
FD001,1,5,0.1,random,0.75,complete_case,158.0,5000,131.34003593073592,0.7545,0.616,0.0316
FD001,1,5,0.2,administrative,0.25,censored_as_failure,32.0,5000,33.43091812865497,0.25,0.0,0.0064
FD001,1,5,0.2,administrative,0.25,complete_case,896.0,5000,9.667570018182712,0.25,0.0,0.1792
FD001,1,5,0.2,administrative,0.5,censored_as_failure,0.0,5000,167.02679999999998,0.5,0.0,0.0
FD001,1,5,0.2,administrative,0.5,complete_case,834.0,5000,9.885170437251087,0.5,0.0,0.1668
FD001,1,5,0.2,administrative,0.75,censored_as_failure,0.0,5000,204.69,0.75,0.38,0.0
FD001,1,5,0.2,administrative,0.75,complete_case,640.0,5000,10.780631153658863,0.75,0.0,0.128
FD001,1,5,0.2,none,0.0,oracle,14.0,100,9.976642586859304,0.0,0.0,0.14
FD001,1,5,0.2,policy,,censored_as_failure,700.0,5000,9.976642586859304,0.4855,0.0,0.14
FD001,1,5,0.2,policy,,complete_case,371.0,5000,11.753990350877194,0.4855,0.0,0.0742
FD001,1,5,0.2,random,0.25,censored_as_failure,78.0,5000,58.12510116959064,0.251,0.0,0.0156
FD001,1,5,0.2,random,0.25,complete_case,735.0,5000,10.054060275912597,0.251,0.0,0.147
FD001,1,5,0.2,random,0.5,censored_as_failure,0.0,5000,158.2464,0.5055,0.0,0.0
FD001,1,5,0.2,random,0.5,complete_case,716.0,5000,10.233988585906697,0.5055,0.0,0.1432
FD001,1,5,0.2,random,0.75,censored_as_failure,0.0,5000,198.0588,0.7545,0.0,0.0
FD001,1,5,0.2,random,0.75,complete_case,598.0,5000,19.04841457185745,0.7545,0.04,0.1196
FD001,1,10,0.05,administrative,0.25,censored_as_failure,0.0,5000,163.1138,0.25,0.0,0.0
FD001,1,10,0.05,administrative,0.25,complete_case,76.0,5000,21.210672652218783,0.25,0.0,0.0152
FD001,1,10,0.05,administrative,0.5,censored_as_failure,0.0,5000,204.386,0.5,0.076,0.0
FD001,1,10,0.05,administrative,0.5,complete_case,0.0,5000,205.31,0.5,1.0,0.0
FD001,1,10,0.05,administrative,0.75,censored_as_failure,0.0,5000,205.202,0.75,0.892,0.0
FD001,1,10,0.05,administrative,0.75,complete_case,0.0,5000,205.31,0.75,1.0,0.0
FD001,1,10,0.05,none,0.0,oracle,1.0,100,22.367368421052632,0.0,0.0,0.01
FD001,1,10,0.05,policy,,censored_as_failure,50.0,5000,22.367368421052632,0.499625,0.0,0.01
FD001,1,10,0.05,policy,,complete_case,17.0,5000,174.95930526315792,0.499625,0.832,0.0034
FD001,1,10,0.05,random,0.25,censored_as_failure,0.0,5000,200.87320000000003,0.25225,0.0,0.0
FD001,1,10,0.05,random,0.25,complete_case,73.0,5000,21.446377984176127,0.25225,0.0,0.0146
FD001,1,10,0.05,random,0.5,censored_as_failure,0.0,5000,204.31,0.50775,0.0,0.0
FD001,1,10,0.05,random,0.5,complete_case,23.0,5000,172.94343138237753,0.50775,0.824,0.0046
FD001,1,10,0.05,random,0.75,censored_as_failure,0.0,5000,204.31,0.755375,0.0,0.0
FD001,1,10,0.05,random,0.75,complete_case,0.0,5000,205.31,0.755375,1.0,0.0
FD001,1,10,0.1,administrative,0.25,censored_as_failure,0.0,5000,92.7842,0.25,0.0,0.0
FD001,1,10,0.1,administrative,0.25,complete_case,219.0,5000,18.260522050223596,0.25,0.0,0.0438
FD001,1,10,0.1,administrative,0.5,censored_as_failure,0.0,5000,200.847,0.5,0.024,0.0
FD001,1,10,0.1,administrative,0.5,complete_case,141.0,5000,19.884950140056024,0.5,0.0,0.0282
FD001,1,10,0.1,administrative,0.75,censored_as_failure,0.0,5000,205.058,0.75,0.748,0.0
FD001,1,10,0.1,administrative,0.75,complete_case,0.0,5000,205.31,0.75,1.0,0.0
FD001,1,10,0.1,none,0.0,oracle,5.0,100,17.745913312693496,0.0,0.0,0.05
FD001,1,10,0.1,policy,,censored_as_failure,250.0,5000,17.745913312693496,0.499625,0.0,0.05
FD001,1,10,0.1,policy,,complete_case,71.0,5000,23.246374269005848,0.499625,0.008,0.0142
FD001,1,10,0.1,random,0.25,censored_as_failure,0.0,5000,163.2202,0.25225,0.0,0.0
FD001,1,10,0.1,random,0.25,complete_case,227.0,5000,18.489939844709813,0.25225,0.0,0.0454
FD001,1,10,0.1,random,0.5,censored_as_failure,0.0,5000,201.1164,0.50775,0.0,0.0
FD001,1,10,0.1,random,0.5,complete_case,197.0,5000,19.826845046250618,0.50775,0.0,0.0394
FD001,1,10,0.1,random,0.75,censored_as_failure,0.0,5000,204.31,0.755375,0.0,0.0
FD001,1,10,0.1,random,0.75,complete_case,109.0,5000,139.54754417718505,0.755375,0.648,0.0218
FD001,1,10,0.2,administrative,0.25,censored_as_failure,25.0,5000,39.197498245614035,0.25,0.0,0.005
FD001,1,10,0.2,administrative,0.25,complete_case,759.0,5000,15.732272151532678,0.25,0.0,0.1518
FD001,1,10,0.2,administrative,0.5,censored_as_failure,0.0,5000,172.44379999999998,0.5,0.0,0.0
FD001,1,10,0.2,administrative,0.5,complete_case,720.0,5000,15.977743261794965,0.5,0.0,0.144
FD001,1,10,0.2,administrative,0.75,censored_as_failure,0.0,5000,204.694,0.75,0.384,0.0
FD001,1,10,0.2,administrative,0.75,complete_case,342.0,5000,18.163384572823116,0.75,0.0,0.0684
FD001,1,10,0.2,none,0.0,oracle,14.0,100,15.830502727406753,0.0,0.0,0.14
FD001,1,10,0.2,policy,,censored_as_failure,700.0,5000,15.830502727406753,0.499625,0.0,0.14
FD001,1,10,0.2,policy,,complete_case,276.0,5000,17.871135466116268,0.499625,0.0,0.0552
FD001,1,10,0.2,random,0.25,censored_as_failure,23.0,5000,72.63586563467491,0.25225,0.0,0.0046
FD001,1,10,0.2,random,0.25,complete_case,699.0,5000,15.951761742213755,0.25225,0.0,0.1398
FD001,1,10,0.2,random,0.5,censored_as_failure,0.0,5000,166.9534,0.50775,0.0,0.0
FD001,1,10,0.2,random,0.5,complete_case,699.0,5000,16.260749740678996,0.50775,0.0,0.1398
FD001,1,10,0.2,random,0.75,censored_as_failure,0.0,5000,197.501,0.755375,0.0,0.0
FD001,1,10,0.2,random,0.75,complete_case,568.0,5000,24.74717975945623,0.755375,0.04,0.1136
FD001,1,15,0.05,administrative,0.25,censored_as_failure,0.0,5000,171.36360000000002,0.25,0.0,0.0
FD001,1,15,0.05,administrative,0.25,complete_case,125.0,5000,27.69162057103543,0.25,0.0,0.025
FD001,1,15,0.05,administrative,0.5,censored_as_failure,0.0,5000,204.466,0.5,0.156,0.0
FD001,1,15,0.05,administrative,0.5,complete_case,0.0,5000,205.31,0.5,1.0,0.0
FD001,1,15,0.05,administrative,0.75,censored_as_failure,0.0,5000,205.262,0.75,0.952,0.0
FD001,1,15,0.05,administrative,0.75,complete_case,0.0,5000,205.31,0.75,1.0,0.0
FD001,1,15,0.05,none,0.0,oracle,1.0,100,28.860000000000003,0.0,0.0,0.01
FD001,1,15,0.05,policy,,censored_as_failure,50.0,5000,28.86,0.490875,0.0,0.01
FD001,1,15,0.05,policy,,complete_case,17.0,5000,150.8816,0.490875,0.692,0.0034
FD001,1,15,0.05,random,0.25,censored_as_failure,0.0,5000,201.11939999999998,0.25775,0.0,0.0
FD001,1,15,0.05,random,0.25,complete_case,117.0,5000,32.5989918128655,0.25775,0.028,0.0234
FD001,1,15,0.05,random,0.5,censored_as_failure,0.0,5000,203.8588,0.4985,0.0,0.0
FD001,1,15,0.05,random,0.5,complete_case,26.0,5000,170.61443742690057,0.4985,0.804,0.0052
FD001,1,15,0.05,random,0.75,censored_as_failure,0.0,5000,204.31,0.757375,0.0,0.0
FD001,1,15,0.05,random,0.75,complete_case,0.0,5000,205.31,0.757375,1.0,0.0
FD001,1,15,0.1,administrative,0.25,censored_as_failure,1.0,5000,101.5648,0.25,0.0,0.0002
FD001,1,15,0.1,administrative,0.25,complete_case,302.0,5000,24.45635005159959,0.25,0.0,0.0604
FD001,1,15,0.1,administrative,0.5,censored_as_failure,0.0,5000,203.4352,0.5,0.032,0.0
FD001,1,15,0.1,administrative,0.5,complete_case,192.0,5000,26.502586790505678,0.5,0.0,0.0384
FD001,1,15,0.1,administrative,0.75,censored_as_failure,0.0,5000,205.106,0.75,0.796,0.0
FD001,1,15,0.1,administrative,0.75,complete_case,0.0,5000,205.31,0.75,1.0,0.0
FD001,1,15,0.1,none,0.0,oracle,6.0,100,24.36894736842105,0.0,0.0,0.06
FD001,1,15,0.1,policy,,censored_as_failure,300.0,5000,24.36894736842105,0.490875,0.0,0.06
FD001,1,15,0.1,policy,,complete_case,103.0,5000,32.466230409356726,0.490875,0.028,0.0206
FD001,1,15,0.1,random,0.25,censored_as_failure,0.0,5000,166.8044,0.25775,0.0,0.0
FD001,1,15,0.1,random,0.25,complete_case,332.0,5000,24.43288517371861,0.25775,0.0,0.0664
FD001,1,15,0.1,random,0.5,censored_as_failure,0.0,5000,200.81879999999998,0.4985,0.0,0.0
FD001,1,15,0.1,random,0.5,complete_case,245.0,5000,26.0351558995528,0.4985,0.0,0.049
FD001,1,15,0.1,random,0.75,censored_as_failure,0.0,5000,204.31,0.757375,0.0,0.0
FD001,1,15,0.1,random,0.75,complete_case,91.0,5000,143.63183042655658,0.757375,0.656,0.0182
FD001,1,15,0.2,administrative,0.25,censored_as_failure,22.0,5000,45.19522339181286,0.25,0.0,0.0044
FD001,1,15,0.2,administrative,0.25,complete_case,782.0,5000,21.312306425377166,0.25,0.0,0.1564
FD001,1,15,0.2,administrative,0.5,censored_as_failure,0.0,5000,179.6908,0.5,0.004,0.0
FD001,1,15,0.2,administrative,0.5,complete_case,654.0,5000,22.22640895054378,0.5,0.0,0.1308
FD001,1,15,0.2,administrative,0.75,censored_as_failure,0.0,5000,204.754,0.75,0.444,0.0
FD001,1,15,0.2,administrative,0.75,complete_case,356.0,5000,24.733358196395965,0.75,0.0,0.0712
FD001,1,15,0.2,none,0.0,oracle,14.0,100,21.41783969728242,0.0,0.0,0.14
FD001,1,15,0.2,policy,,censored_as_failure,700.0,5000,21.41783969728242,0.490875,0.0,0.14
FD001,1,15,0.2,policy,,complete_case,365.0,5000,24.297721912624695,0.490875,0.0,0.073
FD001,1,15,0.2,random,0.25,censored_as_failure,53.0,5000,80.78757825937393,0.25775,0.0,0.0106
FD001,1,15,0.2,random,0.25,complete_case,755.0,5000,21.555540557275542,0.25775,0.0,0.151
FD001,1,15,0.2,random,0.5,censored_as_failure,0.0,5000,173.3596,0.4985,0.0,0.0
FD001,1,15,0.2,random,0.5,complete_case,704.0,5000,22.072936913361836,0.4985,0.0,0.1408
FD001,1,15,0.2,random,0.75,censored_as_failure,0.0,5000,199.7632,0.757375,0.0,0.0
FD001,1,15,0.2,random,0.75,complete_case,553.0,5000,30.058917618896412,0.757375,0.036,0.1106
FD001,2,0,0.05,administrative,0.25,censored_as_failure,0.0,5000,143.518,0.25,0.0,0.0
FD001,2,0,0.05,administrative,0.25,complete_case,209.0,5000,8.801034795321637,0.25,0.0,0.0418
FD001,2,0,0.05,administrative,0.5,censored_as_failure,0.0,5000,203.8706,0.5,0.02,0.0
FD001,2,0,0.05,administrative,0.5,complete_case,0.0,5000,205.31,0.5,1.0,0.0
FD001,2,0,0.05,administrative,0.75,censored_as_failure,0.0,5000,205.042,0.75,0.732,0.0
FD001,2,0,0.05,administrative,0.75,complete_case,0.0,5000,205.31,0.75,1.0,0.0
FD001,2,0,0.05,none,0.0,oracle,3.0,100,9.823684210526316,0.0,0.0,0.03
FD001,2,0,0.05,policy,,censored_as_failure,150.0,5000,9.823684210526316,0.513875,0.0,0.03
FD001,2,0,0.05,policy,,complete_case,14.0,5000,164.51520000000002,0.513875,0.792,0.0028
FD001,2,0,0.05,random,0.25,censored_as_failure,0.0,5000,201.2332,0.24475,0.0,0.0
FD001,2,0,0.05,random,0.25,complete_case,169.0,5000,11.705454093567251,0.24475,0.012,0.0338
FD001,2,0,0.05,random,0.5,censored_as_failure,0.0,5000,203.2814,0.49625,0.0,0.0
FD001,2,0,0.05,random,0.5,complete_case,36.0,5000,167.5424865497076,0.49625,0.808,0.0072
FD001,2,0,0.05,random,0.75,censored_as_failure,0.0,5000,204.31,0.747875,0.0,0.0
FD001,2,0,0.05,random,0.75,complete_case,0.0,5000,205.31,0.747875,1.0,0.0
FD001,2,0,0.1,administrative,0.25,censored_as_failure,0.0,5000,63.4118,0.25,0.0,0.0
FD001,2,0,0.1,administrative,0.25,complete_case,422.0,5000,6.945077485380117,0.25,0.0,0.0844
FD001,2,0,0.1,administrative,0.5,censored_as_failure,0.0,5000,198.62220000000002,0.5,0.0,0.0
FD001,2,0,0.1,administrative,0.5,complete_case,330.0,5000,7.937614578111947,0.5,0.0,0.066
FD001,2,0,0.1,administrative,0.75,censored_as_failure,0.0,5000,204.822,0.75,0.512,0.0
FD001,2,0,0.1,administrative,0.75,complete_case,0.0,5000,205.31,0.75,1.0,0.0
FD001,2,0,0.1,none,0.0,oracle,9.0,100,6.778143274853801,0.0,0.0,0.09
FD001,2,0,0.1,policy,,censored_as_failure,450.0,5000,6.778143274853801,0.513875,0.0,0.09
FD001,2,0,0.1,policy,,complete_case,156.0,5000,17.672284210526314,0.513875,0.044,0.0312
FD001,2,0,0.1,random,0.25,censored_as_failure,2.0,5000,149.03539999999998,0.24475,0.0,0.0004
FD001,2,0,0.1,random,0.25,complete_case,320.0,5000,7.570534419381787,0.24475,0.0,0.064
FD001,2,0,0.1,random,0.5,censored_as_failure,0.0,5000,196.97060000000002,0.49625,0.0,0.0
FD001,2,0,0.1,random,0.5,complete_case,295.0,5000,11.248159231411863,0.49625,0.016,0.059
FD001,2,0,0.1,random,0.75,censored_as_failure,0.0,5000,204.31,0.747875,0.0,0.0
FD001,2,0,0.1,random,0.75,complete_case,191.0,5000,121.40660981620718,0.747875,0.576,0.0382
FD001,2,0,0.2,administrative,0.25,censored_as_failure,15.0,5000,27.040715789473683,0.25,0.0,0.003
FD001,2,0,0.2,administrative,0.25,complete_case,969.0,5000,4.8932153290465985,0.25,0.0,0.1938
FD001,2,0,0.2,administrative,0.5,censored_as_failure,0.0,5000,157.2926,0.5,0.0,0.0
FD001,2,0,0.2,administrative,0.5,complete_case,912.0,5000,5.124477052926434,0.5,0.0,0.1824
FD001,2,0,0.2,administrative,0.75,censored_as_failure,0.0,5000,204.462,0.75,0.152,0.0
FD001,2,0,0.2,administrative,0.75,complete_case,641.0,5000,6.270389692179165,0.75,0.0,0.1282
FD001,2,0,0.2,none,0.0,oracle,18.0,100,5.161606098579783,0.0,0.0,0.18
FD001,2,0,0.2,policy,,censored_as_failure,900.0,5000,5.161606098579783,0.513875,0.0,0.18
FD001,2,0,0.2,policy,,complete_case,367.0,5000,7.038654344193818,0.513875,0.0,0.0734
FD001,2,0,0.2,random,0.25,censored_as_failure,57.0,5000,50.075258771929825,0.24475,0.0,0.0114
FD001,2,0,0.2,random,0.25,complete_case,867.0,5000,5.236318315018315,0.24475,0.0,0.1734
FD001,2,0,0.2,random,0.5,censored_as_failure,0.0,5000,144.34560000000002,0.49625,0.0,0.0
FD001,2,0,0.2,random,0.5,complete_case,811.0,5000,5.339967411123448,0.49625,0.0,0.1622
FD001,2,0,0.2,random,0.75,censored_as_failure,0.0,5000,195.30620000000002,0.747875,0.0,0.0
FD001,2,0,0.2,random,0.75,complete_case,671.0,5000,11.91072946860501,0.747875,0.028,0.1342
FD001,2,5,0.05,administrative,0.25,censored_as_failure,0.0,5000,146.72820000000002,0.25,0.0,0.0
FD001,2,5,0.05,administrative,0.25,complete_case,115.0,5000,14.059726934984521,0.25,0.0,0.023
FD001,2,5,0.05,administrative,0.5,censored_as_failure,0.0,5000,203.28560000000002,0.5,0.024,0.0
FD001,2,5,0.05,administrative,0.5,complete_case,0.0,5000,205.31,0.5,1.0,0.0
FD001,2,5,0.05,administrative,0.75,censored_as_failure,0.0,5000,205.062,0.75,0.752,0.0
FD001,2,5,0.05,administrative,0.75,complete_case,0.0,5000,205.31,0.75,1.0,0.0
FD001,2,5,0.05,none,0.0,oracle,1.0,100,14.772631578947369,0.0,0.0,0.01
FD001,2,5,0.05,policy,,censored_as_failure,50.0,5000,14.772631578947369,0.50675,0.0,0.01
FD001,2,5,0.05,policy,,complete_case,25.0,5000,147.8715157894737,0.50675,0.696,0.005
FD001,2,5,0.05,random,0.25,censored_as_failure,0.0,5000,199.9336,0.25575,0.0,0.0
FD001,2,5,0.05,random,0.25,complete_case,84.0,5000,19.686601857585142,0.25575,0.028,0.0168
FD001,2,5,0.05,random,0.5,censored_as_failure,0.0,5000,204.31,0.4995,0.0,0.0
FD001,2,5,0.05,random,0.5,complete_case,9.0,5000,169.32556315789475,0.4995,0.812,0.0018
FD001,2,5,0.05,random,0.75,censored_as_failure,0.0,5000,204.31,0.7565,0.0,0.0
FD001,2,5,0.05,random,0.75,complete_case,0.0,5000,205.31,0.7565,1.0,0.0
FD001,2,5,0.1,administrative,0.25,censored_as_failure,0.0,5000,77.9974,0.25,0.0,0.0
FD001,2,5,0.1,administrative,0.25,complete_case,370.0,5000,12.187625438596491,0.25,0.0,0.074
FD001,2,5,0.1,administrative,0.5,censored_as_failure,0.0,5000,197.2396,0.5,0.008,0.0
FD001,2,5,0.1,administrative,0.5,complete_case,255.0,5000,13.12805567439097,0.5,0.0,0.051
FD001,2,5,0.1,administrative,0.75,censored_as_failure,0.0,5000,204.846,0.75,0.536,0.0
FD001,2,5,0.1,administrative,0.75,complete_case,0.0,5000,205.31,0.75,1.0,0.0
FD001,2,5,0.1,none,0.0,oracle,10.0,100,11.229334365325077,0.0,0.0,0.1
FD001,2,5,0.1,policy,,censored_as_failure,500.0,5000,11.229334365325078,0.50675,0.0,0.1
FD001,2,5,0.1,policy,,complete_case,50.0,5000,18.31058947368421,0.50675,0.02,0.01
FD001,2,5,0.1,random,0.25,censored_as_failure,0.0,5000,154.0306,0.25575,0.0,0.0
FD001,2,5,0.1,random,0.25,complete_case,275.0,5000,12.568713536291709,0.25575,0.0,0.055
FD001,2,5,0.1,random,0.5,censored_as_failure,0.0,5000,201.39679999999998,0.4995,0.0,0.0
FD001,2,5,0.1,random,0.5,complete_case,227.0,5000,13.815116718266253,0.4995,0.004,0.0454
FD001,2,5,0.1,random,0.75,censored_as_failure,0.0,5000,204.31,0.7565,0.0,0.0
FD001,2,5,0.1,random,0.75,complete_case,139.0,5000,137.4708720143977,0.7565,0.648,0.0278
FD001,2,5,0.2,administrative,0.25,censored_as_failure,2.0,5000,32.21590526315789,0.25,0.0,0.0004
FD001,2,5,0.2,administrative,0.25,complete_case,1083.0,5000,9.749253434096003,0.25,0.0,0.2166
FD001,2,5,0.2,administrative,0.5,censored_as_failure,0.0,5000,160.5966,0.5,0.0,0.0
FD001,2,5,0.2,administrative,0.5,complete_case,925.0,5000,10.012332259055015,0.5,0.0,0.185
FD001,2,5,0.2,administrative,0.75,censored_as_failure,0.0,5000,204.49,0.75,0.18,0.0
FD001,2,5,0.2,administrative,0.75,complete_case,533.0,5000,11.877472568367306,0.75,0.0,0.1066
FD001,2,5,0.2,none,0.0,oracle,18.0,100,9.780196078431372,0.0,0.0,0.18
FD001,2,5,0.2,policy,,censored_as_failure,899.0,5000,9.77999019607843,0.50675,0.0,0.1798
FD001,2,5,0.2,policy,,complete_case,380.0,5000,11.855801513587892,0.50675,0.0,0.076
FD001,2,5,0.2,random,0.25,censored_as_failure,25.0,5000,62.61306037151703,0.25575,0.0,0.005
FD001,2,5,0.2,random,0.25,complete_case,966.0,5000,9.909587988722663,0.25575,0.0,0.1932
FD001,2,5,0.2,random,0.5,censored_as_failure,0.0,5000,158.1022,0.4995,0.0,0.0
FD001,2,5,0.2,random,0.5,complete_case,926.0,5000,10.149766930145876,0.4995,0.0,0.1852
FD001,2,5,0.2,random,0.75,censored_as_failure,0.0,5000,199.8822,0.7565,0.0,0.0
FD001,2,5,0.2,random,0.75,complete_case,751.0,5000,15.074413267795157,0.7565,0.02,0.1502
FD001,2,10,0.05,administrative,0.25,censored_as_failure,0.0,5000,158.8906,0.25,0.0,0.0
FD001,2,10,0.05,administrative,0.25,complete_case,80.0,5000,19.883228242174063,0.25,0.0,0.016
FD001,2,10,0.05,administrative,0.5,censored_as_failure,0.0,5000,203.8316,0.5,0.044,0.0
FD001,2,10,0.05,administrative,0.5,complete_case,0.0,5000,205.31,0.5,1.0,0.0
FD001,2,10,0.05,administrative,0.75,censored_as_failure,0.0,5000,205.158,0.75,0.848,0.0
FD001,2,10,0.05,administrative,0.75,complete_case,0.0,5000,205.31,0.75,1.0,0.0
FD001,2,10,0.05,none,0.0,oracle,1.0,100,20.56947368421053,0.0,0.0,0.01
FD001,2,10,0.05,policy,,censored_as_failure,50.0,5000,20.569473684210525,0.49375,0.0,0.01
FD001,2,10,0.05,policy,,complete_case,17.0,5000,151.71982105263157,0.49375,0.708,0.0034
FD001,2,10,0.05,random,0.25,censored_as_failure,0.0,5000,202.7452,0.248125,0.0,0.0
FD001,2,10,0.05,random,0.25,complete_case,120.0,5000,22.10646804265566,0.248125,0.012,0.024
FD001,2,10,0.05,random,0.5,censored_as_failure,0.0,5000,204.31,0.51025,0.0,0.0
FD001,2,10,0.05,random,0.5,complete_case,18.0,5000,174.09813360853113,0.51025,0.832,0.0036
FD001,2,10,0.05,random,0.75,censored_as_failure,0.0,5000,204.31,0.746,0.0,0.0
FD001,2,10,0.05,random,0.75,complete_case,0.0,5000,205.31,0.746,1.0,0.0
FD001,2,10,0.1,administrative,0.25,censored_as_failure,0.0,5000,84.103,0.25,0.0,0.0
FD001,2,10,0.1,administrative,0.25,complete_case,296.0,5000,17.860426261732762,0.25,0.0,0.0592
FD001,2,10,0.1,administrative,0.5,censored_as_failure,0.0,5000,200.5882,0.5,0.012,0.0
FD001,2,10,0.1,administrative,0.5,complete_case,141.0,5000,19.26678775369797,0.5,0.0,0.0282
FD001,2,10,0.1,administrative,0.75,censored_as_failure,0.0,5000,204.886,0.75,0.576,0.0
FD001,2,10,0.1,administrative,0.75,complete_case,0.0,5000,205.31,0.75,1.0,0.0
FD001,2,10,0.1,none,0.0,oracle,6.0,100,17.064915720674236,0.0,0.0,0.06
FD001,2,10,0.1,policy,,censored_as_failure,300.0,5000,17.064915720674236,0.49375,0.0,0.06
FD001,2,10,0.1,policy,,complete_case,68.0,5000,22.322067492260064,0.49375,0.012,0.0136
FD001,2,10,0.1,random,0.25,censored_as_failure,0.0,5000,164.7374,0.248125,0.0,0.0
FD001,2,10,0.1,random,0.25,complete_case,290.0,5000,17.97957908496732,0.248125,0.0,0.058
FD001,2,10,0.1,random,0.5,censored_as_failure,0.0,5000,202.3294,0.51025,0.0,0.0
FD001,2,10,0.1,random,0.5,complete_case,230.0,5000,20.9736810550131,0.51025,0.012,0.046
FD001,2,10,0.1,random,0.75,censored_as_failure,0.0,5000,203.8466,0.746,0.0,0.0
FD001,2,10,0.1,random,0.75,complete_case,147.0,5000,127.44285650797431,0.746,0.584,0.0294
FD001,2,10,0.2,administrative,0.25,censored_as_failure,1.0,5000,38.183642105263154,0.25,0.0,0.0002
FD001,2,10,0.2,administrative,0.25,complete_case,848.0,5000,15.793107210711545,0.25,0.0,0.1696
FD001,2,10,0.2,administrative,0.5,censored_as_failure,0.0,5000,175.5548,0.5,0.0,0.0
FD001,2,10,0.2,administrative,0.5,complete_case,708.0,5000,16.143521224681752,0.5,0.0,0.1416
FD001,2,10,0.2,administrative,0.75,censored_as_failure,0.0,5000,204.522,0.75,0.212,0.0
FD001,2,10,0.2,administrative,0.75,complete_case,381.0,5000,17.878116005941084,0.75,0.0,0.0762
FD001,2,10,0.2,none,0.0,oracle,16.0,100,16.076951201533245,0.0,0.0,0.16
FD001,2,10,0.2,policy,,censored_as_failure,800.0,5000,16.076951201533245,0.49375,0.0,0.16
FD001,2,10,0.2,policy,,complete_case,324.0,5000,17.566485655314757,0.49375,0.0,0.0648
FD001,2,10,0.2,random,0.25,censored_as_failure,31.0,5000,71.0943490884073,0.248125,0.0,0.0062
FD001,2,10,0.2,random,0.25,complete_case,788.0,5000,15.961508333479385,0.248125,0.0,0.1576
FD001,2,10,0.2,random,0.5,censored_as_failure,0.0,5000,175.3494,0.51025,0.0,0.0
FD001,2,10,0.2,random,0.5,complete_case,802.0,5000,16.007726569921306,0.51025,0.0,0.1604
FD001,2,10,0.2,random,0.75,censored_as_failure,0.0,5000,201.45,0.746,0.0,0.0
FD001,2,10,0.2,random,0.75,complete_case,611.0,5000,20.00061355911031,0.746,0.016,0.1222
FD001,2,15,0.05,administrative,0.25,censored_as_failure,0.0,5000,164.969,0.25,0.0,0.0
FD001,2,15,0.05,administrative,0.25,complete_case,114.0,5000,27.683350877192982,0.25,0.0,0.0228
FD001,2,15,0.05,administrative,0.5,censored_as_failure,0.0,5000,204.37,0.5,0.06,0.0
FD001,2,15,0.05,administrative,0.5,complete_case,0.0,5000,205.31,0.5,1.0,0.0
FD001,2,15,0.05,administrative,0.75,censored_as_failure,0.0,5000,205.23,0.75,0.92,0.0
FD001,2,15,0.05,administrative,0.75,complete_case,0.0,5000,205.31,0.75,1.0,0.0
FD001,2,15,0.05,none,0.0,oracle,2.0,100,28.05777777777778,0.0,0.0,0.02
FD001,2,15,0.05,policy,,censored_as_failure,100.0,5000,28.057777777777776,0.49425,0.0,0.02
FD001,2,15,0.05,policy,,complete_case,28.0,5000,147.05657777777776,0.49425,0.672,0.0056
FD001,2,15,0.05,random,0.25,censored_as_failure,0.0,5000,203.415,0.256,0.0,0.0
FD001,2,15,0.05,random,0.25,complete_case,115.0,5000,31.24660116959064,0.256,0.02,0.023
FD001,2,15,0.05,random,0.5,censored_as_failure,0.0,5000,204.31,0.508625,0.0,0.0
FD001,2,15,0.05,random,0.5,complete_case,24.0,5000,171.17476842105265,0.508625,0.808,0.0048
FD001,2,15,0.05,random,0.75,censored_as_failure,0.0,5000,204.31,0.750625,0.0,0.0
FD001,2,15,0.05,random,0.75,complete_case,0.0,5000,205.31,0.750625,1.0,0.0
FD001,2,15,0.1,administrative,0.25,censored_as_failure,0.0,5000,93.1586,0.25,0.0,0.0
FD001,2,15,0.1,administrative,0.25,complete_case,182.0,5000,25.844903611971105,0.25,0.0,0.0364
FD001,2,15,0.1,administrative,0.5,censored_as_failure,0.0,5000,202.269,0.5,0.02,0.0
FD001,2,15,0.1,administrative,0.5,complete_case,133.0,5000,27.001802794316106,0.5,0.0,0.0266
FD001,2,15,0.1,administrative,0.75,censored_as_failure,0.0,5000,205.018,0.75,0.708,0.0
FD001,2,15,0.1,administrative,0.75,complete_case,0.0,5000,205.31,0.75,1.0,0.0
FD001,2,15,0.1,none,0.0,oracle,4.0,100,24.475906432748538,0.0,0.0,0.04
FD001,2,15,0.1,policy,,censored_as_failure,200.0,5000,24.475906432748538,0.49425,0.0,0.04
FD001,2,15,0.1,policy,,complete_case,113.0,5000,31.299216374269005,0.49425,0.02,0.0226
FD001,2,15,0.1,random,0.25,censored_as_failure,1.0,5000,170.72009473684213,0.256,0.0,0.0002
FD001,2,15,0.1,random,0.25,complete_case,178.0,5000,25.787233642930858,0.256,0.0,0.0356
FD001,2,15,0.1,random,0.5,censored_as_failure,0.0,5000,203.3052,0.508625,0.0,0.0
FD001,2,15,0.1,random,0.5,complete_case,177.0,5000,26.31874485535105,0.508625,0.0,0.0354
FD001,2,15,0.1,random,0.75,censored_as_failure,0.0,5000,204.31,0.750625,0.0,0.0
FD001,2,15,0.1,random,0.75,complete_case,97.0,5000,134.0069274933185,0.750625,0.604,0.0194
FD001,2,15,0.2,administrative,0.25,censored_as_failure,16.0,5000,44.58340626074992,0.25,0.0,0.0032
FD001,2,15,0.2,administrative,0.25,complete_case,561.0,5000,22.120639539047126,0.25,0.0,0.1122
FD001,2,15,0.2,administrative,0.5,censored_as_failure,0.0,5000,180.07139999999998,0.5,0.0,0.0
FD001,2,15,0.2,administrative,0.5,complete_case,441.0,5000,22.77107800369565,0.5,0.0,0.0882
FD001,2,15,0.2,administrative,0.75,censored_as_failure,0.0,5000,204.586,0.75,0.276,0.0
FD001,2,15,0.2,administrative,0.75,complete_case,248.0,5000,25.476896723434802,0.75,0.0,0.0496
FD001,2,15,0.2,none,0.0,oracle,11.0,100,22.151654135338347,0.0,0.0,0.11
FD001,2,15,0.2,policy,,censored_as_failure,550.0,5000,22.151654135338347,0.49425,0.0,0.11
FD001,2,15,0.2,policy,,complete_case,244.0,5000,24.689001916556094,0.49425,0.0,0.0488
FD001,2,15,0.2,random,0.25,censored_as_failure,31.0,5000,81.95501417268662,0.256,0.0,0.0062
FD001,2,15,0.2,random,0.25,complete_case,553.0,5000,22.161455454676044,0.256,0.0,0.1106
FD001,2,15,0.2,random,0.5,censored_as_failure,0.0,5000,176.653,0.508625,0.0,0.0
FD001,2,15,0.2,random,0.5,complete_case,495.0,5000,22.617803075665307,0.508625,0.0,0.099
FD001,2,15,0.2,random,0.75,censored_as_failure,0.0,5000,202.497,0.750625,0.0,0.0
FD001,2,15,0.2,random,0.75,complete_case,588.0,5000,28.214880748645918,0.750625,0.028,0.1176
FD002,0,0,0.05,administrative,0.25,censored_as_failure,0.0,13000,126.4823846153846,0.253012048192771,0.0,0.0
FD002,0,0,0.05,administrative,0.25,complete_case,342.99999999999966,13000,7.488243594272264,0.253012048192771,0.0,0.026384615384615357
FD002,0,0,0.05,administrative,0.5,censored_as_failure,0.0,13000,204.78538461538463,0.4939759036144578,0.02,0.0
FD002,0,0,0.05,administrative,0.5,complete_case,445.99999999999966,13000,7.374231491691914,0.4939759036144578,0.0,0.03430769230769228
FD002,0,0,0.05,administrative,0.75,censored_as_failure,0.0,13000,205.76538461538462,0.7469879518072289,1.0,0.0
FD002,0,0,0.05,administrative,0.75,complete_case,464.99999999999966,13000,7.581336172525258,0.7469879518072289,0.0,0.03576923076923074
FD002,0,0,0.05,none,0.0,oracle,2.9999999999999956,260,7.659592760180996,0.0,0.0,0.011538461538461522
FD002,0,0,0.05,policy,,censored_as_failure,149.99999999999977,13000,7.659592760180995,0.5041927710843374,0.0,0.011538461538461522
FD002,0,0,0.05,policy,,complete_case,98.99999999999984,13000,11.024963619909503,0.5041927710843374,0.008,0.007615384615384604
FD002,0,0,0.05,random,0.25,censored_as_failure,0.0,13000,198.9466923076923,0.248433734939759,0.0,0.0
FD002,0,0,0.05,random,0.25,complete_case,244.9999999999997,13000,7.95787810684026,0.248433734939759,0.0,0.01884615384615382
FD002,0,0,0.05,random,0.5,censored_as_failure,0.0,13000,204.76538461538462,0.5010120481927711,0.0,0.0
FD002,0,0,0.05,random,0.5,complete_case,260.9999999999997,13000,8.165403893297826,0.5010120481927711,0.0,0.020076923076923055
FD002,0,0,0.05,random,0.75,censored_as_failure,0.0,13000,204.76538461538462,0.7510843373493976,0.0,0.0
FD002,0,0,0.05,random,0.75,complete_case,319.9999999999998,13000,62.7953887022327,0.7510843373493976,0.276,0.024615384615384598
FD002,0,0,0.1,administrative,0.25,censored_as_failure,0.0,13000,66.30523076923076,0.253012048192771,0.0,0.0
FD002,0,0,0.1,administrative,0.25,complete_case,1220.9999999999995,13000,5.519427111875996,0.253012048192771,0.0,0.09392307692307689
FD002,0,0,0.1,administrative,0.5,censored_as_failure,0.0,13000,204.30092307692306,0.4939759036144578,0.0,0.0
FD002,0,0,0.1,administrative,0.5,complete_case,1230.9999999999995,13000,5.561286772421516,0.4939759036144578,0.0,0.09469230769230766
FD002,0,0,0.1,administrative,0.75,censored_as_failure,0.0,13000,205.70138461538463,0.7469879518072289,0.936,0.0
FD002,0,0,0.1,administrative,0.75,complete_case,1118.9999999999995,13000,5.920488188014153,0.7469879518072289,0.0,0.08607692307692304
FD002,0,0,0.1,none,0.0,oracle,21.999999999999993,260,5.668945723216823,0.0,0.0,0.08461538461538459
FD002,0,0,0.1,policy,,censored_as_failure,1099.9999999999995,13000,5.668945723216823,0.5041927710843374,0.0,0.08461538461538458
FD002,0,0,0.1,policy,,complete_case,246.9999999999997,13000,7.89153792585105,0.5041927710843374,0.0,0.018999999999999975
FD002,0,0,0.1,random,0.25,censored_as_failure,0.0,13000,134.07546153846152,0.248433734939759,0.0,0.0
FD002,0,0,0.1,random,0.25,complete_case,1073.9999999999995,13000,5.705634909871412,0.248433734939759,0.0,0.08261538461538458
FD002,0,0,0.1,random,0.5,censored_as_failure,0.0,13000,204.3170769230769,0.5010120481927711,0.0,0.0
FD002,0,0,0.1,random,0.5,complete_case,943.9999999999995,13000,6.0218576358073586,0.5010120481927711,0.0,0.07261538461538458
FD002,0,0,0.1,random,0.75,censored_as_failure,0.0,13000,204.76538461538462,0.7510843373493976,0.0,0.0
FD002,0,0,0.1,random,0.75,complete_case,817.9999999999997,13000,6.720572109739666,0.7510843373493976,0.0,0.0629230769230769
FD002,0,0,0.2,administrative,0.25,censored_as_failure,0.0,13000,24.29646153846154,0.253012048192771,0.0,0.0
FD002,0,0,0.2,administrative,0.25,complete_case,2121.9999999999995,13000,4.306429372144875,0.253012048192771,0.0,0.1632307692307692
FD002,0,0,0.2,administrative,0.5,censored_as_failure,0.0,13000,190.74869230769232,0.4939759036144578,0.0,0.0
FD002,0,0,0.2,administrative,0.5,complete_case,2221.9999999999995,13000,4.321832327870969,0.4939759036144578,0.0,0.1709230769230769
FD002,0,0,0.2,administrative,0.75,censored_as_failure,0.0,13000,205.21738461538462,0.7469879518072289,0.452,0.0
FD002,0,0,0.2,administrative,0.75,complete_case,2080.9999999999995,13000,4.584909945766588,0.7469879518072289,0.0,0.16007692307692303
FD002,0,0,0.2,none,0.0,oracle,39.999999999999986,260,4.314946969422688,0.0,0.0,0.1538461538461538
FD002,0,0,0.2,policy,,censored_as_failure,1999.9999999999993,13000,4.314946969422688,0.5041927710843374,0.0,0.1538461538461538
FD002,0,0,0.2,policy,,complete_case,1115.9999999999995,13000,5.706065628711777,0.5041927710843374,0.0,0.08584615384615381
FD002,0,0,0.2,random,0.25,censored_as_failure,29.999999999999968,13000,35.80079954131485,0.248433734939759,0.0,0.0023076923076923053
FD002,0,0,0.2,random,0.25,complete_case,2138.9999999999995,13000,4.315832581932179,0.248433734939759,0.0,0.1645384615384615
FD002,0,0,0.2,random,0.5,censored_as_failure,0.0,13000,138.31584615384617,0.5010120481927711,0.0,0.0
FD002,0,0,0.2,random,0.5,complete_case,2166.9999999999995,13000,4.371865328653751,0.5010120481927711,0.0,0.16669230769230767
FD002,0,0,0.2,random,0.75,censored_as_failure,0.0,13000,199.607,0.7510843373493976,0.0,0.0
FD002,0,0,0.2,random,0.75,complete_case,2012.9999999999995,13000,4.675494308659253,0.7510843373493976,0.0,0.1548461538461538
FD002,0,5,0.05,administrative,0.25,censored_as_failure,0.0,13000,146.65292307692306,0.253012048192771,0.0,0.0
FD002,0,5,0.05,administrative,0.25,complete_case,511.99999999999955,13000,12.777575807357909,0.253012048192771,0.0,0.03938461538461535
FD002,0,5,0.05,administrative,0.5,censored_as_failure,0.0,13000,204.78938461538462,0.4939759036144578,0.024,0.0
FD002,0,5,0.05,administrative,0.5,complete_case,392.9999999999996,13000,13.061894772566369,0.4939759036144578,0.0,0.0302307692307692
FD002,0,5,0.05,administrative,0.75,censored_as_failure,0.0,13000,205.76538461538462,0.7469879518072289,1.0,0.0
FD002,0,5,0.05,administrative,0.75,complete_case,380.99999999999966,13000,13.593341522082893,0.7469879518072289,0.0,0.02930769230769228
FD002,0,5,0.05,none,0.0,oracle,11.999999999999991,260,12.619851437078328,0.0,0.0,0.04615384615384612
FD002,0,5,0.05,policy,,censored_as_failure,599.9999999999995,13000,12.619851437078328,0.48014457831325297,0.0,0.04615384615384612
FD002,0,5,0.05,policy,,complete_case,161.99999999999974,13000,15.068127898544033,0.48014457831325297,0.0,0.012461538461538442
FD002,0,5,0.05,random,0.25,censored_as_failure,0.0,13000,200.79592307692306,0.24848192771084335,0.0,0.0
FD002,0,5,0.05,random,0.25,complete_case,438.9999999999996,13000,13.04297605425387,0.24848192771084335,0.0,0.03376923076923074
FD002,0,5,0.05,random,0.5,censored_as_failure,0.0,13000,204.76538461538462,0.5027469879518073,0.0,0.0
FD002,0,5,0.05,random,0.5,complete_case,365.99999999999966,13000,13.646413634069013,0.5027469879518073,0.0,0.028153846153846127
FD002,0,5,0.05,random,0.75,censored_as_failure,0.0,13000,204.76538461538462,0.7450120481927711,0.0,0.0
FD002,0,5,0.05,random,0.75,complete_case,285.9999999999998,13000,62.58014757871447,0.7450120481927711,0.252,0.02199999999999998
FD002,0,5,0.1,administrative,0.25,censored_as_failure,0.0,13000,71.83961538461539,0.253012048192771,0.0,0.0
FD002,0,5,0.1,administrative,0.25,complete_case,846.9999999999994,13000,10.919247069174586,0.253012048192771,0.0,0.0651538461538461
FD002,0,5,0.1,administrative,0.5,censored_as_failure,0.0,13000,204.76538461538462,0.4939759036144578,0.0,0.0
FD002,0,5,0.1,administrative,0.5,complete_case,874.9999999999994,13000,11.05841637589374,0.4939759036144578,0.0,0.06730769230769226
FD002,0,5,0.1,administrative,0.75,censored_as_failure,0.0,13000,205.73738461538463,0.7469879518072289,0.972,0.0
FD002,0,5,0.1,administrative,0.75,complete_case,884.9999999999994,13000,11.544141136462878,0.7469879518072289,0.0,0.06807692307692303
FD002,0,5,0.1,none,0.0,oracle,16.99999999999999,260,10.777503728764234,0.0,0.0,0.06538461538461535
FD002,0,5,0.1,policy,,censored_as_failure,849.9999999999994,13000,10.777503728764234,0.48014457831325297,0.0,0.06538461538461535
FD002,0,5,0.1,policy,,complete_case,502.9999999999996,13000,12.827084431618802,0.48014457831325297,0.0,0.038692307692307665
FD002,0,5,0.1,random,0.25,censored_as_failure,0.0,13000,147.79484615384615,0.24848192771084335,0.0,0.0
FD002,0,5,0.1,random,0.25,complete_case,829.9999999999994,13000,10.975609317682116,0.24848192771084335,0.0,0.0638461538461538
FD002,0,5,0.1,random,0.5,censored_as_failure,0.0,13000,204.31315384615385,0.5027469879518073,0.0,0.0
FD002,0,5,0.1,random,0.5,complete_case,904.9999999999994,13000,11.23222914664934,0.5027469879518073,0.0,0.06961538461538457
FD002,0,5,0.1,random,0.75,censored_as_failure,0.0,13000,204.76538461538462,0.7450120481927711,0.0,0.0
FD002,0,5,0.1,random,0.75,complete_case,761.9999999999995,13000,12.10118086403653,0.7450120481927711,0.0,0.05861538461538458
FD002,0,5,0.2,administrative,0.25,censored_as_failure,2.9999999999999956,13000,29.386870769230768,0.253012048192771,0.0,0.00023076923076923044
FD002,0,5,0.2,administrative,0.25,complete_case,2463.9999999999995,13000,9.730587987035895,0.253012048192771,0.0,0.18953846153846152
FD002,0,5,0.2,administrative,0.5,censored_as_failure,0.0,13000,193.66784615384614,0.4939759036144578,0.0,0.0
FD002,0,5,0.2,administrative,0.5,complete_case,2292.9999999999995,13000,9.79472681343197,0.4939759036144578,0.0,0.17638461538461536
FD002,0,5,0.2,administrative,0.75,censored_as_failure,0.0,13000,205.2933846153846,0.7469879518072289,0.528,0.0
FD002,0,5,0.2,administrative,0.75,complete_case,2066.9999999999995,13000,10.00929415736478,0.7469879518072289,0.0,0.15899999999999997
FD002,0,5,0.2,none,0.0,oracle,50.999999999999986,260,9.618033913519124,0.0,0.0,0.1961538461538461
FD002,0,5,0.2,policy,,censored_as_failure,2549.999999999999,13000,9.618033913519124,0.48014457831325297,0.0,0.1961538461538461
FD002,0,5,0.2,policy,,complete_case,964.9999999999993,13000,10.816954797605014,0.48014457831325297,0.0,0.07423076923076918
FD002,0,5,0.2,random,0.25,censored_as_failure,79.99999999999994,13000,41.47391358132064,0.24848192771084335,0.0,0.0061538461538461495
FD002,0,5,0.2,random,0.25,complete_case,2596.9999999999995,13000,9.644483245905354,0.24848192771084335,0.0,0.19976923076923073
FD002,0,5,0.2,random,0.5,censored_as_failure,0.0,13000,164.71661538461538,0.5027469879518073,0.0,0.0
FD002,0,5,0.2,random,0.5,complete_case,2544.9999999999995,13000,9.710518072867474,0.5027469879518073,0.0,0.19576923076923072
FD002,0,5,0.2,random,0.75,censored_as_failure,0.0,13000,203.40369230769232,0.7450120481927711,0.0,0.0
FD002,0,5,0.2,random,0.75,complete_case,2292.9999999999995,13000,9.95132362077327,0.7450120481927711,0.0,0.17638461538461536
FD002,0,10,0.05,administrative,0.25,censored_as_failure,0.0,13000,155.40538461538463,0.253012048192771,0.0,0.0
FD002,0,10,0.05,administrative,0.25,complete_case,411.99999999999955,13000,18.589194628182273,0.253012048192771,0.0,0.03169230769230766
FD002,0,10,0.05,administrative,0.5,censored_as_failure,0.0,13000,204.80938461538463,0.4939759036144578,0.044,0.0
FD002,0,10,0.05,administrative,0.5,complete_case,405.99999999999955,13000,18.872576985295687,0.4939759036144578,0.0,0.031230769230769197
FD002,0,10,0.05,administrative,0.75,censored_as_failure,0.0,13000,205.76538461538462,0.7469879518072289,1.0,0.0
FD002,0,10,0.05,administrative,0.75,complete_case,366.99999999999966,13000,20.956584288750324,0.7469879518072289,0.0,0.028230769230769205
FD002,0,10,0.05,none,0.0,oracle,8.999999999999991,260,18.208036953242836,0.0,0.0,0.03461538461538458
FD002,0,10,0.05,policy,,censored_as_failure,449.99999999999955,13000,18.208036953242836,0.503277108433735,0.0,0.03461538461538458
FD002,0,10,0.05,policy,,complete_case,147.99999999999977,13000,23.2541202413273,0.503277108433735,0.0,0.011384615384615366
FD002,0,10,0.05,random,0.25,censored_as_failure,0.0,13000,201.41276923076921,0.25122891566265054,0.0,0.0
FD002,0,10,0.05,random,0.25,complete_case,385.99999999999955,13000,18.758663620088353,0.25122891566265054,0.0,0.029692307692307657
FD002,0,10,0.05,random,0.5,censored_as_failure,0.0,13000,204.76538461538462,0.4964819277108434,0.0,0.0
FD002,0,10,0.05,random,0.5,complete_case,405.9999999999996,13000,19.66732697520132,0.4964819277108434,0.0,0.0312307692307692
FD002,0,10,0.05,random,0.75,censored_as_failure,0.0,13000,204.76538461538462,0.7520481927710844,0.0,0.0
FD002,0,10,0.05,random,0.75,complete_case,303.9999999999997,13000,82.58531671647602,0.7520481927710844,0.332,0.02338461538461536
FD002,0,10,0.1,administrative,0.25,censored_as_failure,0.0,13000,77.37723076923076,0.253012048192771,0.0,0.0
FD002,0,10,0.1,administrative,0.25,complete_case,1028.9999999999993,13000,16.64009201323874,0.253012048192771,0.0,0.0791538461538461
FD002,0,10,0.1,administrative,0.5,censored_as_failure,0.0,13000,204.77738461538462,0.4939759036144578,0.012,0.0
FD002,0,10,0.1,administrative,0.5,complete_case,925.9999999999994,13000,16.910716920343642,0.4939759036144578,0.0,0.07123076923076918
FD002,0,10,0.1,administrative,0.75,censored_as_failure,0.0,13000,205.74138461538462,0.7469879518072289,0.976,0.0
FD002,0,10,0.1,administrative,0.75,complete_case,857.9999999999994,13000,17.373379792347542,0.7469879518072289,0.0,0.06599999999999996
FD002,0,10,0.1,none,0.0,oracle,19.99999999999999,260,16.58614735591206,0.0,0.0,0.07692307692307689
FD002,0,10,0.1,policy,,censored_as_failure,999.9999999999994,13000,16.58614735591206,0.503277108433735,0.0,0.07692307692307689
FD002,0,10,0.1,policy,,complete_case,409.9999999999996,13000,18.636157813746355,0.503277108433735,0.0,0.03153846153846151
FD002,0,10,0.1,random,0.25,censored_as_failure,0.9999999999999984,13000,169.04941025641025,0.25122891566265054,0.0,7.69230769230768e-05
FD002,0,10,0.1,random,0.25,complete_case,1022.9999999999993,13000,16.66875474206114,0.25122891566265054,0.0,0.07869230769230764
FD002,0,10,0.1,random,0.5,censored_as_failure,0.0,13000,204.76538461538462,0.4964819277108434,0.0,0.0
FD002,0,10,0.1,random,0.5,complete_case,987.9999999999994,13000,16.790174184285053,0.4964819277108434,0.0,0.07599999999999996
FD002,0,10,0.1,random,0.75,censored_as_failure,0.0,13000,204.76538461538462,0.7520481927710844,0.0,0.0
FD002,0,10,0.1,random,0.75,complete_case,867.9999999999994,13000,17.795918501492693,0.7520481927710844,0.0,0.06676923076923072
FD002,0,10,0.2,administrative,0.25,censored_as_failure,11.999999999999982,13000,33.53857912518854,0.253012048192771,0.0,0.0009230769230769218
FD002,0,10,0.2,administrative,0.25,complete_case,2111.9999999999995,13000,15.138982223212873,0.253012048192771,0.0,0.16246153846153844
FD002,0,10,0.2,administrative,0.5,censored_as_failure,0.0,13000,201.39153846153846,0.4939759036144578,0.0,0.0
FD002,0,10,0.2,administrative,0.5,complete_case,1985.9999999999993,13000,15.295815434923776,0.4939759036144578,0.0,0.1527692307692307
FD002,0,10,0.2,administrative,0.75,censored_as_failure,0.0,13000,205.3653846153846,0.7469879518072289,0.6,0.0
FD002,0,10,0.2,administrative,0.75,complete_case,1779.9999999999993,13000,15.641135205368727,0.7469879518072289,0.0,0.13692307692307687
FD002,0,10,0.2,none,0.0,oracle,43.999999999999986,260,15.042553026806644,0.0,0.0,0.16923076923076918
FD002,0,10,0.2,policy,,censored_as_failure,2199.999999999999,13000,15.042553026806646,0.503277108433735,0.0,0.16923076923076916
FD002,0,10,0.2,policy,,complete_case,1007.9999999999993,13000,16.65782312127399,0.503277108433735,0.0,0.07753846153846149
FD002,0,10,0.2,random,0.25,censored_as_failure,46.99999999999993,13000,51.53824973589436,0.25122891566265054,0.0,0.0036153846153846097
FD002,0,10,0.2,random,0.25,complete_case,2253.9999999999995,13000,15.08850864356652,0.25122891566265054,0.0,0.17338461538461536
FD002,0,10,0.2,random,0.5,censored_as_failure,0.0,13000,173.5216153846154,0.4964819277108434,0.0,0.0
FD002,0,10,0.2,random,0.5,complete_case,2197.9999999999995,13000,15.161188549417945,0.4964819277108434,0.0,0.16907692307692304
FD002,0,10,0.2,random,0.75,censored_as_failure,0.0,13000,204.76538461538462,0.7520481927710844,0.0,0.0
FD002,0,10,0.2,random,0.75,complete_case,2182.9999999999995,13000,15.397222749001402,0.7520481927710844,0.0,0.1679230769230769
FD002,0,15,0.05,administrative,0.25,censored_as_failure,0.0,13000,174.261,0.253012048192771,0.0,0.0
FD002,0,15,0.05,administrative,0.25,complete_case,474.99999999999943,13000,25.05856114957048,0.253012048192771,0.0,0.03653846153846149
FD002,0,15,0.05,administrative,0.5,censored_as_failure,0.0,13000,204.82538461538462,0.4939759036144578,0.06,0.0
FD002,0,15,0.05,administrative,0.5,complete_case,447.9999999999995,13000,25.40112217790743,0.4939759036144578,0.0,0.034461538461538425
FD002,0,15,0.05,administrative,0.75,censored_as_failure,0.0,13000,205.76538461538462,0.7469879518072289,1.0,0.0
FD002,0,15,0.05,administrative,0.75,complete_case,337.99999999999966,13000,29.02907515962698,0.7469879518072289,0.0,0.025999999999999975
FD002,0,15,0.05,none,0.0,oracle,10.999999999999982,260,24.876228891556625,0.0,0.0,0.04230769230769224
FD002,0,15,0.05,policy,,censored_as_failure,549.9999999999991,13000,24.876228891556625,0.5076626506024097,0.0,0.04230769230769224
FD002,0,15,0.05,policy,,complete_case,171.99999999999974,13000,29.874378461538463,0.5076626506024097,0.004,0.013230769230769211
FD002,0,15,0.05,random,0.25,censored_as_failure,0.0,13000,203.20715384615386,0.24761445783132527,0.0,0.0
FD002,0,15,0.05,random,0.25,complete_case,518.9999999999994,13000,24.786176754974385,0.24761445783132527,0.0,0.03992307692307688
FD002,0,15,0.05,random,0.5,censored_as_failure,0.0,13000,204.76538461538462,0.49585542168674696,0.0,0.0
FD002,0,15,0.05,random,0.5,complete_case,387.99999999999955,13000,26.332013804609296,0.49585542168674696,0.0,0.02984615384615381
FD002,0,15,0.05,random,0.75,censored_as_failure,0.0,13000,204.76538461538462,0.7439036144578313,0.0,0.0
FD002,0,15,0.05,random,0.75,complete_case,329.99999999999966,13000,67.64603967074623,0.7439036144578313,0.224,0.02538461538461536
FD002,0,15,0.1,administrative,0.25,censored_as_failure,0.0,13000,96.39023076923077,0.253012048192771,0.0,0.0
FD002,0,15,0.1,administrative,0.25,complete_case,866.9999999999994,13000,22.662066348932417,0.253012048192771,0.0,0.06669230769230765
FD002,0,15,0.1,administrative,0.5,censored_as_failure,0.0,13000,204.77338461538463,0.4939759036144578,0.008,0.0
FD002,0,15,0.1,administrative,0.5,complete_case,879.9999999999994,13000,22.87119315223867,0.4939759036144578,0.0,0.06769230769230765
FD002,0,15,0.1,administrative,0.75,censored_as_failure,0.0,13000,205.76538461538462,0.7469879518072289,1.0,0.0
FD002,0,15,0.1,administrative,0.75,complete_case,745.9999999999994,13000,23.89302762964275,0.7469879518072289,0.0,0.05738461538461534
FD002,0,15,0.1,none,0.0,oracle,16.99999999999999,260,22.519227195225916,0.0,0.0,0.06538461538461535
FD002,0,15,0.1,policy,,censored_as_failure,849.9999999999994,13000,22.519227195225913,0.5076626506024097,0.0,0.06538461538461535
FD002,0,15,0.1,policy,,complete_case,492.9999999999993,13000,25.055392410699138,0.5076626506024097,0.0,0.03792307692307687
FD002,0,15,0.1,random,0.25,censored_as_failure,0.0,13000,180.081,0.24761445783132527,0.0,0.0
FD002,0,15,0.1,random,0.25,complete_case,915.9999999999993,13000,22.544653850950183,0.24761445783132527,0.0,0.07046153846153841
FD002,0,15,0.1,random,0.5,censored_as_failure,0.0,13000,204.76538461538462,0.49585542168674696,0.0,0.0
FD002,0,15,0.1,random,0.5,complete_case,870.9999999999993,13000,22.981743929042672,0.49585542168674696,0.0,0.06699999999999995
FD002,0,15,0.1,random,0.75,censored_as_failure,0.0,13000,204.76538461538462,0.7439036144578313,0.0,0.0
FD002,0,15,0.1,random,0.75,complete_case,843.9999999999994,13000,24.109671218068854,0.7439036144578313,0.0,0.06492307692307688
FD002,0,15,0.2,administrative,0.25,censored_as_failure,15.999999999999975,13000,40.087460030165914,0.253012048192771,0.0,0.0012307692307692289
FD002,0,15,0.2,administrative,0.25,complete_case,2077.9999999999995,13000,21.07619228109077,0.253012048192771,0.0,0.1598461538461538
FD002,0,15,0.2,administrative,0.5,censored_as_failure,0.0,13000,200.49815384615385,0.4939759036144578,0.0,0.0
FD002,0,15,0.2,administrative,0.5,complete_case,1903.9999999999993,13000,21.28126172793932,0.4939759036144578,0.0,0.14646153846153842
FD002,0,15,0.2,administrative,0.75,censored_as_failure,0.0,13000,205.51738461538463,0.7469879518072289,0.752,0.0
FD002,0,15,0.2,administrative,0.75,complete_case,1691.9999999999993,13000,21.680067814273084,0.7469879518072289,0.0,0.1301538461538461
FD002,0,15,0.2,none,0.0,oracle,43.999999999999986,260,20.86880190026803,0.0,0.0,0.16923076923076918
FD002,0,15,0.2,policy,,censored_as_failure,2199.9999999999995,13000,20.86956380502993,0.5076626506024097,0.0,0.16923076923076918
FD002,0,15,0.2,policy,,complete_case,889.9999999999993,13000,22.607032395202914,0.5076626506024097,0.0,0.06846153846153841
FD002,0,15,0.2,random,0.25,censored_as_failure,63.99999999999991,13000,54.26951004296033,0.24761445783132527,0.0,0.004923076923076916
FD002,0,15,0.2,random,0.25,complete_case,2262.9999999999995,13000,20.93081136870877,0.24761445783132527,0.0,0.17407692307692305
FD002,0,15,0.2,random,0.5,censored_as_failure,0.0,13000,184.62684615384615,0.49585542168674696,0.0,0.0
FD002,0,15,0.2,random,0.5,complete_case,2200.9999999999995,13000,21.022451139850972,0.49585542168674696,0.0,0.16930769230769227
FD002,0,15,0.2,random,0.75,censored_as_failure,0.0,13000,204.31453846153846,0.7439036144578313,0.0,0.0
FD002,0,15,0.2,random,0.75,complete_case,1979.9999999999993,13000,21.31755108082591,0.7439036144578313,0.0,0.15230769230769226
FD002,1,0,0.05,administrative,0.25,censored_as_failure,0.0,13000,128.7076153846154,0.253012048192771,0.0,0.0
FD002,1,0,0.05,administrative,0.25,complete_case,970.9999999999997,13000,6.5871270782452935,0.253012048192771,0.0,0.07469230769230767
FD002,1,0,0.05,administrative,0.5,censored_as_failure,0.0,13000,204.78938461538462,0.4939759036144578,0.024,0.0
FD002,1,0,0.05,administrative,0.5,complete_case,1091.9999999999995,13000,6.588782842232656,0.4939759036144578,0.0,0.08399999999999996
FD002,1,0,0.05,administrative,0.75,censored_as_failure,0.0,13000,205.72938461538462,0.7469879518072289,0.964,0.0
FD002,1,0,0.05,administrative,0.75,complete_case,1218.9999999999995,13000,6.430500110359447,0.7469879518072289,0.0,0.09376923076923073
FD002,1,0,0.05,none,0.0,oracle,15.999999999999996,260,6.809163938897981,0.0,0.0,0.06153846153846153
FD002,1,0,0.05,policy,,censored_as_failure,799.9999999999998,13000,6.809163938897981,0.5048192771084337,0.0,0.06153846153846152
FD002,1,0,0.05,policy,,complete_case,545.9999999999997,13000,8.574460745849896,0.5048192771084337,0.0,0.041999999999999975
FD002,1,0,0.05,random,0.25,censored_as_failure,0.0,13000,199.80030769230768,0.24838554216867464,0.0,0.0
FD002,1,0,0.05,random,0.25,complete_case,819.9999999999997,13000,6.976353014519608,0.24838554216867464,0.0,0.06307692307692304
FD002,1,0,0.05,random,0.5,censored_as_failure,0.0,13000,204.76538461538462,0.5061204819277109,0.0,0.0
FD002,1,0,0.05,random,0.5,complete_case,784.9999999999997,13000,7.23633029429702,0.5061204819277109,0.0,0.060384615384615356
FD002,1,0,0.05,random,0.75,censored_as_failure,0.0,13000,204.76538461538462,0.7534939759036144,0.0,0.0
FD002,1,0,0.05,random,0.75,complete_case,523.9999999999998,13000,74.13737857240079,0.7534939759036144,0.336,0.04030769230769229
FD002,1,0,0.1,administrative,0.25,censored_as_failure,0.0,13000,63.704692307692305,0.253012048192771,0.0,0.0
FD002,1,0,0.1,administrative,0.25,complete_case,1651.9999999999993,13000,5.063285800350179,0.253012048192771,0.0,0.12707692307692303
FD002,1,0,0.1,administrative,0.5,censored_as_failure,0.0,13000,204.2750769230769,0.4939759036144578,0.0,0.0
FD002,1,0,0.1,administrative,0.5,complete_case,1692.9999999999995,13000,5.15265655476179,0.4939759036144578,0.0,0.1302307692307692
FD002,1,0,0.1,administrative,0.75,censored_as_failure,0.0,13000,205.64538461538461,0.7469879518072289,0.88,0.0
FD002,1,0,0.1,administrative,0.75,complete_case,1795.9999999999995,13000,5.131139699459818,0.7469879518072289,0.0,0.13815384615384613
FD002,1,0,0.1,none,0.0,oracle,31.999999999999986,260,5.169387604070305,0.0,0.0,0.12307692307692303
FD002,1,0,0.1,policy,,censored_as_failure,1599.9999999999993,13000,5.169387604070305,0.5048192771084337,0.0,0.12307692307692303
FD002,1,0,0.1,policy,,complete_case,767.9999999999998,13000,7.027996547004895,0.5048192771084337,0.0,0.05907692307692306
FD002,1,0,0.1,random,0.25,censored_as_failure,0.0,13000,138.95938461538464,0.24838554216867464,0.0,0.0
FD002,1,0,0.1,random,0.25,complete_case,1550.9999999999993,13000,5.1772764320498075,0.24838554216867464,0.0,0.11930769230769225
FD002,1,0,0.1,random,0.5,censored_as_failure,0.0,13000,203.40623076923077,0.5061204819277109,0.0,0.0
FD002,1,0,0.1,random,0.5,complete_case,1440.9999999999995,13000,5.417064551237832,0.5061204819277109,0.0,0.11084615384615382
FD002,1,0,0.1,random,0.75,censored_as_failure,0.0,13000,204.76538461538462,0.7534939759036144,0.0,0.0
FD002,1,0,0.1,random,0.75,complete_case,1224.9999999999995,13000,6.126612361063043,0.7534939759036144,0.0,0.0942307692307692
FD002,1,0,0.2,administrative,0.25,censored_as_failure,16.99999999999998,13000,24.058191870286578,0.253012048192771,0.0,0.0013076923076923062
FD002,1,0,0.2,administrative,0.25,complete_case,2710.9999999999995,13000,4.111028201378179,0.253012048192771,0.0,0.2085384615384615
FD002,1,0,0.2,administrative,0.5,censored_as_failure,0.0,13000,187.31476923076923,0.4939759036144578,0.0,0.0
FD002,1,0,0.2,administrative,0.5,complete_case,2724.9999999999995,13000,4.1162031168243995,0.4939759036144578,0.0,0.2096153846153846
FD002,1,0,0.2,administrative,0.75,censored_as_failure,0.0,13000,205.14538461538461,0.7469879518072289,0.38,0.0
FD002,1,0,0.2,administrative,0.75,complete_case,2770.9999999999995,13000,4.146320015308529,0.7469879518072289,0.0,0.2131538461538461
FD002,1,0,0.2,none,0.0,oracle,52.999999999999986,260,4.130766198571076,0.0,0.0,0.2038461538461538
FD002,1,0,0.2,policy,,censored_as_failure,2649.9999999999995,13000,4.130766198571076,0.5048192771084337,0.0,0.20384615384615382
FD002,1,0,0.2,policy,,complete_case,1488.9999999999993,13000,5.252270061980021,0.5048192771084337,0.0,0.11453846153846149
FD002,1,0,0.2,random,0.25,censored_as_failure,84.99999999999994,13000,35.5528842664791,0.24838554216867464,0.0,0.006538461538461534
FD002,1,0,0.2,random,0.25,complete_case,2736.9999999999995,13000,4.103026105914946,0.24838554216867464,0.0,0.2105384615384615
FD002,1,0,0.2,random,0.5,censored_as_failure,0.0,13000,142.0973846153846,0.5061204819277109,0.0,0.0
FD002,1,0,0.2,random,0.5,complete_case,2679.9999999999995,13000,4.144818126311302,0.5061204819277109,0.0,0.20615384615384613
FD002,1,0,0.2,random,0.75,censored_as_failure,0.0,13000,202.04830769230767,0.7534939759036144,0.0,0.0
FD002,1,0,0.2,random,0.75,complete_case,2480.9999999999995,13000,4.344092141854851,0.7534939759036144,0.0,0.1908461538461538
FD002,1,5,0.05,administrative,0.25,censored_as_failure,0.0,13000,132.92276923076923,0.253012048192771,0.0,0.0
FD002,1,5,0.05,administrative,0.25,complete_case,929.9999999999995,13000,11.931987461035696,0.253012048192771,0.0,0.07153846153846151
FD002,1,5,0.05,administrative,0.5,censored_as_failure,0.0,13000,204.8293846153846,0.4939759036144578,0.064,0.0
FD002,1,5,0.05,administrative,0.5,complete_case,851.9999999999995,13000,12.0019926951196,0.4939759036144578,0.0,0.0655384615384615
FD002,1,5,0.05,administrative,0.75,censored_as_failure,0.0,13000,205.74938461538463,0.7469879518072289,0.984,0.0
FD002,1,5,0.05,administrative,0.75,complete_case,838.9999999999995,13000,12.191768945167082,0.7469879518072289,0.0,0.0645384615384615
FD002,1,5,0.05,none,0.0,oracle,18.999999999999993,260,11.998871794871794,0.0,0.0,0.07307692307692305
FD002,1,5,0.05,policy,,censored_as_failure,949.9999999999995,13000,11.998871794871794,0.5108915662650603,0.0,0.07307692307692304
FD002,1,5,0.05,policy,,complete_case,623.9999999999995,13000,15.75978498834499,0.5108915662650603,0.008,0.047999999999999966
FD002,1,5,0.05,random,0.25,censored_as_failure,0.0,13000,199.46738461538462,0.24809638554216865,0.0,0.0
FD002,1,5,0.05,random,0.25,complete_case,869.9999999999995,13000,12.066133663250644,0.24809638554216865,0.0,0.06692307692307689
FD002,1,5,0.05,random,0.5,censored_as_failure,0.0,13000,204.76538461538462,0.5016385542168674,0.0,0.0
FD002,1,5,0.05,random,0.5,complete_case,772.9999999999995,13000,12.593849556195439,0.5016385542168674,0.0,0.05946153846153843
FD002,1,5,0.05,random,0.75,censored_as_failure,0.0,13000,204.76538461538462,0.7486746987951807,0.0,0.0
FD002,1,5,0.05,random,0.75,complete_case,653.9999999999997,13000,62.063659690820685,0.7486746987951807,0.256,0.05030769230769228
FD002,1,5,0.1,administrative,0.25,censored_as_failure,0.0,13000,69.74338461538461,0.253012048192771,0.0,0.0
FD002,1,5,0.1,administrative,0.25,complete_case,1318.9999999999998,13000,10.76613477801842,0.253012048192771,0.0,0.10146153846153845
FD002,1,5,0.1,administrative,0.5,censored_as_failure,0.0,13000,204.76938461538464,0.4939759036144578,0.004,0.0
FD002,1,5,0.1,administrative,0.5,complete_case,1281.9999999999998,13000,10.927654711303987,0.4939759036144578,0.0,0.0986153846153846
FD002,1,5,0.1,administrative,0.75,censored_as_failure,0.0,13000,205.66138461538463,0.7469879518072289,0.896,0.0
FD002,1,5,0.1,administrative,0.75,complete_case,1302.9999999999995,13000,10.950439220953012,0.7469879518072289,0.0,0.10023076923076919
FD002,1,5,0.1,none,0.0,oracle,26.999999999999996,260,10.708000087437426,0.0,0.0,0.10384615384615384
FD002,1,5,0.1,policy,,censored_as_failure,1349.9999999999998,13000,10.708000087437428,0.5108915662650603,0.0,0.10384615384615382
FD002,1,5,0.1,policy,,complete_case,875.9999999999995,13000,12.141111964897847,0.5108915662650603,0.0,0.06738461538461535
FD002,1,5,0.1,random,0.25,censored_as_failure,0.0,13000,149.37838461538462,0.24809638554216865,0.0,0.0
FD002,1,5,0.1,random,0.25,complete_case,1271.9999999999998,13000,10.924778860939231,0.24809638554216865,0.0,0.09784615384615383
FD002,1,5,0.1,random,0.5,censored_as_failure,0.0,13000,204.76538461538462,0.5016385542168674,0.0,0.0
FD002,1,5,0.1,random,0.5,complete_case,1219.9999999999998,13000,11.091529420074897,0.5016385542168674,0.0,0.09384615384615383
FD002,1,5,0.1,random,0.75,censored_as_failure,0.0,13000,204.76538461538462,0.7486746987951807,0.0,0.0
FD002,1,5,0.1,random,0.75,complete_case,1142.9999999999995,13000,11.623014486425031,0.7486746987951807,0.0,0.08792307692307688
FD002,1,5,0.2,administrative,0.25,censored_as_failure,13.999999999999979,13000,29.134590226244345,0.253012048192771,0.0,0.0010769230769230754
FD002,1,5,0.2,administrative,0.25,complete_case,2309.9999999999995,13000,9.519607897126603,0.253012048192771,0.0,0.17769230769230765
FD002,1,5,0.2,administrative,0.5,censored_as_failure,0.0,13000,189.97438461538462,0.4939759036144578,0.0,0.0
FD002,1,5,0.2,administrative,0.5,complete_case,2252.9999999999995,13000,9.538411336737957,0.4939759036144578,0.0,0.17330769230769227
FD002,1,5,0.2,administrative,0.75,censored_as_failure,0.0,13000,205.21738461538462,0.7469879518072289,0.452,0.0
FD002,1,5,0.2,administrative,0.75,complete_case,2200.9999999999995,13000,9.688549141106474,0.7469879518072289,0.0,0.16930769230769227
FD002,1,5,0.2,none,0.0,oracle,45.999999999999986,260,9.544857466594813,0.0,0.0,0.17692307692307688
FD002,1,5,0.2,policy,,censored_as_failure,2299.9999999999995,13000,9.544857466594813,0.5108915662650603,0.0,0.17692307692307688
FD002,1,5,0.2,policy,,complete_case,1287.9999999999998,13000,10.928893071639719,0.5108915662650603,0.0,0.09907692307692306
FD002,1,5,0.2,random,0.25,censored_as_failure,55.99999999999994,13000,40.30563707390649,0.24809638554216865,0.0,0.004307692307692303
FD002,1,5,0.2,random,0.25,complete_case,2365.9999999999995,13000,9.473673800637014,0.24809638554216865,0.0,0.18199999999999997
FD002,1,5,0.2,random,0.5,censored_as_failure,0.0,13000,158.3923076923077,0.5016385542168674,0.0,0.0
FD002,1,5,0.2,random,0.5,complete_case,2288.9999999999995,13000,9.546329657292853,0.5016385542168674,0.0,0.17607692307692305
FD002,1,5,0.2,random,0.75,censored_as_failure,0.0,13000,202.69784615384614,0.7486746987951807,0.0,0.0
FD002,1,5,0.2,random,0.75,complete_case,2106.9999999999995,13000,9.837198947741449,0.7486746987951807,0.0,0.16207692307692304
FD002,1,10,0.05,administrative,0.25,censored_as_failure,0.0,13000,145.0946923076923,0.253012048192771,0.0,0.0
FD002,1,10,0.05,administrative,0.25,complete_case,638.9999999999993,13000,17.023833772706407,0.253012048192771,0.0,0.049153846153846104
FD002,1,10,0.05,administrative,0.5,censored_as_failure,0.0,13000,204.8173846153846,0.4939759036144578,0.052,0.0
FD002,1,10,0.05,administrative,0.5,complete_case,579.9999999999994,13000,17.400565348761766,0.4939759036144578,0.0,0.04461538461538457
FD002,1,10,0.05,administrative,0.75,censored_as_failure,0.0,13000,205.75338461538462,0.7469879518072289,0.988,0.0
FD002,1,10,0.05,administrative,0.75,complete_case,540.9999999999995,13000,18.0700857598223,0.7469879518072289,0.0,0.04161538461538458
FD002,1,10,0.05,none,0.0,oracle,12.999999999999984,260,16.835325969852825,0.0,0.0,0.04999999999999994
FD002,1,10,0.05,policy,,censored_as_failure,649.9999999999992,13000,16.835325969852825,0.5060722891566265,0.0,0.04999999999999994
FD002,1,10,0.05,policy,,complete_case,261.9999999999998,13000,19.20819248419499,0.5060722891566265,0.0,0.020153846153846137
FD002,1,10,0.05,random,0.25,censored_as_failure,0.0,13000,202.388,0.24987951807228914,0.0,0.0
FD002,1,10,0.05,random,0.25,complete_case,599.9999999999993,13000,17.232903342410328,0.24987951807228914,0.0,0.0461538461538461
FD002,1,10,0.05,random,0.5,censored_as_failure,0.0,13000,204.76538461538462,0.5028915662650603,0.0,0.0
FD002,1,10,0.05,random,0.5,complete_case,541.9999999999994,13000,17.614414362280364,0.5028915662650603,0.0,0.04169230769230765
FD002,1,10,0.05,random,0.75,censored_as_failure,0.0,13000,204.76538461538462,0.7479518072289156,0.0,0.0
FD002,1,10,0.05,random,0.75,complete_case,448.99999999999966,13000,69.10432043149066,0.7479518072289156,0.272,0.03453846153846151
FD002,1,10,0.1,administrative,0.25,censored_as_failure,0.0,13000,78.5573846153846,0.253012048192771,0.0,0.0
FD002,1,10,0.1,administrative,0.25,complete_case,1190.999999999999,13000,16.042710924915404,0.253012048192771,0.0,0.09161538461538454
FD002,1,10,0.1,administrative,0.5,censored_as_failure,0.0,13000,204.76938461538464,0.4939759036144578,0.004,0.0
FD002,1,10,0.1,administrative,0.5,complete_case,1123.9999999999993,13000,16.158972345897205,0.4939759036144578,0.0,0.08646153846153841
FD002,1,10,0.1,administrative,0.75,censored_as_failure,0.0,13000,205.70938461538464,0.7469879518072289,0.944,0.0
FD002,1,10,0.1,administrative,0.75,complete_case,1035.9999999999993,13000,16.433288375110628,0.7469879518072289,0.0,0.07969230769230765
FD002,1,10,0.1,none,0.0,oracle,22.999999999999986,260,15.932770429664311,0.0,0.0,0.08846153846153841
FD002,1,10,0.1,policy,,censored_as_failure,1149.9999999999993,13000,15.932770429664311,0.5060722891566265,0.0,0.08846153846153841
FD002,1,10,0.1,policy,,complete_case,582.9999999999993,13000,17.182415216082873,0.5060722891566265,0.0,0.04484615384615379
FD002,1,10,0.1,random,0.25,censored_as_failure,0.0,13000,165.04215384615384,0.24987951807228914,0.0,0.0
FD002,1,10,0.1,random,0.25,complete_case,1209.9999999999993,13000,16.106824395097483,0.24987951807228914,0.0,0.09307692307692303
FD002,1,10,0.1,random,0.5,censored_as_failure,0.0,13000,204.76538461538462,0.5028915662650603,0.0,0.0
FD002,1,10,0.1,random,0.5,complete_case,1187.9999999999993,13000,16.171100572913172,0.5028915662650603,0.0,0.09138461538461533
FD002,1,10,0.1,random,0.75,censored_as_failure,0.0,13000,204.76538461538462,0.7479518072289156,0.0,0.0
FD002,1,10,0.1,random,0.75,complete_case,1053.9999999999993,13000,16.71297549861551,0.7479518072289156,0.0,0.08107692307692302
FD002,1,10,0.2,administrative,0.25,censored_as_failure,25.999999999999964,13000,33.64353511705686,0.253012048192771,0.0,0.0019999999999999974
FD002,1,10,0.2,administrative,0.25,complete_case,2246.9999999999995,13000,15.184324316286938,0.253012048192771,0.0,0.17284615384615382
FD002,1,10,0.2,administrative,0.5,censored_as_failure,0.0,13000,195.05107692307692,0.4939759036144578,0.0,0.0
FD002,1,10,0.2,administrative,0.5,complete_case,2116.9999999999995,13000,15.254921853261424,0.4939759036144578,0.0,0.1628461538461538
FD002,1,10,0.2,administrative,0.75,censored_as_failure,0.0,13000,205.30938461538463,0.7469879518072289,0.544,0.0
FD002,1,10,0.2,administrative,0.75,complete_case,1972.9999999999995,13000,15.404567168777183,0.7469879518072289,0.0,0.15176923076923074
FD002,1,10,0.2,none,0.0,oracle,45.99999999999999,260,15.05383820314053,0.0,0.0,0.1769230769230769
FD002,1,10,0.2,policy,,censored_as_failure,2299.9999999999995,13000,15.05383820314053,0.5060722891566265,0.0,0.17692307692307688
FD002,1,10,0.2,policy,,complete_case,1237.9999999999993,13000,16.013308328446733,0.5060722891566265,0.0,0.09523076923076917
FD002,1,10,0.2,random,0.25,censored_as_failure,35.99999999999995,13000,49.52783711635085,0.24987951807228914,0.0,0.0027692307692307656
FD002,1,10,0.2,random,0.25,complete_case,2360.9999999999995,13000,15.117382296698025,0.24987951807228914,0.0,0.18161538461538457
FD002,1,10,0.2,random,0.5,censored_as_failure,0.0,13000,175.82930769230768,0.5028915662650603,0.0,0.0
FD002,1,10,0.2,random,0.5,complete_case,2358.9999999999995,13000,15.141730217698424,0.5028915662650603,0.0,0.18146153846153842
FD002,1,10,0.2,random,0.75,censored_as_failure,0.0,13000,203.89784615384616,0.7479518072289156,0.0,0.0
FD002,1,10,0.2,random,0.75,complete_case,2203.9999999999995,13000,15.316574480631775,0.7479518072289156,0.0,0.1695384615384615
FD002,1,15,0.05,administrative,0.25,censored_as_failure,0.0,13000,166.65969230769232,0.253012048192771,0.0,0.0
FD002,1,15,0.05,administrative,0.25,complete_case,548.9999999999995,13000,23.862906199388885,0.253012048192771,0.0,0.0422307692307692
FD002,1,15,0.05,administrative,0.5,censored_as_failure,0.0,13000,204.85738461538463,0.4939759036144578,0.092,0.0
FD002,1,15,0.05,administrative,0.5,complete_case,512.9999999999995,13000,24.268876388944538,0.4939759036144578,0.0,0.03946153846153843
FD002,1,15,0.05,administrative,0.75,censored_as_failure,0.0,13000,205.75738461538464,0.7469879518072289,0.992,0.0
FD002,1,15,0.05,administrative,0.75,complete_case,478.9999999999996,13000,25.485550126970438,0.7469879518072289,0.0,0.03684615384615381
FD002,1,15,0.05,none,0.0,oracle,12.99999999999999,260,23.564274662401786,0.0,0.0,0.04999999999999996
FD002,1,15,0.05,policy,,censored_as_failure,649.9999999999994,13000,23.564274662401786,0.5009638554216868,0.0,0.049999999999999954
FD002,1,15,0.05,policy,,complete_case,281.99999999999955,13000,26.151677584880108,0.5009638554216868,0.0,0.021692307692307657
FD002,1,15,0.05,random,0.25,censored_as_failure,0.0,13000,203.84792307692305,0.24298795180722887,0.0,0.0
FD002,1,15,0.05,random,0.25,complete_case,597.9999999999995,13000,23.782536173097103,0.24298795180722887,0.0,0.045999999999999965
FD002,1,15,0.05,random,0.5,censored_as_failure,0.0,13000,204.76538461538462,0.49995180722891563,0.0,0.0
FD002,1,15,0.05,random,0.5,complete_case,527.9999999999995,13000,24.464291947578438,0.49995180722891563,0.0,0.04061538461538458
FD002,1,15,0.05,random,0.75,censored_as_failure,0.0,13000,204.76538461538462,0.7495903614457832,0.0,0.0
FD002,1,15,0.05,random,0.75,complete_case,450.99999999999966,13000,78.21391597262708,0.7495903614457832,0.296,0.03469230769230767
FD002,1,15,0.1,administrative,0.25,censored_as_failure,0.0,13000,95.233,0.253012048192771,0.0,0.0
FD002,1,15,0.1,administrative,0.25,complete_case,1322.9999999999995,13000,22.359980766837236,0.253012048192771,0.0,0.10176923076923074
FD002,1,15,0.1,administrative,0.5,censored_as_failure,0.0,13000,204.78538461538463,0.4939759036144578,0.02,0.0
FD002,1,15,0.1,administrative,0.5,complete_case,1208.9999999999995,13000,22.64392091562518,0.4939759036144578,0.0,0.09299999999999997
FD002,1,15,0.1,administrative,0.75,censored_as_failure,0.0,13000,205.70538461538462,0.7469879518072289,0.94,0.0
FD002,1,15,0.1,administrative,0.75,complete_case,933.9999999999995,13000,23.1876206546714,0.7469879518072289,0.0,0.07184615384615381
FD002,1,15,0.1,none,0.0,oracle,29.99999999999999,260,22.041304347826088,0.0,0.0,0.11538461538461535
FD002,1,15,0.1,policy,,censored_as_failure,1499.9999999999995,13000,22.041304347826085,0.5009638554216868,0.0,0.11538461538461535
FD002,1,15,0.1,policy,,complete_case,600.9999999999994,13000,23.739801983947068,0.5009638554216868,0.0,0.046230769230769186
FD002,1,15,0.1,random,0.25,censored_as_failure,0.0,13000,172.6053076923077,0.24298795180722887,0.0,0.0
FD002,1,15,0.1,random,0.25,complete_case,1430.9999999999995,13000,22.216468766556897,0.24298795180722887,0.0,0.11007692307692304
FD002,1,15,0.1,random,0.5,censored_as_failure,0.0,13000,204.76538461538462,0.49995180722891563,0.0,0.0
FD002,1,15,0.1,random,0.5,complete_case,1310.9999999999995,13000,22.450823448558666,0.49995180722891563,0.0,0.10084615384615381
FD002,1,15,0.1,random,0.75,censored_as_failure,0.0,13000,204.76538461538462,0.7495903614457832,0.0,0.0
FD002,1,15,0.1,random,0.75,complete_case,1133.9999999999995,13000,23.118962475942304,0.7495903614457832,0.0,0.0872307692307692
FD002,1,15,0.2,administrative,0.25,censored_as_failure,61.9999999999999,13000,38.693042689075625,0.253012048192771,0.0,0.004769230769230762
FD002,1,15,0.2,administrative,0.25,complete_case,2185.9999999999995,13000,20.993479925582704,0.253012048192771,0.0,0.16815384615384613
FD002,1,15,0.2,administrative,0.5,censored_as_failure,0.0,13000,201.55938461538463,0.4939759036144578,0.0,0.0
FD002,1,15,0.2,administrative,0.5,complete_case,2100.9999999999995,13000,21.127024003703035,0.4939759036144578,0.0,0.16161538461538458
FD002,1,15,0.2,administrative,0.75,censored_as_failure,0.0,13000,205.45338461538464,0.7469879518072289,0.688,0.0
FD002,1,15,0.2,administrative,0.75,complete_case,1873.9999999999995,13000,21.531120051346335,0.7469879518072289,0.0,0.14415384615384613
FD002,1,15,0.2,none,0.0,oracle,43.99999999999999,260,20.895677821894502,0.0,0.0,0.1692307692307692
FD002,1,15,0.2,policy,,censored_as_failure,2199.9999999999995,13000,20.895677821894502,0.5009638554216868,0.0,0.16923076923076918
FD002,1,15,0.2,policy,,complete_case,1501.9999999999995,13000,22.11374215308281,0.5009638554216868,0.0,0.1155384615384615
FD002,1,15,0.2,random,0.25,censored_as_failure,90.99999999999989,13000,49.50264575873927,0.24298795180722887,0.0,0.0069999999999999915
FD002,1,15,0.2,random,0.25,complete_case,2273.9999999999995,13000,20.87361722199147,0.24298795180722887,0.0,0.17492307692307688
FD002,1,15,0.2,random,0.5,censored_as_failure,0.0,13000,187.42176923076923,0.49995180722891563,0.0,0.0
FD002,1,15,0.2,random,0.5,complete_case,2265.9999999999995,13000,20.9299874441991,0.49995180722891563,0.0,0.17430769230769227
FD002,1,15,0.2,random,0.75,censored_as_failure,0.0,13000,204.76538461538462,0.7495903614457832,0.0,0.0
FD002,1,15,0.2,random,0.75,complete_case,2245.9999999999995,13000,21.11809789995979,0.7495903614457832,0.0,0.17276923076923073
FD002,2,0,0.05,administrative,0.25,censored_as_failure,0.0,13000,126.07384615384616,0.253012048192771,0.0,0.0
FD002,2,0,0.05,administrative,0.25,complete_case,763.9999999999995,13000,6.470375422521521,0.253012048192771,0.0,0.05876923076923073
FD002,2,0,0.05,administrative,0.5,censored_as_failure,0.0,13000,204.79738461538463,0.4939759036144578,0.032,0.0
FD002,2,0,0.05,administrative,0.5,complete_case,728.9999999999995,13000,6.555092398978215,0.4939759036144578,0.0,0.056076923076923045
FD002,2,0,0.05,administrative,0.75,censored_as_failure,0.0,13000,205.76138461538463,0.7469879518072289,0.996,0.0
FD002,2,0,0.05,administrative,0.75,complete_case,723.9999999999995,13000,7.025741998802624,0.7469879518072289,0.0,0.05569230769230766
FD002,2,0,0.05,none,0.0,oracle,15.99999999999999,260,6.482503718416136,0.0,0.0,0.0615384615384615
FD002,2,0,0.05,policy,,censored_as_failure,799.9999999999995,13000,6.482503718416136,0.4930120481927711,0.0,0.0615384615384615
FD002,2,0,0.05,policy,,complete_case,269.9999999999997,13000,8.623307538399974,0.4930120481927711,0.0,0.020769230769230748
FD002,2,0,0.05,random,0.25,censored_as_failure,0.0,13000,200.0816153846154,0.24809638554216865,0.0,0.0
FD002,2,0,0.05,random,0.25,complete_case,660.9999999999995,13000,6.760623988151298,0.24809638554216865,0.0,0.05084615384615381
FD002,2,0,0.05,random,0.5,censored_as_failure,0.0,13000,204.76538461538462,0.49628915662650597,0.0,0.0
FD002,2,0,0.05,random,0.5,complete_case,588.9999999999995,13000,7.302030265470452,0.49628915662650597,0.0,0.04530769230769227
FD002,2,0,0.05,random,0.75,censored_as_failure,0.0,13000,204.76538461538462,0.7549397590361445,0.0,0.0
FD002,2,0,0.05,random,0.75,complete_case,454.99999999999966,13000,66.01159803230274,0.7549397590361445,0.296,0.034999999999999976
FD002,2,0,0.1,administrative,0.25,censored_as_failure,0.0,13000,64.43846153846154,0.253012048192771,0.0,0.0
FD002,2,0,0.1,administrative,0.25,complete_case,1200.9999999999993,13000,5.289591493933314,0.253012048192771,0.0,0.09238461538461533
FD002,2,0,0.1,administrative,0.5,censored_as_failure,0.0,13000,204.28215384615385,0.4939759036144578,0.004,0.0
FD002,2,0,0.1,administrative,0.5,complete_case,1208.9999999999993,13000,5.309169264487323,0.4939759036144578,0.0,0.09299999999999994
FD002,2,0,0.1,administrative,0.75,censored_as_failure,0.0,13000,205.72538461538463,0.7469879518072289,0.96,0.0
FD002,2,0,0.1,administrative,0.75,complete_case,1287.9999999999993,13000,5.487043565782036,0.7469879518072289,0.0,0.09907692307692302
FD002,2,0,0.1,none,0.0,oracle,23.999999999999986,260,5.320008376373607,0.0,0.0,0.09230769230769226
FD002,2,0,0.1,policy,,censored_as_failure,1199.9999999999993,13000,5.320008376373607,0.4930120481927711,0.0,0.09230769230769226
FD002,2,0,0.1,policy,,complete_case,720.9999999999995,13000,6.695559267660384,0.4930120481927711,0.0,0.05546153846153842
FD002,2,0,0.1,random,0.25,censored_as_failure,0.0,13000,135.0093076923077,0.24809638554216865,0.0,0.0
FD002,2,0,0.1,random,0.25,complete_case,1124.9999999999993,13000,5.447484996020612,0.24809638554216865,0.0,0.08653846153846148
FD002,2,0,0.1,random,0.5,censored_as_failure,0.0,13000,203.42992307692307,0.49628915662650597,0.0,0.0
FD002,2,0,0.1,random,0.5,complete_case,1134.9999999999993,13000,5.583588399933845,0.49628915662650597,0.0,0.08730769230769225
FD002,2,0,0.1,random,0.75,censored_as_failure,0.0,13000,204.76538461538462,0.7549397590361445,0.0,0.0
FD002,2,0,0.1,random,0.75,complete_case,1141.9999999999993,13000,6.677733587290009,0.7549397590361445,0.004,0.0878461538461538
FD002,2,0,0.2,administrative,0.25,censored_as_failure,4.999999999999992,13000,24.506983408748113,0.253012048192771,0.0,0.000384615384615384
FD002,2,0,0.2,administrative,0.25,complete_case,2634.999999999999,13000,4.18219872866507,0.253012048192771,0.0,0.20269230769230762
FD002,2,0,0.2,administrative,0.5,censored_as_failure,0.0,13000,181.3926923076923,0.4939759036144578,0.0,0.0
FD002,2,0,0.2,administrative,0.5,complete_case,2546.999999999999,13000,4.2031900351405405,0.4939759036144578,0.0,0.19592307692307687
FD002,2,0,0.2,administrative,0.75,censored_as_failure,0.0,13000,205.25738461538464,0.7469879518072289,0.492,0.0
FD002,2,0,0.2,administrative,0.75,complete_case,2375.999999999999,13000,4.304936463278018,0.7469879518072289,0.0,0.1827692307692307
FD002,2,0,0.2,none,0.0,oracle,51.99999999999998,260,4.201284316854368,0.0,0.0,0.19999999999999993
FD002,2,0,0.2,policy,,censored_as_failure,2599.999999999999,13000,4.201284316854368,0.4930120481927711,0.0,0.19999999999999993
FD002,2,0,0.2,policy,,complete_case,1180.9999999999993,13000,5.355807540458347,0.4930120481927711,0.0,0.0908461538461538
FD002,2,0,0.2,random,0.25,censored_as_failure,92.99999999999991,13000,36.116125773851564,0.24809638554216865,0.0,0.007153846153846147
FD002,2,0,0.2,random,0.25,complete_case,2667.999999999999,13000,4.1815727585620115,0.24809638554216865,0.0,0.20523076923076916
FD002,2,0,0.2,random,0.5,censored_as_failure,0.0,13000,137.20476923076922,0.49628915662650597,0.0,0.0
FD002,2,0,0.2,random,0.5,complete_case,2447.999999999999,13000,4.288147489360078,0.49628915662650597,0.0,0.18830769230769223
FD002,2,0,0.2,random,0.75,censored_as_failure,0.0,13000,200.3886923076923,0.7549397590361445,0.0,0.0
FD002,2,0,0.2,random,0.75,complete_case,2344.999999999999,13000,4.412125689973992,0.7549397590361445,0.0,0.1803846153846153
FD002,2,5,0.05,administrative,0.25,censored_as_failure,0.0,13000,145.64784615384616,0.253012048192771,0.0,0.0
FD002,2,5,0.05,administrative,0.25,complete_case,388.99999999999943,13000,12.748975711907192,0.253012048192771,0.0,0.02992307692307688
FD002,2,5,0.05,administrative,0.5,censored_as_failure,0.0,13000,204.80938461538463,0.4939759036144578,0.044,0.0
FD002,2,5,0.05,administrative,0.5,complete_case,395.99999999999955,13000,12.815887791598245,0.4939759036144578,0.0,0.030461538461538425
FD002,2,5,0.05,administrative,0.75,censored_as_failure,0.0,13000,205.76138461538463,0.7469879518072289,0.996,0.0
FD002,2,5,0.05,administrative,0.75,complete_case,426.9999999999996,13000,13.19446109374714,0.7469879518072289,0.0,0.03284615384615382
FD002,2,5,0.05,none,0.0,oracle,6.999999999999989,260,12.956045310431865,0.0,0.0,0.026923076923076883
FD002,2,5,0.05,policy,,censored_as_failure,349.99999999999943,13000,12.956045310431866,0.49918072289156623,0.0,0.02692307692307688
FD002,2,5,0.05,policy,,complete_case,100.99999999999984,13000,14.613653947732939,0.49918072289156623,0.0,0.0077692307692307574
FD002,2,5,0.05,random,0.25,censored_as_failure,0.0,13000,201.94469230769232,0.24891566265060236,0.0,0.0
FD002,2,5,0.05,random,0.25,complete_case,356.9999999999995,13000,12.898636258333122,0.24891566265060236,0.0,0.027461538461538423
FD002,2,5,0.05,random,0.5,censored_as_failure,0.0,13000,204.76538461538462,0.4996626506024096,0.0,0.0
FD002,2,5,0.05,random,0.5,complete_case,324.9999999999996,13000,13.266699423701969,0.4996626506024096,0.0,0.02499999999999997
FD002,2,5,0.05,random,0.75,censored_as_failure,0.0,13000,204.76538461538462,0.755566265060241,0.0,0.0
FD002,2,5,0.05,random,0.75,complete_case,252.99999999999977,13000,82.53218793422724,0.755566265060241,0.36,0.019461538461538443
FD002,2,5,0.1,administrative,0.25,censored_as_failure,0.0,13000,77.8266153846154,0.253012048192771,0.0,0.0
FD002,2,5,0.1,administrative,0.25,complete_case,981.9999999999994,13000,10.806084542686142,0.253012048192771,0.0,0.0755384615384615
FD002,2,5,0.1,administrative,0.5,censored_as_failure,0.0,13000,204.77738461538462,0.4939759036144578,0.012,0.0
FD002,2,5,0.1,administrative,0.5,complete_case,996.9999999999994,13000,10.952451346644095,0.4939759036144578,0.0,0.07669230769230764
FD002,2,5,0.1,administrative,0.75,censored_as_failure,0.0,13000,205.73738461538463,0.7469879518072289,0.972,0.0
FD002,2,5,0.1,administrative,0.75,complete_case,978.9999999999994,13000,11.346022230509318,0.7469879518072289,0.0,0.07530769230769227
FD002,2,5,0.1,none,0.0,oracle,17.999999999999986,260,10.724921972987588,0.0,0.0,0.06923076923076918
FD002,2,5,0.1,policy,,censored_as_failure,899.9999999999993,13000,10.724921972987588,0.49918072289156623,0.0,0.06923076923076918
FD002,2,5,0.1,policy,,complete_case,354.9999999999995,13000,12.919792472373565,0.49918072289156623,0.0,0.02730769230769227
FD002,2,5,0.1,random,0.25,censored_as_failure,0.0,13000,163.79469230769232,0.24891566265060236,0.0,0.0
FD002,2,5,0.1,random,0.25,complete_case,938.9999999999994,13000,10.910873310416548,0.24891566265060236,0.0,0.07223076923076918
FD002,2,5,0.1,random,0.5,censored_as_failure,0.0,13000,204.3113846153846,0.4996626506024096,0.0,0.0
FD002,2,5,0.1,random,0.5,complete_case,996.9999999999994,13000,11.166310755904858,0.4996626506024096,0.0,0.07669230769230764
FD002,2,5,0.1,random,0.75,censored_as_failure,0.0,13000,204.76538461538462,0.755566265060241,0.0,0.0
FD002,2,5,0.1,random,0.75,complete_case,886.9999999999995,13000,11.899314848111533,0.755566265060241,0.0,0.06823076923076919
FD002,2,5,0.2,administrative,0.25,censored_as_failure,4.999999999999992,13000,29.180043318250377,0.253012048192771,0.0,0.000384615384615384
FD002,2,5,0.2,administrative,0.25,complete_case,2893.9999999999995,13000,9.254754463805657,0.253012048192771,0.0,0.22261538461538458
FD002,2,5,0.2,administrative,0.5,censored_as_failure,0.0,13000,195.51792307692307,0.4939759036144578,0.0,0.0
FD002,2,5,0.2,administrative,0.5,complete_case,2747.9999999999995,13000,9.36155607213284,0.4939759036144578,0.0,0.21138461538461534
FD002,2,5,0.2,administrative,0.75,censored_as_failure,0.0,13000,205.3413846153846,0.7469879518072289,0.576,0.0
FD002,2,5,0.2,administrative,0.75,complete_case,2487.9999999999995,13000,9.678043738405298,0.7469879518072289,0.0,0.19138461538461535
FD002,2,5,0.2,none,0.0,oracle,58.0,260,9.276524390243901,0.0,0.0,0.2230769230769231
FD002,2,5,0.2,policy,,censored_as_failure,2899.9999999999995,13000,9.276524390243901,0.49918072289156623,0.0,0.22307692307692303
FD002,2,5,0.2,policy,,complete_case,1039.9999999999995,13000,10.846367044947765,0.49918072289156623,0.0,0.07999999999999996
FD002,2,5,0.2,random,0.25,censored_as_failure,18.999999999999975,13000,41.44407533936651,0.24891566265060236,0.0,0.0014615384615384597
FD002,2,5,0.2,random,0.25,complete_case,2934.9999999999995,13000,9.239167873026732,0.24891566265060236,0.0,0.22576923076923072
FD002,2,5,0.2,random,0.5,censored_as_failure,0.0,13000,159.8142307692308,0.4996626506024096,0.0,0.0
FD002,2,5,0.2,random,0.5,complete_case,2725.9999999999995,13000,9.401790089767415,0.4996626506024096,0.0,0.20969230769230765
FD002,2,5,0.2,random,0.75,censored_as_failure,0.0,13000,202.09661538461538,0.755566265060241,0.0,0.0
FD002,2,5,0.2,random,0.75,complete_case,2626.9999999999995,13000,9.65339891633814,0.755566265060241,0.0,0.20207692307692304
FD002,2,10,0.05,administrative,0.25,censored_as_failure,0.0,13000,164.87084615384614,0.253012048192771,0.0,0.0
FD002,2,10,0.05,administrative,0.25,complete_case,590.9999999999995,13000,18.17186361225455,0.253012048192771,0.0,0.04546153846153843
FD002,2,10,0.05,administrative,0.5,censored_as_failure,0.0,13000,204.86938461538463,0.4939759036144578,0.104,0.0
FD002,2,10,0.05,administrative,0.5,complete_case,642.9999999999995,13000,18.106927444578886,0.4939759036144578,0.0,0.049461538461538425
FD002,2,10,0.05,administrative,0.75,censored_as_failure,0.0,13000,205.76538461538462,0.7469879518072289,1.0,0.0
FD002,2,10,0.05,administrative,0.75,complete_case,592.9999999999995,13000,19.255814039337213,0.7469879518072289,0.0,0.04561538461538458
FD002,2,10,0.05,none,0.0,oracle,10.999999999999993,260,17.826781264345204,0.0,0.0,0.04230769230769228
FD002,2,10,0.05,policy,,censored_as_failure,549.9999999999997,13000,17.8267812643452,0.5012048192771084,0.0,0.04230769230769228
FD002,2,10,0.05,policy,,complete_case,287.9999999999997,13000,22.39843315525399,0.5012048192771084,0.008,0.02215384615384613
FD002,2,10,0.05,random,0.25,censored_as_failure,0.0,13000,204.30492307692307,0.24987951807228914,0.0,0.0
FD002,2,10,0.05,random,0.25,complete_case,594.9999999999995,13000,18.186501934983152,0.24987951807228914,0.0,0.045769230769230736
FD002,2,10,0.05,random,0.5,censored_as_failure,0.0,13000,204.76538461538462,0.49450602409638555,0.0,0.0
FD002,2,10,0.05,random,0.5,complete_case,574.9999999999995,13000,18.70600017038086,0.49450602409638555,0.0,0.0442307692307692
FD002,2,10,0.05,random,0.75,censored_as_failure,0.0,13000,204.76538461538462,0.7485301204819277,0.0,0.0
FD002,2,10,0.05,random,0.75,complete_case,410.9999999999997,13000,72.46600577194323,0.7485301204819277,0.284,0.031615384615384594
FD002,2,10,0.1,administrative,0.25,censored_as_failure,0.0,13000,90.83453846153847,0.253012048192771,0.0,0.0
FD002,2,10,0.1,administrative,0.25,complete_case,1192.9999999999993,13000,16.20235939127419,0.253012048192771,0.0,0.09176923076923071
FD002,2,10,0.1,administrative,0.5,censored_as_failure,0.0,13000,204.76938461538464,0.4939759036144578,0.004,0.0
FD002,2,10,0.1,administrative,0.5,complete_case,1184.9999999999993,13000,16.272807426520117,0.4939759036144578,0.0,0.0911538461538461
FD002,2,10,0.1,administrative,0.75,censored_as_failure,0.0,13000,205.75738461538464,0.7469879518072289,0.992,0.0
FD002,2,10,0.1,administrative,0.75,complete_case,1116.9999999999995,13000,16.9177816841539,0.7469879518072289,0.0,0.0859230769230769
FD002,2,10,0.1,none,0.0,oracle,25.999999999999986,260,16.055902580525945,0.0,0.0,0.09999999999999995
FD002,2,10,0.1,policy,,censored_as_failure,1299.999999999999,13000,16.055902580525945,0.5012048192771084,0.0,0.09999999999999994
FD002,2,10,0.1,policy,,complete_case,588.9999999999995,13000,18.231040289802678,0.5012048192771084,0.0,0.04530769230769227
FD002,2,10,0.1,random,0.25,censored_as_failure,0.0,13000,163.75223076923078,0.24987951807228914,0.0,0.0
FD002,2,10,0.1,random,0.25,complete_case,1208.9999999999993,13000,16.175881540890906,0.24987951807228914,0.0,0.09299999999999994
FD002,2,10,0.1,random,0.5,censored_as_failure,0.0,13000,204.76538461538462,0.49450602409638555,0.0,0.0
FD002,2,10,0.1,random,0.5,complete_case,1143.9999999999993,13000,16.403241310793735,0.49450602409638555,0.0,0.08799999999999995
FD002,2,10,0.1,random,0.75,censored_as_failure,0.0,13000,204.76538461538462,0.7485301204819277,0.0,0.0
FD002,2,10,0.1,random,0.75,complete_case,1096.9999999999995,13000,17.129266140125573,0.7485301204819277,0.0,0.08438461538461535
FD002,2,10,0.2,administrative,0.25,censored_as_failure,20.999999999999968,13000,35.91310105580694,0.253012048192771,0.0,0.001615384615384613
FD002,2,10,0.2,administrative,0.25,complete_case,2812.9999999999995,13000,14.952231822372221,0.253012048192771,0.0,0.21638461538461534
FD002,2,10,0.2,administrative,0.5,censored_as_failure,0.0,13000,198.3346923076923,0.4939759036144578,0.0,0.0
FD002,2,10,0.2,administrative,0.5,complete_case,2713.9999999999995,13000,14.987524499735418,0.4939759036144578,0.0,0.20876923076923073
FD002,2,10,0.2,administrative,0.75,censored_as_failure,0.0,13000,205.44938461538462,0.7469879518072289,0.684,0.0
FD002,2,10,0.2,administrative,0.75,complete_case,2304.9999999999995,13000,15.300487845495578,0.7469879518072289,0.0,0.17730769230769228
FD002,2,10,0.2,none,0.0,oracle,58.999999999999986,260,14.875676399162767,0.0,0.0,0.22692307692307687
FD002,2,10,0.2,policy,,censored_as_failure,2949.9999999999995,13000,14.875676399162769,0.5012048192771084,0.0,0.2269230769230769
FD002,2,10,0.2,policy,,complete_case,1196.9999999999993,13000,16.136899169144915,0.5012048192771084,0.0,0.09207692307692303
FD002,2,10,0.2,random,0.25,censored_as_failure,71.99999999999993,13000,47.15729126782685,0.24987951807228914,0.0,0.005538461538461533
FD002,2,10,0.2,random,0.25,complete_case,2965.9999999999995,13000,14.842274855995523,0.24987951807228914,0.0,0.22815384615384612
FD002,2,10,0.2,random,0.5,censored_as_failure,0.0,13000,173.921,0.49450602409638555,0.0,0.0
FD002,2,10,0.2,random,0.5,complete_case,2769.9999999999995,13000,14.913758102952366,0.49450602409638555,0.0,0.21307692307692305
FD002,2,10,0.2,random,0.75,censored_as_failure,0.0,13000,203.90061538461538,0.7485301204819277,0.0,0.0
FD002,2,10,0.2,random,0.75,complete_case,2604.9999999999995,13000,15.120904734818884,0.7485301204819277,0.0,0.20038461538461536
FD002,2,15,0.05,administrative,0.25,censored_as_failure,0.0,13000,167.94346153846152,0.253012048192771,0.0,0.0
FD002,2,15,0.05,administrative,0.25,complete_case,492.99999999999943,13000,24.79302810814214,0.253012048192771,0.0,0.03792307692307688
FD002,2,15,0.05,administrative,0.5,censored_as_failure,0.0,13000,204.91738461538463,0.4939759036144578,0.152,0.0
FD002,2,15,0.05,administrative,0.5,complete_case,464.9999999999995,13000,24.90731834224244,0.4939759036144578,0.0,0.03576923076923073
FD002,2,15,0.05,administrative,0.75,censored_as_failure,0.0,13000,205.76538461538462,0.7469879518072289,1.0,0.0
FD002,2,15,0.05,administrative,0.75,complete_case,481.99999999999955,13000,25.34927627366339,0.7469879518072289,0.0,0.03707692307692304
FD002,2,15,0.05,none,0.0,oracle,7.999999999999988,260,24.914328808446456,0.0,0.0,0.030769230769230722
FD002,2,15,0.05,policy,,censored_as_failure,399.9999999999994,13000,24.914328808446456,0.49706024096385537,0.0,0.030769230769230722
FD002,2,15,0.05,policy,,complete_case,233.99999999999963,13000,26.249486616800567,0.49706024096385537,0.0,0.01799999999999997
FD002,2,15,0.05,random,0.25,censored_as_failure,0.0,13000,204.30061538461538,0.25310843373493974,0.0,0.0
FD002,2,15,0.05,random,0.25,complete_case,437.9999999999995,13000,24.769155787924504,0.25310843373493974,0.0,0.03369230769230765
FD002,2,15,0.05,random,0.5,censored_as_failure,0.0,13000,204.76538461538462,0.5002891566265061,0.0,0.0
FD002,2,15,0.05,random,0.5,complete_case,414.99999999999955,13000,25.048364092887134,0.5002891566265061,0.0,0.03192307692307689
FD002,2,15,0.05,random,0.75,censored_as_failure,0.0,13000,204.76538461538462,0.7556626506024096,0.0,0.0
FD002,2,15,0.05,random,0.75,complete_case,351.99999999999966,13000,78.54961120676813,0.7556626506024096,0.296,0.02707692307692305
FD002,2,15,0.1,administrative,0.25,censored_as_failure,0.0,13000,97.33153846153847,0.253012048192771,0.0,0.0
FD002,2,15,0.1,administrative,0.25,complete_case,1029.9999999999995,13000,22.4919559838419,0.253012048192771,0.0,0.0792307692307692
FD002,2,15,0.1,administrative,0.5,censored_as_failure,0.0,13000,204.80138461538462,0.4939759036144578,0.036,0.0
FD002,2,15,0.1,administrative,0.5,complete_case,984.9999999999995,13000,22.811288382993148,0.4939759036144578,0.0,0.07576923076923073
FD002,2,15,0.1,administrative,0.75,censored_as_failure,0.0,13000,205.75738461538464,0.7469879518072289,0.992,0.0
FD002,2,15,0.1,administrative,0.75,complete_case,944.9999999999994,13000,23.25402566665579,0.7469879518072289,0.0,0.07269230769230765
FD002,2,15,0.1,none,0.0,oracle,20.999999999999986,260,22.178257311606064,0.0,0.0,0.08076923076923072
FD002,2,15,0.1,policy,,censored_as_failure,1049.9999999999993,13000,22.178257311606064,0.49706024096385537,0.0,0.08076923076923072
FD002,2,15,0.1,policy,,complete_case,433.99999999999943,13000,24.638098562311995,0.49706024096385537,0.0,0.03338461538461534
FD002,2,15,0.1,random,0.25,censored_as_failure,0.0,13000,178.12215384615385,0.25310843373493974,0.0,0.0
FD002,2,15,0.1,random,0.25,complete_case,1036.9999999999993,13000,22.413000694574304,0.25310843373493974,0.0,0.07976923076923072
FD002,2,15,0.1,random,0.5,censored_as_failure,0.0,13000,204.76538461538462,0.5002891566265061,0.0,0.0
FD002,2,15,0.1,random,0.5,complete_case,991.9999999999994,13000,22.657462708018382,0.5002891566265061,0.0,0.07630769230769227
FD002,2,15,0.1,random,0.75,censored_as_failure,0.0,13000,204.76538461538462,0.7556626506024096,0.0,0.0
FD002,2,15,0.1,random,0.75,complete_case,963.9999999999994,13000,24.24932531441651,0.7556626506024096,0.004,0.07415384615384611
FD002,2,15,0.2,administrative,0.25,censored_as_failure,33.99999999999995,13000,39.0662995093422,0.253012048192771,0.0,0.0026153846153846114
FD002,2,15,0.2,administrative,0.25,complete_case,2449.9999999999995,13000,20.952840822214252,0.253012048192771,0.0,0.18846153846153843
FD002,2,15,0.2,administrative,0.5,censored_as_failure,0.0,13000,203.382,0.4939759036144578,0.0,0.0
FD002,2,15,0.2,administrative,0.5,complete_case,2296.9999999999995,13000,21.096885693534507,0.4939759036144578,0.0,0.17669230769230765
FD002,2,15,0.2,administrative,0.75,censored_as_failure,0.0,13000,205.52538461538464,0.7469879518072289,0.76,0.0
FD002,2,15,0.2,administrative,0.75,complete_case,2115.9999999999995,13000,21.309696341310207,0.7469879518072289,0.0,0.16276923076923072
FD002,2,15,0.2,none,0.0,oracle,53.99999999999999,260,20.61322717362512,0.0,0.0,0.20769230769230768
FD002,2,15,0.2,policy,,censored_as_failure,2699.9999999999995,13000,20.61322717362512,0.49706024096385537,0.0,0.20769230769230765
FD002,2,15,0.2,policy,,complete_case,1082.9999999999993,13000,22.295253777823223,0.49706024096385537,0.0,0.08330769230769225
FD002,2,15,0.2,random,0.25,censored_as_failure,68.99999999999991,13000,58.300578702042266,0.25310843373493974,0.0,0.0053076923076923015
FD002,2,15,0.2,random,0.25,complete_case,2648.9999999999995,13000,20.777139403026307,0.25310843373493974,0.0,0.20376923076923073
FD002,2,15,0.2,random,0.5,censored_as_failure,0.0,13000,185.86669230769232,0.5002891566265061,0.0,0.0
FD002,2,15,0.2,random,0.5,complete_case,2545.9999999999995,13000,20.879584620230595,0.5002891566265061,0.0,0.1958461538461538
FD002,2,15,0.2,random,0.75,censored_as_failure,0.0,13000,204.76538461538462,0.7556626506024096,0.0,0.0
FD002,2,15,0.2,random,0.75,complete_case,2396.9999999999995,13000,21.11938962483818,0.7556626506024096,0.0,0.18438461538461534
FD003,0,0,0.05,administrative,0.25,censored_as_failure,0.0,5000,219.67520000000002,0.25,0.0,0.0
FD003,0,0,0.05,administrative,0.25,complete_case,236.0,5000,11.664656828345374,0.25,0.0,0.0472
FD003,0,0,0.05,administrative,0.5,censored_as_failure,0.0,5000,245.1238,0.5,0.332,0.0
FD003,0,0,0.05,administrative,0.5,complete_case,0.0,5000,246.2,0.5,1.0,0.0
FD003,0,0,0.05,administrative,0.75,censored_as_failure,0.0,5000,246.188,0.75,0.988,0.0
FD003,0,0,0.05,administrative,0.75,complete_case,0.0,5000,246.2,0.75,1.0,0.0
FD003,0,0,0.05,none,0.0,oracle,3.0,100,13.480588235294118,0.0,0.0,0.03
FD003,0,0,0.05,policy,,censored_as_failure,150.0,5000,13.48058823529412,0.472625,0.0,0.03
FD003,0,0,0.05,policy,,complete_case,48.0,5000,173.78338823529413,0.472625,0.688,0.0096
FD003,0,0,0.05,random,0.25,censored_as_failure,0.0,5000,236.6044,0.250375,0.0,0.0
FD003,0,0,0.05,random,0.25,complete_case,204.0,5000,16.00449051662132,0.250375,0.016,0.0408
FD003,0,0,0.05,random,0.5,censored_as_failure,0.0,5000,245.2,0.489125,0.0,0.0
FD003,0,0,0.05,random,0.5,complete_case,74.0,5000,195.38321033350894,0.489125,0.784,0.0148
FD003,0,0,0.05,random,0.75,censored_as_failure,0.0,5000,245.2,0.737625,0.0,0.0
FD003,0,0,0.05,random,0.75,complete_case,0.0,5000,246.2,0.737625,1.0,0.0
FD003,0,0,0.1,administrative,0.25,censored_as_failure,0.0,5000,115.83619999999999,0.25,0.0,0.0
FD003,0,0,0.1,administrative,0.25,complete_case,469.0,5000,7.699893168029082,0.25,0.0,0.0938
FD003,0,0,0.1,administrative,0.5,censored_as_failure,0.0,5000,241.2872,0.5,0.144,0.0
FD003,0,0,0.1,administrative,0.5,complete_case,379.0,5000,9.74569206026172,0.5,0.0,0.0758
FD003,0,0,0.1,administrative,0.75,censored_as_failure,0.0,5000,246.128,0.75,0.928,0.0
FD003,0,0,0.1,administrative,0.75,complete_case,0.0,5000,246.2,0.75,1.0,0.0
FD003,0,0,0.1,none,0.0,oracle,8.0,100,7.834575163398694,0.0,0.0,0.08
FD003,0,0,0.1,policy,,censored_as_failure,400.0,5000,7.834575163398693,0.472625,0.0,0.08
FD003,0,0,0.1,policy,,complete_case,193.0,5000,15.775608049535604,0.472625,0.016,0.0386
FD003,0,0,0.1,random,0.25,censored_as_failure,1.0,5000,174.49155789473684,0.250375,0.0,0.0002
FD003,0,0,0.1,random,0.25,complete_case,430.0,5000,7.923144304096317,0.250375,0.0,0.086
FD003,0,0,0.1,random,0.5,censored_as_failure,0.0,5000,233.2824,0.489125,0.0,0.0
FD003,0,0,0.1,random,0.5,complete_case,402.0,5000,9.61322450525051,0.489125,0.0,0.0804
FD003,0,0,0.1,random,0.75,censored_as_failure,0.0,5000,243.592,0.737625,0.0,0.0
FD003,0,0,0.1,random,0.75,complete_case,269.0,5000,132.4882748993181,0.737625,0.524,0.0538
FD003,0,0,0.2,administrative,0.25,censored_as_failure,9.0,5000,41.35494736842105,0.25,0.0,0.0018
FD003,0,0,0.2,administrative,0.25,complete_case,1072.0,5000,4.888305736575086,0.25,0.0,0.2144
FD003,0,0,0.2,administrative,0.5,censored_as_failure,0.0,5000,210.3288,0.5,0.024,0.0
FD003,0,0,0.2,administrative,0.5,complete_case,1004.0,5000,5.302824126887904,0.5,0.0,0.2008
FD003,0,0,0.2,administrative,0.75,censored_as_failure,0.0,5000,245.932,0.75,0.732,0.0
FD003,0,0,0.2,administrative,0.75,complete_case,634.0,5000,7.467334266370025,0.75,0.0,0.1268
FD003,0,0,0.2,none,0.0,oracle,21.0,100,5.179469618788504,0.0,0.0,0.21
FD003,0,0,0.2,policy,,censored_as_failure,1050.0,5000,5.179469618788504,0.472625,0.0,0.21
FD003,0,0,0.2,policy,,complete_case,485.0,5000,7.6578374035493235,0.472625,0.0,0.097
FD003,0,0,0.2,random,0.25,censored_as_failure,55.0,5000,56.037301754385965,0.250375,0.0,0.011
FD003,0,0,0.2,random,0.25,complete_case,1027.0,5000,5.329302078605949,0.250375,0.0,0.2054
FD003,0,0,0.2,random,0.5,censored_as_failure,0.0,5000,159.2148,0.489125,0.0,0.0
FD003,0,0,0.2,random,0.5,complete_case,910.0,5000,5.795654102948994,0.489125,0.0,0.182
FD003,0,0,0.2,random,0.75,censored_as_failure,0.0,5000,220.2028,0.737625,0.0,0.0
FD003,0,0,0.2,random,0.75,complete_case,836.0,5000,11.484495906553027,0.737625,0.02,0.1672
FD003,0,5,0.05,administrative,0.25,censored_as_failure,0.0,5000,230.25279999999998,0.25,0.0,0.0
FD003,0,5,0.05,administrative,0.25,complete_case,320.0,5000,17.6552937515357,0.25,0.0,0.064
FD003,0,5,0.05,administrative,0.5,censored_as_failure,0.0,5000,244.9566,0.5,0.272,0.0
FD003,0,5,0.05,administrative,0.5,complete_case,0.0,5000,246.2,0.5,1.0,0.0
FD003,0,5,0.05,administrative,0.75,censored_as_failure,0.0,5000,246.2,0.75,1.0,0.0
FD003,0,5,0.05,administrative,0.75,complete_case,0.0,5000,246.2,0.75,1.0,0.0
FD003,0,5,0.05,none,0.0,oracle,5.0,100,20.239477124183008,0.0,0.0,0.05
FD003,0,5,0.05,policy,,censored_as_failure,250.0,5000,20.239477124183004,0.48575,0.0,0.05
FD003,0,5,0.05,policy,,complete_case,50.0,5000,182.01827581699348,0.48575,0.712,0.01
FD003,0,5,0.05,random,0.25,censored_as_failure,0.0,5000,235.6474,0.250375,0.0,0.0
FD003,0,5,0.05,random,0.25,complete_case,287.0,5000,21.29594807361541,0.250375,0.012,0.0574
FD003,0,5,0.05,random,0.5,censored_as_failure,0.0,5000,245.2,0.501,0.0,0.0
FD003,0,5,0.05,random,0.5,complete_case,70.0,5000,207.268431372549,0.501,0.832,0.014
FD003,0,5,0.05,random,0.75,censored_as_failure,0.0,5000,245.2,0.757625,0.0,0.0
FD003,0,5,0.05,random,0.75,complete_case,0.0,5000,246.2,0.757625,1.0,0.0
FD003,0,5,0.1,administrative,0.25,censored_as_failure,0.0,5000,131.19320000000002,0.25,0.0,0.0
FD003,0,5,0.1,administrative,0.25,complete_case,569.0,5000,12.436964801710158,0.25,0.0,0.1138
FD003,0,5,0.1,administrative,0.5,censored_as_failure,0.0,5000,241.6054,0.5,0.096,0.0
FD003,0,5,0.1,administrative,0.5,complete_case,435.0,5000,15.92946161708948,0.5,0.0,0.087
FD003,0,5,0.1,administrative,0.75,censored_as_failure,0.0,5000,246.152,0.75,0.952,0.0
FD003,0,5,0.1,administrative,0.75,complete_case,0.0,5000,246.2,0.75,1.0,0.0
FD003,0,5,0.1,none,0.0,oracle,10.0,100,12.74844943240454,0.0,0.0,0.1
FD003,0,5,0.1,policy,,censored_as_failure,500.0,5000,12.748449432404541,0.48575,0.0,0.1
FD003,0,5,0.1,policy,,complete_case,294.0,5000,20.873526470588235,0.48575,0.012,0.0588
FD003,0,5,0.1,random,0.25,censored_as_failure,5.0,5000,177.76358954248366,0.250375,0.0,0.001
FD003,0,5,0.1,random,0.25,complete_case,474.0,5000,13.215336137477932,0.250375,0.0,0.0948
FD003,0,5,0.1,random,0.5,censored_as_failure,0.0,5000,233.9296,0.501,0.0,0.0
FD003,0,5,0.1,random,0.5,complete_case,412.0,5000,16.933756323312053,0.501,0.004,0.0824
FD003,0,5,0.1,random,0.75,censored_as_failure,0.0,5000,245.2,0.757625,0.0,0.0
FD003,0,5,0.1,random,0.75,complete_case,153.0,5000,169.53491018666577,0.757625,0.668,0.0306
FD003,0,5,0.2,administrative,0.25,censored_as_failure,14.0,5000,46.81771228070175,0.25,0.0,0.0028
FD003,0,5,0.2,administrative,0.25,complete_case,1207.0,5000,10.19744903926483,0.25,0.0,0.2414
FD003,0,5,0.2,administrative,0.5,censored_as_failure,0.0,5000,212.5178,0.5,0.012,0.0
FD003,0,5,0.2,administrative,0.5,complete_case,1019.0,5000,10.44849534923281,0.5,0.0,0.2038
FD003,0,5,0.2,administrative,0.75,censored_as_failure,0.0,5000,245.972,0.75,0.772,0.0
FD003,0,5,0.2,administrative,0.75,complete_case,736.0,5000,12.635188983960656,0.75,0.0,0.1472
FD003,0,5,0.2,none,0.0,oracle,23.0,100,10.369363794100636,0.0,0.0,0.23
FD003,0,5,0.2,policy,,censored_as_failure,1150.0,5000,10.369363794100636,0.48575,0.0,0.23
FD003,0,5,0.2,policy,,complete_case,577.0,5000,12.699988940488476,0.48575,0.0,0.1154
FD003,0,5,0.2,random,0.25,censored_as_failure,80.0,5000,69.55022133765787,0.250375,0.0,0.016
FD003,0,5,0.2,random,0.25,complete_case,1129.0,5000,10.446127378589763,0.250375,0.0,0.2258
FD003,0,5,0.2,random,0.5,censored_as_failure,0.0,5000,169.9338,0.501,0.0,0.0
FD003,0,5,0.2,random,0.5,complete_case,1049.0,5000,10.821225053962205,0.501,0.0,0.2098
FD003,0,5,0.2,random,0.75,censored_as_failure,0.0,5000,228.8578,0.757625,0.0,0.0
FD003,0,5,0.2,random,0.75,complete_case,823.0,5000,18.538076428404757,0.757625,0.024,0.1646
FD003,0,10,0.05,administrative,0.25,censored_as_failure,0.0,5000,228.23020000000002,0.25,0.0,0.0
FD003,0,10,0.05,administrative,0.25,complete_case,288.0,5000,21.70529927760578,0.25,0.0,0.0576
FD003,0,10,0.05,administrative,0.5,censored_as_failure,0.0,5000,245.624,0.5,0.424,0.0
FD003,0,10,0.05,administrative,0.5,complete_case,0.0,5000,246.2,0.5,1.0,0.0
FD003,0,10,0.05,administrative,0.75,censored_as_failure,0.0,5000,246.192,0.75,0.992,0.0
FD003,0,10,0.05,administrative,0.75,complete_case,0.0,5000,246.2,0.75,1.0,0.0
FD003,0,10,0.05,none,0.0,oracle,5.0,100,23.009084967320263,0.0,0.0,0.05
FD003,0,10,0.05,policy,,censored_as_failure,250.0,5000,23.009084967320263,0.49,0.0,0.05
FD003,0,10,0.05,policy,,complete_case,61.0,5000,187.5859320261438,0.49,0.74,0.0122
FD003,0,10,0.05,random,0.25,censored_as_failure,0.0,5000,239.36679999999998,0.250875,0.0,0.0
FD003,0,10,0.05,random,0.25,complete_case,295.0,5000,25.053757481940146,0.250875,0.012,0.059
FD003,0,10,0.05,random,0.5,censored_as_failure,0.0,5000,244.67,0.507625,0.0,0.0
FD003,0,10,0.05,random,0.5,complete_case,66.0,5000,205.58185228758168,0.507625,0.82,0.0132
FD003,0,10,0.05,random,0.75,censored_as_failure,0.0,5000,245.2,0.7585,0.0,0.0
FD003,0,10,0.05,random,0.75,complete_case,0.0,5000,246.2,0.7585,1.0,0.0
FD003,0,10,0.1,administrative,0.25,censored_as_failure,0.0,5000,139.816,0.25,0.0,0.0
FD003,0,10,0.1,administrative,0.25,complete_case,490.0,5000,18.090979871246745,0.25,0.0,0.098
FD003,0,10,0.1,administrative,0.5,censored_as_failure,0.0,5000,244.46079999999998,0.5,0.184,0.0
FD003,0,10,0.1,administrative,0.5,complete_case,385.0,5000,20.285033947614135,0.5,0.0,0.077
FD003,0,10,0.1,administrative,0.75,censored_as_failure,0.0,5000,246.172,0.75,0.972,0.0
FD003,0,10,0.1,administrative,0.75,complete_case,0.0,5000,246.2,0.75,1.0,0.0
FD003,0,10,0.1,none,0.0,oracle,14.0,100,17.251145510835915,0.0,0.0,0.14
FD003,0,10,0.1,policy,,censored_as_failure,700.0,5000,17.251145510835915,0.49,0.0,0.14
FD003,0,10,0.1,policy,,complete_case,277.0,5000,29.173852631578946,0.49,0.032,0.0554
FD003,0,10,0.1,random,0.25,censored_as_failure,6.0,5000,179.4513294117647,0.250875,0.0,0.0012
FD003,0,10,0.1,random,0.25,complete_case,505.0,5000,18.34777508477075,0.250875,0.0,0.101
FD003,0,10,0.1,random,0.5,censored_as_failure,0.0,5000,238.1428,0.507625,0.0,0.0
FD003,0,10,0.1,random,0.5,complete_case,463.0,5000,20.56117963536292,0.507625,0.004,0.0926
FD003,0,10,0.1,random,0.75,censored_as_failure,0.0,5000,245.2,0.7585,0.0,0.0
FD003,0,10,0.1,random,0.75,complete_case,160.0,5000,164.4922808913309,0.7585,0.64,0.032
FD003,0,10,0.2,administrative,0.25,censored_as_failure,10.0,5000,53.21736023391813,0.25,0.0,0.002
FD003,0,10,0.2,administrative,0.25,complete_case,1030.0,5000,15.585694974048998,0.25,0.0,0.206
FD003,0,10,0.2,administrative,0.5,censored_as_failure,0.0,5000,219.807,0.5,0.016,0.0
FD003,0,10,0.2,administrative,0.5,complete_case,942.0,5000,15.98905366319267,0.5,0.0,0.1884
FD003,0,10,0.2,administrative,0.75,censored_as_failure,0.0,5000,246.032,0.75,0.832,0.0
FD003,0,10,0.2,administrative,0.75,complete_case,642.0,5000,18.371491672053438,0.75,0.0,0.1284
FD003,0,10,0.2,none,0.0,oracle,18.0,100,15.946265664160402,0.0,0.0,0.18
FD003,0,10,0.2,policy,,censored_as_failure,900.0,5000,15.9462656641604,0.49,0.0,0.18
FD003,0,10,0.2,policy,,complete_case,615.0,5000,18.083861123396726,0.49,0.0,0.123
FD003,0,10,0.2,random,0.25,censored_as_failure,100.0,5000,76.28245737874097,0.250875,0.0,0.02
FD003,0,10,0.2,random,0.25,complete_case,879.0,5000,15.798855750424327,0.250875,0.0,0.1758
FD003,0,10,0.2,random,0.5,censored_as_failure,0.0,5000,185.7754,0.507625,0.0,0.0
FD003,0,10,0.2,random,0.5,complete_case,957.0,5000,15.887728630588537,0.507625,0.0,0.1914
FD003,0,10,0.2,random,0.75,censored_as_failure,0.0,5000,235.4964,0.7585,0.0,0.0
FD003,0,10,0.2,random,0.75,complete_case,848.0,5000,21.40090899798516,0.7585,0.02,0.1696
FD003,0,15,0.05,administrative,0.25,censored_as_failure,0.0,5000,233.2738,0.25,0.0,0.0
FD003,0,15,0.05,administrative,0.25,complete_case,266.0,5000,25.103827038183695,0.25,0.0,0.0532
FD003,0,15,0.05,administrative,0.5,censored_as_failure,0.0,5000,245.652,0.5,0.452,0.0
FD003,0,15,0.05,administrative,0.5,complete_case,0.0,5000,246.2,0.5,1.0,0.0
FD003,0,15,0.05,administrative,0.75,censored_as_failure,0.0,5000,246.2,0.75,1.0,0.0
FD003,0,15,0.05,administrative,0.75,complete_case,0.0,5000,246.2,0.75,1.0,0.0
FD003,0,15,0.05,none,0.0,oracle,5.0,100,25.915730994152046,0.0,0.0,0.05
FD003,0,15,0.05,policy,,censored_as_failure,250.0,5000,25.915730994152046,0.5125,0.0,0.05
FD003,0,15,0.05,policy,,complete_case,79.0,5000,182.2591543859649,0.5125,0.704,0.0158
FD003,0,15,0.05,random,0.25,censored_as_failure,0.0,5000,241.44379999999998,0.247875,0.0,0.0
FD003,0,15,0.05,random,0.25,complete_case,276.0,5000,28.674939662882696,0.247875,0.016,0.0552
FD003,0,15,0.05,random,0.5,censored_as_failure,0.0,5000,244.685,0.504125,0.0,0.0
FD003,0,15,0.05,random,0.5,complete_case,55.0,5000,208.4249922381712,0.504125,0.828,0.011
FD003,0,15,0.05,random,0.75,censored_as_failure,0.0,5000,245.2,0.752375,0.0,0.0
FD003,0,15,0.05,random,0.75,complete_case,0.0,5000,246.2,0.752375,1.0,0.0
FD003,0,15,0.1,administrative,0.25,censored_as_failure,0.0,5000,145.6958,0.25,0.0,0.0
FD003,0,15,0.1,administrative,0.25,complete_case,359.0,5000,22.556096331738438,0.25,0.0,0.0718
FD003,0,15,0.1,administrative,0.5,censored_as_failure,0.0,5000,245.388,0.5,0.188,0.0
FD003,0,15,0.1,administrative,0.5,complete_case,305.0,5000,24.180237289301683,0.5,0.0,0.061
FD003,0,15,0.1,administrative,0.75,censored_as_failure,0.0,5000,246.188,0.75,0.988,0.0
FD003,0,15,0.1,administrative,0.75,complete_case,0.0,5000,246.2,0.75,1.0,0.0
FD003,0,15,0.1,none,0.0,oracle,9.0,100,22.211351909184728,0.0,0.0,0.09
FD003,0,15,0.1,policy,,censored_as_failure,450.0,5000,22.211351909184728,0.5125,0.0,0.09
FD003,0,15,0.1,policy,,complete_case,234.0,5000,42.91324678362574,0.5125,0.076,0.0468
FD003,0,15,0.1,random,0.25,censored_as_failure,2.0,5000,188.16366666666664,0.247875,0.0,0.0004
FD003,0,15,0.1,random,0.25,complete_case,426.0,5000,22.35915749288551,0.247875,0.0,0.0852
FD003,0,15,0.1,random,0.5,censored_as_failure,0.0,5000,238.229,0.504125,0.0,0.0
FD003,0,15,0.1,random,0.5,complete_case,399.0,5000,24.515524111079838,0.504125,0.004,0.0798
FD003,0,15,0.1,random,0.75,censored_as_failure,0.0,5000,245.2,0.752375,0.0,0.0
FD003,0,15,0.1,random,0.75,complete_case,200.0,5000,156.53177724145482,0.752375,0.596,0.04
FD003,0,15,0.2,administrative,0.25,censored_as_failure,14.0,5000,57.66976959064328,0.25,0.0,0.0028
FD003,0,15,0.2,administrative,0.25,complete_case,1076.0,5000,20.911638401038246,0.25,0.0,0.2152
FD003,0,15,0.2,administrative,0.5,censored_as_failure,0.0,5000,224.92079999999999,0.5,0.052,0.0
FD003,0,15,0.2,administrative,0.5,complete_case,904.0,5000,21.14587601425063,0.5,0.0,0.1808
FD003,0,15,0.2,administrative,0.75,censored_as_failure,0.0,5000,246.016,0.75,0.816,0.0
FD003,0,15,0.2,administrative,0.75,complete_case,443.0,5000,23.111271906490483,0.75,0.0,0.0886
FD003,0,15,0.2,none,0.0,oracle,21.0,100,20.82902711323764,0.0,0.0,0.21
FD003,0,15,0.2,policy,,censored_as_failure,1050.0,5000,20.831208931419457,0.5125,0.0,0.21
FD003,0,15,0.2,policy,,complete_case,400.0,5000,22.33238058135535,0.5125,0.0,0.08
FD003,0,15,0.2,random,0.25,censored_as_failure,60.0,5000,81.80810877192982,0.247875,0.0,0.012
FD003,0,15,0.2,random,0.25,complete_case,1041.0,5000,20.772158775177353,0.247875,0.0,0.2082
FD003,0,15,0.2,random,0.5,censored_as_failure,0.0,5000,195.5884,0.504125,0.0,0.0
FD003,0,15,0.2,random,0.5,complete_case,990.0,5000,20.978906326903232,0.504125,0.0,0.198
FD003,0,15,0.2,random,0.75,censored_as_failure,0.0,5000,237.0238,0.752375,0.0,0.0
FD003,0,15,0.2,random,0.75,complete_case,764.0,5000,28.90018349842452,0.752375,0.032,0.1528
FD003,1,0,0.05,administrative,0.25,censored_as_failure,0.0,5000,234.3266,0.25,0.0,0.0
FD003,1,0,0.05,administrative,0.25,complete_case,192.0,5000,13.437051461988304,0.25,0.0,0.0384
FD003,1,0,0.05,administrative,0.5,censored_as_failure,0.0,5000,245.556,0.5,0.356,0.0
FD003,1,0,0.05,administrative,0.5,complete_case,0.0,5000,246.2,0.5,1.0,0.0
FD003,1,0,0.05,administrative,0.75,censored_as_failure,0.0,5000,246.188,0.75,0.988,0.0
FD003,1,0,0.05,administrative,0.75,complete_case,0.0,5000,246.2,0.75,1.0,0.0
FD003,1,0,0.05,none,0.0,oracle,1.0,100,15.681052631578947,0.0,0.0,0.01
FD003,1,0,0.05,policy,,censored_as_failure,50.0,5000,15.681052631578947,0.473125,0.0,0.01
FD003,1,0,0.05,policy,,complete_case,13.0,5000,179.80687368421053,0.473125,0.712,0.0026
FD003,1,0,0.05,random,0.25,censored_as_failure,0.0,5000,242.4686,0.247875,0.0,0.0
FD003,1,0,0.05,random,0.25,complete_case,113.0,5000,18.164433333333335,0.247875,0.016,0.0226
FD003,1,0,0.05,random,0.5,censored_as_failure,0.0,5000,244.813,0.496125,0.0,0.0
FD003,1,0,0.05,random,0.5,complete_case,41.0,5000,197.64017076023393,0.496125,0.788,0.0082
FD003,1,0,0.05,random,0.75,censored_as_failure,0.0,5000,245.2,0.744125,0.0,0.0
FD003,1,0,0.05,random,0.75,complete_case,0.0,5000,246.2,0.744125,1.0,0.0
FD003,1,0,0.1,administrative,0.25,censored_as_failure,0.0,5000,144.4052,0.25,0.0,0.0
FD003,1,0,0.1,administrative,0.25,complete_case,378.0,5000,8.06723709273183,0.25,0.0,0.0756
FD003,1,0,0.1,administrative,0.5,censored_as_failure,0.0,5000,243.25560000000002,0.5,0.116,0.0
FD003,1,0,0.1,administrative,0.5,complete_case,297.0,5000,10.987047911445279,0.5,0.0,0.0594
FD003,1,0,0.1,administrative,0.75,censored_as_failure,0.0,5000,246.144,0.75,0.944,0.0
FD003,1,0,0.1,administrative,0.75,complete_case,0.0,5000,246.2,0.75,1.0,0.0
FD003,1,0,0.1,none,0.0,oracle,8.0,100,7.732222222222222,0.0,0.0,0.08
FD003,1,0,0.1,policy,,censored_as_failure,400.0,5000,7.732222222222223,0.473125,0.0,0.08
FD003,1,0,0.1,policy,,complete_case,130.0,5000,16.304978947368422,0.473125,0.012,0.026
FD003,1,0,0.1,random,0.25,censored_as_failure,2.0,5000,187.29615789473687,0.247875,0.0,0.0004
FD003,1,0,0.1,random,0.25,complete_case,393.0,5000,8.160834085213033,0.247875,0.0,0.0786
FD003,1,0,0.1,random,0.5,censored_as_failure,0.0,5000,240.1456,0.496125,0.0,0.0
FD003,1,0,0.1,random,0.5,complete_case,305.0,5000,12.805111152882207,0.496125,0.008,0.061
FD003,1,0,0.1,random,0.75,censored_as_failure,0.0,5000,245.2,0.744125,0.0,0.0
FD003,1,0,0.1,random,0.75,complete_case,146.0,5000,141.63261528062583,0.744125,0.556,0.0292
FD003,1,0,0.2,administrative,0.25,censored_as_failure,15.0,5000,42.38965029239766,0.25,0.0,0.003
FD003,1,0,0.2,administrative,0.25,complete_case,881.0,5000,5.722843065998329,0.25,0.0,0.1762
FD003,1,0,0.2,administrative,0.5,censored_as_failure,0.0,5000,224.7498,0.5,0.012,0.0
FD003,1,0,0.2,administrative,0.5,complete_case,811.0,5000,6.0558519252677145,0.5,0.0,0.1622
FD003,1,0,0.2,administrative,0.75,censored_as_failure,0.0,5000,245.92,0.75,0.72,0.0
FD003,1,0,0.2,administrative,0.75,complete_case,552.0,5000,8.309087866725639,0.75,0.0,0.1104
FD003,1,0,0.2,none,0.0,oracle,16.0,100,6.0582142857142856,0.0,0.0,0.16
FD003,1,0,0.2,policy,,censored_as_failure,797.0,5000,6.059088235294118,0.473125,0.0,0.1594
FD003,1,0,0.2,policy,,complete_case,455.0,5000,8.864156599832915,0.473125,0.004,0.091
FD003,1,0,0.2,random,0.25,censored_as_failure,54.0,5000,67.84565697577277,0.247875,0.0,0.0108
FD003,1,0,0.2,random,0.25,complete_case,832.0,5000,6.04730246449457,0.247875,0.0,0.1664
FD003,1,0,0.2,random,0.5,censored_as_failure,0.0,5000,190.2696,0.496125,0.0,0.0
FD003,1,0,0.2,random,0.5,complete_case,758.0,5000,6.409839211665528,0.496125,0.0,0.1516
FD003,1,0,0.2,random,0.75,censored_as_failure,0.0,5000,240.86120000000003,0.744125,0.0,0.0
FD003,1,0,0.2,random,0.75,complete_case,643.0,5000,15.24043473635068,0.744125,0.032,0.1286
FD003,1,5,0.05,administrative,0.25,censored_as_failure,0.0,5000,233.1022,0.25,0.0,0.0
FD003,1,5,0.05,administrative,0.25,complete_case,193.0,5000,16.90382222222222,0.25,0.0,0.0386
FD003,1,5,0.05,administrative,0.5,censored_as_failure,0.0,5000,245.628,0.5,0.428,0.0
FD003,1,5,0.05,administrative,0.5,complete_case,0.0,5000,246.2,0.5,1.0,0.0
FD003,1,5,0.05,administrative,0.75,censored_as_failure,0.0,5000,246.196,0.75,0.996,0.0
FD003,1,5,0.05,administrative,0.75,complete_case,0.0,5000,246.2,0.75,1.0,0.0
FD003,1,5,0.05,none,0.0,oracle,1.0,100,18.157894736842103,0.0,0.0,0.01
FD003,1,5,0.05,policy,,censored_as_failure,50.0,5000,18.157894736842106,0.47175,0.0,0.01
FD003,1,5,0.05,policy,,complete_case,15.0,5000,161.86136842105265,0.47175,0.632,0.003
FD003,1,5,0.05,random,0.25,censored_as_failure,0.0,5000,243.2416,0.251,0.0,0.0
FD003,1,5,0.05,random,0.25,complete_case,166.0,5000,19.65103625730994,0.251,0.012,0.0332
FD003,1,5,0.05,random,0.5,censored_as_failure,0.0,5000,245.2,0.5055,0.0,0.0
FD003,1,5,0.05,random,0.5,complete_case,32.0,5000,209.43362339181286,0.5055,0.84,0.0064
FD003,1,5,0.05,random,0.75,censored_as_failure,0.0,5000,245.2,0.7545,0.0,0.0
FD003,1,5,0.05,random,0.75,complete_case,0.0,5000,246.2,0.7545,1.0,0.0
FD003,1,5,0.1,administrative,0.25,censored_as_failure,0.0,5000,160.0758,0.25,0.0,0.0
FD003,1,5,0.1,administrative,0.25,complete_case,516.0,5000,13.303633212934296,0.25,0.0,0.1032
FD003,1,5,0.1,administrative,0.5,censored_as_failure,0.0,5000,244.38979999999998,0.5,0.188,0.0
FD003,1,5,0.1,administrative,0.5,complete_case,324.0,5000,15.546880834439039,0.5,0.0,0.0648
FD003,1,5,0.1,administrative,0.75,censored_as_failure,0.0,5000,246.168,0.75,0.968,0.0
FD003,1,5,0.1,administrative,0.75,complete_case,0.0,5000,246.2,0.75,1.0,0.0
FD003,1,5,0.1,none,0.0,oracle,10.0,100,12.740760233918127,0.0,0.0,0.1
FD003,1,5,0.1,policy,,censored_as_failure,500.0,5000,12.74076023391813,0.47175,0.0,0.1
FD003,1,5,0.1,policy,,complete_case,223.0,5000,18.628943859649123,0.47175,0.008,0.0446
FD003,1,5,0.1,random,0.25,censored_as_failure,1.0,5000,193.52033684210525,0.251,0.0,0.0002
FD003,1,5,0.1,random,0.25,complete_case,499.0,5000,13.390307907022457,0.251,0.0,0.0998
FD003,1,5,0.1,random,0.5,censored_as_failure,0.0,5000,244.4966,0.5055,0.0,0.0
FD003,1,5,0.1,random,0.5,complete_case,302.0,5000,16.412078729577956,0.5055,0.004,0.0604
FD003,1,5,0.1,random,0.75,censored_as_failure,0.0,5000,245.2,0.7545,0.0,0.0
FD003,1,5,0.1,random,0.75,complete_case,165.0,5000,156.42618014979516,0.7545,0.616,0.033
FD003,1,5,0.2,administrative,0.25,censored_as_failure,8.0,5000,49.405747368421046,0.25,0.0,0.0016
FD003,1,5,0.2,administrative,0.25,complete_case,1040.0,5000,10.307147733965381,0.25,0.0,0.208
FD003,1,5,0.2,administrative,0.5,censored_as_failure,0.0,5000,228.0014,0.5,0.016,0.0
FD003,1,5,0.2,administrative,0.5,complete_case,899.0,5000,10.759180176359589,0.5,0.0,0.1798
FD003,1,5,0.2,administrative,0.75,censored_as_failure,0.0,5000,245.96,0.75,0.76,0.0
FD003,1,5,0.2,administrative,0.75,complete_case,604.0,5000,13.2529089710599,0.75,0.0,0.1208
FD003,1,5,0.2,none,0.0,oracle,19.0,100,10.545198412698413,0.0,0.0,0.19
FD003,1,5,0.2,policy,,censored_as_failure,950.0,5000,10.545198412698413,0.47175,0.0,0.19
FD003,1,5,0.2,policy,,complete_case,521.0,5000,12.970012786869132,0.47175,0.0,0.1042
FD003,1,5,0.2,random,0.25,censored_as_failure,60.0,5000,75.10200718462823,0.251,0.0,0.012
FD003,1,5,0.2,random,0.25,complete_case,912.0,5000,10.797078993881934,0.251,0.0,0.1824
FD003,1,5,0.2,random,0.5,censored_as_failure,0.0,5000,207.15,0.5055,0.0,0.0
FD003,1,5,0.2,random,0.5,complete_case,802.0,5000,11.19703884895634,0.5055,0.0,0.1604
FD003,1,5,0.2,random,0.75,censored_as_failure,0.0,5000,240.61079999999998,0.7545,0.0,0.0
FD003,1,5,0.2,random,0.75,complete_case,719.0,5000,21.64506706437697,0.7545,0.04,0.1438
FD003,1,10,0.05,administrative,0.25,censored_as_failure,0.0,5000,241.5242,0.25,0.0,0.0
FD003,1,10,0.05,administrative,0.25,complete_case,84.0,5000,22.186984210526315,0.25,0.0,0.0168
FD003,1,10,0.05,administrative,0.5,censored_as_failure,0.0,5000,245.612,0.5,0.412,0.0
FD003,1,10,0.05,administrative,0.5,complete_case,0.0,5000,246.2,0.5,1.0,0.0
FD003,1,10,0.05,administrative,0.75,censored_as_failure,0.0,5000,246.192,0.75,0.992,0.0
FD003,1,10,0.05,administrative,0.75,complete_case,0.0,5000,246.2,0.75,1.0,0.0
FD003,1,10,0.05,none,0.0,oracle,1.0,100,22.97,0.0,0.0,0.01
FD003,1,10,0.05,policy,,censored_as_failure,50.0,5000,22.97,0.50075,0.0,0.01
FD003,1,10,0.05,policy,,complete_case,9.0,5000,189.7038,0.50075,0.752,0.0018
FD003,1,10,0.05,random,0.25,censored_as_failure,0.0,5000,239.7982,0.25225,0.0,0.0
FD003,1,10,0.05,random,0.25,complete_case,99.0,5000,21.885087719298244,0.25225,0.0,0.0198
FD003,1,10,0.05,random,0.5,censored_as_failure,0.0,5000,245.2,0.50775,0.0,0.0
FD003,1,10,0.05,random,0.5,complete_case,29.0,5000,206.5641859649123,0.50775,0.824,0.0058
FD003,1,10,0.05,random,0.75,censored_as_failure,0.0,5000,245.2,0.755375,0.0,0.0
FD003,1,10,0.05,random,0.75,complete_case,0.0,5000,246.2,0.755375,1.0,0.0
FD003,1,10,0.1,administrative,0.25,censored_as_failure,0.0,5000,166.6536,0.25,0.0,0.0
FD003,1,10,0.1,administrative,0.25,complete_case,253.0,5000,18.514570175438596,0.25,0.0,0.0506
FD003,1,10,0.1,administrative,0.5,censored_as_failure,0.0,5000,245.352,0.5,0.152,0.0
FD003,1,10,0.1,administrative,0.5,complete_case,155.0,5000,20.792642709715466,0.5,0.0,0.031
FD003,1,10,0.1,administrative,0.75,censored_as_failure,0.0,5000,246.156,0.75,0.956,0.0
FD003,1,10,0.1,administrative,0.75,complete_case,0.0,5000,246.2,0.75,1.0,0.0
FD003,1,10,0.1,none,0.0,oracle,6.0,100,17.671929824561403,0.0,0.0,0.06
FD003,1,10,0.1,policy,,censored_as_failure,300.0,5000,17.671929824561406,0.50075,0.0,0.06
FD003,1,10,0.1,policy,,complete_case,89.0,5000,32.319305263157894,0.50075,0.044,0.0178
FD003,1,10,0.1,random,0.25,censored_as_failure,1.0,5000,196.38042105263156,0.25225,0.0,0.0002
FD003,1,10,0.1,random,0.25,complete_case,295.0,5000,18.275855263157894,0.25225,0.0,0.059
FD003,1,10,0.1,random,0.5,censored_as_failure,0.0,5000,242.33020000000002,0.50775,0.0,0.0
FD003,1,10,0.1,random,0.5,complete_case,241.0,5000,19.807921531770603,0.50775,0.0,0.0482
FD003,1,10,0.1,random,0.75,censored_as_failure,0.0,5000,245.2,0.755375,0.0,0.0
FD003,1,10,0.1,random,0.75,complete_case,128.0,5000,166.42649657231314,0.755375,0.648,0.0256
FD003,1,10,0.2,administrative,0.25,censored_as_failure,5.0,5000,57.61361052631579,0.25,0.0,0.001
FD003,1,10,0.2,administrative,0.25,complete_case,826.0,5000,15.779880864491545,0.25,0.0,0.1652
FD003,1,10,0.2,administrative,0.5,censored_as_failure,0.0,5000,233.71079999999998,0.5,0.012,0.0
FD003,1,10,0.2,administrative,0.5,complete_case,664.0,5000,16.267131641320496,0.5,0.0,0.1328
FD003,1,10,0.2,administrative,0.75,censored_as_failure,0.0,5000,245.944,0.75,0.744,0.0
FD003,1,10,0.2,administrative,0.75,complete_case,364.0,5000,18.987981392962045,0.75,0.0,0.0728
FD003,1,10,0.2,none,0.0,oracle,16.0,100,15.83221288515406,0.0,0.0,0.16
FD003,1,10,0.2,policy,,censored_as_failure,800.0,5000,15.832212885154062,0.50075,0.0,0.16
FD003,1,10,0.2,policy,,complete_case,339.0,5000,17.935979824561404,0.50075,0.0,0.0678
FD003,1,10,0.2,random,0.25,censored_as_failure,25.0,5000,84.67447105263157,0.25225,0.0,0.005
FD003,1,10,0.2,random,0.25,complete_case,794.0,5000,15.836518217489425,0.25225,0.0,0.1588
FD003,1,10,0.2,random,0.5,censored_as_failure,0.0,5000,202.27360000000002,0.50775,0.0,0.0
FD003,1,10,0.2,random,0.5,complete_case,765.0,5000,16.03805904126833,0.50775,0.0,0.153
FD003,1,10,0.2,random,0.75,censored_as_failure,0.0,5000,240.8386,0.755375,0.0,0.0
FD003,1,10,0.2,random,0.75,complete_case,597.0,5000,27.033057555258637,0.755375,0.04,0.1194
FD003,1,15,0.05,administrative,0.25,censored_as_failure,0.0,5000,238.8988,0.25,0.0,0.0
FD003,1,15,0.05,administrative,0.25,complete_case,152.0,5000,27.168430959752325,0.25,0.0,0.0304
FD003,1,15,0.05,administrative,0.5,censored_as_failure,0.0,5000,245.644,0.5,0.444,0.0
FD003,1,15,0.05,administrative,0.5,complete_case,0.0,5000,246.2,0.5,1.0,0.0
FD003,1,15,0.05,administrative,0.75,censored_as_failure,0.0,5000,246.196,0.75,0.996,0.0
FD003,1,15,0.05,administrative,0.75,complete_case,0.0,5000,246.2,0.75,1.0,0.0
FD003,1,15,0.05,none,0.0,oracle,3.0,100,27.329590643274855,0.0,0.0,0.03
FD003,1,15,0.05,policy,,censored_as_failure,150.0,5000,27.329590643274855,0.48975,0.0,0.03
FD003,1,15,0.05,policy,,complete_case,29.0,5000,189.62452046783628,0.48975,0.74,0.0058
FD003,1,15,0.05,random,0.25,censored_as_failure,0.0,5000,241.8176,0.25775,0.0,0.0
FD003,1,15,0.05,random,0.25,complete_case,158.0,5000,32.78542082903337,0.25775,0.028,0.0316
FD003,1,15,0.05,random,0.5,censored_as_failure,0.0,5000,245.2,0.4985,0.0,0.0
FD003,1,15,0.05,random,0.5,complete_case,46.0,5000,203.08583942208463,0.4985,0.804,0.0092
FD003,1,15,0.05,random,0.75,censored_as_failure,0.0,5000,245.2,0.757375,0.0,0.0
FD003,1,15,0.05,random,0.75,complete_case,0.0,5000,246.2,0.757375,1.0,0.0
FD003,1,15,0.1,administrative,0.25,censored_as_failure,0.0,5000,166.98760000000001,0.25,0.0,0.0
FD003,1,15,0.1,administrative,0.25,complete_case,217.0,5000,24.837226487788097,0.25,0.0,0.0434
FD003,1,15,0.1,administrative,0.5,censored_as_failure,0.0,5000,245.38,0.5,0.18,0.0
FD003,1,15,0.1,administrative,0.5,complete_case,198.0,5000,26.383228345373237,0.5,0.0,0.0396
FD003,1,15,0.1,administrative,0.75,censored_as_failure,0.0,5000,246.18,0.75,0.98,0.0
FD003,1,15,0.1,administrative,0.75,complete_case,0.0,5000,246.2,0.75,1.0,0.0
FD003,1,15,0.1,none,0.0,oracle,7.0,100,23.93037151702786,0.0,0.0,0.07
FD003,1,15,0.1,policy,,censored_as_failure,350.0,5000,23.93037151702786,0.48975,0.0,0.07
FD003,1,15,0.1,policy,,complete_case,148.0,5000,28.50308070175439,0.48975,0.008,0.0296
FD003,1,15,0.1,random,0.25,censored_as_failure,2.0,5000,204.36184444444444,0.25775,0.0,0.0004
FD003,1,15,0.1,random,0.25,complete_case,296.0,5000,24.48399778121775,0.25775,0.0,0.0592
FD003,1,15,0.1,random,0.5,censored_as_failure,0.0,5000,243.7656,0.4985,0.0,0.0
FD003,1,15,0.1,random,0.5,complete_case,299.0,5000,25.353515821416288,0.4985,0.0,0.0598
FD003,1,15,0.1,random,0.75,censored_as_failure,0.0,5000,244.6584,0.757375,0.0,0.0
FD003,1,15,0.1,random,0.75,complete_case,161.0,5000,170.24994391370583,0.757375,0.656,0.0322
FD003,1,15,0.2,administrative,0.25,censored_as_failure,5.0,5000,59.96763625730994,0.25,0.0,0.001
FD003,1,15,0.2,administrative,0.25,complete_case,946.0,5000,21.40503776844071,0.25,0.0,0.1892
FD003,1,15,0.2,administrative,0.5,censored_as_failure,0.0,5000,238.55679999999998,0.5,0.032,0.0
FD003,1,15,0.2,administrative,0.5,complete_case,790.0,5000,21.99045848198929,0.5,0.0,0.158
FD003,1,15,0.2,administrative,0.75,censored_as_failure,0.0,5000,246.028,0.75,0.828,0.0
FD003,1,15,0.2,administrative,0.75,complete_case,399.0,5000,24.87181633986928,0.75,0.0,0.0798
FD003,1,15,0.2,none,0.0,oracle,19.0,100,21.339771241830068,0.0,0.0,0.19
FD003,1,15,0.2,policy,,censored_as_failure,949.0,5000,21.345271241830066,0.48975,0.0,0.1898
FD003,1,15,0.2,policy,,complete_case,397.0,5000,24.63216326109391,0.48975,0.004,0.0794
FD003,1,15,0.2,random,0.25,censored_as_failure,41.0,5000,97.07523446852426,0.25775,0.0,0.0082
FD003,1,15,0.2,random,0.25,complete_case,962.0,5000,21.44376051894442,0.25775,0.0,0.1924
FD003,1,15,0.2,random,0.5,censored_as_failure,0.0,5000,210.6156,0.4985,0.0,0.0
FD003,1,15,0.2,random,0.5,complete_case,848.0,5000,21.90433732146766,0.4985,0.0,0.1696
FD003,1,15,0.2,random,0.75,censored_as_failure,0.0,5000,242.93120000000002,0.757375,0.0,0.0
FD003,1,15,0.2,random,0.75,complete_case,704.0,5000,30.894569405465536,0.757375,0.036,0.1408
FD003,2,0,0.05,administrative,0.25,censored_as_failure,0.0,5000,225.9478,0.25,0.0,0.0
FD003,2,0,0.05,administrative,0.25,complete_case,219.0,5000,11.270381561747506,0.25,0.0,0.0438
FD003,2,0,0.05,administrative,0.5,censored_as_failure,0.0,5000,245.532,0.5,0.332,0.0
FD003,2,0,0.05,administrative,0.5,complete_case,0.0,5000,246.2,0.5,1.0,0.0
FD003,2,0,0.05,administrative,0.75,censored_as_failure,0.0,5000,246.196,0.75,0.996,0.0
FD003,2,0,0.05,administrative,0.75,complete_case,0.0,5000,246.2,0.75,1.0,0.0
FD003,2,0,0.05,none,0.0,oracle,3.0,100,13.158654970760233,0.0,0.0,0.03
FD003,2,0,0.05,policy,,censored_as_failure,150.0,5000,13.158654970760233,0.494375,0.0,0.03
FD003,2,0,0.05,policy,,complete_case,60.0,5000,174.51954385964913,0.494375,0.692,0.012
FD003,2,0,0.05,random,0.25,censored_as_failure,0.0,5000,238.142,0.24475,0.0,0.0
FD003,2,0,0.05,random,0.25,complete_case,188.0,5000,14.33665730994152,0.24475,0.012,0.0376
FD003,2,0,0.05,random,0.5,censored_as_failure,0.0,5000,244.8332,0.49625,0.0,0.0
FD003,2,0,0.05,random,0.5,complete_case,47.0,5000,201.1509543859649,0.49625,0.808,0.0094
FD003,2,0,0.05,random,0.75,censored_as_failure,0.0,5000,245.2,0.747875,0.0,0.0
FD003,2,0,0.05,random,0.75,complete_case,0.0,5000,246.2,0.747875,1.0,0.0
FD003,2,0,0.1,administrative,0.25,censored_as_failure,0.0,5000,144.49820000000003,0.25,0.0,0.0
FD003,2,0,0.1,administrative,0.25,complete_case,348.0,5000,6.8390058135534915,0.25,0.0,0.0696
FD003,2,0,0.1,administrative,0.5,censored_as_failure,0.0,5000,245.336,0.5,0.136,0.0
FD003,2,0,0.1,administrative,0.5,complete_case,278.0,5000,8.889249781316035,0.5,0.0,0.0556
FD003,2,0,0.1,administrative,0.75,censored_as_failure,0.0,5000,246.12,0.75,0.92,0.0
FD003,2,0,0.1,administrative,0.75,complete_case,0.0,5000,246.2,0.75,1.0,0.0
FD003,2,0,0.1,none,0.0,oracle,8.0,100,6.887719298245614,0.0,0.0,0.08
FD003,2,0,0.1,policy,,censored_as_failure,400.0,5000,6.887719298245615,0.494375,0.0,0.08
FD003,2,0,0.1,policy,,complete_case,187.0,5000,23.697397660818716,0.494375,0.052,0.0374
FD003,2,0,0.1,random,0.25,censored_as_failure,1.0,5000,171.96485263157894,0.24475,0.0,0.0002
FD003,2,0,0.1,random,0.25,complete_case,352.0,5000,7.248611695906433,0.24475,0.0,0.0704
FD003,2,0,0.1,random,0.5,censored_as_failure,0.0,5000,230.64839999999998,0.49625,0.0,0.0
FD003,2,0,0.1,random,0.5,complete_case,282.0,5000,13.409896700083541,0.49625,0.016,0.0564
FD003,2,0,0.1,random,0.75,censored_as_failure,0.0,5000,244.8332,0.747875,0.0,0.0
FD003,2,0,0.1,random,0.75,complete_case,148.0,5000,145.70190641331493,0.747875,0.576,0.0296
FD003,2,0,0.2,administrative,0.25,censored_as_failure,7.0,5000,46.89595204678363,0.25,0.0,0.0014
FD003,2,0,0.2,administrative,0.25,complete_case,820.0,5000,4.715108133490176,0.25,0.0,0.164
FD003,2,0,0.2,administrative,0.5,censored_as_failure,0.0,5000,226.043,0.5,0.004,0.0
FD003,2,0,0.2,administrative,0.5,complete_case,812.0,5000,4.8511127769719105,0.5,0.0,0.1624
FD003,2,0,0.2,administrative,0.75,censored_as_failure,0.0,5000,246.0,0.75,0.8,0.0
FD003,2,0,0.2,administrative,0.75,complete_case,547.0,5000,7.000767809521061,0.75,0.0,0.1094
FD003,2,0,0.2,none,0.0,oracle,12.0,100,5.461111111111111,0.0,0.0,0.12
FD003,2,0,0.2,policy,,censored_as_failure,600.0,5000,5.461111111111111,0.494375,0.0,0.12
FD003,2,0,0.2,policy,,complete_case,349.0,5000,7.691394152046783,0.494375,0.0,0.0698
FD003,2,0,0.2,random,0.25,censored_as_failure,65.0,5000,60.09318011695906,0.24475,0.0,0.013
FD003,2,0,0.2,random,0.25,complete_case,642.0,5000,5.175491691332403,0.24475,0.0,0.1284
FD003,2,0,0.2,random,0.5,censored_as_failure,0.0,5000,167.6826,0.49625,0.0,0.0
FD003,2,0,0.2,random,0.5,complete_case,609.0,5000,5.481863950634848,0.49625,0.0,0.1218
FD003,2,0,0.2,random,0.75,censored_as_failure,0.0,5000,227.18079999999998,0.747875,0.0,0.0
FD003,2,0,0.2,random,0.75,complete_case,621.0,5000,13.362098034954382,0.747875,0.028,0.1242
FD003,2,5,0.05,administrative,0.25,censored_as_failure,0.0,5000,234.336,0.25,0.0,0.0
FD003,2,5,0.05,administrative,0.25,complete_case,234.0,5000,15.997861351909183,0.25,0.0,0.0468
FD003,2,5,0.05,administrative,0.5,censored_as_failure,0.0,5000,245.556,0.5,0.356,0.0
FD003,2,5,0.05,administrative,0.5,complete_case,0.0,5000,246.2,0.5,1.0,0.0
FD003,2,5,0.05,administrative,0.75,censored_as_failure,0.0,5000,246.196,0.75,0.996,0.0
FD003,2,5,0.05,administrative,0.75,complete_case,0.0,5000,246.2,0.75,1.0,0.0
FD003,2,5,0.05,none,0.0,oracle,3.0,100,17.670760233918127,0.0,0.0,0.03
FD003,2,5,0.05,policy,,censored_as_failure,150.0,5000,17.670760233918127,0.48875,0.0,0.03
FD003,2,5,0.05,policy,,complete_case,23.0,5000,176.55655906432747,0.48875,0.7,0.0046
FD003,2,5,0.05,random,0.25,censored_as_failure,0.0,5000,241.434,0.25575,0.0,0.0
FD003,2,5,0.05,random,0.25,complete_case,205.0,5000,22.986263501891983,0.25575,0.028,0.041
FD003,2,5,0.05,random,0.5,censored_as_failure,0.0,5000,244.6836,0.4995,0.0,0.0
FD003,2,5,0.05,random,0.5,complete_case,50.0,5000,203.39683701410388,0.4995,0.812,0.01
FD003,2,5,0.05,random,0.75,censored_as_failure,0.0,5000,245.2,0.7565,0.0,0.0
FD003,2,5,0.05,random,0.75,complete_case,0.0,5000,246.2,0.7565,1.0,0.0
FD003,2,5,0.1,administrative,0.25,censored_as_failure,0.0,5000,150.1412,0.25,0.0,0.0
FD003,2,5,0.1,administrative,0.25,complete_case,455.0,5000,11.719247874588431,0.25,0.0,0.091
FD003,2,5,0.1,administrative,0.5,censored_as_failure,0.0,5000,244.77120000000002,0.5,0.152,0.0
FD003,2,5,0.1,administrative,0.5,complete_case,340.0,5000,14.233632293970219,0.5,0.0,0.068
FD003,2,5,0.1,administrative,0.75,censored_as_failure,0.0,5000,246.16,0.75,0.96,0.0
FD003,2,5,0.1,administrative,0.75,complete_case,0.0,5000,246.2,0.75,1.0,0.0
FD003,2,5,0.1,none,0.0,oracle,9.0,100,11.785242518059855,0.0,0.0,0.09
FD003,2,5,0.1,policy,,censored_as_failure,450.0,5000,11.785242518059855,0.48875,0.0,0.09
FD003,2,5,0.1,policy,,complete_case,247.0,5000,19.378190024079807,0.48875,0.016,0.0494
FD003,2,5,0.1,random,0.25,censored_as_failure,1.0,5000,186.28615789473685,0.25575,0.0,0.0002
FD003,2,5,0.1,random,0.25,complete_case,452.0,5000,12.178380787753696,0.25575,0.0,0.0904
FD003,2,5,0.1,random,0.5,censored_as_failure,0.0,5000,240.5684,0.4995,0.0,0.0
FD003,2,5,0.1,random,0.5,complete_case,360.0,5000,15.269064126001275,0.4995,0.004,0.072
FD003,2,5,0.1,random,0.75,censored_as_failure,0.0,5000,245.2,0.7565,0.0,0.0
FD003,2,5,0.1,random,0.75,complete_case,156.0,5000,164.0810405621898,0.7565,0.648,0.0312
FD003,2,5,0.2,administrative,0.25,censored_as_failure,11.0,5000,50.76310409356725,0.25,0.0,0.0022
FD003,2,5,0.2,administrative,0.25,complete_case,1104.0,5000,9.50125989729225,0.25,0.0,0.2208
FD003,2,5,0.2,administrative,0.5,censored_as_failure,0.0,5000,222.8104,0.5,0.012,0.0
FD003,2,5,0.2,administrative,0.5,complete_case,975.0,5000,9.819992178976854,0.5,0.0,0.195
FD003,2,5,0.2,administrative,0.75,censored_as_failure,0.0,5000,245.988,0.75,0.788,0.0
FD003,2,5,0.2,administrative,0.75,complete_case,644.0,5000,11.739641008063144,0.75,0.0,0.1288
FD003,2,5,0.2,none,0.0,oracle,20.0,100,9.57420634920635,0.0,0.0,0.2
FD003,2,5,0.2,policy,,censored_as_failure,998.0,5000,9.57642857142857,0.48875,0.0,0.1996
FD003,2,5,0.2,policy,,complete_case,466.0,5000,11.839617801857585,0.48875,0.0,0.0932
FD003,2,5,0.2,random,0.25,censored_as_failure,49.0,5000,73.4611914000688,0.25575,0.0,0.0098
FD003,2,5,0.2,random,0.25,complete_case,917.0,5000,9.822226141333726,0.25575,0.0,0.1834
FD003,2,5,0.2,random,0.5,censored_as_failure,0.0,5000,188.1174,0.4995,0.0,0.0
FD003,2,5,0.2,random,0.5,complete_case,842.0,5000,10.195890256939483,0.4995,0.0,0.1684
FD003,2,5,0.2,random,0.75,censored_as_failure,0.0,5000,234.07760000000002,0.7565,0.0,0.0
FD003,2,5,0.2,random,0.75,complete_case,754.0,5000,16.33351778029332,0.7565,0.02,0.1508
FD003,2,10,0.05,administrative,0.25,censored_as_failure,0.0,5000,232.193,0.25,0.0,0.0
FD003,2,10,0.05,administrative,0.25,complete_case,125.0,5000,21.53957894736842,0.25,0.0,0.025
FD003,2,10,0.05,administrative,0.5,censored_as_failure,0.0,5000,245.632,0.5,0.432,0.0
FD003,2,10,0.05,administrative,0.5,complete_case,0.0,5000,246.2,0.5,1.0,0.0
FD003,2,10,0.05,administrative,0.75,censored_as_failure,0.0,5000,246.2,0.75,1.0,0.0
FD003,2,10,0.05,administrative,0.75,complete_case,0.0,5000,246.2,0.75,1.0,0.0
FD003,2,10,0.05,none,0.0,oracle,2.0,100,22.098888888888887,0.0,0.0,0.02
FD003,2,10,0.05,policy,,censored_as_failure,100.0,5000,22.09888888888889,0.52375,0.0,0.02
FD003,2,10,0.05,policy,,complete_case,42.0,5000,187.63313333333332,0.52375,0.74,0.0084
FD003,2,10,0.05,random,0.25,censored_as_failure,0.0,5000,242.00179999999997,0.248125,0.0,0.0
FD003,2,10,0.05,random,0.25,complete_case,163.0,5000,23.932324156545207,0.248125,0.012,0.0326
FD003,2,10,0.05,random,0.5,censored_as_failure,0.0,5000,245.2,0.51025,0.0,0.0
FD003,2,10,0.05,random,0.5,complete_case,27.0,5000,208.24605964912283,0.51025,0.832,0.0054
FD003,2,10,0.05,random,0.75,censored_as_failure,0.0,5000,245.2,0.746,0.0,0.0
FD003,2,10,0.05,random,0.75,complete_case,0.0,5000,246.2,0.746,1.0,0.0
FD003,2,10,0.1,administrative,0.25,censored_as_failure,0.0,5000,160.989,0.25,0.0,0.0
FD003,2,10,0.1,administrative,0.25,complete_case,465.0,5000,17.834781811807044,0.25,0.0,0.093
FD003,2,10,0.1,administrative,0.5,censored_as_failure,0.0,5000,243.8802,0.5,0.224,0.0
FD003,2,10,0.1,administrative,0.5,complete_case,287.0,5000,20.325882882648827,0.5,0.0,0.0574
FD003,2,10,0.1,administrative,0.75,censored_as_failure,0.0,5000,246.168,0.75,0.968,0.0
FD003,2,10,0.1,administrative,0.75,complete_case,0.0,5000,246.2,0.75,1.0,0.0
FD003,2,10,0.1,none,0.0,oracle,15.0,100,16.727008547008545,0.0,0.0,0.15
FD003,2,10,0.1,policy,,censored_as_failure,750.0,5000,16.72700854700855,0.52375,0.0,0.15
FD003,2,10,0.1,policy,,complete_case,139.0,5000,39.810514619883044,0.52375,0.08,0.0278
FD003,2,10,0.1,random,0.25,censored_as_failure,6.0,5000,190.59231111111112,0.248125,0.0,0.0012
FD003,2,10,0.1,random,0.25,complete_case,488.0,5000,17.9900243139901,0.248125,0.0,0.0976
FD003,2,10,0.1,random,0.5,censored_as_failure,0.0,5000,242.2214,0.51025,0.0,0.0
FD003,2,10,0.1,random,0.5,complete_case,415.0,5000,22.02691254832199,0.51025,0.012,0.083
FD003,2,10,0.1,random,0.75,censored_as_failure,0.0,5000,244.64239999999998,0.746,0.0,0.0
FD003,2,10,0.1,random,0.75,complete_case,238.0,5000,151.37656830137524,0.746,0.584,0.0476
FD003,2,10,0.2,administrative,0.25,censored_as_failure,10.0,5000,60.06417894736842,0.25,0.0,0.002
FD003,2,10,0.2,administrative,0.25,complete_case,1276.0,5000,15.02124447872389,0.25,0.0,0.2552
FD003,2,10,0.2,administrative,0.5,censored_as_failure,0.0,5000,228.4514,0.5,0.032,0.0
FD003,2,10,0.2,administrative,0.5,complete_case,1119.0,5000,15.487234700593524,0.5,0.0,0.2238
FD003,2,10,0.2,administrative,0.75,censored_as_failure,0.0,5000,245.992,0.75,0.792,0.0
FD003,2,10,0.2,administrative,0.75,complete_case,567.0,5000,18.377203279400337,0.75,0.0,0.1134
FD003,2,10,0.2,none,0.0,oracle,25.0,100,15.098900772430184,0.0,0.0,0.25
FD003,2,10,0.2,policy,,censored_as_failure,1246.0,5000,15.097712960242372,0.52375,0.0,0.2492
FD003,2,10,0.2,policy,,complete_case,576.0,5000,17.693474831309043,0.52375,0.0,0.1152
FD003,2,10,0.2,random,0.25,censored_as_failure,56.0,5000,76.87625508322087,0.248125,0.0,0.0112
FD003,2,10,0.2,random,0.25,complete_case,1257.0,5000,15.170671566342154,0.248125,0.0,0.2514
FD003,2,10,0.2,random,0.5,censored_as_failure,0.0,5000,202.0734,0.51025,0.0,0.0
FD003,2,10,0.2,random,0.5,complete_case,1208.0,5000,15.520453082658657,0.51025,0.0,0.2416
FD003,2,10,0.2,random,0.75,censored_as_failure,0.0,5000,237.1556,0.746,0.0,0.0
FD003,2,10,0.2,random,0.75,complete_case,1047.0,5000,19.983475692676777,0.746,0.016,0.2094
FD003,2,15,0.05,administrative,0.25,censored_as_failure,0.0,5000,237.8642,0.25,0.004,0.0
FD003,2,15,0.05,administrative,0.25,complete_case,169.0,5000,26.849229072681705,0.25,0.0,0.0338
FD003,2,15,0.05,administrative,0.5,censored_as_failure,0.0,5000,245.648,0.5,0.448,0.0
FD003,2,15,0.05,administrative,0.5,complete_case,0.0,5000,246.2,0.5,1.0,0.0
FD003,2,15,0.05,administrative,0.75,censored_as_failure,0.0,5000,246.196,0.75,0.996,0.0
FD003,2,15,0.05,administrative,0.75,complete_case,0.0,5000,246.2,0.75,1.0,0.0
FD003,2,15,0.05,none,0.0,oracle,3.0,100,27.168596491228072,0.0,0.0,0.03
FD003,2,15,0.05,policy,,censored_as_failure,150.0,5000,27.16859649122807,0.499625,0.0,0.03
FD003,2,15,0.05,policy,,complete_case,36.0,5000,189.88595087719298,0.499625,0.748,0.0072
FD003,2,15,0.05,random,0.25,censored_as_failure,0.0,5000,243.05620000000002,0.256,0.0,0.0
FD003,2,15,0.05,random,0.25,complete_case,204.0,5000,30.758218713450294,0.256,0.02,0.0408
FD003,2,15,0.05,random,0.5,censored_as_failure,0.0,5000,245.2,0.508625,0.0,0.0
FD003,2,15,0.05,random,0.5,complete_case,35.0,5000,203.43694218880535,0.508625,0.808,0.007
FD003,2,15,0.05,random,0.75,censored_as_failure,0.0,5000,245.2,0.750625,0.0,0.0
FD003,2,15,0.05,random,0.75,complete_case,0.0,5000,246.2,0.750625,1.0,0.0
FD003,2,15,0.1,administrative,0.25,censored_as_failure,0.0,5000,167.84779999999998,0.25,0.0,0.0
FD003,2,15,0.1,administrative,0.25,complete_case,292.0,5000,24.842955889724312,0.25,0.0,0.0584
FD003,2,15,0.1,administrative,0.5,censored_as_failure,0.0,5000,244.9156,0.5,0.216,0.0
FD003,2,15,0.1,administrative,0.5,complete_case,241.0,5000,26.003502068897735,0.5,0.0,0.0482
FD003,2,15,0.1,administrative,0.75,censored_as_failure,0.0,5000,246.18,0.75,0.98,0.0
FD003,2,15,0.1,administrative,0.75,complete_case,0.0,5000,246.2,0.75,1.0,0.0
FD003,2,15,0.1,none,0.0,oracle,10.0,100,24.09873015873016,0.0,0.0,0.1
FD003,2,15,0.1,policy,,censored_as_failure,500.0,5000,24.09873015873016,0.499625,0.0,0.1
FD003,2,15,0.1,policy,,complete_case,142.0,5000,32.09029122807017,0.499625,0.024,0.0284
FD003,2,15,0.1,random,0.25,censored_as_failure,0.0,5000,199.4174,0.256,0.0,0.0
FD003,2,15,0.1,random,0.25,complete_case,362.0,5000,24.42369394073419,0.256,0.0,0.0724
FD003,2,15,0.1,random,0.5,censored_as_failure,0.0,5000,243.4758,0.508625,0.0,0.0
FD003,2,15,0.1,random,0.5,complete_case,314.0,5000,25.212234318072706,0.508625,0.0,0.0628
FD003,2,15,0.1,random,0.75,censored_as_failure,0.0,5000,245.2,0.750625,0.0,0.0
FD003,2,15,0.1,random,0.75,complete_case,142.0,5000,158.8785117091371,0.750625,0.604,0.0284
FD003,2,15,0.2,administrative,0.25,censored_as_failure,6.0,5000,60.73346315789474,0.25,0.0,0.0012
FD003,2,15,0.2,administrative,0.25,complete_case,777.0,5000,21.502231876259277,0.25,0.0,0.1554
FD003,2,15,0.2,administrative,0.5,censored_as_failure,0.0,5000,234.4292,0.5,0.032,0.0
FD003,2,15,0.2,administrative,0.5,complete_case,751.0,5000,22.158469218672625,0.5,0.0,0.1502
FD003,2,15,0.2,administrative,0.75,censored_as_failure,0.0,5000,246.044,0.75,0.844,0.0
FD003,2,15,0.2,administrative,0.75,complete_case,433.0,5000,24.480757374153196,0.75,0.0,0.0866
FD003,2,15,0.2,none,0.0,oracle,15.0,100,21.288556685832226,0.0,0.0,0.15
FD003,2,15,0.2,policy,,censored_as_failure,750.0,5000,21.288556685832226,0.499625,0.0,0.15
FD003,2,15,0.2,policy,,complete_case,482.0,5000,24.03138627942405,0.499625,0.0,0.0964
FD003,2,15,0.2,random,0.25,censored_as_failure,48.0,5000,96.90028421052631,0.256,0.0,0.0096
FD003,2,15,0.2,random,0.25,complete_case,773.0,5000,21.555131915951268,0.256,0.0,0.1546
FD003,2,15,0.2,random,0.5,censored_as_failure,0.0,5000,209.7234,0.508625,0.0,0.0
FD003,2,15,0.2,random,0.5,complete_case,809.0,5000,22.045336545051097,0.508625,0.0,0.1618
FD003,2,15,0.2,random,0.75,censored_as_failure,0.0,5000,240.5314,0.750625,0.0,0.0
FD003,2,15,0.2,random,0.75,complete_case,669.0,5000,29.15557112137948,0.750625,0.028,0.1338
FD004,0,0,0.05,administrative,0.25,censored_as_failure,0.0,12450,210.51945142857141,0.25,0.0,0.0
FD004,0,0,0.05,administrative,0.25,complete_case,639.9999999999999,12450,11.535644264975733,0.25,0.0,0.05140562248995983
FD004,0,0,0.05,administrative,0.5,censored_as_failure,0.0,12450,244.2210612244898,0.5,0.228,0.0
FD004,0,0,0.05,administrative,0.5,complete_case,736.9999999999999,12450,11.556969575186116,0.5,0.0,0.05919678714859437
FD004,0,0,0.05,administrative,0.75,censored_as_failure,0.0,12450,244.9930612244898,0.75,1.0,0.0
FD004,0,0,0.05,administrative,0.75,complete_case,823.9999999999999,12450,12.173864995226207,0.75,0.0,0.06618473895582329
FD004,0,0,0.05,none,0.0,oracle,10.999999999999996,249,10.711797047672823,0.0,0.0,0.044176706827309224
FD004,0,0,0.05,policy,,censored_as_failure,549.9999999999998,12450,10.711797047672825,0.47364999999999996,0.0,0.04417670682730922
FD004,0,0,0.05,policy,,complete_case,325.99999999999994,12450,18.071735516926136,0.47364999999999996,0.012,0.026184738955823288
FD004,0,0,0.05,random,0.25,censored_as_failure,0.0,12450,239.20650122448978,0.2532,0.0,0.0
FD004,0,0,0.05,random,0.25,complete_case,595.9999999999999,12450,11.962169153714273,0.2532,0.0,0.04787148594377509
FD004,0,0,0.05,random,0.5,censored_as_failure,0.0,12450,243.9930612244898,0.49760000000000004,0.0,0.0
FD004,0,0,0.05,random,0.5,complete_case,581.9999999999999,12450,12.720349750307008,0.49760000000000004,0.0,0.04674698795180722
FD004,0,0,0.05,random,0.75,censored_as_failure,0.0,12450,243.9930612244898,0.7517999999999999,0.0,0.0
FD004,0,0,0.05,random,0.75,complete_case,388.99999999999994,12450,96.99146867305694,0.7517999999999999,0.36,0.03124497991967871
FD004,0,0,0.1,administrative,0.25,censored_as_failure,0.0,12450,112.33032489795917,0.25,0.0,0.0
FD004,0,0,0.1,administrative,0.25,complete_case,1366.9999999999998,12450,9.018813606565883,0.25,0.0,0.10979919678714857
FD004,0,0,0.1,administrative,0.5,censored_as_failure,0.0,12450,244.0690612244898,0.5,0.076,0.0
FD004,0,0,0.1,administrative,0.5,complete_case,1433.9999999999998,12450,8.942403067149684,0.5,0.0,0.11518072289156625
FD004,0,0,0.1,administrative,0.75,censored_as_failure,0.0,12450,244.96106122448978,0.75,0.968,0.0
FD004,0,0,0.1,administrative,0.75,complete_case,1433.9999999999998,12450,9.47729715071034,0.75,0.0,0.11518072289156625
FD004,0,0,0.1,none,0.0,oracle,25.999999999999996,249,9.36301796505099,0.0,0.0,0.1044176706827309
FD004,0,0,0.1,policy,,censored_as_failure,1299.9999999999998,12450,9.36301796505099,0.47364999999999996,0.0,0.1044176706827309
FD004,0,0,0.1,policy,,complete_case,676.9999999999999,12450,11.589429111058585,0.47364999999999996,0.0,0.054377510040160636
FD004,0,0,0.1,random,0.25,censored_as_failure,0.0,12450,179.63885224489795,0.2532,0.0,0.0
FD004,0,0,0.1,random,0.25,complete_case,1265.9999999999998,12450,9.350439889525912,0.2532,0.0,0.10168674698795178
FD004,0,0,0.1,random,0.5,censored_as_failure,0.0,12450,242.3893812244898,0.49760000000000004,0.0,0.0
FD004,0,0,0.1,random,0.5,complete_case,1191.9999999999998,12450,9.59690876843186,0.49760000000000004,0.0,0.09574297188755018
FD004,0,0,0.1,random,0.75,censored_as_failure,0.0,12450,243.9930612244898,0.7517999999999999,0.0,0.0
FD004,0,0,0.1,random,0.75,complete_case,1105.9999999999998,12450,10.724691002649092,0.7517999999999999,0.0,0.08883534136546183
FD004,0,0,0.2,administrative,0.25,censored_as_failure,50.999999999999986,12450,28.03373367145563,0.25,0.0,0.004096385542168674
FD004,0,0,0.2,administrative,0.25,complete_case,2824.0,12450,7.209999568270055,0.25,0.0,0.2268273092369478
FD004,0,0,0.2,administrative,0.5,censored_as_failure,0.0,12450,233.7354612244898,0.5,0.004,0.0
FD004,0,0,0.2,administrative,0.5,complete_case,2790.0,12450,7.173161051553702,0.5,0.0,0.22409638554216868
FD004,0,0,0.2,administrative,0.75,censored_as_failure,0.0,12450,244.70506122448978,0.75,0.712,0.0
FD004,0,0,0.2,administrative,0.75,complete_case,2748.0,12450,7.298398342507693,0.75,0.0,0.22072289156626507
FD004,0,0,0.2,none,0.0,oracle,56.0,249,7.256801952598222,0.0,0.0,0.2248995983935743
FD004,0,0,0.2,policy,,censored_as_failure,2800.0,12450,7.256801952598223,0.47364999999999996,0.0,0.2248995983935743
FD004,0,0,0.2,policy,,complete_case,1342.9999999999998,12450,8.972782899191648,0.47364999999999996,0.0,0.10787148594377509
FD004,0,0,0.2,random,0.25,censored_as_failure,121.99999999999999,12450,40.55159763784769,0.2532,0.0,0.009799196787148592
FD004,0,0,0.2,random,0.25,complete_case,2637.0,12450,7.295919802134093,0.2532,0.0,0.21180722891566264
FD004,0,0,0.2,random,0.5,censored_as_failure,0.0,12450,185.05912489795918,0.49760000000000004,0.0,0.0
FD004,0,0,0.2,random,0.5,complete_case,2601.0,12450,7.381678342931928,0.49760000000000004,0.0,0.2089156626506024
FD004,0,0,0.2,random,0.75,censored_as_failure,0.0,12450,241.91594122448979,0.7517999999999999,0.0,0.0
FD004,0,0,0.2,random,0.75,complete_case,2480.0,12450,7.598216694646529,0.7517999999999999,0.0,0.19919678714859437
FD004,0,5,0.05,administrative,0.25,censored_as_failure,0.0,12450,224.69168979591836,0.25,0.0,0.0
FD004,0,5,0.05,administrative,0.25,complete_case,1043.0,12450,16.799846876414822,0.25,0.0,0.08377510040160642
FD004,0,5,0.05,administrative,0.5,censored_as_failure,0.0,12450,244.2610612244898,0.5,0.268,0.0
FD004,0,5,0.05,administrative,0.5,complete_case,976.9999999999999,12450,17.309330313390483,0.5,0.0,0.07847389558232931
FD004,0,5,0.05,administrative,0.75,censored_as_failure,0.0,12450,244.9930612244898,0.75,1.0,0.0
FD004,0,5,0.05,administrative,0.75,complete_case,961.9999999999999,12450,18.07463135730924,0.75,0.0,0.07726907630522087
FD004,0,5,0.05,none,0.0,oracle,19.999999999999996,249,16.814751045644662,0.0,0.0,0.08032128514056223
FD004,0,5,0.05,policy,,censored_as_failure,999.9999999999999,12450,16.814751045644662,0.48375,0.0,0.08032128514056223
FD004,0,5,0.05,policy,,complete_case,403.99999999999994,12450,22.264507703352695,0.48375,0.008,0.032449799196787144
FD004,0,5,0.05,random,0.25,censored_as_failure,0.0,12450,242.89698122448976,0.24669999999999997,0.0,0.0
FD004,0,5,0.05,random,0.25,complete_case,941.9999999999999,12450,16.953574217166768,0.24669999999999997,0.0,0.07566265060240963
FD004,0,5,0.05,random,0.5,censored_as_failure,0.0,12450,243.9930612244898,0.50275,0.0,0.0
FD004,0,5,0.05,random,0.5,complete_case,788.9999999999999,12450,18.217126955556683,0.50275,0.0,0.06337349397590361
FD004,0,5,0.05,random,0.75,censored_as_failure,0.0,12450,243.9930612244898,0.7485,0.0,0.0
FD004,0,5,0.05,random,0.75,complete_case,505.99999999999994,12450,108.43670266393848,0.7485,0.396,0.040642570281124495
FD004,0,5,0.1,administrative,0.25,censored_as_failure,0.0,12450,127.53037387755101,0.25,0.0,0.0
FD004,0,5,0.1,administrative,0.25,complete_case,1575.0,12450,14.975246568643227,0.25,0.0,0.12650602409638553
FD004,0,5,0.1,administrative,0.5,censored_as_failure,0.0,12450,244.1090612244898,0.5,0.116,0.0
FD004,0,5,0.1,administrative,0.5,complete_case,1549.0,12450,15.074167107309737,0.5,0.0,0.12441767068273092
FD004,0,5,0.1,administrative,0.75,censored_as_failure,0.0,12450,244.9810612244898,0.75,0.988,0.0
FD004,0,5,0.1,administrative,0.75,complete_case,1491.0,12450,15.557970800696824,0.75,0.0,0.1197590361445783
FD004,0,5,0.1,none,0.0,oracle,31.0,249,14.960160892625902,0.0,0.0,0.12449799196787148
FD004,0,5,0.1,policy,,censored_as_failure,1550.0,12450,14.960160892625902,0.48375,0.0,0.12449799196787148
FD004,0,5,0.1,policy,,complete_case,1031.0,12450,17.03746504675361,0.48375,0.0,0.08281124497991968
FD004,0,5,0.1,random,0.25,censored_as_failure,0.0,12450,185.5742106122449,0.24669999999999997,0.0,0.0
FD004,0,5,0.1,random,0.25,complete_case,1501.0,12450,15.06198098431486,0.24669999999999997,0.0,0.12056224899598393
FD004,0,5,0.1,random,0.5,censored_as_failure,0.0,12450,243.48290122448978,0.50275,0.0,0.0
FD004,0,5,0.1,random,0.5,complete_case,1459.0,12450,15.232752625140893,0.50275,0.0,0.11718875502008032
FD004,0,5,0.1,random,0.75,censored_as_failure,0.0,12450,243.9930612244898,0.7485,0.0,0.0
FD004,0,5,0.1,random,0.75,complete_case,1312.0,12450,16.076954790390353,0.7485,0.0,0.10538152610441767
FD004,0,5,0.2,administrative,0.25,censored_as_failure,46.99999999999999,12450,35.533281196800644,0.25,0.0,0.003775100401606425
FD004,0,5,0.2,administrative,0.25,complete_case,2507.0,12450,13.181106581216389,0.25,0.0,0.20136546184738957
FD004,0,5,0.2,administrative,0.5,censored_as_failure,0.0,12450,237.8503412244898,0.5,0.0,0.0
FD004,0,5,0.2,administrative,0.5,complete_case,2493.0,12450,13.249300747388066,0.5,0.0,0.2002409638554217
FD004,0,5,0.2,administrative,0.75,censored_as_failure,0.0,12450,244.7570612244898,0.75,0.764,0.0
FD004,0,5,0.2,administrative,0.75,complete_case,2439.0,12450,13.536494602530915,0.75,0.0,0.19590361445783133
FD004,0,5,0.2,none,0.0,oracle,50.0,249,13.264308339982838,0.0,0.0,0.20080321285140562
FD004,0,5,0.2,policy,,censored_as_failure,2500.0,12450,13.26430833998284,0.48375,0.0,0.20080321285140562
FD004,0,5,0.2,policy,,complete_case,1538.0,12450,14.88964218784724,0.48375,0.0,0.12353413654618474
FD004,0,5,0.2,random,0.25,censored_as_failure,166.99999999999997,12450,45.90020376897236,0.24669999999999997,0.0,0.013413654618473892
FD004,0,5,0.2,random,0.25,complete_case,2477.0,12450,13.274761957035302,0.24669999999999997,0.0,0.19895582329317268
FD004,0,5,0.2,random,0.5,censored_as_failure,0.0,12450,200.08090285714286,0.50275,0.0,0.0
FD004,0,5,0.2,random,0.5,complete_case,2436.0,12450,13.40436486363908,0.50275,0.0,0.19566265060240964
FD004,0,5,0.2,random,0.75,censored_as_failure,0.0,12450,243.01170122448977,0.7485,0.0,0.0
FD004,0,5,0.2,random,0.75,complete_case,2371.0,12450,13.574352096071522,0.7485,0.0,0.1904417670682731
FD004,0,10,0.05,administrative,0.25,censored_as_failure,0.0,12450,227.2813257142857,0.25,0.0,0.0
FD004,0,10,0.05,administrative,0.25,complete_case,736.0,12450,22.8349909628741,0.25,0.0,0.059116465863453815
FD004,0,10,0.05,administrative,0.5,censored_as_failure,0.0,12450,244.2810612244898,0.5,0.288,0.0
FD004,0,10,0.05,administrative,0.5,complete_case,711.9999999999999,12450,23.491018453955085,0.5,0.0,0.05718875502008031
FD004,0,10,0.05,administrative,0.75,censored_as_failure,0.0,12450,244.9890612244898,0.75,0.996,0.0
FD004,0,10,0.05,administrative,0.75,complete_case,640.9999999999999,12450,24.70139188057875,0.75,0.0,0.05148594377510039
FD004,0,10,0.05,none,0.0,oracle,16.0,249,22.202486359946384,0.0,0.0,0.0642570281124498
FD004,0,10,0.05,policy,,censored_as_failure,800.0,12450,22.202486359946384,0.50155,0.0,0.0642570281124498
FD004,0,10,0.05,policy,,complete_case,290.9999999999999,12450,27.567173114295365,0.50155,0.0,0.023373493975903607
FD004,0,10,0.05,random,0.25,censored_as_failure,0.0,12450,242.23554122448976,0.24725,0.0,0.0
FD004,0,10,0.05,random,0.25,complete_case,643.9999999999999,12450,23.283328790190076,0.24725,0.0,0.05172690763052208
FD004,0,10,0.05,random,0.5,censored_as_failure,0.0,12450,243.9930612244898,0.5013500000000001,0.0,0.0
FD004,0,10,0.05,random,0.5,complete_case,567.9999999999999,12450,24.701273440420316,0.5013500000000001,0.0,0.04562248995983935
FD004,0,10,0.05,random,0.75,censored_as_failure,0.0,12450,243.9930612244898,0.7457,0.0,0.0
FD004,0,10,0.05,random,0.75,complete_case,465.99999999999994,12450,97.62071676947359,0.7457,0.332,0.037429718875502005
FD004,0,10,0.1,administrative,0.25,censored_as_failure,0.0,12450,149.78641795918367,0.25,0.0,0.0
FD004,0,10,0.1,administrative,0.25,complete_case,1520.9999999999998,12450,20.322037967908603,0.25,0.0,0.12216867469879517
FD004,0,10,0.1,administrative,0.5,censored_as_failure,0.0,12450,244.0970612244898,0.5,0.104,0.0
FD004,0,10,0.1,administrative,0.5,complete_case,1358.9999999999998,12450,20.539136104578997,0.5,0.0,0.10915662650602408
FD004,0,10,0.1,administrative,0.75,censored_as_failure,0.0,12450,244.9810612244898,0.75,0.988,0.0
FD004,0,10,0.1,administrative,0.75,complete_case,1258.0,12450,21.14596361303487,0.75,0.0,0.1010441767068273
FD004,0,10,0.1,none,0.0,oracle,30.999999999999996,249,20.380044058980964,0.0,0.0,0.12449799196787147
FD004,0,10,0.1,policy,,censored_as_failure,1549.9999999999998,12450,20.380044058980964,0.50155,0.0,0.12449799196787147
FD004,0,10,0.1,policy,,complete_case,676.9999999999999,12450,23.223711815557877,0.50155,0.0,0.054377510040160636
FD004,0,10,0.1,random,0.25,censored_as_failure,0.0,12450,195.59364571428569,0.24725,0.0,0.0
FD004,0,10,0.1,random,0.25,complete_case,1447.9999999999998,12450,20.33367610874482,0.24725,0.0,0.11630522088353412
FD004,0,10,0.1,random,0.5,censored_as_failure,0.0,12450,243.9930612244898,0.5013500000000001,0.0,0.0
FD004,0,10,0.1,random,0.5,complete_case,1344.9999999999998,12450,20.747536134927174,0.5013500000000001,0.0,0.1080321285140562
FD004,0,10,0.1,random,0.75,censored_as_failure,0.0,12450,243.9930612244898,0.7457,0.0,0.0
FD004,0,10,0.1,random,0.75,complete_case,1207.0,12450,22.13021657304885,0.7457,0.0,0.09694779116465864
FD004,0,10,0.2,administrative,0.25,censored_as_failure,43.0,12450,39.82818488782747,0.25,0.0,0.0034538152610441766
FD004,0,10,0.2,administrative,0.25,complete_case,2584.0,12450,18.626848205485828,0.25,0.0,0.20755020080321285
FD004,0,10,0.2,administrative,0.5,censored_as_failure,0.0,12450,241.83058122448978,0.5,0.004,0.0
FD004,0,10,0.2,administrative,0.5,complete_case,2514.0,12450,18.769637784052488,0.5,0.0,0.2019277108433735
FD004,0,10,0.2,administrative,0.75,censored_as_failure,0.0,12450,244.7970612244898,0.75,0.804,0.0
FD004,0,10,0.2,administrative,0.75,complete_case,2356.0,12450,19.115465358717042,0.75,0.0,0.18923694779116465
FD004,0,10,0.2,none,0.0,oracle,54.0,249,18.393081002580363,0.0,0.0,0.21686746987951808
FD004,0,10,0.2,policy,,censored_as_failure,2700.0,12450,18.393081002580363,0.50155,0.0,0.21686746987951808
FD004,0,10,0.2,policy,,complete_case,1466.9999999999998,12450,20.407379245567622,0.50155,0.0,0.1178313253012048
FD004,0,10,0.2,random,0.25,censored_as_failure,136.99999999999997,12450,51.43299361318531,0.24725,0.0,0.011004016064257025
FD004,0,10,0.2,random,0.25,complete_case,2727.0,12450,18.650982698805816,0.24725,0.0,0.21903614457831325
FD004,0,10,0.2,random,0.5,censored_as_failure,0.0,12450,221.24935836734693,0.5013500000000001,0.0,0.0
FD004,0,10,0.2,random,0.5,complete_case,2811.0,12450,18.716419132685292,0.5013500000000001,0.0,0.22578313253012047
FD004,0,10,0.2,random,0.75,censored_as_failure,0.0,12450,243.9930612244898,0.7457,0.0,0.0
FD004,0,10,0.2,random,0.75,complete_case,2739.0,12450,19.107154517327608,0.7457,0.0,0.22
FD004,0,15,0.05,administrative,0.25,censored_as_failure,0.0,12450,230.87098122448978,0.25,0.0,0.0
FD004,0,15,0.05,administrative,0.25,complete_case,667.9999999999999,12450,28.433038997271233,0.25,0.0,0.05365461847389557
FD004,0,15,0.05,administrative,0.5,censored_as_failure,0.0,12450,244.40106122448978,0.5,0.408,0.0
FD004,0,15,0.05,administrative,0.5,complete_case,630.9999999999999,12450,28.821920424693268,0.5,0.0,0.05068273092369477
FD004,0,15,0.05,administrative,0.75,censored_as_failure,0.0,12450,244.9930612244898,0.75,1.0,0.0
FD004,0,15,0.05,administrative,0.75,complete_case,595.9999999999999,12450,30.355548347560603,0.75,0.0,0.04787148594377509
FD004,0,15,0.05,none,0.0,oracle,14.999999999999998,249,27.49531536977677,0.0,0.0,0.06024096385542168
FD004,0,15,0.05,policy,,censored_as_failure,749.9999999999999,12450,27.495315369776765,0.5026499999999999,0.0,0.06024096385542168
FD004,0,15,0.05,policy,,complete_case,242.99999999999997,12450,38.2136513487134,0.5026499999999999,0.024,0.019518072289156623
FD004,0,15,0.05,random,0.25,censored_as_failure,0.0,12450,240.3917175510204,0.24880000000000002,0.0,0.0
FD004,0,15,0.05,random,0.25,complete_case,623.9999999999999,12450,28.808113885986067,0.24880000000000002,0.0,0.05012048192771083
FD004,0,15,0.05,random,0.5,censored_as_failure,0.0,12450,243.9930612244898,0.49575,0.0,0.0
FD004,0,15,0.05,random,0.5,complete_case,520.9999999999999,12450,30.26803380351824,0.49575,0.0,0.041847389558232924
FD004,0,15,0.05,random,0.75,censored_as_failure,0.0,12450,243.9930612244898,0.7473500000000001,0.0,0.0
FD004,0,15,0.05,random,0.75,complete_case,355.99999999999994,12450,103.47922272146386,0.7473500000000001,0.34,0.028594377510040157
FD004,0,15,0.1,administrative,0.25,censored_as_failure,0.0,12450,144.08788081632653,0.25,0.0,0.0
FD004,0,15,0.1,administrative,0.25,complete_case,1102.9999999999998,12450,25.506081818684006,0.25,0.0,0.08859437751004014
FD004,0,15,0.1,administrative,0.5,censored_as_failure,0.0,12450,244.1530612244898,0.5,0.16,0.0
FD004,0,15,0.1,administrative,0.5,complete_case,1105.0,12450,25.875866053318028,0.5,0.0,0.08875502008032128
FD004,0,15,0.1,administrative,0.75,censored_as_failure,0.0,12450,244.98506122448978,0.75,0.992,0.0
FD004,0,15,0.1,administrative,0.75,complete_case,1063.0,12450,26.84708793447358,0.75,0.0,0.08538152610441767
FD004,0,15,0.1,none,0.0,oracle,23.999999999999996,249,25.127260179434092,0.0,0.0,0.09638554216867469
FD004,0,15,0.1,policy,,censored_as_failure,1199.9999999999998,12450,25.127260179434092,0.5026499999999999,0.0,0.09638554216867468
FD004,0,15,0.1,policy,,complete_case,612.9999999999999,12450,28.705778325507346,0.5026499999999999,0.0,0.04923694779116465
FD004,0,15,0.1,random,0.25,censored_as_failure,1.0,12450,205.64032653061224,0.24880000000000002,0.0,8.032128514056225e-05
FD004,0,15,0.1,random,0.25,complete_case,1112.9999999999998,12450,25.497639121753117,0.24880000000000002,0.0,0.08939759036144576
FD004,0,15,0.1,random,0.5,censored_as_failure,0.0,12450,243.9930612244898,0.49575,0.0,0.0
FD004,0,15,0.1,random,0.5,complete_case,1116.9999999999998,12450,25.89186887219581,0.49575,0.0,0.08971887550200801
FD004,0,15,0.1,random,0.75,censored_as_failure,0.0,12450,243.9930612244898,0.7473500000000001,0.0,0.0
FD004,0,15,0.1,random,0.75,complete_case,1040.0,12450,27.237627674683008,0.7473500000000001,0.0,0.08353413654618475
FD004,0,15,0.2,administrative,0.25,censored_as_failure,60.99999999999999,12450,43.49406356491533,0.25,0.0,0.004899598393574296
FD004,0,15,0.2,administrative,0.25,complete_case,2711.0,12450,24.45862809126422,0.25,0.0,0.21775100401606426
FD004,0,15,0.2,administrative,0.5,censored_as_failure,0.0,12450,242.86658122448978,0.5,0.004,0.0
FD004,0,15,0.2,administrative,0.5,complete_case,2556.0,12450,24.478448612984497,0.5,0.0,0.2053012048192771
FD004,0,15,0.2,administrative,0.75,censored_as_failure,0.0,12450,244.8490612244898,0.75,0.856,0.0
FD004,0,15,0.2,administrative,0.75,complete_case,2239.0,12450,24.606692804819758,0.75,0.0,0.17983935742971888
FD004,0,15,0.2,none,0.0,oracle,60.0,249,24.344761904761903,0.0,0.0,0.24096385542168675
FD004,0,15,0.2,policy,,censored_as_failure,2998.0,12450,24.344429437229437,0.5026499999999999,0.0,0.24080321285140563
FD004,0,15,0.2,policy,,complete_case,1179.9999999999998,12450,25.528157782789968,0.5026499999999999,0.0,0.09477911646586344
FD004,0,15,0.2,random,0.25,censored_as_failure,145.99999999999997,12450,60.19628135440434,0.24880000000000002,0.0,0.011726907630522086
FD004,0,15,0.2,random,0.25,complete_case,2822.0,12450,24.324914716173893,0.24880000000000002,0.0,0.22666666666666666
FD004,0,15,0.2,random,0.5,censored_as_failure,0.0,12450,231.92513795918367,0.49575,0.0,0.0
FD004,0,15,0.2,random,0.5,complete_case,2669.0,12450,24.380410037226262,0.49575,0.0,0.21437751004016065
FD004,0,15,0.2,random,0.75,censored_as_failure,0.0,12450,243.9930612244898,0.7473500000000001,0.0,0.0
FD004,0,15,0.2,random,0.75,complete_case,2595.0,12450,24.475195790934748,0.7473500000000001,0.0,0.20843373493975903
FD004,1,0,0.05,administrative,0.25,censored_as_failure,0.0,12450,222.68127020408164,0.25,0.0,0.0
FD004,1,0,0.05,administrative,0.25,complete_case,408.99999999999994,12450,9.938904766617187,0.25,0.0,0.032851405622489956
FD004,1,0,0.05,administrative,0.5,censored_as_failure,0.0,12450,244.1490612244898,0.5,0.156,0.0
FD004,1,0,0.05,administrative,0.5,complete_case,431.99999999999994,12450,10.556802300719738,0.5,0.0,0.034698795180722886
FD004,1,0,0.05,administrative,0.75,censored_as_failure,0.0,12450,244.9810612244898,0.75,0.988,0.0
FD004,1,0,0.05,administrative,0.75,complete_case,464.99999999999994,12450,11.719769431154885,0.75,0.0,0.03734939759036144
FD004,1,0,0.05,none,0.0,oracle,6.999999999999999,249,9.374333333333334,0.0,0.0,0.028112449799196783
FD004,1,0,0.05,policy,,censored_as_failure,349.99999999999994,12450,9.374333333333334,0.50725,0.0,0.028112449799196783
FD004,1,0,0.05,policy,,complete_case,185.99999999999997,12450,17.214933741496598,0.50725,0.012,0.014939759036144576
FD004,1,0,0.05,random,0.25,censored_as_failure,0.0,12450,240.82158367346938,0.2494,0.0,0.0
FD004,1,0,0.05,random,0.25,complete_case,363.99999999999994,12450,10.410161146633815,0.2494,0.0,0.029236947791164654
FD004,1,0,0.05,random,0.5,censored_as_failure,0.0,12450,243.9930612244898,0.50215,0.0,0.0
FD004,1,0,0.05,random,0.5,complete_case,331.99999999999994,12450,11.754743831730744,0.50215,0.0,0.02666666666666666
FD004,1,0,0.05,random,0.75,censored_as_failure,0.0,12450,243.9930612244898,0.75215,0.0,0.0
FD004,1,0,0.05,random,0.75,complete_case,261.0,12450,94.82265048080022,0.75215,0.356,0.020963855421686748
FD004,1,0,0.1,administrative,0.25,censored_as_failure,0.0,12450,116.07767999999999,0.25,0.0,0.0
FD004,1,0,0.1,administrative,0.25,complete_case,954.9999999999999,12450,8.071826206005225,0.25,0.0,0.07670682730923693
FD004,1,0,0.1,administrative,0.5,censored_as_failure,0.0,12450,244.02106122448978,0.5,0.028,0.0
FD004,1,0,0.1,administrative,0.5,complete_case,880.9999999999999,12450,8.205256741321024,0.5,0.0,0.07076305220883533
FD004,1,0,0.1,administrative,0.75,censored_as_failure,0.0,12450,244.94906122448978,0.75,0.956,0.0
FD004,1,0,0.1,administrative,0.75,complete_case,968.9999999999999,12450,8.521416615582615,0.75,0.0,0.0778313253012048
FD004,1,0,0.1,none,0.0,oracle,15.999999999999998,249,8.202970846923629,0.0,0.0,0.0642570281124498
FD004,1,0,0.1,policy,,censored_as_failure,799.9999999999999,12450,8.202970846923627,0.50725,0.0,0.0642570281124498
FD004,1,0,0.1,policy,,complete_case,333.99999999999994,12450,10.318606598639455,0.50725,0.0,0.026827309236947785
FD004,1,0,0.1,random,0.25,censored_as_failure,0.0,12450,183.75296489795917,0.2494,0.0,0.0
FD004,1,0,0.1,random,0.25,complete_case,818.9999999999999,12450,8.194084976665792,0.2494,0.0,0.06578313253012047
FD004,1,0,0.1,random,0.5,censored_as_failure,0.0,12450,243.9930612244898,0.50215,0.0,0.0
FD004,1,0,0.1,random,0.5,complete_case,809.9999999999999,12450,8.383231015610445,0.50215,0.0,0.06506024096385542
FD004,1,0,0.1,random,0.75,censored_as_failure,0.0,12450,243.9930612244898,0.75215,0.0,0.0
FD004,1,0,0.1,random,0.75,complete_case,760.9999999999999,12450,9.483913212975358,0.75215,0.0,0.06112449799196786
FD004,1,0,0.2,administrative,0.25,censored_as_failure,20.0,12450,29.03195537414966,0.25,0.0,0.001606425702811245
FD004,1,0,0.2,administrative,0.25,complete_case,2689.0,12450,5.905015888889203,0.25,0.0,0.2159839357429719
FD004,1,0,0.2,administrative,0.5,censored_as_failure,0.0,12450,240.26837551020407,0.5,0.0,0.0
FD004,1,0,0.2,administrative,0.5,complete_case,2536.0,12450,6.089253102743453,0.5,0.0,0.20369477911646586
FD004,1,0,0.2,administrative,0.75,censored_as_failure,0.0,12450,244.63306122448978,0.75,0.64,0.0
FD004,1,0,0.2,administrative,0.75,complete_case,2459.0,12450,6.215467577510697,0.75,0.0,0.19751004016064258
FD004,1,0,0.2,none,0.0,oracle,54.0,249,6.038380758807588,0.0,0.0,0.21686746987951808
FD004,1,0,0.2,policy,,censored_as_failure,2700.0,12450,6.0383807588075875,0.50725,0.0,0.21686746987951808
FD004,1,0,0.2,policy,,complete_case,808.9999999999999,12450,8.304315881514345,0.50725,0.0,0.06497991967871485
FD004,1,0,0.2,random,0.25,censored_as_failure,68.99999999999999,12450,41.00948660732378,0.2494,0.0,0.005542168674698794
FD004,1,0,0.2,random,0.25,complete_case,2539.0,12450,6.013985119170309,0.2494,0.0,0.20393574297188755
FD004,1,0,0.2,random,0.5,censored_as_failure,0.0,12450,194.7706693877551,0.50215,0.0,0.0
FD004,1,0,0.2,random,0.5,complete_case,2384.0,12450,6.127696273140548,0.50215,0.0,0.1914859437751004
FD004,1,0,0.2,random,0.75,censored_as_failure,0.0,12450,243.3705306122449,0.75215,0.0,0.0
FD004,1,0,0.2,random,0.75,complete_case,2172.0,12450,6.571402294424201,0.75215,0.0,0.1744578313253012
FD004,1,5,0.05,administrative,0.25,censored_as_failure,0.0,12450,226.22714612244897,0.25,0.0,0.0
FD004,1,5,0.05,administrative,0.25,complete_case,387.9999999999999,12450,17.56672008178788,0.25,0.0,0.031164658634538142
FD004,1,5,0.05,administrative,0.5,censored_as_failure,0.0,12450,244.1730612244898,0.5,0.18,0.0
FD004,1,5,0.05,administrative,0.5,complete_case,393.9999999999999,12450,18.506901903874404,0.5,0.0,0.03164658634538152
FD004,1,5,0.05,administrative,0.75,censored_as_failure,0.0,12450,244.9930612244898,0.75,1.0,0.0
FD004,1,5,0.05,administrative,0.75,complete_case,412.9999999999999,12450,19.928374817670758,0.75,0.0,0.0331726907630522
FD004,1,5,0.05,none,0.0,oracle,6.999999999999998,249,17.41147351280938,0.0,0.0,0.02811244979919678
FD004,1,5,0.05,policy,,censored_as_failure,349.9999999999999,12450,17.411473512809376,0.5045,0.0,0.02811244979919678
FD004,1,5,0.05,policy,,complete_case,153.99999999999991,12450,24.143339038934723,0.5045,0.008,0.01236947791164658
FD004,1,5,0.05,random,0.25,censored_as_failure,0.0,12450,242.07774857142857,0.25085,0.0,0.0
FD004,1,5,0.05,random,0.25,complete_case,342.9999999999999,12450,18.247610713142485,0.25085,0.0,0.027550200803212844
FD004,1,5,0.05,random,0.5,censored_as_failure,0.0,12450,243.9930612244898,0.5016499999999999,0.0,0.0
FD004,1,5,0.05,random,0.5,complete_case,325.9999999999999,12450,19.434782096623884,0.5016499999999999,0.0,0.026184738955823284
FD004,1,5,0.05,random,0.75,censored_as_failure,0.0,12450,243.9930612244898,0.75175,0.0,0.0
FD004,1,5,0.05,random,0.75,complete_case,307.9999999999999,12450,98.00775110594051,0.75175,0.348,0.024738955823293163
FD004,1,5,0.1,administrative,0.25,censored_as_failure,0.0,12450,140.7411951020408,0.25,0.0,0.0
FD004,1,5,0.1,administrative,0.25,complete_case,1023.9999999999998,12450,14.900774861091541,0.25,0.0,0.08224899598393573
FD004,1,5,0.1,administrative,0.5,censored_as_failure,0.0,12450,244.0490612244898,0.5,0.056,0.0
FD004,1,5,0.1,administrative,0.5,complete_case,1018.9999999999998,12450,15.181596350784927,0.5,0.0,0.08184738955823291
FD004,1,5,0.1,administrative,0.75,censored_as_failure,0.0,12450,244.96106122448978,0.75,0.968,0.0
FD004,1,5,0.1,administrative,0.75,complete_case,859.9999999999998,12450,15.888112047680478,0.75,0.0,0.06907630522088351
FD004,1,5,0.1,none,0.0,oracle,19.999999999999996,249,14.786916026355039,0.0,0.0,0.08032128514056223
FD004,1,5,0.1,policy,,censored_as_failure,999.9999999999998,12450,14.786916026355039,0.5045,0.0,0.08032128514056223
FD004,1,5,0.1,policy,,complete_case,351.9999999999999,12450,18.185382664262747,0.5045,0.0,0.028273092369477903
FD004,1,5,0.1,random,0.25,censored_as_failure,0.0,12450,196.1682187755102,0.25085,0.0,0.0
FD004,1,5,0.1,random,0.25,complete_case,1034.9999999999998,12450,14.902332474723135,0.25085,0.0,0.08313253012048191
FD004,1,5,0.1,random,0.5,censored_as_failure,0.0,12450,243.9930612244898,0.5016499999999999,0.0,0.0
FD004,1,5,0.1,random,0.5,complete_case,986.9999999999998,12450,15.193987807710863,0.5016499999999999,0.0,0.07927710843373492
FD004,1,5,0.1,random,0.75,censored_as_failure,0.0,12450,243.9930612244898,0.75175,0.0,0.0
FD004,1,5,0.1,random,0.75,complete_case,904.9999999999999,12450,16.416196735721567,0.75175,0.0,0.07269076305220883
FD004,1,5,0.2,administrative,0.25,censored_as_failure,30.99999999999999,12450,34.83061767260096,0.25,0.0,0.002489959839357429
FD004,1,5,0.2,administrative,0.25,complete_case,2428.0,12450,12.264278704440102,0.25,0.0,0.19502008032128515
FD004,1,5,0.2,administrative,0.5,censored_as_failure,0.0,12450,240.33875918367346,0.5,0.004,0.0
FD004,1,5,0.2,administrative,0.5,complete_case,2336.0,12450,12.336678204393161,0.5,0.0,0.1876305220883534
FD004,1,5,0.2,administrative,0.75,censored_as_failure,0.0,12450,244.6250612244898,0.75,0.632,0.0
FD004,1,5,0.2,administrative,0.75,complete_case,2158.0,12450,12.685035552263614,0.75,0.0,0.17333333333333334
FD004,1,5,0.2,none,0.0,oracle,51.0,249,12.25335088691796,0.0,0.0,0.20481927710843373
FD004,1,5,0.2,policy,,censored_as_failure,2550.0,12450,12.25335088691796,0.5045,0.0,0.20481927710843373
FD004,1,5,0.2,policy,,complete_case,1076.9999999999998,12450,14.834788702580894,0.5045,0.0,0.08650602409638553
FD004,1,5,0.2,random,0.25,censored_as_failure,61.99999999999997,12450,49.889817817927046,0.25085,0.0,0.004979919678714857
FD004,1,5,0.2,random,0.25,complete_case,2464.0,12450,12.307667105359652,0.25085,0.0,0.19791164658634539
FD004,1,5,0.2,random,0.5,censored_as_failure,0.0,12450,220.70584,0.5016499999999999,0.0,0.0
FD004,1,5,0.2,random,0.5,complete_case,2422.0,12450,12.19060322034247,0.5016499999999999,0.0,0.19453815261044177
FD004,1,5,0.2,random,0.75,censored_as_failure,0.0,12450,243.9930612244898,0.75175,0.0,0.0
FD004,1,5,0.2,random,0.75,complete_case,2359.0,12450,12.689582143035478,0.75175,0.0,0.18947791164658634
FD004,1,10,0.05,administrative,0.25,censored_as_failure,0.0,12450,235.1195820408163,0.25,0.0,0.0
FD004,1,10,0.05,administrative,0.25,complete_case,517.9999999999999,12450,23.39587120580343,0.25,0.0,0.041606425702811235
FD004,1,10,0.05,administrative,0.5,censored_as_failure,0.0,12450,244.2250612244898,0.5,0.232,0.0
FD004,1,10,0.05,administrative,0.5,complete_case,556.9999999999999,12450,23.899538966638033,0.5,0.0,0.04473895582329317
FD004,1,10,0.05,administrative,0.75,censored_as_failure,0.0,12450,244.98506122448978,0.75,0.992,0.0
FD004,1,10,0.05,administrative,0.75,complete_case,547.9999999999999,12450,25.71463263636271,0.75,0.0,0.0440160642570281
FD004,1,10,0.05,none,0.0,oracle,9.999999999999996,249,23.417832199546485,0.0,0.0,0.04016064257028111
FD004,1,10,0.05,policy,,censored_as_failure,499.9999999999998,12450,23.41783219954649,0.49905,0.0,0.0401606425702811
FD004,1,10,0.05,policy,,complete_case,304.9999999999999,12450,28.457846846100757,0.49905,0.0,0.024497991967871478
FD004,1,10,0.05,random,0.25,censored_as_failure,0.0,12450,242.0960212244898,0.2457,0.0,0.0
FD004,1,10,0.05,random,0.25,complete_case,534.9999999999999,12450,23.77234962982541,0.2457,0.0,0.042971887550200795
FD004,1,10,0.05,random,0.5,censored_as_failure,0.0,12450,243.9930612244898,0.49815,0.0,0.0
FD004,1,10,0.05,random,0.5,complete_case,508.9999999999999,12450,24.94112868498079,0.49815,0.0,0.040883534136546176
FD004,1,10,0.05,random,0.75,censored_as_failure,0.0,12450,243.9930612244898,0.7497,0.0,0.0
FD004,1,10,0.05,random,0.75,complete_case,368.99999999999994,12450,106.35021620400927,0.7497,0.368,0.029638554216867466
FD004,1,10,0.1,administrative,0.25,censored_as_failure,0.0,12450,148.91324734693876,0.25,0.0,0.0
FD004,1,10,0.1,administrative,0.25,complete_case,1213.9999999999998,12450,20.188809714219005,0.25,0.0,0.09751004016064255
FD004,1,10,0.1,administrative,0.5,censored_as_failure,0.0,12450,244.0850612244898,0.5,0.092,0.0
FD004,1,10,0.1,administrative,0.5,complete_case,1148.9999999999998,12450,20.61599767003491,0.5,0.0,0.09228915662650601
FD004,1,10,0.1,administrative,0.75,censored_as_failure,0.0,12450,244.9650612244898,0.75,0.972,0.0
FD004,1,10,0.1,administrative,0.75,complete_case,1109.9999999999998,12450,21.43781860068487,0.75,0.0,0.08915662650602407
FD004,1,10,0.1,none,0.0,oracle,25.999999999999996,249,19.99345238095238,0.0,0.0,0.1044176706827309
FD004,1,10,0.1,policy,,censored_as_failure,1299.9999999999998,12450,19.99345238095238,0.49905,0.0,0.1044176706827309
FD004,1,10,0.1,policy,,complete_case,513.9999999999998,12450,23.490212851992144,0.49905,0.0,0.041285140562248974
FD004,1,10,0.1,random,0.25,censored_as_failure,0.0,12450,206.4403755102041,0.2457,0.0,0.0
FD004,1,10,0.1,random,0.25,complete_case,1184.0,12450,20.341242007614134,0.2457,0.0,0.0951004016064257
FD004,1,10,0.1,random,0.5,censored_as_failure,0.0,12450,243.9930612244898,0.49815,0.0,0.0
FD004,1,10,0.1,random,0.5,complete_case,1097.0,12450,20.62248753977334,0.49815,0.0,0.08811244979919679
FD004,1,10,0.1,random,0.75,censored_as_failure,0.0,12450,243.9930612244898,0.7497,0.0,0.0
FD004,1,10,0.1,random,0.75,complete_case,974.9999999999999,12450,22.703341854823137,0.7497,0.0,0.07831325301204818
FD004,1,10,0.2,administrative,0.25,censored_as_failure,65.0,12450,40.29454196498581,0.25,0.0,0.005220883534136547
FD004,1,10,0.2,administrative,0.25,complete_case,2538.0,12450,18.890925886457016,0.25,0.0,0.203855421686747
FD004,1,10,0.2,administrative,0.5,censored_as_failure,0.0,12450,242.12511836734694,0.5,0.0,0.0
FD004,1,10,0.2,administrative,0.5,complete_case,2348.0,12450,19.001160895532397,0.5,0.0,0.18859437751004016
FD004,1,10,0.2,administrative,0.75,censored_as_failure,0.0,12450,244.7370612244898,0.75,0.744,0.0
FD004,1,10,0.2,administrative,0.75,complete_case,2161.0,12450,19.16835671697774,0.75,0.0,0.17357429718875503
FD004,1,10,0.2,none,0.0,oracle,53.0,249,18.831468722573454,0.0,0.0,0.21285140562248997
FD004,1,10,0.2,policy,,censored_as_failure,2650.0,12450,18.831468722573454,0.49905,0.0,0.21285140562248997
FD004,1,10,0.2,policy,,complete_case,1195.9999999999998,12450,20.310951502059076,0.49905,0.0,0.09606425702811243
FD004,1,10,0.2,random,0.25,censored_as_failure,141.99999999999997,12450,56.47425765257971,0.2457,0.0,0.011405622489959837
FD004,1,10,0.2,random,0.25,complete_case,2524.0,12450,18.89024927575215,0.2457,0.0,0.2027309236947791
FD004,1,10,0.2,random,0.5,censored_as_failure,0.0,12450,221.2235412244898,0.49815,0.0,0.0
FD004,1,10,0.2,random,0.5,complete_case,2438.0,12450,18.964293406082753,0.49815,0.0,0.19582329317269076
FD004,1,10,0.2,random,0.75,censored_as_failure,0.0,12450,243.9930612244898,0.7497,0.0,0.0
FD004,1,10,0.2,random,0.75,complete_case,2251.0,12450,19.237325981299676,0.7497,0.0,0.18080321285140563
FD004,1,15,0.05,administrative,0.25,censored_as_failure,0.0,12450,237.81562612244898,0.25,0.0,0.0
FD004,1,15,0.05,administrative,0.25,complete_case,545.0,12450,29.019819331677787,0.25,0.0,0.043775100401606426
FD004,1,15,0.05,administrative,0.5,censored_as_failure,0.0,12450,244.2690612244898,0.5,0.276,0.0
FD004,1,15,0.05,administrative,0.5,complete_case,548.9999999999999,12450,29.245684988416656,0.5,0.0,0.044096385542168666
FD004,1,15,0.05,administrative,0.75,censored_as_failure,0.0,12450,244.9930612244898,0.75,1.0,0.0
FD004,1,15,0.05,administrative,0.75,complete_case,523.0,12450,32.24592985580744,0.75,0.0,0.042008032128514054
FD004,1,15,0.05,none,0.0,oracle,12.999999999999996,249,28.59484412895593,0.0,0.0,0.052208835341365445
FD004,1,15,0.05,policy,,censored_as_failure,649.9999999999998,12450,28.59484412895593,0.483,0.0,0.052208835341365445
FD004,1,15,0.05,policy,,complete_case,332.0,12450,35.1512053432282,0.483,0.008,0.02666666666666667
FD004,1,15,0.05,random,0.25,censored_as_failure,0.0,12450,243.9930612244898,0.2513,0.0,0.0
FD004,1,15,0.05,random,0.25,complete_case,558.9999999999999,12450,29.20302422053231,0.2513,0.0,0.04489959839357429
FD004,1,15,0.05,random,0.5,censored_as_failure,0.0,12450,243.9930612244898,0.5011,0.0,0.0
FD004,1,15,0.05,random,0.5,complete_case,573.0,12450,30.165391888028296,0.5011,0.0,0.04602409638554217
FD004,1,15,0.05,random,0.75,censored_as_failure,0.0,12450,243.9930612244898,0.7492000000000001,0.0,0.0
FD004,1,15,0.05,random,0.75,complete_case,450.99999999999994,12450,106.98269347996407,0.7492000000000001,0.356,0.03622489959839357
FD004,1,15,0.1,administrative,0.25,censored_as_failure,0.0,12450,168.49329306122448,0.25,0.0,0.0
FD004,1,15,0.1,administrative,0.25,complete_case,1225.9999999999998,12450,26.034749078086417,0.25,0.0,0.0984738955823293
FD004,1,15,0.1,administrative,0.5,censored_as_failure,0.0,12450,244.0810612244898,0.5,0.088,0.0
FD004,1,15,0.1,administrative,0.5,complete_case,1139.9999999999998,12450,26.381687865062094,0.5,0.0,0.09156626506024095
FD004,1,15,0.1,administrative,0.75,censored_as_failure,0.0,12450,244.9890612244898,0.75,0.996,0.0
FD004,1,15,0.1,administrative,0.75,complete_case,975.9999999999999,12450,27.381627959082255,0.75,0.0,0.07839357429718874
FD004,1,15,0.1,none,0.0,oracle,26.999999999999996,249,25.586669987428543,0.0,0.0,0.10843373493975902
FD004,1,15,0.1,policy,,censored_as_failure,1349.9999999999998,12450,25.586669987428543,0.483,0.0,0.10843373493975902
FD004,1,15,0.1,policy,,complete_case,609.9999999999999,12450,28.64881688040092,0.483,0.0,0.04899598393574296
FD004,1,15,0.1,random,0.25,censored_as_failure,0.0,12450,220.2850726530612,0.2513,0.0,0.0
FD004,1,15,0.1,random,0.25,complete_case,1246.9999999999998,12450,25.946020400313124,0.2513,0.0,0.10016064257028111
FD004,1,15,0.1,random,0.5,censored_as_failure,0.0,12450,243.9930612244898,0.5011,0.0,0.0
FD004,1,15,0.1,random,0.5,complete_case,1223.9999999999998,12450,26.262480383887514,0.5011,0.0,0.09831325301204817
FD004,1,15,0.1,random,0.75,censored_as_failure,0.0,12450,243.9930612244898,0.7492000000000001,0.0,0.0
FD004,1,15,0.1,random,0.75,complete_case,1048.9999999999998,12450,28.17695671332651,0.7492000000000001,0.0,0.08425702811244978
FD004,1,15,0.2,administrative,0.25,censored_as_failure,75.0,12450,44.90639077965938,0.25,0.0,0.006024096385542169
FD004,1,15,0.2,administrative,0.25,complete_case,2396.0,12450,24.73222254263791,0.25,0.0,0.19244979919678715
FD004,1,15,0.2,administrative,0.5,censored_as_failure,0.0,12450,243.37273469387753,0.5,0.0,0.0
FD004,1,15,0.2,administrative,0.5,complete_case,2265.0,12450,24.782697222398472,0.5,0.0,0.1819277108433735
FD004,1,15,0.2,administrative,0.75,censored_as_failure,0.0,12450,244.78906122448979,0.75,0.796,0.0
FD004,1,15,0.2,administrative,0.75,complete_case,2006.0,12450,25.100566813748603,0.75,0.0,0.16112449799196787
FD004,1,15,0.2,none,0.0,oracle,53.0,249,24.516373032652105,0.0,0.0,0.21285140562248997
FD004,1,15,0.2,policy,,censored_as_failure,2650.0,12450,24.516373032652105,0.483,0.0,0.21285140562248997
FD004,1,15,0.2,policy,,complete_case,1307.9999999999998,12450,25.83548417124316,0.483,0.0,0.1050602409638554
FD004,1,15,0.2,random,0.25,censored_as_failure,130.0,12450,61.315917787636174,0.2513,0.0,0.010441767068273093
FD004,1,15,0.2,random,0.25,complete_case,2565.0,12450,24.630708771062224,0.2513,0.0,0.20602409638554217
FD004,1,15,0.2,random,0.5,censored_as_failure,0.0,12450,233.01489306122448,0.5011,0.0,0.0
FD004,1,15,0.2,random,0.5,complete_case,2512.0,12450,24.635877983277528,0.5011,0.0,0.20176706827309238
FD004,1,15,0.2,random,0.75,censored_as_failure,0.0,12450,243.9930612244898,0.7492000000000001,0.0,0.0
FD004,1,15,0.2,random,0.75,complete_case,2272.0,12450,25.088866354044573,0.7492000000000001,0.0,0.18248995983935742
FD004,2,0,0.05,administrative,0.25,censored_as_failure,0.0,12450,224.37803428571428,0.25,0.0,0.0
FD004,2,0,0.05,administrative,0.25,complete_case,833.9999999999998,12450,10.859585764459394,0.25,0.0,0.0669879518072289
FD004,2,0,0.05,administrative,0.5,censored_as_failure,0.0,12450,244.2850612244898,0.5,0.292,0.0
FD004,2,0,0.05,administrative,0.5,complete_case,811.9999999999998,12450,10.892448803869799,0.5,0.0,0.06522088353413653
FD004,2,0,0.05,administrative,0.75,censored_as_failure,0.0,12450,244.9930612244898,0.75,1.0,0.0
FD004,2,0,0.05,administrative,0.75,complete_case,803.9999999999998,12450,11.389850627341215,0.75,0.0,0.06457831325301203
FD004,2,0,0.05,none,0.0,oracle,15.999999999999996,249,10.95173042513336,0.0,0.0,0.06425702811244978
FD004,2,0,0.05,policy,,censored_as_failure,799.9999999999998,12450,10.95173042513336,0.4764,0.0,0.06425702811244978
FD004,2,0,0.05,policy,,complete_case,435.99999999999983,12450,14.042949619987372,0.4764,0.004,0.035020080321285126
FD004,2,0,0.05,random,0.25,censored_as_failure,0.0,12450,240.24634122448978,0.24775,0.0,0.0
FD004,2,0,0.05,random,0.25,complete_case,759.9999999999998,12450,11.208166165148414,0.24775,0.0,0.06104417670682729
FD004,2,0,0.05,random,0.5,censored_as_failure,0.0,12450,243.9930612244898,0.4963,0.0,0.0
FD004,2,0,0.05,random,0.5,complete_case,658.9999999999998,12450,11.777121171675386,0.4963,0.0,0.052931726907630504
FD004,2,0,0.05,random,0.75,censored_as_failure,0.0,12450,243.9930612244898,0.75195,0.0,0.0
FD004,2,0,0.05,random,0.75,complete_case,477.9999999999999,12450,100.3686254834938,0.75195,0.38,0.038393574297188746
FD004,2,0,0.1,administrative,0.25,censored_as_failure,0.0,12450,131.48711836734694,0.25,0.0,0.0
FD004,2,0,0.1,administrative,0.25,complete_case,1591.9999999999998,12450,8.72718790702597,0.25,0.0,0.1278714859437751
FD004,2,0,0.1,administrative,0.5,censored_as_failure,0.0,12450,244.0610612244898,0.5,0.068,0.0
FD004,2,0,0.1,administrative,0.5,complete_case,1557.9999999999998,12450,8.806402616226832,0.5,0.0,0.12514056224899597
FD004,2,0,0.1,administrative,0.75,censored_as_failure,0.0,12450,244.9930612244898,0.75,1.0,0.0
FD004,2,0,0.1,administrative,0.75,complete_case,1502.9999999999998,12450,9.05118499757833,0.75,0.0,0.12072289156626505
FD004,2,0,0.1,none,0.0,oracle,30.999999999999996,249,8.679584426513873,0.0,0.0,0.12449799196787147
FD004,2,0,0.1,policy,,censored_as_failure,1549.9999999999998,12450,8.679584426513873,0.4764,0.0,0.12449799196787147
FD004,2,0,0.1,policy,,complete_case,823.9999999999998,12450,10.9674987479841,0.4764,0.0,0.06618473895582327
FD004,2,0,0.1,random,0.25,censored_as_failure,0.0,12450,174.66069061224488,0.24775,0.0,0.0
FD004,2,0,0.1,random,0.25,complete_case,1541.9999999999998,12450,8.863566378721837,0.24775,0.0,0.12385542168674697
FD004,2,0,0.1,random,0.5,censored_as_failure,0.0,12450,243.42170122448977,0.4963,0.0,0.0
FD004,2,0,0.1,random,0.5,complete_case,1379.9999999999998,12450,9.332935557534357,0.4963,0.0,0.11084337349397588
FD004,2,0,0.1,random,0.75,censored_as_failure,0.0,12450,243.9930612244898,0.75195,0.0,0.0
FD004,2,0,0.1,random,0.75,complete_case,1230.9999999999998,12450,10.192192645660038,0.75195,0.0,0.0988755020080321
FD004,2,0,0.2,administrative,0.25,censored_as_failure,37.99999999999999,12450,29.03625727005943,0.25,0.0,0.003052208835341365
FD004,2,0,0.2,administrative,0.25,complete_case,2684.0,12450,6.690658951194389,0.25,0.0,0.2155823293172691
FD004,2,0,0.2,administrative,0.5,censored_as_failure,0.0,12450,240.41112489795918,0.5,0.004,0.0
FD004,2,0,0.2,administrative,0.5,complete_case,2690.0,12450,6.58971703383921,0.5,0.0,0.21606425702811244
FD004,2,0,0.2,administrative,0.75,censored_as_failure,0.0,12450,244.88906122448978,0.75,0.896,0.0
FD004,2,0,0.2,administrative,0.75,complete_case,2790.0,12450,6.762357294467962,0.75,0.0,0.22409638554216868
FD004,2,0,0.2,none,0.0,oracle,55.0,249,6.436266149870801,0.0,0.0,0.22088353413654618
FD004,2,0,0.2,policy,,censored_as_failure,2750.0,12450,6.436266149870801,0.4764,0.0,0.22088353413654618
FD004,2,0,0.2,policy,,complete_case,1593.0,12450,8.676853560609684,0.4764,0.0,0.12795180722891566
FD004,2,0,0.2,random,0.25,censored_as_failure,127.99999999999997,12450,38.21988197759276,0.24775,0.0,0.010281124497991966
FD004,2,0,0.2,random,0.25,complete_case,2655.0,12450,6.792604758630327,0.24775,0.0,0.21325301204819277
FD004,2,0,0.2,random,0.5,censored_as_failure,0.0,12450,184.58484734693877,0.4963,0.0,0.0
FD004,2,0,0.2,random,0.5,complete_case,2758.0,12450,6.914053098629876,0.4963,0.0,0.22152610441767068
FD004,2,0,0.2,random,0.75,censored_as_failure,0.0,12450,243.41910204081634,0.75195,0.0,0.0
FD004,2,0,0.2,random,0.75,complete_case,2641.0,12450,7.147312177710722,0.75195,0.0,0.2121285140562249
FD004,2,5,0.05,administrative,0.25,censored_as_failure,0.0,12450,234.0523608163265,0.25,0.0,0.0
FD004,2,5,0.05,administrative,0.25,complete_case,466.99999999999983,12450,17.63162795509323,0.25,0.0,0.037510040160642556
FD004,2,5,0.05,administrative,0.5,censored_as_failure,0.0,12450,244.3490612244898,0.5,0.356,0.0
FD004,2,5,0.05,administrative,0.5,complete_case,471.99999999999983,12450,17.775907071652927,0.5,0.0,0.03791164658634537
FD004,2,5,0.05,administrative,0.75,censored_as_failure,0.0,12450,244.9930612244898,0.75,1.0,0.0
FD004,2,5,0.05,administrative,0.75,complete_case,460.9999999999999,12450,18.70892510078825,0.75,0.0,0.037028112449799186
FD004,2,5,0.05,none,0.0,oracle,9.999999999999996,249,17.24606625258799,0.0,0.0,0.04016064257028111
FD004,2,5,0.05,policy,,censored_as_failure,499.99999999999983,12450,17.246066252587994,0.49335,0.0,0.04016064257028111
FD004,2,5,0.05,policy,,complete_case,217.9999999999999,12450,23.666954365572316,0.49335,0.016,0.017510040160642563
FD004,2,5,0.05,random,0.25,censored_as_failure,0.0,12450,241.0374612244898,0.2519,0.0,0.0
FD004,2,5,0.05,random,0.25,complete_case,436.99999999999983,12450,17.896564438843686,0.2519,0.0,0.03510040160642569
FD004,2,5,0.05,random,0.5,censored_as_failure,0.0,12450,243.9930612244898,0.5028,0.0,0.0
FD004,2,5,0.05,random,0.5,complete_case,432.99999999999983,12450,18.413456404060238,0.5028,0.0,0.03477911646586344
FD004,2,5,0.05,random,0.75,censored_as_failure,0.0,12450,243.9930612244898,0.7555499999999999,0.0,0.0
FD004,2,5,0.05,random,0.75,complete_case,332.9999999999999,12450,107.79571144012215,0.7555499999999999,0.396,0.02674698795180722
FD004,2,5,0.1,administrative,0.25,censored_as_failure,0.0,12450,140.21293387755102,0.25,0.0,0.0
FD004,2,5,0.1,administrative,0.25,complete_case,1032.9999999999998,12450,15.159072324358652,0.25,0.0,0.08297188755020078
FD004,2,5,0.1,administrative,0.5,censored_as_failure,0.0,12450,244.1050612244898,0.5,0.112,0.0
FD004,2,5,0.1,administrative,0.5,complete_case,1028.9999999999998,12450,15.350466328167819,0.5,0.0,0.08265060240963853
FD004,2,5,0.1,administrative,0.75,censored_as_failure,0.0,12450,244.9930612244898,0.75,1.0,0.0
FD004,2,5,0.1,administrative,0.75,complete_case,1102.9999999999998,12450,15.701198272642417,0.75,0.0,0.08859437751004014
FD004,2,5,0.1,none,0.0,oracle,20.999999999999996,249,15.024835029293865,0.0,0.0,0.08433734939759034
FD004,2,5,0.1,policy,,censored_as_failure,1049.9999999999998,12450,15.024835029293863,0.49335,0.0,0.08433734939759034
FD004,2,5,0.1,policy,,complete_case,476.99999999999983,12450,17.67005780720799,0.49335,0.0,0.03831325301204818
FD004,2,5,0.1,random,0.25,censored_as_failure,1.0,12450,195.03428244897958,0.2519,0.0,8.032128514056225e-05
FD004,2,5,0.1,random,0.25,complete_case,1000.9999999999998,12450,15.304438695950237,0.2519,0.0,0.08040160642570279
FD004,2,5,0.1,random,0.5,censored_as_failure,0.0,12450,243.9930612244898,0.5028,0.0,0.0
FD004,2,5,0.1,random,0.5,complete_case,968.9999999999999,12450,15.677074324280804,0.5028,0.0,0.0778313253012048
FD004,2,5,0.1,random,0.75,censored_as_failure,0.0,12450,243.9930612244898,0.7555499999999999,0.0,0.0
FD004,2,5,0.1,random,0.75,complete_case,918.9999999999999,12450,16.468585632612527,0.7555499999999999,0.0,0.0738152610441767
FD004,2,5,0.2,administrative,0.25,censored_as_failure,32.999999999999986,12450,35.1196987133984,0.25,0.0,0.0026506024096385533
FD004,2,5,0.2,administrative,0.25,complete_case,2476.0,12450,13.285549889589932,0.25,0.0,0.19887550200803214
FD004,2,5,0.2,administrative,0.5,censored_as_failure,0.0,12450,243.9930612244898,0.5,0.0,0.0
FD004,2,5,0.2,administrative,0.5,complete_case,2387.0,12450,13.380903543164207,0.5,0.0,0.19172690763052208
FD004,2,5,0.2,administrative,0.75,censored_as_failure,0.0,12450,244.87706122448978,0.75,0.884,0.0
FD004,2,5,0.2,administrative,0.75,complete_case,2385.0,12450,13.716547715251897,0.75,0.0,0.19156626506024096
FD004,2,5,0.2,none,0.0,oracle,51.0,249,13.264768934531451,0.0,0.0,0.20481927710843373
FD004,2,5,0.2,policy,,censored_as_failure,2548.0,12450,13.268179460847241,0.49335,0.0,0.2046586345381526
FD004,2,5,0.2,policy,,complete_case,1093.9999999999998,12450,15.274400307407634,0.49335,0.0,0.08787148594377509
FD004,2,5,0.2,random,0.25,censored_as_failure,72.99999999999997,12450,45.24595981007759,0.2519,0.0,0.005863453815261042
FD004,2,5,0.2,random,0.25,complete_case,2379.0,12450,13.326762973688693,0.2519,0.0,0.1910843373493976
FD004,2,5,0.2,random,0.5,censored_as_failure,0.0,12450,205.40936163265306,0.5028,0.0,0.0
FD004,2,5,0.2,random,0.5,complete_case,2395.0,12450,13.413537089997403,0.5028,0.0,0.19236947791164657
FD004,2,5,0.2,random,0.75,censored_as_failure,0.0,12450,243.9930612244898,0.7555499999999999,0.0,0.0
FD004,2,5,0.2,random,0.75,complete_case,2282.0,12450,13.870262023991991,0.7555499999999999,0.0,0.18329317269076306
FD004,2,10,0.05,administrative,0.25,censored_as_failure,0.0,12450,239.05393959183672,0.25,0.0,0.0
FD004,2,10,0.05,administrative,0.25,complete_case,508.9999999999999,12450,22.469732194702793,0.25,0.0,0.040883534136546176
FD004,2,10,0.05,administrative,0.5,censored_as_failure,0.0,12450,244.4210612244898,0.5,0.428,0.0
FD004,2,10,0.05,administrative,0.5,complete_case,440.9999999999999,12450,23.85028539438639,0.5,0.0,0.035421686746987945
FD004,2,10,0.05,administrative,0.75,censored_as_failure,0.0,12450,244.9930612244898,0.75,1.0,0.0
FD004,2,10,0.05,administrative,0.75,complete_case,447.99999999999994,12450,24.958607474716654,0.75,0.0,0.03598393574297188
FD004,2,10,0.05,none,0.0,oracle,11.999999999999996,249,22.06528723404255,0.0,0.0,0.04819277108433734
FD004,2,10,0.05,policy,,censored_as_failure,599.9999999999998,12450,22.065287234042554,0.49515,0.0,0.04819277108433733
FD004,2,10,0.05,policy,,complete_case,113.99999999999997,12450,27.868427611810684,0.49515,0.0,0.009156626506024093
FD004,2,10,0.05,random,0.25,censored_as_failure,0.0,12450,242.138533877551,0.2547,0.0,0.0
FD004,2,10,0.05,random,0.25,complete_case,488.9999999999999,12450,23.254238157355616,0.2547,0.0,0.03927710843373493
FD004,2,10,0.05,random,0.5,censored_as_failure,0.0,12450,243.9930612244898,0.49710000000000004,0.0,0.0
FD004,2,10,0.05,random,0.5,complete_case,420.9999999999999,12450,24.565689669280545,0.49710000000000004,0.0,0.033815261044176696
FD004,2,10,0.05,random,0.75,censored_as_failure,0.0,12450,243.9930612244898,0.7496,0.0,0.0
FD004,2,10,0.05,random,0.75,complete_case,303.99999999999994,12450,96.03186677324004,0.7496,0.324,0.02441767068273092
FD004,2,10,0.1,administrative,0.25,censored_as_failure,0.0,12450,168.0667918367347,0.25,0.0,0.0
FD004,2,10,0.1,administrative,0.25,complete_case,995.9999999999999,12450,20.759184428376436,0.25,0.0,0.07999999999999999
FD004,2,10,0.1,administrative,0.5,censored_as_failure,0.0,12450,244.1410612244898,0.5,0.148,0.0
FD004,2,10,0.1,administrative,0.5,complete_case,1004.9999999999999,12450,20.892054156880544,0.5,0.0,0.08072289156626505
FD004,2,10,0.1,administrative,0.75,censored_as_failure,0.0,12450,244.9930612244898,0.75,1.0,0.0
FD004,2,10,0.1,administrative,0.75,complete_case,1070.9999999999998,12450,21.290536918349424,0.75,0.0,0.08602409638554215
FD004,2,10,0.1,none,0.0,oracle,20.999999999999996,249,20.56436280340073,0.0,0.0,0.08433734939759034
FD004,2,10,0.1,policy,,censored_as_failure,1049.9999999999998,12450,20.56436280340073,0.49515,0.0,0.08433734939759034
FD004,2,10,0.1,policy,,complete_case,494.9999999999999,12450,23.118701280543167,0.49515,0.0,0.039759036144578305
FD004,2,10,0.1,random,0.25,censored_as_failure,0.0,12450,209.34605877551022,0.2547,0.0,0.0
FD004,2,10,0.1,random,0.25,complete_case,965.9999999999999,12450,20.824180741897635,0.2547,0.0,0.07759036144578313
FD004,2,10,0.1,random,0.5,censored_as_failure,0.0,12450,243.9930612244898,0.49710000000000004,0.0,0.0
FD004,2,10,0.1,random,0.5,complete_case,963.9999999999999,12450,21.036284837853803,0.49710000000000004,0.0,0.077429718875502
FD004,2,10,0.1,random,0.75,censored_as_failure,0.0,12450,243.9930612244898,0.7496,0.0,0.0
FD004,2,10,0.1,random,0.75,complete_case,814.9999999999999,12450,22.349717224561864,0.7496,0.0,0.06546184738955822
FD004,2,10,0.2,administrative,0.25,censored_as_failure,35.0,12450,41.59634002605297,0.25,0.0,0.002811244979919679
FD004,2,10,0.2,administrative,0.25,complete_case,2224.0,12450,19.3761302094336,0.25,0.0,0.17863453815261043
FD004,2,10,0.2,administrative,0.5,censored_as_failure,0.0,12450,242.80031020408163,0.5,0.0,0.0
FD004,2,10,0.2,administrative,0.5,complete_case,2115.0,12450,19.416034067805576,0.5,0.0,0.16987951807228915
FD004,2,10,0.2,administrative,0.75,censored_as_failure,0.0,12450,244.9050612244898,0.75,0.912,0.0
FD004,2,10,0.2,administrative,0.75,complete_case,2185.0,12450,19.575317441381745,0.75,0.0,0.1755020080321285
FD004,2,10,0.2,none,0.0,oracle,47.0,249,19.33219274747252,0.0,0.0,0.18875502008032127
FD004,2,10,0.2,policy,,censored_as_failure,2350.0,12450,19.33219274747252,0.49515,0.0,0.18875502008032127
FD004,2,10,0.2,policy,,complete_case,1026.9999999999998,12450,20.74364089558977,0.49515,0.0,0.0824899598393574
FD004,2,10,0.2,random,0.25,censored_as_failure,62.999999999999986,12450,54.02273664134025,0.2547,0.0,0.0050602409638554205
FD004,2,10,0.2,random,0.25,complete_case,2251.0,12450,19.334552694394198,0.2547,0.0,0.18080321285140563
FD004,2,10,0.2,random,0.5,censored_as_failure,0.0,12450,214.97825306122448,0.49710000000000004,0.0,0.0
FD004,2,10,0.2,random,0.5,complete_case,2206.0,12450,19.42642895231722,0.49710000000000004,0.0,0.17718875502008033
FD004,2,10,0.2,random,0.75,censored_as_failure,0.0,12450,243.9930612244898,0.7496,0.0,0.0
FD004,2,10,0.2,random,0.75,complete_case,2094.0,12450,19.560349213527484,0.7496,0.0,0.16819277108433736
FD004,2,15,0.05,administrative,0.25,censored_as_failure,0.0,12450,242.23464653061222,0.25,0.0,0.0
FD004,2,15,0.05,administrative,0.25,complete_case,479.9999999999999,12450,29.34740997633836,0.25,0.0,0.03855421686746987
FD004,2,15,0.05,administrative,0.5,censored_as_failure,0.0,12450,244.4810612244898,0.5,0.488,0.0
FD004,2,15,0.05,administrative,0.5,complete_case,424.99999999999994,12450,30.016330033513928,0.5,0.0,0.03413654618473895
FD004,2,15,0.05,administrative,0.75,censored_as_failure,0.0,12450,244.9930612244898,0.75,1.0,0.0
FD004,2,15,0.05,administrative,0.75,complete_case,407.99999999999994,12450,31.58204065763891,0.75,0.0,0.03277108433734939
FD004,2,15,0.05,none,0.0,oracle,8.999999999999998,249,28.824922275293098,0.0,0.0,0.036144578313253004
FD004,2,15,0.05,policy,,censored_as_failure,449.9999999999999,12450,28.824922275293094,0.51505,0.0,0.036144578313253004
FD004,2,15,0.05,policy,,complete_case,125.0,12450,34.08270133738602,0.51505,0.0,0.010040160642570281
FD004,2,15,0.05,random,0.25,censored_as_failure,0.0,12450,243.416,0.25415,0.0,0.0
FD004,2,15,0.05,random,0.25,complete_case,400.99999999999994,12450,30.022379494337358,0.25415,0.0,0.032208835341365455
FD004,2,15,0.05,random,0.5,censored_as_failure,0.0,12450,243.9930612244898,0.50355,0.0,0.0
FD004,2,15,0.05,random,0.5,complete_case,351.99999999999994,12450,31.417691963338886,0.50355,0.0,0.028273092369477906
FD004,2,15,0.05,random,0.75,censored_as_failure,0.0,12450,243.9930612244898,0.7517999999999999,0.0,0.0
FD004,2,15,0.05,random,0.75,complete_case,295.99999999999994,12450,104.72070387140876,0.7517999999999999,0.344,0.023775100401606422
FD004,2,15,0.1,administrative,0.25,censored_as_failure,0.0,12450,181.75733061224489,0.25,0.0,0.0
FD004,2,15,0.1,administrative,0.25,complete_case,967.9999999999998,12450,26.183095444794734,0.25,0.0,0.07775100401606423
FD004,2,15,0.1,administrative,0.5,censored_as_failure,0.0,12450,244.1650612244898,0.5,0.172,0.0
FD004,2,15,0.1,administrative,0.5,complete_case,877.9999999999999,12450,26.58596196003134,0.5,0.0,0.07052208835341364
FD004,2,15,0.1,administrative,0.75,censored_as_failure,0.0,12450,244.9930612244898,0.75,1.0,0.0
FD004,2,15,0.1,administrative,0.75,complete_case,807.9999999999999,12450,27.79124854355833,0.75,0.0,0.06489959839357429
FD004,2,15,0.1,none,0.0,oracle,20.999999999999996,249,26.036221574172266,0.0,0.0,0.08433734939759034
FD004,2,15,0.1,policy,,censored_as_failure,1049.9999999999998,12450,26.036221574172266,0.51505,0.0,0.08433734939759034
FD004,2,15,0.1,policy,,complete_case,440.9999999999999,12450,29.743943763165458,0.51505,0.0,0.035421686746987945
FD004,2,15,0.1,random,0.25,censored_as_failure,0.0,12450,213.82142530612242,0.25415,0.0,0.0
FD004,2,15,0.1,random,0.25,complete_case,939.9999999999998,12450,26.373431887490824,0.25415,0.0,0.07550200803212849
FD004,2,15,0.1,random,0.5,censored_as_failure,0.0,12450,243.9930612244898,0.50355,0.0,0.0
FD004,2,15,0.1,random,0.5,complete_case,912.9999999999999,12450,26.784383932671982,0.50355,0.0,0.07333333333333332
FD004,2,15,0.1,random,0.75,censored_as_failure,0.0,12450,243.9930612244898,0.7517999999999999,0.0,0.0
FD004,2,15,0.1,random,0.75,complete_case,827.9999999999999,12450,30.165897591472508,0.7517999999999999,0.008,0.06650602409638554
FD004,2,15,0.2,administrative,0.25,censored_as_failure,57.0,12450,46.7448152424374,0.25,0.0,0.0045783132530120485
FD004,2,15,0.2,administrative,0.25,complete_case,2125.0,12450,24.855780260015905,0.25,0.0,0.1706827309236948
FD004,2,15,0.2,administrative,0.5,censored_as_failure,0.0,12450,243.42016326530612,0.5,0.0,0.0
FD004,2,15,0.2,administrative,0.5,complete_case,2077.0,12450,24.933560335728473,0.5,0.0,0.1668273092369478
FD004,2,15,0.2,administrative,0.75,censored_as_failure,0.0,12450,244.92506122448978,0.75,0.932,0.0
FD004,2,15,0.2,administrative,0.75,complete_case,1912.9999999999998,12450,25.22471626776199,0.75,0.0,0.15365461847389555
FD004,2,15,0.2,none,0.0,oracle,44.0,249,24.559314759767638,0.0,0.0,0.17670682730923695
FD004,2,15,0.2,policy,,censored_as_failure,2200.0,12450,24.559314759767638,0.51505,0.0,0.17670682730923695
FD004,2,15,0.2,policy,,complete_case,1006.9999999999999,12450,26.361623299052436,0.51505,0.0,0.08088353413654617
FD004,2,15,0.2,random,0.25,censored_as_failure,108.99999999999999,12450,66.1989382231413,0.25415,0.0,0.008755020080321285
FD004,2,15,0.2,random,0.25,complete_case,2182.0,12450,24.767308706301602,0.25415,0.0,0.17526104417670682
FD004,2,15,0.2,random,0.5,censored_as_failure,0.0,12450,227.99602775510203,0.50355,0.0,0.0
FD004,2,15,0.2,random,0.5,complete_case,2171.0,12450,24.8631940017654,0.50355,0.0,0.17437751004016064
FD004,2,15,0.2,random,0.75,censored_as_failure,0.0,12450,243.9930612244898,0.7517999999999999,0.0,0.0
FD004,2,15,0.2,random,0.75,complete_case,2121.0,12450,25.214659602898614,0.7517999999999999,0.0,0.17036144578313253
NCMAPSS,0,0,0.05,administrative,0.25,censored_as_failure,24.999999999999993,4950,31.185791812865496,0.25,0.0,0.005050505050505049
NCMAPSS,0,0,0.05,administrative,0.25,complete_case,179.99999999999997,4950,20.222909941520467,0.25,0.0,0.036363636363636355
NCMAPSS,0,0,0.05,administrative,0.5,censored_as_failure,0.0,4950,53.181947368421056,0.5,0.0,0.0
NCMAPSS,0,0,0.05,administrative,0.5,complete_case,0.0,4950,74.48947368421052,0.5,1.0,0.0
NCMAPSS,0,0,0.05,administrative,0.75,censored_as_failure,0.0,4950,70.95524210526315,0.75,0.404,0.0
NCMAPSS,0,0,0.05,administrative,0.75,complete_case,0.0,4950,74.48947368421052,0.75,1.0,0.0
NCMAPSS,0,0,0.05,none,0.0,oracle,2.9999999999999996,99,20.797719298245614,0.0,0.0,0.030303030303030297
NCMAPSS,0,0,0.05,policy,,censored_as_failure,149.99999999999997,4950,20.797719298245614,0.489625,0.0,0.030303030303030297
NCMAPSS,0,0,0.05,policy,,complete_case,54.99999999999999,4950,52.718326315789476,0.489625,0.596,0.01111111111111111
NCMAPSS,0,0,0.05,random,0.25,censored_as_failure,0.0,4950,50.73893684210526,0.250375,0.0,0.0
NCMAPSS,0,0,0.05,random,0.25,complete_case,217.99999999999997,4950,20.341868799449603,0.250375,0.016,0.04404040404040403
NCMAPSS,0,0,0.05,random,0.5,censored_as_failure,0.0,4950,55.783,0.489125,0.0,0.0
NCMAPSS,0,0,0.05,random,0.5,complete_case,48.99999999999999,4950,62.47931861025112,0.489125,0.784,0.009898989898989897
NCMAPSS,0,0,0.05,random,0.75,censored_as_failure,0.0,4950,57.22612631578947,0.737625,0.0,0.0
NCMAPSS,0,0,0.05,random,0.75,complete_case,0.0,4950,74.48947368421052,0.737625,1.0,0.0
NCMAPSS,0,0,0.1,administrative,0.25,censored_as_failure,141.99999999999997,4950,22.97608888888889,0.25,0.0,0.02868686868686868
NCMAPSS,0,0,0.1,administrative,0.25,complete_case,399.99999999999994,4950,16.170454162366703,0.25,0.0,0.0808080808080808
NCMAPSS,0,0,0.1,administrative,0.5,censored_as_failure,2.999999999999999,4950,43.31858011695906,0.5,0.0,0.0006060606060606058
NCMAPSS,0,0,0.1,administrative,0.5,complete_case,238.99999999999997,4950,19.14977560568087,0.5,0.0,0.048282828282828275
NCMAPSS,0,0,0.1,administrative,0.75,censored_as_failure,0.0,4950,65.88998947368421,0.75,0.172,0.0
NCMAPSS,0,0,0.1,administrative,0.75,complete_case,0.0,4950,74.48947368421052,0.75,1.0,0.0
NCMAPSS,0,0,0.1,none,0.0,oracle,9.0,99,14.749634502923977,0.0,0.0,0.09090909090909091
NCMAPSS,0,0,0.1,policy,,censored_as_failure,450.0,4950,14.749634502923977,0.489625,0.0,0.09090909090909091
NCMAPSS,0,0,0.1,policy,,complete_case,230.99999999999997,4950,23.59198596491228,0.489625,0.08,0.04666666666666666
NCMAPSS,0,0,0.1,random,0.25,censored_as_failure,20.999999999999996,4950,35.713919298245614,0.250375,0.0,0.004242424242424242
NCMAPSS,0,0,0.1,random,0.25,complete_case,465.99999999999994,4950,15.327006155093617,0.250375,0.0,0.09414141414141412
NCMAPSS,0,0,0.1,random,0.5,censored_as_failure,0.0,4950,46.06314736842105,0.489125,0.0,0.0
NCMAPSS,0,0,0.1,random,0.5,complete_case,363.99999999999994,4950,16.572758082371703,0.489125,0.0,0.07353535353535352
NCMAPSS,0,0,0.1,random,0.75,censored_as_failure,0.0,4950,49.02201052631579,0.737625,0.0,0.0
NCMAPSS,0,0,0.1,random,0.75,complete_case,221.99999999999997,4950,46.22361076465674,0.737625,0.524,0.044848484848484846
NCMAPSS,0,0,0.2,administrative,0.25,censored_as_failure,416.99999999999994,4950,15.597834021327829,0.25,0.0,0.08424242424242423
NCMAPSS,0,0,0.2,administrative,0.25,complete_case,1113.0,4950,7.696245634138823,0.25,0.0,0.22484848484848485
NCMAPSS,0,0,0.2,administrative,0.5,censored_as_failure,30.999999999999993,4950,32.60229707602339,0.5,0.0,0.006262626262626261
NCMAPSS,0,0,0.2,administrative,0.5,complete_case,873.9999999999999,4950,10.092096900004021,0.5,0.0,0.17656565656565654
NCMAPSS,0,0,0.2,administrative,0.75,censored_as_failure,0.0,4950,57.00577894736843,0.75,0.02,0.0
NCMAPSS,0,0,0.2,administrative,0.75,complete_case,493.99999999999994,4950,15.184678086705176,0.75,0.0,0.09979797979797979
NCMAPSS,0,0,0.2,none,0.0,oracle,22.0,99,7.510614035087718,0.0,0.0,0.2222222222222222
NCMAPSS,0,0,0.2,policy,,censored_as_failure,1100.0,4950,7.51061403508772,0.489625,0.0,0.2222222222222222
NCMAPSS,0,0,0.2,policy,,complete_case,482.99999999999994,4950,14.587359236326108,0.489625,0.0,0.09757575757575757
NCMAPSS,0,0,0.2,random,0.25,censored_as_failure,201.99999999999997,4950,21.795745958032338,0.250375,0.0,0.0408080808080808
NCMAPSS,0,0,0.2,random,0.25,complete_case,1144.0,4950,7.821780366692131,0.250375,0.0,0.2311111111111111
NCMAPSS,0,0,0.2,random,0.5,censored_as_failure,11.999999999999998,4950,34.647583625730995,0.489125,0.0,0.002424242424242424
NCMAPSS,0,0,0.2,random,0.5,complete_case,994.9999999999999,4950,9.394696316325573,0.489125,0.0,0.201010101010101
NCMAPSS,0,0,0.2,random,0.75,censored_as_failure,0.0,4950,40.743357894736846,0.737625,0.0,0.0
NCMAPSS,0,0,0.2,random,0.75,complete_case,768.0,4950,13.572780479358961,0.737625,0.02,0.15515151515151515
NCMAPSS,0,5,0.05,administrative,0.25,censored_as_failure,54.0,4950,37.07563040935673,0.25,0.0,0.01090909090909091
NCMAPSS,0,5,0.05,administrative,0.25,complete_case,302.0,4950,24.783411764705882,0.25,0.0,0.06101010101010101
NCMAPSS,0,5,0.05,administrative,0.5,censored_as_failure,0.0,4950,57.86207368421053,0.5,0.004,0.0
NCMAPSS,0,5,0.05,administrative,0.5,complete_case,0.0,4950,74.48947368421052,0.5,1.0,0.0
NCMAPSS,0,5,0.05,administrative,0.75,censored_as_failure,0.0,4950,72.70887368421053,0.75,0.616,0.0
NCMAPSS,0,5,0.05,administrative,0.75,complete_case,0.0,4950,74.48947368421052,0.75,1.0,0.0
NCMAPSS,0,5,0.05,none,0.0,oracle,6.0,99,25.130994152046785,0.0,0.0,0.06060606060606061
NCMAPSS,0,5,0.05,policy,,censored_as_failure,300.0,4950,25.130994152046785,0.481625,0.0,0.06060606060606061
NCMAPSS,0,5,0.05,policy,,complete_case,93.99999999999999,4950,59.523271345029244,0.481625,0.692,0.018989898989898987
NCMAPSS,0,5,0.05,random,0.25,censored_as_failure,3.0,4950,56.2391216374269,0.250375,0.0,0.0006060606060606061
NCMAPSS,0,5,0.05,random,0.25,complete_case,311.0,4950,24.966981198093272,0.250375,0.012,0.06282828282828283
NCMAPSS,0,5,0.05,random,0.5,censored_as_failure,0.0,4950,60.124852631578946,0.501,0.0,0.0
NCMAPSS,0,5,0.05,random,0.5,complete_case,53.99999999999999,4950,65.94182456140351,0.501,0.832,0.010909090909090908
NCMAPSS,0,5,0.05,random,0.75,censored_as_failure,0.0,4950,62.02770526315789,0.757625,0.0,0.0
NCMAPSS,0,5,0.05,random,0.75,complete_case,0.0,4950,74.48947368421052,0.757625,1.0,0.0
NCMAPSS,0,5,0.1,administrative,0.25,censored_as_failure,189.0,4950,27.92921864465084,0.25,0.0,0.038181818181818185
NCMAPSS,0,5,0.1,administrative,0.25,complete_case,352.0,4950,21.51877568922306,0.25,0.0,0.07111111111111111
NCMAPSS,0,5,0.1,administrative,0.5,censored_as_failure,2.0,4950,48.1728,0.5,0.004,0.00040404040404040404
NCMAPSS,0,5,0.1,administrative,0.5,complete_case,332.0,4950,23.826621824168264,0.5,0.0,0.06707070707070707
NCMAPSS,0,5,0.1,administrative,0.75,censored_as_failure,0.0,4950,69.10736842105263,0.75,0.372,0.0
NCMAPSS,0,5,0.1,administrative,0.75,complete_case,0.0,4950,74.48947368421052,0.75,1.0,0.0
NCMAPSS,0,5,0.1,none,0.0,oracle,10.0,99,19.620235638114895,0.0,0.0,0.10101010101010101
NCMAPSS,0,5,0.1,policy,,censored_as_failure,499.99999999999994,4950,19.62023563811489,0.481625,0.0,0.101010101010101
NCMAPSS,0,5,0.1,policy,,complete_case,294.0,4950,24.919043274853802,0.481625,0.016,0.059393939393939395
NCMAPSS,0,5,0.1,random,0.25,censored_as_failure,36.0,4950,41.27025029239766,0.250375,0.0,0.007272727272727273
NCMAPSS,0,5,0.1,random,0.25,complete_case,403.99999999999994,4950,21.004458717873113,0.250375,0.0,0.0816161616161616
NCMAPSS,0,5,0.1,random,0.5,censored_as_failure,0.0,4950,50.3049052631579,0.501,0.0,0.0
NCMAPSS,0,5,0.1,random,0.5,complete_case,393.99999999999994,4950,22.534646722197653,0.501,0.004,0.07959595959595958
NCMAPSS,0,5,0.1,random,0.75,censored_as_failure,0.0,4950,54.304778947368426,0.757625,0.0,0.0
NCMAPSS,0,5,0.1,random,0.75,complete_case,176.0,4950,57.03413493805816,0.757625,0.668,0.035555555555555556
NCMAPSS,0,5,0.2,administrative,0.25,censored_as_failure,370.99999999999994,4950,21.596799756744804,0.25,0.0,0.07494949494949493
NCMAPSS,0,5,0.2,administrative,0.25,complete_case,1024.0,4950,15.974352408427485,0.25,0.0,0.20686868686868687
NCMAPSS,0,5,0.2,administrative,0.5,censored_as_failure,40.0,4950,38.22178947368421,0.5,0.0,0.00808080808080808
NCMAPSS,0,5,0.2,administrative,0.5,complete_case,845.0,4950,17.177512013098703,0.5,0.0,0.1707070707070707
NCMAPSS,0,5,0.2,administrative,0.75,censored_as_failure,0.0,4950,61.00310526315789,0.75,0.048,0.0
NCMAPSS,0,5,0.2,administrative,0.75,complete_case,440.99999999999994,4950,22.04878852032041,0.75,0.0,0.08909090909090908
NCMAPSS,0,5,0.2,none,0.0,oracle,21.0,99,16.309254385964913,0.0,0.0,0.21212121212121213
NCMAPSS,0,5,0.2,policy,,censored_as_failure,1050.0,4950,16.309254385964913,0.481625,0.0,0.21212121212121213
NCMAPSS,0,5,0.2,policy,,complete_case,501.99999999999994,4950,19.88993137254902,0.481625,0.0,0.1014141414141414
NCMAPSS,0,5,0.2,random,0.25,censored_as_failure,248.99999999999997,4950,27.86460248660868,0.250375,0.0,0.050303030303030294
NCMAPSS,0,5,0.2,random,0.25,complete_case,1042.0,4950,15.874134100849272,0.250375,0.0,0.2105050505050505
NCMAPSS,0,5,0.2,random,0.5,censored_as_failure,12.999999999999998,4950,40.261221052631576,0.501,0.0,0.002626262626262626
NCMAPSS,0,5,0.2,random,0.5,complete_case,939.0,4950,16.57383116347017,0.501,0.0,0.1896969696969697
NCMAPSS,0,5,0.2,random,0.75,censored_as_failure,0.0,4950,47.02385263157895,0.757625,0.0,0.0
NCMAPSS,0,5,0.2,random,0.75,complete_case,845.0,4950,19.477113651398483,0.757625,0.024,0.1707070707070707
NCMAPSS,0,10,0.05,administrative,0.25,censored_as_failure,13.0,4950,43.2284350877193,0.25,0.0,0.0026262626262626263
NCMAPSS,0,10,0.05,administrative,0.25,complete_case,157.99999999999997,4950,34.966801169590646,0.25,0.0,0.03191919191919192
NCMAPSS,0,10,0.05,administrative,0.5,censored_as_failure,0.0,4950,62.17115789473684,0.5,0.032,0.0
NCMAPSS,0,10,0.05,administrative,0.5,complete_case,0.0,4950,74.48947368421052,0.5,1.0,0.0
NCMAPSS,0,10,0.05,administrative,0.75,censored_as_failure,0.0,4950,73.82304210526316,0.75,0.86,0.0
NCMAPSS,0,10,0.05,administrative,0.75,complete_case,0.0,4950,74.48947368421052,0.75,1.0,0.0
NCMAPSS,0,10,0.05,none,0.0,oracle,2.9999999999999996,99,35.31438596491228,0.0,0.0,0.030303030303030297
NCMAPSS,0,10,0.05,policy,,censored_as_failure,149.99999999999997,4950,35.31438596491228,0.4775,0.0,0.030303030303030297
NCMAPSS,0,10,0.05,policy,,complete_case,37.0,4950,64.15958596491228,0.4775,0.732,0.007474747474747475
NCMAPSS,0,10,0.05,random,0.25,censored_as_failure,0.0,4950,60.04434736842106,0.250875,0.0,0.0
NCMAPSS,0,10,0.05,random,0.25,complete_case,232.99999999999997,4950,33.91060526315789,0.250875,0.012,0.04707070707070706
NCMAPSS,0,10,0.05,random,0.5,censored_as_failure,0.0,4950,64.61687368421053,0.507625,0.0,0.0
NCMAPSS,0,10,0.05,random,0.5,complete_case,41.99999999999999,4950,66.96048771929824,0.507625,0.82,0.008484848484848484
NCMAPSS,0,10,0.05,random,0.75,censored_as_failure,0.0,4950,65.9867052631579,0.7585,0.0,0.0
NCMAPSS,0,10,0.05,random,0.75,complete_case,0.0,4950,74.48947368421052,0.7585,1.0,0.0
NCMAPSS,0,10,0.1,administrative,0.25,censored_as_failure,178.0,4950,33.768581286549704,0.25,0.0,0.03595959595959596
NCMAPSS,0,10,0.1,administrative,0.25,complete_case,436.99999999999994,4950,28.723878758169935,0.25,0.0,0.08828282828282827
NCMAPSS,0,10,0.1,administrative,0.5,censored_as_failure,0.0,4950,53.51790526315789,0.5,0.004,0.0
NCMAPSS,0,10,0.1,administrative,0.5,complete_case,223.99999999999997,4950,33.5342217750258,0.5,0.0,0.045252525252525246
NCMAPSS,0,10,0.1,administrative,0.75,censored_as_failure,0.0,4950,71.7206947368421,0.75,0.596,0.0
NCMAPSS,0,10,0.1,administrative,0.75,complete_case,0.0,4950,74.48947368421052,0.75,1.0,0.0
NCMAPSS,0,10,0.1,none,0.0,oracle,10.999999999999998,99,28.264692982456143,0.0,0.0,0.11111111111111109
NCMAPSS,0,10,0.1,policy,,censored_as_failure,549.9999999999999,4950,28.26469298245614,0.4775,0.0,0.11111111111111109
NCMAPSS,0,10,0.1,policy,,complete_case,226.99999999999997,4950,33.37191111111111,0.4775,0.0,0.045858585858585856
NCMAPSS,0,10,0.1,random,0.25,censored_as_failure,25.999999999999996,4950,46.66511578947368,0.250875,0.0,0.005252525252525252
NCMAPSS,0,10,0.1,random,0.25,complete_case,483.99999999999994,4950,28.157914720814105,0.250875,0.0,0.09777777777777777
NCMAPSS,0,10,0.1,random,0.5,censored_as_failure,0.0,4950,55.59824210526316,0.507625,0.0,0.0
NCMAPSS,0,10,0.1,random,0.5,complete_case,406.99999999999994,4950,30.646251782548376,0.507625,0.004,0.08222222222222221
NCMAPSS,0,10,0.1,random,0.75,censored_as_failure,0.0,4950,59.19165263157895,0.7585,0.0,0.0
NCMAPSS,0,10,0.1,random,0.75,complete_case,177.0,4950,58.23307857823291,0.7585,0.64,0.03575757575757576
NCMAPSS,0,10,0.2,administrative,0.25,censored_as_failure,472.99999999999994,4950,28.236095772803047,0.25,0.0,0.09555555555555555
NCMAPSS,0,10,0.2,administrative,0.25,complete_case,940.9999999999999,4950,23.16557254249019,0.25,0.0,0.19010101010101008
NCMAPSS,0,10,0.2,administrative,0.5,censored_as_failure,23.999999999999996,4950,43.74990058479532,0.5,0.0,0.004848484848484848
NCMAPSS,0,10,0.2,administrative,0.5,complete_case,780.9999999999999,4950,25.522566957260146,0.5,0.0,0.15777777777777777
NCMAPSS,0,10,0.2,administrative,0.75,censored_as_failure,0.0,4950,65.82611578947368,0.75,0.172,0.0
NCMAPSS,0,10,0.2,administrative,0.75,complete_case,409.99999999999994,4950,30.75733272699093,0.75,0.0,0.08282828282828282
NCMAPSS,0,10,0.2,none,0.0,oracle,19.0,99,22.093037032626818,0.0,0.0,0.1919191919191919
NCMAPSS,0,10,0.2,policy,,censored_as_failure,949.9999999999999,4950,22.093037032626818,0.4775,0.0,0.1919191919191919
NCMAPSS,0,10,0.2,policy,,complete_case,573.9999999999999,4950,27.652416711650922,0.4775,0.0,0.11595959595959594
NCMAPSS,0,10,0.2,random,0.25,censored_as_failure,252.99999999999997,4950,34.09291052631579,0.250875,0.0,0.05111111111111111
NCMAPSS,0,10,0.2,random,0.25,complete_case,966.9999999999999,4950,22.840855298124648,0.250875,0.0,0.19535353535353533
NCMAPSS,0,10,0.2,random,0.5,censored_as_failure,9.0,4950,45.82796140350877,0.507625,0.0,0.0018181818181818182
NCMAPSS,0,10,0.2,random,0.5,complete_case,897.9999999999999,4950,24.107604876221128,0.507625,0.0,0.1814141414141414
NCMAPSS,0,10,0.2,random,0.75,censored_as_failure,0.0,4950,52.044189473684206,0.7585,0.0,0.0
NCMAPSS,0,10,0.2,random,0.75,complete_case,826.0,4950,26.481267198659616,0.7585,0.02,0.16686868686868686
NCMAPSS,0,15,0.05,administrative,0.25,censored_as_failure,17.0,4950,49.12626315789473,0.25,0.0,0.0034343434343434343
NCMAPSS,0,15,0.05,administrative,0.25,complete_case,103.0,4950,42.68175789473684,0.25,0.0,0.020808080808080807
NCMAPSS,0,15,0.05,administrative,0.5,censored_as_failure,0.0,4950,65.46710526315789,0.5,0.064,0.0
NCMAPSS,0,15,0.05,administrative,0.5,complete_case,0.0,4950,74.48947368421052,0.5,1.0,0.0
NCMAPSS,0,15,0.05,administrative,0.75,censored_as_failure,0.0,4950,74.13119999999999,0.75,0.912,0.0
NCMAPSS,0,15,0.05,administrative,0.75,complete_case,0.0,4950,74.48947368421052,0.75,1.0,0.0
NCMAPSS,0,15,0.05,none,0.0,oracle,2.0,99,42.94263157894737,0.0,0.0,0.020202020202020204
NCMAPSS,0,15,0.05,policy,,censored_as_failure,100.0,4950,42.94263157894736,0.47925,0.0,0.020202020202020204
NCMAPSS,0,15,0.05,policy,,complete_case,36.0,4950,63.5692947368421,0.47925,0.648,0.007272727272727273
NCMAPSS,0,15,0.05,random,0.25,censored_as_failure,1.0,4950,64.32070526315789,0.247875,0.032,0.00020202020202020202
NCMAPSS,0,15,0.05,random,0.25,complete_case,146.0,4950,41.60546741854637,0.247875,0.016,0.029494949494949494
NCMAPSS,0,15,0.05,random,0.5,censored_as_failure,0.0,4950,68.54282105263158,0.504125,0.068,0.0
NCMAPSS,0,15,0.05,random,0.5,complete_case,29.0,4950,68.54073976608187,0.504125,0.828,0.005858585858585859
NCMAPSS,0,15,0.05,random,0.75,censored_as_failure,0.0,4950,69.72723157894737,0.752375,0.088,0.0
NCMAPSS,0,15,0.05,random,0.75,complete_case,0.0,4950,74.48947368421052,0.752375,1.0,0.0
NCMAPSS,0,15,0.1,administrative,0.25,censored_as_failure,116.0,4950,39.73330954592364,0.25,0.0,0.023434343434343436
NCMAPSS,0,15,0.1,administrative,0.25,complete_case,262.0,4950,35.66290433436532,0.25,0.0,0.05292929292929293
NCMAPSS,0,15,0.1,administrative,0.5,censored_as_failure,1.0,4950,57.586052631578944,0.5,0.016,0.00020202020202020202
NCMAPSS,0,15,0.1,administrative,0.5,complete_case,163.0,4950,40.62935144233132,0.5,0.0,0.032929292929292926
NCMAPSS,0,15,0.1,administrative,0.75,censored_as_failure,0.0,4950,73.0454947368421,0.75,0.764,0.0
NCMAPSS,0,15,0.1,administrative,0.75,complete_case,0.0,4950,74.48947368421052,0.75,1.0,0.0
NCMAPSS,0,15,0.1,none,0.0,oracle,8.0,99,34.33301169590643,0.0,0.0,0.08080808080808081
NCMAPSS,0,15,0.1,policy,,censored_as_failure,400.0,4950,34.333011695906436,0.47925,0.0,0.08080808080808081
NCMAPSS,0,15,0.1,policy,,complete_case,135.0,4950,40.249308771929826,0.47925,0.0,0.02727272727272727
NCMAPSS,0,15,0.1,random,0.25,censored_as_failure,26.0,4950,51.74454385964912,0.247875,0.0,0.0052525252525252525
NCMAPSS,0,15,0.1,random,0.25,complete_case,386.0,4950,34.78828741196884,0.247875,0.0,0.07797979797979798
NCMAPSS,0,15,0.1,random,0.5,censored_as_failure,0.0,4950,60.50224210526316,0.504125,0.0,0.0
NCMAPSS,0,15,0.1,random,0.5,complete_case,331.0,4950,37.766146495764296,0.504125,0.004,0.06686868686868687
NCMAPSS,0,15,0.1,random,0.75,censored_as_failure,0.0,4950,64.30682105263158,0.752375,0.0,0.0
NCMAPSS,0,15,0.1,random,0.75,complete_case,189.0,4950,58.653117176425226,0.752375,0.596,0.038181818181818185
NCMAPSS,0,15,0.2,administrative,0.25,censored_as_failure,528.0,4950,33.8387394933412,0.25,0.0,0.10666666666666667
NCMAPSS,0,15,0.2,administrative,0.25,complete_case,966.0,4950,30.156244510030735,0.25,0.0,0.19515151515151516
NCMAPSS,0,15,0.2,administrative,0.5,censored_as_failure,22.0,4950,48.93930292397661,0.5,0.0,0.0044444444444444444
NCMAPSS,0,15,0.2,administrative,0.5,complete_case,793.0,4950,31.608032331772115,0.5,0.0,0.1602020202020202
NCMAPSS,0,15,0.2,administrative,0.75,censored_as_failure,0.0,4950,68.80503157894736,0.75,0.36,0.0
NCMAPSS,0,15,0.2,administrative,0.75,complete_case,344.0,4950,38.49088998854603,0.75,0.0,0.0694949494949495
NCMAPSS,0,15,0.2,none,0.0,oracle,21.0,99,30.290042271969515,0.0,0.0,0.21212121212121213
NCMAPSS,0,15,0.2,policy,,censored_as_failure,1050.0,4950,30.290042271969515,0.47925,0.0,0.21212121212121213
NCMAPSS,0,15,0.2,policy,,complete_case,528.0,4950,33.68872556882402,0.47925,0.0,0.10666666666666667
NCMAPSS,0,15,0.2,random,0.25,censored_as_failure,206.0,4950,39.69136231018724,0.247875,0.0,0.041616161616161614
NCMAPSS,0,15,0.2,random,0.25,complete_case,994.0,4950,30.11312527963952,0.247875,0.0,0.2008080808080808
NCMAPSS,0,15,0.2,random,0.5,censored_as_failure,13.0,4950,50.992230994152045,0.504125,0.0,0.0026262626262626263
NCMAPSS,0,15,0.2,random,0.5,complete_case,949.0,4950,30.349940793348377,0.504125,0.0,0.19171717171717173
NCMAPSS,0,15,0.2,random,0.75,censored_as_failure,0.0,4950,56.91968421052631,0.752375,0.0,0.0
NCMAPSS,0,15,0.2,random,0.75,complete_case,719.0,4950,34.34438326339983,0.752375,0.032,0.14525252525252524
NCMAPSS,1,0,0.05,administrative,0.25,censored_as_failure,16.0,4950,28.758284210526316,0.25,0.0,0.0032323232323232323
NCMAPSS,1,0,0.05,administrative,0.25,complete_case,137.0,4950,18.562692810457516,0.25,0.0,0.027676767676767678
NCMAPSS,1,0,0.05,administrative,0.5,censored_as_failure,0.0,4950,49.627357894736846,0.5,0.0,0.0
NCMAPSS,1,0,0.05,administrative,0.5,complete_case,0.0,4950,74.48947368421052,0.5,1.0,0.0
NCMAPSS,1,0,0.05,administrative,0.75,censored_as_failure,0.0,4950,68.68932631578947,0.75,0.328,0.0
NCMAPSS,1,0,0.05,administrative,0.75,complete_case,0.0,4950,74.48947368421052,0.75,1.0,0.0
NCMAPSS,1,0,0.05,none,0.0,oracle,2.0,99,19.912631578947366,0.0,0.0,0.020202020202020204
NCMAPSS,1,0,0.05,policy,,censored_as_failure,100.0,4950,19.912631578947366,0.47525,0.0,0.020202020202020204
NCMAPSS,1,0,0.05,policy,,complete_case,29.0,4950,58.30446315789474,0.47525,0.7,0.005858585858585859
NCMAPSS,1,0,0.05,random,0.25,censored_as_failure,0.0,4950,47.9748,0.247875,0.0,0.0
NCMAPSS,1,0,0.05,random,0.25,complete_case,147.0,4950,19.582597493734333,0.247875,0.016,0.029696969696969697
NCMAPSS,1,0,0.05,random,0.5,censored_as_failure,0.0,4950,52.10948421052632,0.496125,0.0,0.0
NCMAPSS,1,0,0.05,random,0.5,complete_case,34.0,4950,62.565954867561054,0.496125,0.788,0.006868686868686869
NCMAPSS,1,0,0.05,random,0.75,censored_as_failure,0.0,4950,55.159673684210524,0.744125,0.0,0.0
NCMAPSS,1,0,0.05,random,0.75,complete_case,0.0,4950,74.48947368421052,0.744125,1.0,0.0
NCMAPSS,1,0,0.1,administrative,0.25,censored_as_failure,145.0,4950,20.502967182662537,0.25,0.0,0.029292929292929294
NCMAPSS,1,0,0.1,administrative,0.25,complete_case,344.0,4950,14.136955722639934,0.25,0.0,0.0694949494949495
NCMAPSS,1,0,0.1,administrative,0.5,censored_as_failure,2.0,4950,39.5640947368421,0.5,0.0,0.00040404040404040404
NCMAPSS,1,0,0.1,administrative,0.5,complete_case,195.0,4950,17.39180947466706,0.5,0.0,0.03939393939393939
NCMAPSS,1,0,0.1,administrative,0.75,censored_as_failure,0.0,4950,62.35637894736842,0.75,0.116,0.0
NCMAPSS,1,0,0.1,administrative,0.75,complete_case,0.0,4950,74.48947368421052,0.75,1.0,0.0
NCMAPSS,1,0,0.1,none,0.0,oracle,7.0,99,12.999745442036465,0.0,0.0,0.0707070707070707
NCMAPSS,1,0,0.1,policy,,censored_as_failure,350.0,4950,12.999745442036465,0.47525,0.0,0.0707070707070707
NCMAPSS,1,0,0.1,policy,,complete_case,161.0,4950,20.511411627106984,0.47525,0.04,0.032525252525252527
NCMAPSS,1,0,0.1,random,0.25,censored_as_failure,19.0,4950,34.10340515995872,0.247875,0.0,0.0038383838383838384
NCMAPSS,1,0,0.1,random,0.25,complete_case,363.0,4950,13.855584077841662,0.247875,0.0,0.07333333333333333
NCMAPSS,1,0,0.1,random,0.5,censored_as_failure,0.0,4950,42.82887368421053,0.496125,0.0,0.0
NCMAPSS,1,0,0.1,random,0.5,complete_case,311.0,4950,16.408171526856357,0.496125,0.008,0.06282828282828283
NCMAPSS,1,0,0.1,random,0.75,censored_as_failure,0.0,4950,46.76074736842106,0.744125,0.0,0.0
NCMAPSS,1,0,0.1,random,0.75,complete_case,187.0,4950,47.81596087277016,0.744125,0.556,0.03777777777777778
NCMAPSS,1,0,0.2,administrative,0.25,censored_as_failure,374.99999999999994,4950,13.775580972037938,0.25,0.0,0.07575757575757575
NCMAPSS,1,0,0.2,administrative,0.25,complete_case,991.0,4950,8.605062971153373,0.25,0.0,0.20020202020202021
NCMAPSS,1,0,0.2,administrative,0.5,censored_as_failure,20.0,4950,29.7232432748538,0.5,0.0,0.00404040404040404
NCMAPSS,1,0,0.2,administrative,0.5,complete_case,830.0,4950,9.77586888790604,0.5,0.0,0.16767676767676767
NCMAPSS,1,0,0.2,administrative,0.75,censored_as_failure,0.0,4950,52.53742105263158,0.75,0.02,0.0
NCMAPSS,1,0,0.2,administrative,0.75,complete_case,420.0,4950,13.867901943584451,0.75,0.0,0.08484848484848485
NCMAPSS,1,0,0.2,none,0.0,oracle,18.0,99,9.121386800334168,0.0,0.0,0.18181818181818182
NCMAPSS,1,0,0.2,policy,,censored_as_failure,900.0,4950,9.121386800334168,0.47525,0.0,0.18181818181818182
NCMAPSS,1,0,0.2,policy,,complete_case,428.0,4950,13.067927554179567,0.47525,0.0,0.08646464646464647
NCMAPSS,1,0,0.2,random,0.25,censored_as_failure,162.0,4950,21.170019742984913,0.247875,0.0,0.03272727272727273
NCMAPSS,1,0,0.2,random,0.25,complete_case,948.0,4950,8.878759878752138,0.247875,0.0,0.19151515151515153
NCMAPSS,1,0,0.2,random,0.5,censored_as_failure,10.0,4950,32.994055727554176,0.496125,0.0,0.00202020202020202
NCMAPSS,1,0,0.2,random,0.5,complete_case,919.0,4950,9.454816416040101,0.496125,0.0,0.18565656565656566
NCMAPSS,1,0,0.2,random,0.75,censored_as_failure,0.0,4950,38.46982105263158,0.744125,0.0,0.0
NCMAPSS,1,0,0.2,random,0.75,complete_case,773.0,4950,13.38201507199371,0.744125,0.032,0.15616161616161617
NCMAPSS,1,5,0.05,administrative,0.25,censored_as_failure,28.0,4950,33.28026315789474,0.25,0.0,0.0056565656565656566
NCMAPSS,1,5,0.05,administrative,0.25,complete_case,207.0,4950,23.31045503955968,0.25,0.0,0.04181818181818182
NCMAPSS,1,5,0.05,administrative,0.5,censored_as_failure,0.0,4950,55.36517894736842,0.5,0.004,0.0
NCMAPSS,1,5,0.05,administrative,0.5,complete_case,0.0,4950,74.48947368421052,0.5,1.0,0.0
NCMAPSS,1,5,0.05,administrative,0.75,censored_as_failure,0.0,4950,72.48254736842105,0.75,0.604,0.0
NCMAPSS,1,5,0.05,administrative,0.75,complete_case,0.0,4950,74.48947368421052,0.75,1.0,0.0
NCMAPSS,1,5,0.05,none,0.0,oracle,3.0,99,23.763684210526314,0.0,0.0,0.030303030303030304
NCMAPSS,1,5,0.05,policy,,censored_as_failure,150.0,4950,23.763684210526314,0.479625,0.0,0.030303030303030304
NCMAPSS,1,5,0.05,policy,,complete_case,45.0,4950,59.11755789473684,0.479625,0.7,0.00909090909090909
NCMAPSS,1,5,0.05,random,0.25,censored_as_failure,0.0,4950,52.23335789473684,0.251,0.0,0.0
NCMAPSS,1,5,0.05,random,0.25,complete_case,214.0,4950,23.708206501547984,0.251,0.012,0.04323232323232323
NCMAPSS,1,5,0.05,random,0.5,censored_as_failure,0.0,4950,57.95257894736842,0.5055,0.0,0.0
NCMAPSS,1,5,0.05,random,0.5,complete_case,39.0,4950,66.20621981424148,0.5055,0.84,0.00787878787878788
NCMAPSS,1,5,0.05,random,0.75,censored_as_failure,0.0,4950,59.85613684210526,0.7545,0.0,0.0
NCMAPSS,1,5,0.05,random,0.75,complete_case,0.0,4950,74.48947368421052,0.7545,1.0,0.0
NCMAPSS,1,5,0.1,administrative,0.25,censored_as_failure,185.0,4950,24.85993505331957,0.25,0.0,0.03737373737373737
NCMAPSS,1,5,0.1,administrative,0.25,complete_case,432.0,4950,20.77746302029584,0.25,0.0,0.08727272727272728
NCMAPSS,1,5,0.1,administrative,0.5,censored_as_failure,0.0,4950,45.25422105263158,0.5,0.0,0.0
NCMAPSS,1,5,0.1,administrative,0.5,complete_case,277.0,4950,22.371209872721018,0.5,0.0,0.05595959595959596
NCMAPSS,1,5,0.1,administrative,0.75,censored_as_failure,0.0,4950,67.70398947368422,0.75,0.308,0.0
NCMAPSS,1,5,0.1,administrative,0.75,complete_case,0.0,4950,74.48947368421052,0.75,1.0,0.0
NCMAPSS,1,5,0.1,none,0.0,oracle,11.0,99,19.934674922600617,0.0,0.0,0.1111111111111111
NCMAPSS,1,5,0.1,policy,,censored_as_failure,550.0,4950,19.93467492260062,0.479625,0.0,0.1111111111111111
NCMAPSS,1,5,0.1,policy,,complete_case,215.0,4950,23.369627450980392,0.479625,0.004,0.043434343434343436
NCMAPSS,1,5,0.1,random,0.25,censored_as_failure,21.0,4950,37.47261596147231,0.251,0.0,0.004242424242424243
NCMAPSS,1,5,0.1,random,0.25,complete_case,482.99999999999994,4950,20.39142277261782,0.251,0.0,0.09757575757575757
NCMAPSS,1,5,0.1,random,0.5,censored_as_failure,0.0,4950,47.72943157894737,0.5055,0.0,0.0
NCMAPSS,1,5,0.1,random,0.5,complete_case,388.0,4950,21.276192441889037,0.5055,0.004,0.07838383838383839
NCMAPSS,1,5,0.1,random,0.75,censored_as_failure,0.0,4950,51.01221052631578,0.7545,0.0,0.0
NCMAPSS,1,5,0.1,random,0.75,complete_case,196.0,4950,53.42865310599274,0.7545,0.616,0.039595959595959594
NCMAPSS,1,5,0.2,administrative,0.25,censored_as_failure,495.99999999999994,4950,19.82804253034547,0.25,0.0,0.1002020202020202
NCMAPSS,1,5,0.2,administrative,0.25,complete_case,991.0,4950,14.743280734264015,0.25,0.0,0.20020202020202021
NCMAPSS,1,5,0.2,administrative,0.5,censored_as_failure,12.0,4950,35.398311455108356,0.5,0.0,0.0024242424242424242
NCMAPSS,1,5,0.2,administrative,0.5,complete_case,785.9999999999999,4950,16.29668729440494,0.5,0.0,0.15878787878787876
NCMAPSS,1,5,0.2,administrative,0.75,censored_as_failure,0.0,4950,58.917221052631575,0.75,0.072,0.0
NCMAPSS,1,5,0.2,administrative,0.75,complete_case,437.0,4950,20.59895556091655,0.75,0.0,0.08828282828282828
NCMAPSS,1,5,0.2,none,0.0,oracle,20.0,99,14.348379772961817,0.0,0.0,0.20202020202020202
NCMAPSS,1,5,0.2,policy,,censored_as_failure,999.9999999999999,4950,14.348379772961817,0.479625,0.0,0.202020202020202
NCMAPSS,1,5,0.2,policy,,complete_case,568.0,4950,19.23108491326355,0.479625,0.0,0.11474747474747475
NCMAPSS,1,5,0.2,random,0.25,censored_as_failure,234.0,4950,25.355325033171166,0.251,0.0,0.04727272727272727
NCMAPSS,1,5,0.2,random,0.25,complete_case,954.0,4950,14.979346076352266,0.251,0.0,0.19272727272727272
NCMAPSS,1,5,0.2,random,0.5,censored_as_failure,1.0,4950,37.98984210526316,0.5055,0.0,0.00020202020202020202
NCMAPSS,1,5,0.2,random,0.5,complete_case,939.0,4950,15.20288688690051,0.5055,0.0,0.1896969696969697
NCMAPSS,1,5,0.2,random,0.75,censored_as_failure,0.0,4950,43.80758947368421,0.7545,0.0,0.0
NCMAPSS,1,5,0.2,random,0.75,complete_case,816.0,4950,19.512814565826332,0.7545,0.04,0.16484848484848486
NCMAPSS,1,10,0.05,administrative,0.25,censored_as_failure,31.999999999999993,4950,37.82602710698314,0.25,0.0,0.006464646464646463
NCMAPSS,1,10,0.05,administrative,0.25,complete_case,211.99999999999994,4950,29.239763054695562,0.25,0.0,0.04282828282828282
NCMAPSS,1,10,0.05,administrative,0.5,censored_as_failure,0.0,4950,58.13623157894737,0.5,0.008,0.0
NCMAPSS,1,10,0.05,administrative,0.5,complete_case,0.0,4950,74.48947368421052,0.5,1.0,0.0
NCMAPSS,1,10,0.05,administrative,0.75,censored_as_failure,0.0,4950,72.98536842105263,0.75,0.768,0.0
NCMAPSS,1,10,0.05,administrative,0.75,complete_case,0.0,4950,74.48947368421052,0.75,1.0,0.0
NCMAPSS,1,10,0.05,none,0.0,oracle,3.999999999999999,99,29.53588235294118,0.0,0.0,0.040404040404040394
NCMAPSS,1,10,0.05,policy,,censored_as_failure,199.99999999999994,4950,29.535882352941176,0.495125,0.0,0.040404040404040394
NCMAPSS,1,10,0.05,policy,,complete_case,52.999999999999986,4950,63.457133126934984,0.495125,0.756,0.010707070707070705
NCMAPSS,1,10,0.05,random,0.25,censored_as_failure,1.0,4950,57.37334736842106,0.25225,0.0,0.00020202020202020202
NCMAPSS,1,10,0.05,random,0.25,complete_case,256.99999999999994,4950,28.694028168460367,0.25225,0.0,0.05191919191919191
NCMAPSS,1,10,0.05,random,0.5,censored_as_failure,0.0,4950,62.64068421052632,0.50775,0.0,0.0
NCMAPSS,1,10,0.05,random,0.5,complete_case,52.99999999999999,4950,66.19697571379429,0.50775,0.824,0.010707070707070705
NCMAPSS,1,10,0.05,random,0.75,censored_as_failure,0.0,4950,64.43033684210526,0.755375,0.0,0.0
NCMAPSS,1,10,0.05,random,0.75,complete_case,0.0,4950,74.48947368421052,0.755375,1.0,0.0
NCMAPSS,1,10,0.1,administrative,0.25,censored_as_failure,193.99999999999997,4950,30.075991658066737,0.25,0.0,0.03919191919191919
NCMAPSS,1,10,0.1,administrative,0.25,complete_case,385.99999999999994,4950,25.723534640522878,0.25,0.0,0.07797979797979797
NCMAPSS,1,10,0.1,administrative,0.5,censored_as_failure,0.0,4950,48.689221052631574,0.5,0.0,0.0
NCMAPSS,1,10,0.1,administrative,0.5,complete_case,265.99999999999994,4950,28.175132163742692,0.5,0.0,0.05373737373737372
NCMAPSS,1,10,0.1,administrative,0.75,censored_as_failure,0.0,4950,70.17804210526316,0.75,0.468,0.0
NCMAPSS,1,10,0.1,administrative,0.75,complete_case,0.0,4950,74.48947368421052,0.75,1.0,0.0
NCMAPSS,1,10,0.1,none,0.0,oracle,12.999999999999998,99,25.135700034399726,0.0,0.0,0.1313131313131313
NCMAPSS,1,10,0.1,policy,,censored_as_failure,649.9999999999999,4950,25.135700034399726,0.495125,0.0,0.1313131313131313
NCMAPSS,1,10,0.1,policy,,complete_case,236.99999999999994,4950,29.22771475748194,0.495125,0.012,0.04787878787878787
NCMAPSS,1,10,0.1,random,0.25,censored_as_failure,20.999999999999996,4950,43.6945990368077,0.25225,0.0,0.004242424242424242
NCMAPSS,1,10,0.1,random,0.25,complete_case,513.9999999999999,4950,25.468577559763936,0.25225,0.0,0.10383838383838381
NCMAPSS,1,10,0.1,random,0.5,censored_as_failure,0.0,4950,52.237536842105264,0.50775,0.0,0.0
NCMAPSS,1,10,0.1,random,0.5,complete_case,444.99999999999994,4950,26.548878243187843,0.50775,0.0,0.08989898989898988
NCMAPSS,1,10,0.1,random,0.75,censored_as_failure,0.0,4950,56.511115789473685,0.755375,0.0,0.0
NCMAPSS,1,10,0.1,random,0.75,complete_case,203.99999999999997,4950,57.37438400862983,0.755375,0.648,0.04121212121212121
NCMAPSS,1,10,0.2,administrative,0.25,censored_as_failure,554.9999999999999,4950,25.47446421596979,0.25,0.0,0.1121212121212121
NCMAPSS,1,10,0.2,administrative,0.25,complete_case,984.0,4950,22.93162246360451,0.25,0.0,0.1987878787878788
NCMAPSS,1,10,0.2,administrative,0.5,censored_as_failure,22.999999999999996,4950,38.70988138974888,0.5,0.0,0.004646464646464646
NCMAPSS,1,10,0.2,administrative,0.5,complete_case,866.0,4950,23.739719213363177,0.5,0.0,0.17494949494949494
NCMAPSS,1,10,0.2,administrative,0.75,censored_as_failure,0.0,4950,62.50775789473685,0.75,0.14,0.0
NCMAPSS,1,10,0.2,administrative,0.75,complete_case,462.99999999999994,4950,26.693385303722764,0.75,0.0,0.09353535353535353
NCMAPSS,1,10,0.2,none,0.0,oracle,19.0,99,23.071574864763722,0.0,0.0,0.1919191919191919
NCMAPSS,1,10,0.2,policy,,censored_as_failure,950.0,4950,23.07157486476372,0.495125,0.0,0.1919191919191919
NCMAPSS,1,10,0.2,policy,,complete_case,622.9999999999999,4950,25.27675908398447,0.495125,0.0,0.12585858585858584
NCMAPSS,1,10,0.2,random,0.25,censored_as_failure,228.99999999999997,4950,30.488301618110135,0.25225,0.0,0.046262626262626255
NCMAPSS,1,10,0.2,random,0.25,complete_case,1088.0,4950,22.564372151618592,0.25225,0.0,0.2197979797979798
NCMAPSS,1,10,0.2,random,0.5,censored_as_failure,10.999999999999996,4950,41.988194083247336,0.50775,0.0,0.0022222222222222214
NCMAPSS,1,10,0.2,random,0.5,complete_case,1059.0,4950,22.65489838194142,0.50775,0.0,0.21393939393939393
NCMAPSS,1,10,0.2,random,0.75,censored_as_failure,0.0,4950,49.09304210526316,0.755375,0.0,0.0
NCMAPSS,1,10,0.2,random,0.75,complete_case,826.0,4950,25.75378162549525,0.755375,0.04,0.16686868686868686
NCMAPSS,1,15,0.05,administrative,0.25,censored_as_failure,21.99999999999999,4950,43.40696023391813,0.25,0.0,0.004444444444444443
NCMAPSS,1,15,0.05,administrative,0.25,complete_case,108.99999999999996,4950,36.03069377364981,0.25,0.0,0.022020202020202013
NCMAPSS,1,15,0.05,administrative,0.5,censored_as_failure,0.0,4950,63.43525263157895,0.5,0.056,0.0
NCMAPSS,1,15,0.05,administrative,0.5,complete_case,0.0,4950,74.48947368421052,0.5,1.0,0.0
NCMAPSS,1,15,0.05,administrative,0.75,censored_as_failure,0.0,4950,74.06757894736843,0.75,0.904,0.0
NCMAPSS,1,15,0.05,administrative,0.75,complete_case,0.0,4950,74.48947368421052,0.75,1.0,0.0
NCMAPSS,1,15,0.05,none,0.0,oracle,1.9999999999999991,99,36.10941176470588,0.0,0.0,0.020202020202020193
NCMAPSS,1,15,0.05,policy,,censored_as_failure,99.99999999999996,4950,36.10941176470588,0.4795,0.0,0.020202020202020193
NCMAPSS,1,15,0.05,policy,,complete_case,17.999999999999993,4950,62.067462538699694,0.4795,0.664,0.003636363636363635
NCMAPSS,1,15,0.05,random,0.25,censored_as_failure,1.9999999999999991,4950,62.917732507739935,0.25775,0.012,0.0004040404040404039
NCMAPSS,1,15,0.05,random,0.25,complete_case,162.99999999999994,4950,36.435945112403935,0.25775,0.028,0.03292929292929292
NCMAPSS,1,15,0.05,random,0.5,censored_as_failure,0.0,4950,66.78113684210525,0.4985,0.036,0.0
NCMAPSS,1,15,0.05,random,0.5,complete_case,36.99999999999999,4950,66.67479099917969,0.4985,0.804,0.0074747474747474734
NCMAPSS,1,15,0.05,random,0.75,censored_as_failure,0.0,4950,68.6528947368421,0.757375,0.056,0.0
NCMAPSS,1,15,0.05,random,0.75,complete_case,0.0,4950,74.48947368421052,0.757375,1.0,0.0
NCMAPSS,1,15,0.1,administrative,0.25,censored_as_failure,219.99999999999997,4950,35.73147799211452,0.25,0.0,0.04444444444444444
NCMAPSS,1,15,0.1,administrative,0.25,complete_case,426.99999999999994,4950,33.06228123835229,0.25,0.0,0.08626262626262625
NCMAPSS,1,15,0.1,administrative,0.5,censored_as_failure,0.0,4950,54.68445263157895,0.5,0.008,0.0
NCMAPSS,1,15,0.1,administrative,0.5,complete_case,193.99999999999994,4950,35.307377187123166,0.5,0.0,0.03919191919191918
NCMAPSS,1,15,0.1,administrative,0.75,censored_as_failure,0.0,4950,72.73811578947368,0.75,0.704,0.0
NCMAPSS,1,15,0.1,administrative,0.75,complete_case,0.0,4950,74.48947368421052,0.75,1.0,0.0
NCMAPSS,1,15,0.1,none,0.0,oracle,12.0,99,31.94030589293747,0.0,0.0,0.12121212121212122
NCMAPSS,1,15,0.1,policy,,censored_as_failure,600.0,4950,31.94030589293747,0.4795,0.0,0.12121212121212122
NCMAPSS,1,15,0.1,policy,,complete_case,191.99999999999994,4950,35.14916793945648,0.4795,0.008,0.038787878787878774
NCMAPSS,1,15,0.1,random,0.25,censored_as_failure,28.999999999999993,4950,48.94599456484348,0.25775,0.0,0.005858585858585857
NCMAPSS,1,15,0.1,random,0.25,complete_case,522.9999999999999,4950,32.44792328966184,0.25775,0.0,0.10565656565656563
NCMAPSS,1,15,0.1,random,0.5,censored_as_failure,0.0,4950,58.0450947368421,0.4985,0.0,0.0
NCMAPSS,1,15,0.1,random,0.5,complete_case,382.99999999999994,4950,33.671468944986906,0.4985,0.0,0.07737373737373736
NCMAPSS,1,15,0.1,random,0.75,censored_as_failure,0.0,4950,61.89270526315789,0.757375,0.0,0.0
NCMAPSS,1,15,0.1,random,0.75,complete_case,194.0,4950,60.049982072176185,0.757375,0.656,0.039191919191919194
NCMAPSS,1,15,0.2,administrative,0.25,censored_as_failure,673.0,4950,32.015342254580645,0.25,0.0,0.13595959595959595
NCMAPSS,1,15,0.2,administrative,0.25,complete_case,1129.0,4950,29.57435204424059,0.25,0.0,0.22808080808080808
NCMAPSS,1,15,0.2,administrative,0.5,censored_as_failure,27.999999999999993,4950,44.6682686618507,0.5,0.0,0.005656565656565655
NCMAPSS,1,15,0.2,administrative,0.5,complete_case,862.0,4950,30.65451357746141,0.5,0.0,0.17414141414141415
NCMAPSS,1,15,0.2,administrative,0.75,censored_as_failure,0.0,4950,67.1376105263158,0.75,0.284,0.0
NCMAPSS,1,15,0.2,administrative,0.75,complete_case,379.99999999999994,4950,34.020377239770895,0.75,0.0,0.07676767676767676
NCMAPSS,1,15,0.2,none,0.0,oracle,25.0,99,29.678099609368964,0.0,0.0,0.25252525252525254
NCMAPSS,1,15,0.2,policy,,censored_as_failure,1248.0,4950,29.680563895083242,0.4795,0.0,0.25212121212121213
NCMAPSS,1,15,0.2,policy,,complete_case,697.0,4950,31.780826386479017,0.4795,0.004,0.1408080808080808
NCMAPSS,1,15,0.2,random,0.25,censored_as_failure,309.0,4950,36.69932877461376,0.25775,0.0,0.062424242424242424
NCMAPSS,1,15,0.2,random,0.25,complete_case,1216.0,4950,29.18839399692155,0.25775,0.0,0.24565656565656566
NCMAPSS,1,15,0.2,random,0.5,censored_as_failure,16.999999999999996,4950,47.101037908496735,0.4985,0.0,0.0034343434343434335
NCMAPSS,1,15,0.2,random,0.5,complete_case,1131.0,4950,29.62860062184118,0.4985,0.0,0.22848484848484849
NCMAPSS,1,15,0.2,random,0.75,censored_as_failure,0.0,4950,54.011010526315786,0.757375,0.0,0.0
NCMAPSS,1,15,0.2,random,0.75,complete_case,934.0,4950,32.17987772104057,0.757375,0.036,0.18868686868686868
NCMAPSS,2,0,0.05,administrative,0.25,censored_as_failure,15.0,4950,28.6934701754386,0.25,0.0,0.0030303030303030303
NCMAPSS,2,0,0.05,administrative,0.25,complete_case,157.0,4950,17.452487719298247,0.25,0.0,0.03171717171717172
NCMAPSS,2,0,0.05,administrative,0.5,censored_as_failure,0.0,4950,53.32283157894737,0.5,0.0,0.0
NCMAPSS,2,0,0.05,administrative,0.5,complete_case,0.0,4950,74.48947368421052,0.5,1.0,0.0
NCMAPSS,2,0,0.05,administrative,0.75,censored_as_failure,0.0,4950,70.18313684210526,0.75,0.344,0.0
NCMAPSS,2,0,0.05,administrative,0.75,complete_case,0.0,4950,74.48947368421052,0.75,1.0,0.0
NCMAPSS,2,0,0.05,none,0.0,oracle,3.0,99,17.700994152046782,0.0,0.0,0.030303030303030304
NCMAPSS,2,0,0.05,policy,,censored_as_failure,150.0,4950,17.700994152046782,0.494625,0.0,0.030303030303030304
NCMAPSS,2,0,0.05,policy,,complete_case,49.0,4950,58.57610175438597,0.494625,0.712,0.009898989898989899
NCMAPSS,2,0,0.05,random,0.25,censored_as_failure,0.0,4950,51.11724210526316,0.24475,0.0,0.0
NCMAPSS,2,0,0.05,random,0.25,complete_case,194.0,4950,17.437196009631922,0.24475,0.012,0.039191919191919194
NCMAPSS,2,0,0.05,random,0.5,censored_as_failure,0.0,4950,55.145115789473685,0.49625,0.0,0.0
NCMAPSS,2,0,0.05,random,0.5,complete_case,43.0,4950,63.37697189542484,0.49625,0.808,0.008686868686868687
NCMAPSS,2,0,0.05,random,0.75,censored_as_failure,0.0,4950,57.27521052631579,0.747875,0.0,0.0
NCMAPSS,2,0,0.05,random,0.75,complete_case,0.0,4950,74.48947368421052,0.747875,1.0,0.0
NCMAPSS,2,0,0.1,administrative,0.25,censored_as_failure,119.0,4950,20.4100783625731,0.25,0.0,0.02404040404040404
NCMAPSS,2,0,0.1,administrative,0.25,complete_case,273.0,4950,15.053727588579292,0.25,0.0,0.05515151515151515
NCMAPSS,2,0,0.1,administrative,0.5,censored_as_failure,1.0,4950,42.463378947368426,0.5,0.0,0.00020202020202020202
NCMAPSS,2,0,0.1,administrative,0.5,complete_case,213.0,4950,16.46878852769178,0.5,0.0,0.04303030303030303
NCMAPSS,2,0,0.1,administrative,0.75,censored_as_failure,0.0,4950,64.73146315789474,0.75,0.176,0.0
NCMAPSS,2,0,0.1,administrative,0.75,complete_case,0.0,4950,74.48947368421052,0.75,1.0,0.0
NCMAPSS,2,0,0.1,none,0.0,oracle,5.0,99,14.097836257309941,0.0,0.0,0.050505050505050504
NCMAPSS,2,0,0.1,policy,,censored_as_failure,250.0,4950,14.097836257309941,0.494625,0.0,0.050505050505050504
NCMAPSS,2,0,0.1,policy,,complete_case,183.0,4950,18.013640935672512,0.494625,0.016,0.03696969696969697
NCMAPSS,2,0,0.1,random,0.25,censored_as_failure,14.0,4950,34.58053801169591,0.24475,0.0,0.0028282828282828283
NCMAPSS,2,0,0.1,random,0.25,complete_case,310.0,4950,14.289831991744066,0.24475,0.0,0.06262626262626263
NCMAPSS,2,0,0.1,random,0.5,censored_as_failure,0.0,4950,44.46417894736842,0.49625,0.0,0.0
NCMAPSS,2,0,0.1,random,0.5,complete_case,309.0,4950,16.0491982628139,0.49625,0.016,0.062424242424242424
NCMAPSS,2,0,0.1,random,0.75,censored_as_failure,0.0,4950,49.437400000000004,0.747875,0.0,0.0
NCMAPSS,2,0,0.1,random,0.75,complete_case,143.0,4950,49.067653287218455,0.747875,0.576,0.028888888888888888
NCMAPSS,2,0,0.2,administrative,0.25,censored_as_failure,284.0,4950,14.875793945648434,0.25,0.0,0.057373737373737375
NCMAPSS,2,0,0.2,administrative,0.25,complete_case,836.0,4950,9.056300795884543,0.25,0.0,0.1688888888888889
NCMAPSS,2,0,0.2,administrative,0.5,censored_as_failure,11.0,4950,31.95902456140351,0.5,0.0,0.0022222222222222222
NCMAPSS,2,0,0.2,administrative,0.5,complete_case,703.0,4950,10.900566732338868,0.5,0.0,0.14202020202020202
NCMAPSS,2,0,0.2,administrative,0.75,censored_as_failure,0.0,4950,55.71195789473684,0.75,0.012,0.0
NCMAPSS,2,0,0.2,administrative,0.75,complete_case,454.0,4950,14.086486302655034,0.75,0.0,0.09171717171717171
NCMAPSS,2,0,0.2,none,0.0,oracle,13.999999999999998,99,8.66126160990712,0.0,0.0,0.1414141414141414
NCMAPSS,2,0,0.2,policy,,censored_as_failure,699.9999999999999,4950,8.661967492260063,0.494625,0.0,0.14141414141414138
NCMAPSS,2,0,0.2,policy,,complete_case,314.0,4950,13.853689250086,0.494625,0.0,0.06343434343434344
NCMAPSS,2,0,0.2,random,0.25,censored_as_failure,172.0,4950,20.168767389060886,0.24475,0.0,0.03474747474747475
NCMAPSS,2,0,0.2,random,0.25,complete_case,900.0,4950,9.072961431654,0.24475,0.0,0.18181818181818182
NCMAPSS,2,0,0.2,random,0.5,censored_as_failure,9.0,4950,33.70679532163743,0.49625,0.0,0.0018181818181818182
NCMAPSS,2,0,0.2,random,0.5,complete_case,833.0,4950,9.75833991976376,0.49625,0.0,0.16828282828282828
NCMAPSS,2,0,0.2,random,0.75,censored_as_failure,0.0,4950,40.339052631578944,0.747875,0.0,0.0
NCMAPSS,2,0,0.2,random,0.75,complete_case,664.0,4950,13.162186891728844,0.747875,0.028,0.13414141414141414
NCMAPSS,2,5,0.05,administrative,0.25,censored_as_failure,6.0,4950,34.435336842105265,0.25,0.0,0.0012121212121212121
NCMAPSS,2,5,0.05,administrative,0.25,complete_case,111.99999999999997,4950,24.053802339181285,0.25,0.0,0.02262626262626262
NCMAPSS,2,5,0.05,administrative,0.5,censored_as_failure,0.0,4950,56.63638947368421,0.5,0.004,0.0
NCMAPSS,2,5,0.05,administrative,0.5,complete_case,0.0,4950,74.48947368421052,0.5,1.0,0.0
NCMAPSS,2,5,0.05,administrative,0.75,censored_as_failure,0.0,4950,72.11870526315789,0.75,0.516,0.0
NCMAPSS,2,5,0.05,administrative,0.75,complete_case,0.0,4950,74.48947368421052,0.75,1.0,0.0
NCMAPSS,2,5,0.05,none,0.0,oracle,1.9999999999999996,99,24.374444444444443,0.0,0.0,0.020202020202020197
NCMAPSS,2,5,0.05,policy,,censored_as_failure,99.99999999999997,4950,24.374444444444446,0.49,0.0,0.020202020202020197
NCMAPSS,2,5,0.05,policy,,complete_case,38.99999999999999,4950,59.7215649122807,0.49,0.716,0.007878787878787877
NCMAPSS,2,5,0.05,random,0.25,censored_as_failure,0.0,4950,55.70606315789474,0.25575,0.0,0.0
NCMAPSS,2,5,0.05,random,0.25,complete_case,155.99999999999997,4950,24.64324979360165,0.25575,0.028,0.03151515151515151
NCMAPSS,2,5,0.05,random,0.5,censored_as_failure,0.0,4950,60.08843157894737,0.4995,0.0,0.0
NCMAPSS,2,5,0.05,random,0.5,complete_case,37.0,4950,64.92703264533884,0.4995,0.812,0.007474747474747475
NCMAPSS,2,5,0.05,random,0.75,censored_as_failure,0.0,4950,61.66427368421053,0.7565,0.0,0.0
NCMAPSS,2,5,0.05,random,0.75,complete_case,0.0,4950,74.48947368421052,0.7565,1.0,0.0
NCMAPSS,2,5,0.1,administrative,0.25,censored_as_failure,117.0,4950,25.2799783625731,0.25,0.0,0.023636363636363636
NCMAPSS,2,5,0.1,administrative,0.25,complete_case,326.0,4950,19.675885964912283,0.25,0.0,0.06585858585858585
NCMAPSS,2,5,0.1,administrative,0.5,censored_as_failure,0.0,4950,46.80056842105263,0.5,0.0,0.0
NCMAPSS,2,5,0.1,administrative,0.5,complete_case,171.99999999999997,4950,22.780540092879257,0.5,0.0,0.03474747474747474
NCMAPSS,2,5,0.1,administrative,0.75,censored_as_failure,0.0,4950,67.81091578947368,0.75,0.28,0.0
NCMAPSS,2,5,0.1,administrative,0.75,complete_case,0.0,4950,74.48947368421052,0.75,1.0,0.0
NCMAPSS,2,5,0.1,none,0.0,oracle,10.0,99,18.406617647058823,0.0,0.0,0.10101010101010101
NCMAPSS,2,5,0.1,policy,,censored_as_failure,500.0,4950,18.406617647058827,0.49,0.0,0.10101010101010101
NCMAPSS,2,5,0.1,policy,,complete_case,130.99999999999997,4950,23.99995321637427,0.49,0.012,0.026464646464646458
NCMAPSS,2,5,0.1,random,0.25,censored_as_failure,17.0,4950,40.29540350877193,0.25575,0.0,0.0034343434343434343
NCMAPSS,2,5,0.1,random,0.25,complete_case,364.0,4950,19.115694336331025,0.25575,0.0,0.07353535353535354
NCMAPSS,2,5,0.1,random,0.5,censored_as_failure,0.0,4950,49.710357894736845,0.4995,0.0,0.0
NCMAPSS,2,5,0.1,random,0.5,complete_case,317.0,4950,20.846889812389193,0.4995,0.004,0.06404040404040404
NCMAPSS,2,5,0.1,random,0.75,censored_as_failure,0.0,4950,54.11584210526316,0.7565,0.0,0.0
NCMAPSS,2,5,0.1,random,0.75,complete_case,135.0,4950,55.160471639506,0.7565,0.648,0.02727272727272727
NCMAPSS,2,5,0.2,administrative,0.25,censored_as_failure,412.0,4950,19.522200980392157,0.25,0.0,0.08323232323232323
NCMAPSS,2,5,0.2,administrative,0.25,complete_case,734.0,4950,15.108057996801959,0.25,0.0,0.1482828282828283
NCMAPSS,2,5,0.2,administrative,0.5,censored_as_failure,10.0,4950,35.939978947368424,0.5,0.0,0.00202020202020202
NCMAPSS,2,5,0.2,administrative,0.5,complete_case,631.0,4950,16.596832834537324,0.5,0.0,0.12747474747474746
NCMAPSS,2,5,0.2,administrative,0.75,censored_as_failure,0.0,4950,59.902778947368425,0.75,0.036,0.0
NCMAPSS,2,5,0.2,administrative,0.75,complete_case,292.0,4950,20.923674863182914,0.75,0.0,0.05898989898989899
NCMAPSS,2,5,0.2,none,0.0,oracle,15.0,99,14.844449358690843,0.0,0.0,0.15151515151515152
NCMAPSS,2,5,0.2,policy,,censored_as_failure,750.0,4950,14.844449358690845,0.49,0.0,0.15151515151515152
NCMAPSS,2,5,0.2,policy,,complete_case,472.0,4950,18.563838699690404,0.49,0.0,0.09535353535353536
NCMAPSS,2,5,0.2,random,0.25,censored_as_failure,165.0,4950,26.385781303749567,0.25575,0.0,0.03333333333333333
NCMAPSS,2,5,0.2,random,0.25,complete_case,795.0,4950,15.051452569772847,0.25575,0.0,0.1606060606060606
NCMAPSS,2,5,0.2,random,0.5,censored_as_failure,7.0,4950,39.22941052631579,0.4995,0.0,0.0014141414141414141
NCMAPSS,2,5,0.2,random,0.5,complete_case,774.0,4950,15.637114105227418,0.4995,0.0,0.15636363636363637
NCMAPSS,2,5,0.2,random,0.75,censored_as_failure,0.0,4950,45.92887368421053,0.7565,0.0,0.0
NCMAPSS,2,5,0.2,random,0.75,complete_case,656.0,4950,18.7276734610247,0.7565,0.02,0.13252525252525252
NCMAPSS,2,10,0.05,administrative,0.25,censored_as_failure,17.999999999999993,4950,40.48223928448572,0.25,0.0,0.003636363636363635
NCMAPSS,2,10,0.05,administrative,0.25,complete_case,211.99999999999991,4950,32.5428417710944,0.25,0.0,0.04282828282828281
NCMAPSS,2,10,0.05,administrative,0.5,censored_as_failure,0.0,4950,62.035536842105266,0.5,0.016,0.0
NCMAPSS,2,10,0.05,administrative,0.5,complete_case,0.0,4950,74.48947368421052,0.5,1.0,0.0
NCMAPSS,2,10,0.05,administrative,0.75,censored_as_failure,0.0,4950,73.51114736842105,0.75,0.78,0.0
NCMAPSS,2,10,0.05,administrative,0.75,complete_case,0.0,4950,74.48947368421052,0.75,1.0,0.0
NCMAPSS,2,10,0.05,none,0.0,oracle,3.9999999999999982,99,32.736666666666665,0.0,0.0,0.04040404040404039
NCMAPSS,2,10,0.05,policy,,censored_as_failure,199.99999999999991,4950,32.736666666666665,0.509625,0.0,0.04040404040404039
NCMAPSS,2,10,0.05,policy,,complete_case,15.999999999999993,4950,64.49904912280702,0.509625,0.756,0.003232323232323231
NCMAPSS,2,10,0.05,random,0.25,censored_as_failure,0.9999999999999996,4950,58.36760935672515,0.248125,0.0,0.00020202020202020194
NCMAPSS,2,10,0.05,random,0.25,complete_case,239.99999999999994,4950,32.28281019214703,0.248125,0.012,0.04848484848484847
NCMAPSS,2,10,0.05,random,0.5,censored_as_failure,0.0,4950,64.3988105263158,0.51025,0.0,0.0
NCMAPSS,2,10,0.05,random,0.5,complete_case,33.999999999999986,4950,67.1791543859649,0.51025,0.832,0.006868686868686866
NCMAPSS,2,10,0.05,random,0.75,censored_as_failure,0.0,4950,65.50509473684211,0.746,0.0,0.0
NCMAPSS,2,10,0.05,random,0.75,complete_case,0.0,4950,74.48947368421052,0.746,1.0,0.0
NCMAPSS,2,10,0.1,administrative,0.25,censored_as_failure,189.99999999999997,4950,32.14826368617623,0.25,0.0,0.03838383838383838
NCMAPSS,2,10,0.1,administrative,0.25,complete_case,450.0,4950,27.605568922305764,0.25,0.0,0.09090909090909091
NCMAPSS,2,10,0.1,administrative,0.5,censored_as_failure,1.0,4950,52.60512631578947,0.5,0.004,0.00020202020202020202
NCMAPSS,2,10,0.1,administrative,0.5,complete_case,271.99999999999994,4950,31.29549707602339,0.5,0.0,0.054949494949494936
NCMAPSS,2,10,0.1,administrative,0.75,censored_as_failure,0.0,4950,70.8232947368421,0.75,0.472,0.0
NCMAPSS,2,10,0.1,administrative,0.75,complete_case,0.0,4950,74.48947368421052,0.75,1.0,0.0
NCMAPSS,2,10,0.1,none,0.0,oracle,9.0,99,25.99972431077694,0.0,0.0,0.09090909090909091
NCMAPSS,2,10,0.1,policy,,censored_as_failure,450.0,4950,25.999724310776944,0.509625,0.0,0.09090909090909091
NCMAPSS,2,10,0.1,policy,,complete_case,264.99999999999994,4950,33.10933951545531,0.509625,0.036,0.053535353535353526
NCMAPSS,2,10,0.1,random,0.25,censored_as_failure,21.0,4950,44.34234569757728,0.248125,0.0,0.004242424242424243
NCMAPSS,2,10,0.1,random,0.25,complete_case,473.0,4950,26.806241073271412,0.248125,0.0,0.09555555555555556
NCMAPSS,2,10,0.1,random,0.5,censored_as_failure,0.0,4950,55.52035789473685,0.51025,0.0,0.0
NCMAPSS,2,10,0.1,random,0.5,complete_case,402.99999999999994,4950,28.99610286500565,0.51025,0.012,0.0814141414141414
NCMAPSS,2,10,0.1,random,0.75,censored_as_failure,0.0,4950,58.96152631578947,0.746,0.0,0.0
NCMAPSS,2,10,0.1,random,0.75,complete_case,207.0,4950,54.71944297810892,0.746,0.584,0.04181818181818182
NCMAPSS,2,10,0.2,administrative,0.25,censored_as_failure,480.0,4950,26.61122342621259,0.25,0.0,0.09696969696969697
NCMAPSS,2,10,0.2,administrative,0.25,complete_case,701.0,4950,22.0683825249398,0.25,0.0,0.1416161616161616
NCMAPSS,2,10,0.2,administrative,0.5,censored_as_failure,11.0,4950,42.24702222222222,0.5,0.0,0.0022222222222222222
NCMAPSS,2,10,0.2,administrative,0.5,complete_case,638.0,4950,23.928732628138977,0.5,0.0,0.1288888888888889
NCMAPSS,2,10,0.2,administrative,0.75,censored_as_failure,0.0,4950,64.27492631578947,0.75,0.144,0.0
NCMAPSS,2,10,0.2,administrative,0.75,complete_case,369.99999999999994,4950,29.29863291562239,0.75,0.0,0.07474747474747473
NCMAPSS,2,10,0.2,none,0.0,oracle,15.0,99,20.845113396235686,0.0,0.0,0.15151515151515152
NCMAPSS,2,10,0.2,policy,,censored_as_failure,750.0,4950,20.845113396235686,0.509625,0.0,0.15151515151515152
NCMAPSS,2,10,0.2,policy,,complete_case,501.0,4950,26.22257543859649,0.509625,0.0,0.10121212121212121
NCMAPSS,2,10,0.2,random,0.25,censored_as_failure,223.99999999999997,4950,31.917090124821858,0.248125,0.0,0.045252525252525246
NCMAPSS,2,10,0.2,random,0.25,complete_case,796.0,4950,21.57485686558024,0.248125,0.0,0.16080808080808082
NCMAPSS,2,10,0.2,random,0.5,censored_as_failure,8.999999999999996,4950,45.79736917784658,0.51025,0.0,0.0018181818181818175
NCMAPSS,2,10,0.2,random,0.5,complete_case,834.0,4950,22.268024747955863,0.51025,0.0,0.1684848484848485
NCMAPSS,2,10,0.2,random,0.75,censored_as_failure,1.0,4950,51.413926315789475,0.746,0.0,0.00020202020202020202
NCMAPSS,2,10,0.2,random,0.75,complete_case,836.0,4950,24.39517026068187,0.746,0.016,0.1688888888888889
NCMAPSS,2,15,0.05,administrative,0.25,censored_as_failure,26.999999999999993,4950,49.371808187134505,0.25,0.0,0.005454545454545453
NCMAPSS,2,15,0.05,administrative,0.25,complete_case,113.99999999999997,4950,44.6057694235589,0.25,0.0,0.023030303030303026
NCMAPSS,2,15,0.05,administrative,0.5,censored_as_failure,0.0,4950,65.10015789473684,0.5,0.072,0.0
NCMAPSS,2,15,0.05,administrative,0.5,complete_case,0.0,4950,74.48947368421052,0.5,1.0,0.0
NCMAPSS,2,15,0.05,administrative,0.75,censored_as_failure,0.0,4950,74.21872631578948,0.75,0.92,0.0
NCMAPSS,2,15,0.05,administrative,0.75,complete_case,0.0,4950,74.48947368421052,0.75,1.0,0.0
NCMAPSS,2,15,0.05,none,0.0,oracle,1.9999999999999996,99,44.74187134502924,0.0,0.0,0.020202020202020197
NCMAPSS,2,15,0.05,policy,,censored_as_failure,99.99999999999997,4950,44.74187134502924,0.505125,0.0,0.020202020202020197
NCMAPSS,2,15,0.05,policy,,complete_case,25.999999999999993,4950,68.62110175438596,0.505125,0.816,0.005252525252525251
NCMAPSS,2,15,0.05,random,0.25,censored_as_failure,1.0,4950,64.80065263157894,0.256,0.02,0.00020202020202020202
NCMAPSS,2,15,0.05,random,0.25,complete_case,173.99999999999997,4950,43.051625563909774,0.256,0.02,0.03515151515151515
NCMAPSS,2,15,0.05,random,0.5,censored_as_failure,0.0,4950,68.01482105263158,0.508625,0.036,0.0
NCMAPSS,2,15,0.05,random,0.5,complete_case,44.99999999999999,4950,67.91816086048453,0.508625,0.808,0.009090909090909089
NCMAPSS,2,15,0.05,random,0.75,censored_as_failure,0.0,4950,69.33303157894737,0.750625,0.08,0.0
NCMAPSS,2,15,0.05,random,0.75,complete_case,0.0,4950,74.48947368421052,0.750625,1.0,0.0
NCMAPSS,2,15,0.1,administrative,0.25,censored_as_failure,230.99999999999997,4950,38.36442093223254,0.25,0.0,0.04666666666666666
NCMAPSS,2,15,0.1,administrative,0.25,complete_case,453.0,4950,35.23389908103592,0.25,0.0,0.09151515151515152
NCMAPSS,2,15,0.1,administrative,0.5,censored_as_failure,0.0,4950,56.838778947368425,0.5,0.012,0.0
NCMAPSS,2,15,0.1,administrative,0.5,complete_case,215.99999999999997,4950,42.112034933487564,0.5,0.0,0.04363636363636363
NCMAPSS,2,15,0.1,administrative,0.75,censored_as_failure,0.0,4950,73.2175157894737,0.75,0.792,0.0
NCMAPSS,2,15,0.1,administrative,0.75,complete_case,0.0,4950,74.48947368421052,0.75,1.0,0.0
NCMAPSS,2,15,0.1,none,0.0,oracle,13.0,99,33.33598997493734,0.0,0.0,0.13131313131313133
NCMAPSS,2,15,0.1,policy,,censored_as_failure,650.0,4950,33.33598997493734,0.505125,0.0,0.13131313131313133
NCMAPSS,2,15,0.1,policy,,complete_case,155.99999999999997,4950,44.12727485380117,0.505125,0.036,0.03151515151515151
NCMAPSS,2,15,0.1,random,0.25,censored_as_failure,24.999999999999996,4950,52.347447953216374,0.256,0.0,0.00505050505050505
NCMAPSS,2,15,0.1,random,0.25,complete_case,530.0,4950,34.03958532870638,0.256,0.0,0.10707070707070707
NCMAPSS,2,15,0.1,random,0.5,censored_as_failure,0.0,4950,60.32766315789473,0.508625,0.0,0.0
NCMAPSS,2,15,0.1,random,0.5,complete_case,426.0,4950,37.800649762604095,0.508625,0.0,0.08606060606060606
NCMAPSS,2,15,0.1,random,0.75,censored_as_failure,0.0,4950,63.36506315789474,0.750625,0.0,0.0
NCMAPSS,2,15,0.1,random,0.75,complete_case,203.0,4950,59.51664371543489,0.750625,0.604,0.04101010101010101
NCMAPSS,2,15,0.2,administrative,0.25,censored_as_failure,610.0,4950,32.84628940942099,0.25,0.0,0.12323232323232323
NCMAPSS,2,15,0.2,administrative,0.25,complete_case,899.0,4950,28.97290514616103,0.25,0.0,0.18161616161616162
NCMAPSS,2,15,0.2,administrative,0.5,censored_as_failure,26.999999999999996,4950,47.52448713450293,0.5,0.0,0.005454545454545454
NCMAPSS,2,15,0.2,administrative,0.5,complete_case,772.0,4950,30.686190701489775,0.5,0.0,0.15595959595959596
NCMAPSS,2,15,0.2,administrative,0.75,censored_as_failure,0.0,4950,69.19138947368421,0.75,0.292,0.0
NCMAPSS,2,15,0.2,administrative,0.75,complete_case,363.0,4950,39.276431556455236,0.75,0.0,0.07333333333333333
NCMAPSS,2,15,0.2,none,0.0,oracle,20.0,99,28.122298534798535,0.0,0.0,0.20202020202020202
NCMAPSS,2,15,0.2,policy,,censored_as_failure,1000.0,4950,28.122298534798535,0.505125,0.0,0.20202020202020202
NCMAPSS,2,15,0.2,policy,,complete_case,583.0,4950,33.960158241758236,0.505125,0.0,0.11777777777777777
NCMAPSS,2,15,0.2,random,0.25,censored_as_failure,282.0,4950,39.47656917293233,0.256,0.0,0.05696969696969697
NCMAPSS,2,15,0.2,random,0.25,complete_case,1012.0,4950,28.289171669936533,0.256,0.0,0.20444444444444446
NCMAPSS,2,15,0.2,random,0.5,censored_as_failure,19.0,4950,50.35200116959064,0.508625,0.0,0.0038383838383838384
NCMAPSS,2,15,0.2,random,0.5,complete_case,1052.0,4950,28.86252045309352,0.508625,0.0,0.21252525252525253
NCMAPSS,2,15,0.2,random,0.75,censored_as_failure,0.0,4950,56.42972631578947,0.750625,0.0,0.0
NCMAPSS,2,15,0.2,random,0.75,complete_case,855.0,4950,32.60602567396484,0.750625,0.028,0.17272727272727273
PHM08,0,0,0.05,administrative,0.25,censored_as_failure,0.0,10900,120.0154820295983,0.2571428571428571,0.0,0.0
PHM08,0,0,0.05,administrative,0.25,complete_case,369.99999999999966,10900,6.849160983858013,0.2571428571428571,0.0,0.033944954128440334
PHM08,0,0,0.05,administrative,0.5,censored_as_failure,0.0,10900,208.6641649048626,0.5,0.0,0.0
PHM08,0,0,0.05,administrative,0.5,complete_case,238.99999999999977,10900,7.581792762785759,0.5,0.0,0.021926605504587134
PHM08,0,0,0.05,administrative,0.75,censored_as_failure,0.0,10900,209.3321649048626,0.7428571428571429,0.668,0.0
PHM08,0,0,0.05,administrative,0.75,complete_case,0.0,10900,209.6641649048626,0.7428571428571429,1.0,0.0
PHM08,0,0,0.05,none,0.0,oracle,6.999999999999991,218,6.6866164276260704,0.0,0.0,0.032110091743119226
PHM08,0,0,0.05,policy,,censored_as_failure,349.99999999999955,10900,6.68661642762607,0.5026857142857143,0.0,0.032110091743119226
PHM08,0,0,0.05,policy,,complete_case,76.9999999999999,10900,10.67906646728201,0.5026857142857143,0.012,0.007064220183486229
PHM08,0,0,0.05,random,0.25,censored_as_failure,0.0,10900,205.88552854122622,0.24548571428571425,0.0,0.0
PHM08,0,0,0.05,random,0.25,complete_case,307.9999999999997,10900,6.953212191225861,0.24548571428571425,0.0,0.028256880733944927
PHM08,0,0,0.05,random,0.5,censored_as_failure,0.0,10900,208.6641649048626,0.4930857142857143,0.0,0.0
PHM08,0,0,0.05,random,0.5,complete_case,286.9999999999998,10900,7.3935204395908665,0.4930857142857143,0.0,0.026330275229357776
PHM08,0,0,0.05,random,0.75,censored_as_failure,0.0,10900,208.6641649048626,0.7491428571428571,0.0,0.0
PHM08,0,0,0.05,random,0.75,complete_case,147.99999999999991,10900,135.28809566856253,0.7491428571428571,0.632,0.013577981651376138
PHM08,0,0,0.1,administrative,0.25,censored_as_failure,0.0,10900,56.44662367864693,0.2571428571428571,0.0,0.0
PHM08,0,0,0.1,administrative,0.25,complete_case,1356.9999999999998,10900,5.475388966631119,0.2571428571428571,0.0,0.12449541284403667
PHM08,0,0,0.1,administrative,0.5,censored_as_failure,0.0,10900,204.99516490486258,0.5,0.0,0.0
PHM08,0,0,0.1,administrative,0.5,complete_case,1194.9999999999995,10900,5.642962619450433,0.5,0.0,0.10963302752293574
PHM08,0,0,0.1,administrative,0.75,censored_as_failure,0.0,10900,208.98816490486257,0.7428571428571429,0.324,0.0
PHM08,0,0,0.1,administrative,0.75,complete_case,747.9999999999997,10900,6.655915714968101,0.7428571428571429,0.0,0.06862385321100914
PHM08,0,0,0.1,none,0.0,oracle,26.999999999999993,218,5.525863280863281,0.0,0.0,0.12385321100917428
PHM08,0,0,0.1,policy,,censored_as_failure,1349.9999999999998,10900,5.525863280863281,0.5026857142857143,0.0,0.12385321100917429
PHM08,0,0,0.1,policy,,complete_case,398.9999999999996,10900,6.685241437240586,0.5026857142857143,0.0,0.036605504587155925
PHM08,0,0,0.1,random,0.25,censored_as_failure,0.0,10900,142.5026025369979,0.24548571428571425,0.0,0.0
PHM08,0,0,0.1,random,0.25,complete_case,1194.9999999999998,10900,5.649823308385439,0.24548571428571425,0.0,0.10963302752293576
PHM08,0,0,0.1,random,0.5,censored_as_failure,0.0,10900,208.1512558139535,0.4930857142857143,0.0,0.0
PHM08,0,0,0.1,random,0.5,complete_case,1075.9999999999995,10900,5.764284142006522,0.4930857142857143,0.0,0.09871559633027518
PHM08,0,0,0.1,random,0.75,censored_as_failure,0.0,10900,208.6641649048626,0.7491428571428571,0.0,0.0
PHM08,0,0,0.1,random,0.75,complete_case,820.9999999999997,10900,6.325072623616939,0.7491428571428571,0.0,0.07532110091743116
PHM08,0,0,0.2,administrative,0.25,censored_as_failure,7.99999999999999,10900,19.061471458773784,0.2571428571428571,0.0,0.0007339449541284395
PHM08,0,0,0.2,administrative,0.25,complete_case,2253.9999999999995,10900,4.544945108163588,0.2571428571428571,0.0,0.20678899082568802
PHM08,0,0,0.2,administrative,0.5,censored_as_failure,0.0,10900,162.72062156448206,0.5,0.0,0.0
PHM08,0,0,0.2,administrative,0.5,complete_case,2303.9999999999995,10900,4.477959086205843,0.5,0.0,0.21137614678899078
PHM08,0,0,0.2,administrative,0.75,censored_as_failure,0.0,10900,208.70416490486258,0.7428571428571429,0.04,0.0
PHM08,0,0,0.2,administrative,0.75,complete_case,2055.9999999999995,10900,4.793613502511696,0.7428571428571429,0.0,0.18862385321100913
PHM08,0,0,0.2,none,0.0,oracle,45.0,218,4.523932898415657,0.0,0.0,0.20642201834862386
PHM08,0,0,0.2,policy,,censored_as_failure,2250.0,10900,4.523932898415658,0.5026857142857143,0.0,0.20642201834862386
PHM08,0,0,0.2,policy,,complete_case,1250.9999999999995,10900,5.592405503326982,0.5026857142857143,0.0,0.11477064220183482
PHM08,0,0,0.2,random,0.25,censored_as_failure,81.99999999999994,10900,30.812415465861033,0.24548571428571425,0.0,0.007522935779816509
PHM08,0,0,0.2,random,0.25,complete_case,2122.9999999999995,10900,4.60682941540978,0.24548571428571425,0.0,0.19477064220183482
PHM08,0,0,0.2,random,0.5,censored_as_failure,0.0,10900,146.15472938689217,0.4930857142857143,0.0,0.0
PHM08,0,0,0.2,random,0.5,complete_case,2152.9999999999995,10900,4.641842130049839,0.4930857142857143,0.0,0.19752293577981647
PHM08,0,0,0.2,random,0.75,censored_as_failure,0.0,10900,206.78249048625796,0.7491428571428571,0.0,0.0
PHM08,0,0,0.2,random,0.75,complete_case,2085.9999999999995,10900,4.806150978549054,0.7491428571428571,0.0,0.1913761467889908
PHM08,0,5,0.05,administrative,0.25,censored_as_failure,0.0,10900,131.8750042283298,0.2571428571428571,0.0,0.0
PHM08,0,5,0.05,administrative,0.25,complete_case,370.9999999999995,10900,11.67400988079797,0.2571428571428571,0.0,0.034036697247706374
PHM08,0,5,0.05,administrative,0.5,censored_as_failure,0.0,10900,208.6641649048626,0.5,0.0,0.0
PHM08,0,5,0.05,administrative,0.5,complete_case,236.99999999999963,10900,12.703737828150892,0.5,0.0,0.021743119266055013
PHM08,0,5,0.05,administrative,0.75,censored_as_failure,0.0,10900,209.4441649048626,0.7428571428571429,0.78,0.0
PHM08,0,5,0.05,administrative,0.75,complete_case,0.0,10900,209.6641649048626,0.7428571428571429,1.0,0.0
PHM08,0,5,0.05,none,0.0,oracle,9.999999999999986,218,11.359698025551683,0.0,0.0,0.045871559633027456
PHM08,0,5,0.05,policy,,censored_as_failure,499.9999999999993,10900,11.359698025551683,0.48165714285714284,0.0,0.04587155963302746
PHM08,0,5,0.05,policy,,complete_case,111.99999999999973,10900,14.074039867109635,0.48165714285714284,0.004,0.01027522935779814
PHM08,0,5,0.05,random,0.25,censored_as_failure,0.0,10900,207.61443763213532,0.2506285714285714,0.0,0.0
PHM08,0,5,0.05,random,0.25,complete_case,361.99999999999943,10900,11.672868897976668,0.2506285714285714,0.0,0.03321100917431188
PHM08,0,5,0.05,random,0.5,censored_as_failure,0.0,10900,208.6641649048626,0.4993714285714286,0.0,0.0
PHM08,0,5,0.05,random,0.5,complete_case,266.9999999999996,10900,12.636026726266994,0.4993714285714286,0.0,0.02449541284403666
PHM08,0,5,0.05,random,0.75,censored_as_failure,0.0,10900,208.6641649048626,0.7492571428571428,0.0,0.0
PHM08,0,5,0.05,random,0.75,complete_case,184.99999999999986,10900,134.61741040794294,0.7492571428571428,0.62,0.01697247706422017
PHM08,0,5,0.1,administrative,0.25,censored_as_failure,0.0,10900,62.1682600422833,0.2571428571428571,0.0,0.0
PHM08,0,5,0.1,administrative,0.25,complete_case,1006.9999999999995,10900,10.375496796152312,0.2571428571428571,0.0,0.09238532110091739
PHM08,0,5,0.1,administrative,0.5,censored_as_failure,0.0,10900,206.68966384778014,0.5,0.0,0.0
PHM08,0,5,0.1,administrative,0.5,complete_case,904.9999999999994,10900,10.593097601140062,0.5,0.0,0.08302752293577977
PHM08,0,5,0.1,administrative,0.75,censored_as_failure,0.0,10900,209.1161649048626,0.7428571428571429,0.452,0.0
PHM08,0,5,0.1,administrative,0.75,complete_case,525.9999999999995,10900,11.66617243655854,0.7428571428571429,0.0,0.048256880733944914
PHM08,0,5,0.1,none,0.0,oracle,21.999999999999993,218,10.2322334682861,0.0,0.0,0.10091743119266051
PHM08,0,5,0.1,policy,,censored_as_failure,1099.9999999999995,10900,10.2322334682861,0.48165714285714284,0.0,0.10091743119266051
PHM08,0,5,0.1,policy,,complete_case,482.9999999999994,10900,11.382899172768997,0.48165714285714284,0.0,0.04431192660550453
PHM08,0,5,0.1,random,0.25,censored_as_failure,0.0,10900,160.66064270613109,0.2506285714285714,0.0,0.0
PHM08,0,5,0.1,random,0.25,complete_case,1003.9999999999995,10900,10.408504365434148,0.2506285714285714,0.0,0.09211009174311922
PHM08,0,5,0.1,random,0.5,censored_as_failure,0.0,10900,208.22397885835096,0.4993714285714286,0.0,0.0
PHM08,0,5,0.1,random,0.5,complete_case,936.9999999999994,10900,10.561945477984464,0.4993714285714286,0.0,0.08596330275229352
PHM08,0,5,0.1,random,0.75,censored_as_failure,0.0,10900,208.6641649048626,0.7492571428571428,0.0,0.0
PHM08,0,5,0.1,random,0.75,complete_case,930.9999999999995,10900,10.913506315584781,0.7492571428571428,0.0,0.0854128440366972
PHM08,0,5,0.2,administrative,0.25,censored_as_failure,4.9999999999999885,10900,23.810111748716402,0.2571428571428571,0.0,0.00045871559633027417
PHM08,0,5,0.2,administrative,0.25,complete_case,2120.9999999999995,10900,9.177431755062726,0.2571428571428571,0.0,0.1945871559633027
PHM08,0,5,0.2,administrative,0.5,censored_as_failure,0.0,10900,170.1628266384778,0.5,0.0,0.0
PHM08,0,5,0.2,administrative,0.5,complete_case,2111.9999999999995,10900,9.18215050912684,0.5,0.0,0.19376146788990822
PHM08,0,5,0.2,administrative,0.75,censored_as_failure,0.0,10900,208.7241649048626,0.7428571428571429,0.06,0.0
PHM08,0,5,0.2,administrative,0.75,complete_case,1686.9999999999995,10900,9.647338035014654,0.7428571428571429,0.0,0.1547706422018348
PHM08,0,5,0.2,none,0.0,oracle,45.99999999999999,218,9.029592760180995,0.0,0.0,0.21100917431192656
PHM08,0,5,0.2,policy,,censored_as_failure,2299.9999999999995,10900,9.029592760180996,0.48165714285714284,0.0,0.21100917431192656
PHM08,0,5,0.2,policy,,complete_case,1088.9999999999995,10900,10.252272065196712,0.48165714285714284,0.0,0.0999082568807339
PHM08,0,5,0.2,random,0.25,censored_as_failure,80.99999999999991,10900,40.4904903428452,0.2506285714285714,0.0,0.007431192660550451
PHM08,0,5,0.2,random,0.25,complete_case,2174.9999999999995,10900,9.127093142106133,0.2506285714285714,0.0,0.1995412844036697
PHM08,0,5,0.2,random,0.5,censored_as_failure,0.0,10900,162.92806131078225,0.4993714285714286,0.0,0.0
PHM08,0,5,0.2,random,0.5,complete_case,2097.9999999999995,10900,9.236848331386199,0.4993714285714286,0.0,0.19247706422018346
PHM08,0,5,0.2,random,0.75,censored_as_failure,0.0,10900,208.20007188160676,0.7492571428571428,0.0,0.0
PHM08,0,5,0.2,random,0.75,complete_case,2110.9999999999995,10900,9.404906276859746,0.7492571428571428,0.0,0.19366972477064215
PHM08,0,10,0.05,administrative,0.25,censored_as_failure,0.0,10900,148.6070465116279,0.2571428571428571,0.0,0.0
PHM08,0,10,0.05,administrative,0.25,complete_case,258.99999999999955,10900,17.981974508172865,0.2571428571428571,0.0,0.023761467889908214
PHM08,0,10,0.05,administrative,0.5,censored_as_failure,0.0,10900,208.66816490486258,0.5,0.004,0.0
PHM08,0,10,0.05,administrative,0.5,complete_case,203.99999999999972,10900,18.93022519021912,0.5,0.0,0.018715596330275204
PHM08,0,10,0.05,administrative,0.75,censored_as_failure,0.0,10900,209.4921649048626,0.7428571428571429,0.828,0.0
PHM08,0,10,0.05,administrative,0.75,complete_case,0.0,10900,209.6641649048626,0.7428571428571429,1.0,0.0
PHM08,0,10,0.05,none,0.0,oracle,6.999999999999988,218,17.45635145720228,0.0,0.0,0.03211009174311921
PHM08,0,10,0.05,policy,,censored_as_failure,349.9999999999994,10900,17.45635145720228,0.49674285714285715,0.0,0.032110091743119205
PHM08,0,10,0.05,policy,,complete_case,161.99999999999977,10900,22.22277797585285,0.49674285714285715,0.016,0.014862385321100896
PHM08,0,10,0.05,random,0.25,censored_as_failure,0.0,10900,208.1466765327696,0.2553142857142857,0.0,0.0
PHM08,0,10,0.05,random,0.25,complete_case,293.99999999999955,10900,17.858184917087073,0.2553142857142857,0.0,0.02697247706422014
PHM08,0,10,0.05,random,0.5,censored_as_failure,0.0,10900,208.6641649048626,0.5034285714285713,0.0,0.0
PHM08,0,10,0.05,random,0.5,complete_case,280.9999999999996,10900,18.502279983125415,0.5034285714285713,0.0,0.02577981651376143
PHM08,0,10,0.05,random,0.75,censored_as_failure,0.0,10900,208.6641649048626,0.7499428571428571,0.0,0.0
PHM08,0,10,0.05,random,0.75,complete_case,174.99999999999983,10900,134.0323386967888,0.7499428571428571,0.604,0.016055045871559617
PHM08,0,10,0.1,administrative,0.25,censored_as_failure,0.0,10900,71.72675264270615,0.2571428571428571,0.0,0.0
PHM08,0,10,0.1,administrative,0.25,complete_case,884.9999999999993,10900,16.630866113235218,0.2571428571428571,0.0,0.08119266055045865
PHM08,0,10,0.1,administrative,0.5,censored_as_failure,0.0,10900,208.20183932346723,0.5,0.0,0.0
PHM08,0,10,0.1,administrative,0.5,complete_case,719.9999999999994,10900,16.968302476618145,0.5,0.0,0.06605504587155958
PHM08,0,10,0.1,administrative,0.75,censored_as_failure,0.0,10900,209.1721649048626,0.7428571428571429,0.508,0.0
PHM08,0,10,0.1,administrative,0.75,complete_case,334.9999999999996,10900,18.23268473795384,0.7428571428571429,0.0,0.030733944954128404
PHM08,0,10,0.1,none,0.0,oracle,17.999999999999986,218,16.513294023050122,0.0,0.0,0.08256880733944948
PHM08,0,10,0.1,policy,,censored_as_failure,899.9999999999992,10900,16.51329402305012,0.49674285714285715,0.0,0.08256880733944946
PHM08,0,10,0.1,policy,,complete_case,365.99999999999943,10900,17.49474411038007,0.49674285714285715,0.0,0.03357798165137609
PHM08,0,10,0.1,random,0.25,censored_as_failure,0.0,10900,175.16841014799155,0.2553142857142857,0.0,0.0
PHM08,0,10,0.1,random,0.25,complete_case,908.9999999999993,10900,16.577667669631623,0.2553142857142857,0.0,0.08339449541284398
PHM08,0,10,0.1,random,0.5,censored_as_failure,0.0,10900,208.6641649048626,0.5034285714285713,0.0,0.0
PHM08,0,10,0.1,random,0.5,complete_case,787.9999999999994,10900,16.734272958729083,0.5034285714285713,0.0,0.07229357798165133
PHM08,0,10,0.1,random,0.75,censored_as_failure,0.0,10900,208.6641649048626,0.7499428571428571,0.0,0.0
PHM08,0,10,0.1,random,0.75,complete_case,739.9999999999995,10900,17.237838387559595,0.7499428571428571,0.0,0.0678899082568807
PHM08,0,10,0.2,administrative,0.25,censored_as_failure,11.99999999999998,10900,30.337523811979285,0.2571428571428571,0.0,0.0011009174311926587
PHM08,0,10,0.2,administrative,0.25,complete_case,1579.9999999999998,10900,15.923472741998118,0.2571428571428571,0.0,0.14495412844036695
PHM08,0,10,0.2,administrative,0.5,censored_as_failure,0.0,10900,183.4592917547569,0.5,0.0,0.0
PHM08,0,10,0.2,administrative,0.5,complete_case,1639.9999999999995,10900,15.906728828072053,0.5,0.0,0.15045871559633023
PHM08,0,10,0.2,administrative,0.75,censored_as_failure,0.0,10900,208.7841649048626,0.7428571428571429,0.12,0.0
PHM08,0,10,0.2,administrative,0.75,complete_case,1138.9999999999995,10900,16.404848916764443,0.7428571428571429,0.0,0.10449541284403666
PHM08,0,10,0.2,none,0.0,oracle,32.99999999999999,218,15.755580166632797,0.0,0.0,0.1513761467889908
PHM08,0,10,0.2,policy,,censored_as_failure,1649.9999999999995,10900,15.755580166632798,0.49674285714285715,0.0,0.15137614678899078
PHM08,0,10,0.2,policy,,complete_case,953.9999999999994,10900,16.524652171391878,0.49674285714285715,0.0,0.08752293577981646
PHM08,0,10,0.2,random,0.25,censored_as_failure,65.99999999999993,10900,51.277314374330935,0.2553142857142857,0.0,0.006055045871559627
PHM08,0,10,0.2,random,0.25,complete_case,1777.9999999999995,10900,15.741896069573151,0.2553142857142857,0.0,0.16311926605504584
PHM08,0,10,0.2,random,0.5,censored_as_failure,0.0,10900,186.4152198731501,0.5034285714285713,0.0,0.0
PHM08,0,10,0.2,random,0.5,complete_case,1859.9999999999998,10900,15.742658554551475,0.5034285714285713,0.0,0.17064220183486237
PHM08,0,10,0.2,random,0.75,censored_as_failure,0.0,10900,208.1947695560254,0.7499428571428571,0.0,0.0
PHM08,0,10,0.2,random,0.75,complete_case,1853.9999999999995,10900,15.817577594183762,0.7499428571428571,0.0,0.170091743119266
PHM08,0,15,0.05,administrative,0.25,censored_as_failure,0.0,10900,159.3546849894292,0.2571428571428571,0.0,0.0
PHM08,0,15,0.05,administrative,0.25,complete_case,229.99999999999974,10900,25.09383679739394,0.2571428571428571,0.0,0.021100917431192637
PHM08,0,15,0.05,administrative,0.5,censored_as_failure,0.0,10900,208.6761649048626,0.5,0.012,0.0
PHM08,0,15,0.05,administrative,0.5,complete_case,99.9999999999999,10900,26.38637643055713,0.5,0.0,0.009174311926605495
PHM08,0,15,0.05,administrative,0.75,censored_as_failure,0.0,10900,209.5641649048626,0.7428571428571429,0.9,0.0
PHM08,0,15,0.05,administrative,0.75,complete_case,0.0,10900,209.6641649048626,0.7428571428571429,1.0,0.0
PHM08,0,15,0.05,none,0.0,oracle,7.999999999999991,218,24.23765018305574,0.0,0.0,0.03669724770642198
PHM08,0,15,0.05,policy,,censored_as_failure,399.99999999999955,10900,24.23765018305574,0.49337142857142857,0.0,0.03669724770642198
PHM08,0,15,0.05,policy,,complete_case,41.99999999999994,10900,28.81196199659671,0.49337142857142857,0.012,0.0038532110091743068
PHM08,0,15,0.05,random,0.25,censored_as_failure,0.0,10900,208.12707399577167,0.2525142857142857,0.0,0.0
PHM08,0,15,0.05,random,0.25,complete_case,330.9999999999997,10900,24.85204850372273,0.2525142857142857,0.0,0.030366972477064193
PHM08,0,15,0.05,random,0.5,censored_as_failure,0.0,10900,208.6641649048626,0.49765714285714285,0.0,0.0
PHM08,0,15,0.05,random,0.5,complete_case,307.9999999999998,10900,25.5465890407841,0.49765714285714285,0.0,0.028256880733944934
PHM08,0,15,0.05,random,0.75,censored_as_failure,0.0,10900,208.6641649048626,0.7444571428571429,0.0,0.0
PHM08,0,15,0.05,random,0.75,complete_case,240.9999999999999,10900,134.89205356233794,0.7444571428571429,0.596,0.022110091743119255
PHM08,0,15,0.1,administrative,0.25,censored_as_failure,0.0,10900,79.80513319238901,0.2571428571428571,0.0,0.0
PHM08,0,15,0.1,administrative,0.25,complete_case,1244.9999999999995,10900,22.824625044698404,0.2571428571428571,0.0,0.1142201834862385
PHM08,0,15,0.1,administrative,0.5,censored_as_failure,0.0,10900,208.6641649048626,0.5,0.0,0.0
PHM08,0,15,0.1,administrative,0.5,complete_case,971.9999999999995,10900,23.38510308071649,0.5,0.0,0.08917431192660547
PHM08,0,15,0.1,administrative,0.75,censored_as_failure,0.0,10900,209.26816490486257,0.7428571428571429,0.604,0.0
PHM08,0,15,0.1,administrative,0.75,complete_case,399.99999999999983,10900,25.31153553257177,0.7428571428571429,0.0,0.036697247706422
PHM08,0,15,0.1,none,0.0,oracle,29.999999999999986,218,21.830789073998318,0.0,0.0,0.1376146788990825
PHM08,0,15,0.1,policy,,censored_as_failure,1499.9999999999993,10900,21.830789073998314,0.49337142857142857,0.0,0.1376146788990825
PHM08,0,15,0.1,policy,,complete_case,458.9999999999996,10900,24.30093329090075,0.49337142857142857,0.0,0.04211009174311923
PHM08,0,15,0.1,random,0.25,censored_as_failure,0.0,10900,184.672133192389,0.2525142857142857,0.0,0.0
PHM08,0,15,0.1,random,0.25,complete_case,1378.9999999999995,10900,22.487727523158807,0.2525142857142857,0.0,0.12651376146788987
PHM08,0,15,0.1,random,0.5,censored_as_failure,0.0,10900,208.6641649048626,0.49765714285714285,0.0,0.0
PHM08,0,15,0.1,random,0.5,complete_case,1230.9999999999995,10900,22.828156060301186,0.49765714285714285,0.0,0.11293577981651372
PHM08,0,15,0.1,random,0.75,censored_as_failure,0.0,10900,208.6641649048626,0.7444571428571429,0.0,0.0
PHM08,0,15,0.1,random,0.75,complete_case,959.9999999999995,10900,23.62624079554097,0.7444571428571429,0.0,0.08807339449541281
PHM08,0,15,0.2,administrative,0.25,censored_as_failure,19.999999999999975,10900,34.52827973029051,0.2571428571428571,0.0,0.0018348623853210986
PHM08,0,15,0.2,administrative,0.25,complete_case,2619.9999999999995,10900,21.009292328513766,0.2571428571428571,0.0,0.24036697247706418
PHM08,0,15,0.2,administrative,0.5,censored_as_failure,0.0,10900,193.0905644820296,0.5,0.0,0.0
PHM08,0,15,0.2,administrative,0.5,complete_case,2514.9999999999995,10900,21.030614069711103,0.5,0.0,0.2307339449541284
PHM08,0,15,0.2,administrative,0.75,censored_as_failure,0.0,10900,208.8081649048626,0.7428571428571429,0.144,0.0
PHM08,0,15,0.2,administrative,0.75,complete_case,1808.9999999999995,10900,21.982189836538502,0.7428571428571429,0.0,0.16596330275229354
PHM08,0,15,0.2,none,0.0,oracle,59.99999999999999,218,20.744259962049334,0.0,0.0,0.2752293577981651
PHM08,0,15,0.2,policy,,censored_as_failure,2999.9999999999995,10900,20.744259962049334,0.49337142857142857,0.0,0.2752293577981651
PHM08,0,15,0.2,policy,,complete_case,1447.9999999999995,10900,22.18518513290826,0.49337142857142857,0.0,0.13284403669724767
PHM08,0,15,0.2,random,0.25,censored_as_failure,47.99999999999996,10900,55.34835974674736,0.2525142857142857,0.0,0.004403669724770638
PHM08,0,15,0.2,random,0.25,complete_case,2910.9999999999995,10900,20.807948544234637,0.2525142857142857,0.0,0.2670642201834862
PHM08,0,15,0.2,random,0.5,censored_as_failure,0.0,10900,188.68643340380552,0.49765714285714285,0.0,0.0
PHM08,0,15,0.2,random,0.5,complete_case,2738.9999999999995,10900,20.895561624082227,0.49765714285714285,0.0,0.2512844036697247
PHM08,0,15,0.2,random,0.75,censored_as_failure,0.0,10900,208.6641649048626,0.7444571428571429,0.0,0.0
PHM08,0,15,0.2,random,0.75,complete_case,2502.9999999999995,10900,21.122622683257468,0.7444571428571429,0.0,0.22963302752293574
PHM08,1,0,0.05,administrative,0.25,censored_as_failure,0.0,10900,135.94324947145878,0.2571428571428571,0.0,0.0
PHM08,1,0,0.05,administrative,0.25,complete_case,365.9999999999996,10900,6.769836545996387,0.2571428571428571,0.0,0.03357798165137611
PHM08,1,0,0.05,administrative,0.5,censored_as_failure,0.0,10900,208.68016490486258,0.5,0.016,0.0
PHM08,1,0,0.05,administrative,0.5,complete_case,297.9999999999996,10900,7.248448359946601,0.5,0.0,0.027339449541284366
PHM08,1,0,0.05,administrative,0.75,censored_as_failure,0.0,10900,209.6481649048626,0.7428571428571429,0.984,0.0
PHM08,1,0,0.05,administrative,0.75,complete_case,0.0,10900,209.6641649048626,0.7428571428571429,1.0,0.0
PHM08,1,0,0.05,none,0.0,oracle,7.999999999999991,218,6.672868217054264,0.0,0.0,0.03669724770642198
PHM08,1,0,0.05,policy,,censored_as_failure,399.99999999999955,10900,6.672868217054264,0.4873142857142857,0.0,0.03669724770642198
PHM08,1,0,0.05,policy,,complete_case,195.99999999999966,10900,7.4802324304547785,0.4873142857142857,0.0,0.017981651376146757
PHM08,1,0,0.05,random,0.25,censored_as_failure,0.0,10900,206.58049894291756,0.24811428571428568,0.0,0.0
PHM08,1,0,0.05,random,0.25,complete_case,405.9999999999996,10900,6.707803085633091,0.24811428571428568,0.0,0.037247706422018315
PHM08,1,0,0.05,random,0.5,censored_as_failure,0.0,10900,208.6641649048626,0.5052571428571428,0.0,0.0
PHM08,1,0,0.05,random,0.5,complete_case,341.9999999999997,10900,7.145651845494897,0.5052571428571428,0.0,0.0313761467889908
PHM08,1,0,0.05,random,0.75,censored_as_failure,0.0,10900,208.6641649048626,0.7489142857142858,0.0,0.0
PHM08,1,0,0.05,random,0.75,complete_case,168.99999999999986,10900,131.67789761630567,0.7489142857142858,0.616,0.01550458715596329
PHM08,1,0,0.1,administrative,0.25,censored_as_failure,0.0,10900,63.95240169133192,0.2571428571428571,0.0,0.0
PHM08,1,0,0.1,administrative,0.25,complete_case,1018.9999999999997,10900,5.539761300894101,0.2571428571428571,0.0,0.09348623853211006
PHM08,1,0,0.1,administrative,0.5,censored_as_failure,0.0,10900,208.6641649048626,0.5,0.0,0.0
PHM08,1,0,0.1,administrative,0.5,complete_case,931.9999999999997,10900,5.793571431239965,0.5,0.0,0.08550458715596328
PHM08,1,0,0.1,administrative,0.75,censored_as_failure,0.0,10900,209.42416490486258,0.7428571428571429,0.76,0.0
PHM08,1,0,0.1,administrative,0.75,complete_case,516.9999999999995,10900,6.598477847512558,0.7428571428571429,0.0,0.04743119266055042
PHM08,1,0,0.1,none,0.0,oracle,21.999999999999993,218,5.363571428571428,0.0,0.0,0.10091743119266051
PHM08,1,0,0.1,policy,,censored_as_failure,1099.9999999999995,10900,5.363571428571428,0.4873142857142857,0.0,0.10091743119266051
PHM08,1,0,0.1,policy,,complete_case,544.9999999999997,10900,6.5777603392322055,0.4873142857142857,0.0,0.04999999999999997
PHM08,1,0,0.1,random,0.25,censored_as_failure,0.0,10900,143.02604016913318,0.24811428571428568,0.0,0.0
PHM08,1,0,0.1,random,0.25,complete_case,991.9999999999995,10900,5.580594624718425,0.24811428571428568,0.0,0.09100917431192657
PHM08,1,0,0.1,random,0.5,censored_as_failure,0.0,10900,207.59189217758984,0.5052571428571428,0.0,0.0
PHM08,1,0,0.1,random,0.5,complete_case,926.9999999999995,10900,5.811462389299833,0.5052571428571428,0.0,0.08504587155963299
PHM08,1,0,0.1,random,0.75,censored_as_failure,0.0,10900,208.6641649048626,0.7489142857142858,0.0,0.0
PHM08,1,0,0.1,random,0.75,complete_case,776.9999999999997,10900,6.216986408418046,0.7489142857142858,0.0,0.07128440366972474
PHM08,1,0,0.2,administrative,0.25,censored_as_failure,9.99999999999998,10900,20.675099731616466,0.2571428571428571,0.0,0.0009174311926605487
PHM08,1,0,0.2,administrative,0.25,complete_case,1751.9999999999995,10900,4.393036619276913,0.2571428571428571,0.0,0.1607339449541284
PHM08,1,0,0.2,administrative,0.5,censored_as_failure,0.0,10900,183.87698097251587,0.5,0.0,0.0
PHM08,1,0,0.2,administrative,0.5,complete_case,1834.9999999999995,10900,4.382906436754467,0.5,0.0,0.16834862385321098
PHM08,1,0,0.2,administrative,0.75,censored_as_failure,0.0,10900,208.8081649048626,0.7428571428571429,0.144,0.0
PHM08,1,0,0.2,administrative,0.75,complete_case,1543.9999999999995,10900,4.799175168143367,0.7428571428571429,0.0,0.14165137614678894
PHM08,1,0,0.2,none,0.0,oracle,34.99999999999999,218,4.302830896580896,0.0,0.0,0.1605504587155963
PHM08,1,0,0.2,policy,,censored_as_failure,1749.9999999999998,10900,4.302830896580897,0.4873142857142857,0.0,0.1605504587155963
PHM08,1,0,0.2,policy,,complete_case,1033.9999999999995,10900,5.4971136224968635,0.4873142857142857,0.0,0.09486238532110088
PHM08,1,0,0.2,random,0.25,censored_as_failure,91.99999999999993,10900,37.01077452767816,0.24811428571428568,0.0,0.008440366972477058
PHM08,1,0,0.2,random,0.25,complete_case,1734.9999999999995,10900,4.43893113468081,0.24811428571428568,0.0,0.15917431192660547
PHM08,1,0,0.2,random,0.5,censored_as_failure,0.0,10900,149.12976744186045,0.5052571428571428,0.0,0.0
PHM08,1,0,0.2,random,0.5,complete_case,1700.9999999999995,10900,4.558899990409765,0.5052571428571428,0.0,0.15605504587155958
PHM08,1,0,0.2,random,0.75,censored_as_failure,0.0,10900,207.14389217758986,0.7489142857142858,0.0,0.0
PHM08,1,0,0.2,random,0.75,complete_case,1756.9999999999995,10900,4.7227889643955665,0.7489142857142858,0.0,0.16119266055045867
PHM08,1,5,0.05,administrative,0.25,censored_as_failure,0.0,10900,149.03863847780127,0.2571428571428571,0.0,0.0
PHM08,1,5,0.05,administrative,0.25,complete_case,363.9999999999998,10900,12.268396094317758,0.2571428571428571,0.0,0.03339449541284402
PHM08,1,5,0.05,administrative,0.5,censored_as_failure,0.0,10900,208.6841649048626,0.5,0.02,0.0
PHM08,1,5,0.05,administrative,0.5,complete_case,291.9999999999999,10900,12.909789185111094,0.5,0.0,0.02678899082568806
PHM08,1,5,0.05,administrative,0.75,censored_as_failure,0.0,10900,209.6281649048626,0.7428571428571429,0.964,0.0
PHM08,1,5,0.05,administrative,0.75,complete_case,0.0,10900,209.6641649048626,0.7428571428571429,1.0,0.0
PHM08,1,5,0.05,none,0.0,oracle,6.999999999999994,218,11.890357704311192,0.0,0.0,0.03211009174311924
PHM08,1,5,0.05,policy,,censored_as_failure,349.9999999999997,10900,11.890357704311192,0.5069714285714285,0.0,0.03211009174311924
PHM08,1,5,0.05,policy,,complete_case,220.99999999999997,10900,14.857458340109504,0.5069714285714285,0.008,0.02027522935779816
PHM08,1,5,0.05,random,0.25,censored_as_failure,0.0,10900,205.64133615221988,0.24691428571428567,0.0,0.0
PHM08,1,5,0.05,random,0.25,complete_case,347.9999999999998,10900,12.231449153755957,0.24691428571428567,0.0,0.03192660550458713
PHM08,1,5,0.05,random,0.5,censored_as_failure,0.0,10900,208.6641649048626,0.4963428571428571,0.0,0.0
PHM08,1,5,0.05,random,0.5,complete_case,336.99999999999983,10900,12.544512291533685,0.4963428571428571,0.0,0.030917431192660536
PHM08,1,5,0.05,random,0.75,censored_as_failure,0.0,10900,208.6641649048626,0.7481714285714286,0.0,0.0
PHM08,1,5,0.05,random,0.75,complete_case,186.99999999999991,10900,131.31721193537697,0.7481714285714286,0.604,0.017155963302752285
PHM08,1,5,0.1,administrative,0.25,censored_as_failure,0.0,10900,67.5923953488372,0.2571428571428571,0.0,0.0
PHM08,1,5,0.1,administrative,0.25,complete_case,784.9999999999994,10900,10.83055202094964,0.2571428571428571,0.0,0.07201834862385316
PHM08,1,5,0.1,administrative,0.5,censored_as_failure,0.0,10900,208.6641649048626,0.5,0.0,0.0
PHM08,1,5,0.1,administrative,0.5,complete_case,728.9999999999995,10900,11.13376429855048,0.5,0.0,0.06688073394495408
PHM08,1,5,0.1,administrative,0.75,censored_as_failure,0.0,10900,209.45216490486257,0.7428571428571429,0.788,0.0
PHM08,1,5,0.1,administrative,0.75,complete_case,455.9999999999998,10900,12.314428823021306,0.7428571428571429,0.0,0.04183486238532108
PHM08,1,5,0.1,none,0.0,oracle,14.99999999999999,218,10.752217611527401,0.0,0.0,0.06880733944954123
PHM08,1,5,0.1,policy,,censored_as_failure,749.9999999999994,10900,10.752217611527401,0.5069714285714285,0.0,0.06880733944954123
PHM08,1,5,0.1,policy,,complete_case,403.99999999999966,10900,11.84242477524267,0.5069714285714285,0.0,0.03706422018348621
PHM08,1,5,0.1,random,0.25,censored_as_failure,0.0,10900,159.85659196617337,0.24691428571428567,0.0,0.0
PHM08,1,5,0.1,random,0.25,complete_case,773.9999999999994,10900,10.836580408427148,0.24691428571428567,0.0,0.07100917431192655
PHM08,1,5,0.1,random,0.5,censored_as_failure,0.0,10900,208.19898308668076,0.4963428571428571,0.0,0.0
PHM08,1,5,0.1,random,0.5,complete_case,798.9999999999995,10900,10.963542118521936,0.4963428571428571,0.0,0.07330275229357794
PHM08,1,5,0.1,random,0.75,censored_as_failure,0.0,10900,208.6641649048626,0.7481714285714286,0.0,0.0
PHM08,1,5,0.1,random,0.75,complete_case,734.9999999999997,10900,12.261965469027045,0.7481714285714286,0.004,0.06743119266055042
PHM08,1,5,0.2,administrative,0.25,censored_as_failure,8.999999999999998,10900,26.738305919661734,0.2571428571428571,0.0,0.0008256880733944952
PHM08,1,5,0.2,administrative,0.25,complete_case,1920.9999999999998,10900,9.932013288876831,0.2571428571428571,0.0,0.17623853211009172
PHM08,1,5,0.2,administrative,0.5,censored_as_failure,0.0,10900,189.62657505285415,0.5,0.0,0.0
PHM08,1,5,0.2,administrative,0.5,complete_case,1935.9999999999995,10900,9.954321855413614,0.5,0.0,0.17761467889908253
PHM08,1,5,0.2,administrative,0.75,censored_as_failure,0.0,10900,208.90016490486258,0.7428571428571429,0.236,0.0
PHM08,1,5,0.2,administrative,0.75,complete_case,1399.9999999999995,10900,10.427453321853706,0.7428571428571429,0.0,0.12844036697247702
PHM08,1,5,0.2,none,0.0,oracle,42.0,218,9.85071725317693,0.0,0.0,0.1926605504587156
PHM08,1,5,0.2,policy,,censored_as_failure,2100.0,10900,9.85071725317693,0.5069714285714285,0.0,0.1926605504587156
PHM08,1,5,0.2,policy,,complete_case,805.9999999999994,10900,10.873060258218153,0.5069714285714285,0.0,0.07394495412844032
PHM08,1,5,0.2,random,0.25,censored_as_failure,91.99999999999996,10900,38.55698280042096,0.24691428571428567,0.0,0.00844036697247706
PHM08,1,5,0.2,random,0.25,complete_case,1991.9999999999998,10900,9.898304842745334,0.24691428571428567,0.0,0.18275229357798162
PHM08,1,5,0.2,random,0.5,censored_as_failure,0.0,10900,162.10654545454548,0.4963428571428571,0.0,0.0
PHM08,1,5,0.2,random,0.5,complete_case,1997.9999999999995,10900,9.909149700581766,0.4963428571428571,0.0,0.18330275229357795
PHM08,1,5,0.2,random,0.75,censored_as_failure,0.0,10900,207.67171881606768,0.7481714285714286,0.0,0.0
PHM08,1,5,0.2,random,0.75,complete_case,1833.9999999999995,10900,10.146270539630848,0.7481714285714286,0.0,0.1682568807339449
PHM08,1,10,0.05,administrative,0.25,censored_as_failure,0.0,10900,161.21968921775897,0.2571428571428571,0.0,0.0
PHM08,1,10,0.05,administrative,0.25,complete_case,166.99999999999972,10900,20.028227143482958,0.2571428571428571,0.0,0.015321100917431166
PHM08,1,10,0.05,administrative,0.5,censored_as_failure,0.0,10900,208.69216490486258,0.5,0.028,0.0
PHM08,1,10,0.05,administrative,0.5,complete_case,161.99999999999974,10900,21.488412390087145,0.5,0.0,0.014862385321100895
PHM08,1,10,0.05,administrative,0.75,censored_as_failure,0.0,10900,209.6601649048626,0.7428571428571429,0.996,0.0
PHM08,1,10,0.05,administrative,0.75,complete_case,0.0,10900,209.6641649048626,0.7428571428571429,1.0,0.0
PHM08,1,10,0.05,none,0.0,oracle,5.999999999999994,218,19.564325984093422,0.0,0.0,0.027522935779816484
PHM08,1,10,0.05,policy,,censored_as_failure,299.9999999999997,10900,19.564325984093422,0.4922285714285714,0.0,0.027522935779816488
PHM08,1,10,0.05,policy,,complete_case,115.99999999999977,10900,22.658549179502668,0.4922285714285714,0.004,0.010642201834862364
PHM08,1,10,0.05,random,0.25,censored_as_failure,0.0,10900,208.1304376321353,0.24154285714285711,0.0,0.0
PHM08,1,10,0.05,random,0.25,complete_case,252.99999999999972,10900,19.505719849506878,0.24154285714285711,0.0,0.0232110091743119
PHM08,1,10,0.05,random,0.5,censored_as_failure,0.0,10900,208.6641649048626,0.5007428571428572,0.0,0.0
PHM08,1,10,0.05,random,0.5,complete_case,226.99999999999972,10900,20.514992518598486,0.5007428571428572,0.0,0.02082568807339447
PHM08,1,10,0.05,random,0.75,censored_as_failure,0.0,10900,208.6641649048626,0.7529714285714285,0.0,0.0
PHM08,1,10,0.05,random,0.75,complete_case,122.9999999999999,10900,137.683461939005,0.7529714285714285,0.62,0.011284403669724762
PHM08,1,10,0.1,administrative,0.25,censored_as_failure,0.0,10900,74.73689006342494,0.2571428571428571,0.0,0.0
PHM08,1,10,0.1,administrative,0.25,complete_case,770.9999999999995,10900,17.39261938873778,0.2571428571428571,0.0,0.0707339449541284
PHM08,1,10,0.1,administrative,0.5,censored_as_failure,0.0,10900,208.18156025369981,0.5,0.004,0.0
PHM08,1,10,0.1,administrative,0.5,complete_case,610.9999999999997,10900,18.05229904193214,0.5,0.0,0.0560550458715596
PHM08,1,10,0.1,administrative,0.75,censored_as_failure,0.0,10900,209.50016490486257,0.7428571428571429,0.836,0.0
PHM08,1,10,0.1,administrative,0.75,complete_case,275.99999999999966,10900,20.35042418123075,0.7428571428571429,0.0,0.02532110091743116
PHM08,1,10,0.1,none,0.0,oracle,15.999999999999988,218,17.113834961097314,0.0,0.0,0.07339449541284399
PHM08,1,10,0.1,policy,,censored_as_failure,799.9999999999993,10900,17.113834961097318,0.4922285714285714,0.0,0.07339449541284397
PHM08,1,10,0.1,policy,,complete_case,301.9999999999998,10900,19.287136101066334,0.4922285714285714,0.0,0.027706422018348602
PHM08,1,10,0.1,random,0.25,censored_as_failure,0.0,10900,177.34376109936574,0.24154285714285711,0.0,0.0
PHM08,1,10,0.1,random,0.25,complete_case,850.9999999999995,10900,17.27723990834162,0.24154285714285711,0.0,0.0780733944954128
PHM08,1,10,0.1,random,0.5,censored_as_failure,0.0,10900,208.20216490486257,0.5007428571428572,0.0,0.0
PHM08,1,10,0.1,random,0.5,complete_case,841.9999999999995,10900,17.523514910634216,0.5007428571428572,0.0,0.07724770642201831
PHM08,1,10,0.1,random,0.75,censored_as_failure,0.0,10900,208.6641649048626,0.7529714285714285,0.0,0.0
PHM08,1,10,0.1,random,0.75,complete_case,676.9999999999997,10900,19.902315089685093,0.7529714285714285,0.008,0.06211009174311923
PHM08,1,10,0.2,administrative,0.25,censored_as_failure,14.999999999999964,10900,31.29969254001812,0.2571428571428571,0.0,0.0013761467889908225
PHM08,1,10,0.2,administrative,0.25,complete_case,1799.9999999999995,10900,16.194483899121863,0.2571428571428571,0.0,0.16513761467889904
PHM08,1,10,0.2,administrative,0.5,censored_as_failure,0.0,10900,194.14929386892177,0.5,0.0,0.0
PHM08,1,10,0.2,administrative,0.5,complete_case,1760.9999999999995,10900,16.23415232063646,0.5,0.0,0.16155963302752288
PHM08,1,10,0.2,administrative,0.75,censored_as_failure,0.0,10900,208.97616490486257,0.7428571428571429,0.312,0.0
PHM08,1,10,0.2,administrative,0.75,complete_case,1195.9999999999995,10900,17.01998994522068,0.7428571428571429,0.0,0.10972477064220179
PHM08,1,10,0.2,none,0.0,oracle,40.999999999999986,218,15.695474169294204,0.0,0.0,0.18807339449541277
PHM08,1,10,0.2,policy,,censored_as_failure,2049.9999999999995,10900,15.695474169294204,0.4922285714285714,0.0,0.1880733944954128
PHM08,1,10,0.2,policy,,complete_case,901.9999999999994,10900,17.15833532344824,0.4922285714285714,0.0,0.0827522935779816
PHM08,1,10,0.2,random,0.25,censored_as_failure,62.99999999999993,10900,46.42811931707144,0.24154285714285711,0.0,0.0057798165137614614
PHM08,1,10,0.2,random,0.25,complete_case,2097.9999999999995,10900,15.832832163749737,0.24154285714285711,0.0,0.19247706422018346
PHM08,1,10,0.2,random,0.5,censored_as_failure,0.0,10900,181.02711839323467,0.5007428571428572,0.0,0.0
PHM08,1,10,0.2,random,0.5,complete_case,1969.9999999999995,10900,15.950787876978307,0.5007428571428572,0.0,0.1807339449541284
PHM08,1,10,0.2,random,0.75,censored_as_failure,0.0,10900,208.6641649048626,0.7529714285714285,0.0,0.0
PHM08,1,10,0.2,random,0.75,complete_case,1805.9999999999995,10900,16.209039310762957,0.7529714285714285,0.0,0.16568807339449537
PHM08,1,15,0.05,administrative,0.25,censored_as_failure,0.0,10900,177.422,0.2571428571428571,0.0,0.0
PHM08,1,15,0.05,administrative,0.25,complete_case,345.99999999999966,10900,26.53805789087071,0.2571428571428571,0.0,0.03174311926605501
PHM08,1,15,0.05,administrative,0.5,censored_as_failure,0.0,10900,208.69616490486257,0.5,0.032,0.0
PHM08,1,15,0.05,administrative,0.5,complete_case,319.99999999999966,10900,28.595182790601395,0.5,0.0,0.029357798165137585
PHM08,1,15,0.05,administrative,0.75,censored_as_failure,0.0,10900,209.64416490486258,0.7428571428571429,0.98,0.0
PHM08,1,15,0.05,administrative,0.75,complete_case,0.0,10900,209.6641649048626,0.7428571428571429,1.0,0.0
PHM08,1,15,0.05,none,0.0,oracle,7.999999999999991,218,25.6189519782543,0.0,0.0,0.03669724770642198
PHM08,1,15,0.05,policy,,censored_as_failure,399.9999999999996,10900,25.6189519782543,0.5046285714285714,0.0,0.03669724770642198
PHM08,1,15,0.05,policy,,complete_case,291.9999999999997,10900,32.137272007062705,0.5046285714285714,0.016,0.026788990825688048
PHM08,1,15,0.05,random,0.25,censored_as_failure,0.0,10900,208.1612558139535,0.25068571428571423,0.0,0.0
PHM08,1,15,0.05,random,0.25,complete_case,378.99999999999966,10900,26.25088387411282,0.25068571428571423,0.0,0.03477064220183483
PHM08,1,15,0.05,random,0.5,censored_as_failure,0.0,10900,208.6641649048626,0.49674285714285715,0.0,0.0
PHM08,1,15,0.05,random,0.5,complete_case,387.99999999999966,10900,27.306472849255073,0.49674285714285715,0.0,0.03559633027522933
PHM08,1,15,0.05,random,0.75,censored_as_failure,0.0,10900,208.6641649048626,0.7485714285714286,0.0,0.0
PHM08,1,15,0.05,random,0.75,complete_case,165.9999999999999,10900,139.83280184134654,0.7485714285714286,0.616,0.015229357798165127
PHM08,1,15,0.1,administrative,0.25,censored_as_failure,0.0,10900,92.53065961945032,0.2571428571428571,0.0,0.0
PHM08,1,15,0.1,administrative,0.25,complete_case,745.9999999999997,10900,23.50793501915726,0.2571428571428571,0.0,0.06844036697247703
PHM08,1,15,0.1,administrative,0.5,censored_as_failure,0.0,10900,208.6641649048626,0.5,0.0,0.0
PHM08,1,15,0.1,administrative,0.5,complete_case,607.9999999999997,10900,24.27531732671902,0.5,0.0,0.05577981651376144
PHM08,1,15,0.1,administrative,0.75,censored_as_failure,0.0,10900,209.55616490486258,0.7428571428571429,0.892,0.0
PHM08,1,15,0.1,administrative,0.75,complete_case,466.99999999999966,10900,26.964090866502392,0.7428571428571429,0.0,0.04284403669724768
PHM08,1,15,0.1,none,0.0,oracle,18.999999999999993,218,23.0118234274905,0.0,0.0,0.08715596330275226
PHM08,1,15,0.1,policy,,censored_as_failure,949.9999999999995,10900,23.0118234274905,0.5046285714285714,0.0,0.08715596330275226
PHM08,1,15,0.1,policy,,complete_case,420.9999999999996,10900,25.71454863364676,0.5046285714285714,0.0,0.03862385321100914
PHM08,1,15,0.1,random,0.25,censored_as_failure,0.0,10900,182.31959408033828,0.25068571428571423,0.0,0.0
PHM08,1,15,0.1,random,0.25,complete_case,838.9999999999997,10900,23.340299118203934,0.25068571428571423,0.0,0.07697247706422015
PHM08,1,15,0.1,random,0.5,censored_as_failure,0.0,10900,208.6641649048626,0.49674285714285715,0.0,0.0
PHM08,1,15,0.1,random,0.5,complete_case,859.9999999999997,10900,23.756759416256866,0.49674285714285715,0.0,0.0788990825688073
PHM08,1,15,0.1,random,0.75,censored_as_failure,0.0,10900,208.6641649048626,0.7485714285714286,0.0,0.0
PHM08,1,15,0.1,random,0.75,complete_case,712.9999999999997,10900,26.101542481465316,0.7485714285714286,0.004,0.06541284403669721
PHM08,1,15,0.2,administrative,0.25,censored_as_failure,69.99999999999994,10900,38.43097860486465,0.2571428571428571,0.0,0.006422018348623848
PHM08,1,15,0.2,administrative,0.25,complete_case,1977.9999999999998,10900,22.162978856714027,0.2571428571428571,0.0,0.18146788990825685
PHM08,1,15,0.2,administrative,0.5,censored_as_failure,0.0,10900,201.63869133192392,0.5,0.0,0.0
PHM08,1,15,0.2,administrative,0.5,complete_case,1862.9999999999998,10900,22.23809459789633,0.5,0.0,0.17091743119266053
PHM08,1,15,0.2,administrative,0.75,censored_as_failure,0.0,10900,209.02016490486258,0.7428571428571429,0.356,0.0
PHM08,1,15,0.2,administrative,0.75,complete_case,1216.9999999999995,10900,23.157416573614857,0.7428571428571429,0.0,0.11165137614678895
PHM08,1,15,0.2,none,0.0,oracle,50.99999999999999,218,21.76046679272486,0.0,0.0,0.23394495412844032
PHM08,1,15,0.2,policy,,censored_as_failure,2549.9999999999995,10900,21.76046679272486,0.5046285714285714,0.0,0.23394495412844032
PHM08,1,15,0.2,policy,,complete_case,935.9999999999997,10900,23.283613382664345,0.5046285714285714,0.0,0.08587155963302749
PHM08,1,15,0.2,random,0.25,censored_as_failure,99.99999999999991,10900,54.36079621017443,0.25068571428571423,0.0,0.009174311926605496
PHM08,1,15,0.2,random,0.25,complete_case,2397.9999999999995,10900,21.809573743658074,0.25068571428571423,0.0,0.21999999999999995
PHM08,1,15,0.2,random,0.5,censored_as_failure,0.0,10900,193.60179915433403,0.49674285714285715,0.0,0.0
PHM08,1,15,0.2,random,0.5,complete_case,2203.9999999999995,10900,21.950198686380237,0.49674285714285715,0.0,0.20220183486238527
PHM08,1,15,0.2,random,0.75,censored_as_failure,0.0,10900,208.6641649048626,0.7485714285714286,0.0,0.0
PHM08,1,15,0.2,random,0.75,complete_case,2077.9999999999995,10900,22.086303073680913,0.7485714285714286,0.0,0.19064220183486236
PHM08,2,0,0.05,administrative,0.25,censored_as_failure,0.0,10900,135.01585835095136,0.2571428571428571,0.0,0.0
PHM08,2,0,0.05,administrative,0.25,complete_case,267.9999999999997,10900,7.062473062143,0.2571428571428571,0.0,0.024587155963302725
PHM08,2,0,0.05,administrative,0.5,censored_as_failure,0.0,10900,208.6641649048626,0.5,0.0,0.0
PHM08,2,0,0.05,administrative,0.5,complete_case,203.9999999999998,10900,7.649789247982782,0.5,0.0,0.01871559633027521
PHM08,2,0,0.05,administrative,0.75,censored_as_failure,0.0,10900,209.46416490486257,0.7428571428571429,0.8,0.0
PHM08,2,0,0.05,administrative,0.75,complete_case,0.0,10900,209.6641649048626,0.7428571428571429,1.0,0.0
PHM08,2,0,0.05,none,0.0,oracle,4.9999999999999964,218,6.9664809221785955,0.0,0.0,0.022935779816513745
PHM08,2,0,0.05,policy,,censored_as_failure,249.99999999999983,10900,6.966480922178596,0.47377142857142857,0.0,0.022935779816513745
PHM08,2,0,0.05,policy,,complete_case,118.99999999999982,10900,8.112982281284607,0.47377142857142857,0.0,0.010917431192660533
PHM08,2,0,0.05,random,0.25,censored_as_failure,0.0,10900,204.63343763213533,0.24748571428571423,0.0,0.0
PHM08,2,0,0.05,random,0.25,complete_case,232.99999999999974,10900,7.146007658705447,0.24748571428571423,0.0,0.021376146788990802
PHM08,2,0,0.05,random,0.5,censored_as_failure,0.0,10900,208.6641649048626,0.4973142857142857,0.0,0.0
PHM08,2,0,0.05,random,0.5,complete_case,239.9999999999998,10900,7.454383610136899,0.4973142857142857,0.0,0.02201834862385319
PHM08,2,0,0.05,random,0.75,censored_as_failure,0.0,10900,208.6641649048626,0.7507999999999999,0.0,0.0
PHM08,2,0,0.05,random,0.75,complete_case,129.99999999999991,10900,136.89163286975602,0.7507999999999999,0.64,0.011926605504587148
PHM08,2,0,0.1,administrative,0.25,censored_as_failure,0.0,10900,62.13252431289641,0.2571428571428571,0.0,0.0
PHM08,2,0,0.1,administrative,0.25,complete_case,940.9999999999995,10900,5.227021953521321,0.2571428571428571,0.0,0.08633027522935775
PHM08,2,0,0.1,administrative,0.5,censored_as_failure,0.0,10900,207.24807188160676,0.5,0.0,0.0
PHM08,2,0,0.1,administrative,0.5,complete_case,837.9999999999995,10900,5.531377949280418,0.5,0.0,0.07688073394495408
PHM08,2,0,0.1,administrative,0.75,censored_as_failure,0.0,10900,209.10816490486258,0.7428571428571429,0.444,0.0
PHM08,2,0,0.1,administrative,0.75,complete_case,517.9999999999997,10900,6.794608929728613,0.7428571428571429,0.0,0.047522935779816484
PHM08,2,0,0.1,none,0.0,oracle,19.999999999999986,218,5.121264590858883,0.0,0.0,0.09174311926605498
PHM08,2,0,0.1,policy,,censored_as_failure,999.9999999999993,10900,5.121264590858883,0.47377142857142857,0.0,0.09174311926605498
PHM08,2,0,0.1,policy,,complete_case,312.99999999999983,10900,6.788997500891999,0.47377142857142857,0.0,0.028715596330275213
PHM08,2,0,0.1,random,0.25,censored_as_failure,0.0,10900,148.83641226215647,0.24748571428571423,0.0,0.0
PHM08,2,0,0.1,random,0.25,complete_case,872.9999999999994,10900,5.294396979990713,0.24748571428571423,0.0,0.080091743119266
PHM08,2,0,0.1,random,0.5,censored_as_failure,0.0,10900,206.20252854122623,0.4973142857142857,0.0,0.0
PHM08,2,0,0.1,random,0.5,complete_case,808.9999999999997,10900,5.4843700855751925,0.4973142857142857,0.0,0.0742201834862385
PHM08,2,0,0.1,random,0.75,censored_as_failure,0.0,10900,208.6641649048626,0.7507999999999999,0.0,0.0
PHM08,2,0,0.1,random,0.75,complete_case,589.9999999999997,10900,6.259553891986008,0.7507999999999999,0.0,0.054128440366972445
PHM08,2,0,0.2,administrative,0.25,censored_as_failure,10.999999999999977,10900,19.781478707339176,0.2571428571428571,0.0,0.0010091743119266033
PHM08,2,0,0.2,administrative,0.25,complete_case,2036.9999999999998,10900,4.209128642363849,0.2571428571428571,0.0,0.1868807339449541
PHM08,2,0,0.2,administrative,0.5,censored_as_failure,0.0,10900,170.49063213530658,0.5,0.0,0.0
PHM08,2,0,0.2,administrative,0.5,complete_case,2207.9999999999995,10900,4.2094879011926905,0.5,0.0,0.20256880733944949
PHM08,2,0,0.2,administrative,0.75,censored_as_failure,0.0,10900,208.7121649048626,0.7428571428571429,0.048,0.0
PHM08,2,0,0.2,administrative,0.75,complete_case,1791.9999999999998,10900,4.545300801389179,0.7428571428571429,0.0,0.16440366972477063
PHM08,2,0,0.2,none,0.0,oracle,40.99999999999999,218,4.108540022069434,0.0,0.0,0.1880733944954128
PHM08,2,0,0.2,policy,,censored_as_failure,2049.9999999999995,10900,4.108540022069434,0.47377142857142857,0.0,0.1880733944954128
PHM08,2,0,0.2,policy,,complete_case,961.9999999999995,10900,5.1476747848539235,0.47377142857142857,0.0,0.08825688073394491
PHM08,2,0,0.2,random,0.25,censored_as_failure,55.99999999999995,10900,33.082070078938386,0.24748571428571423,0.0,0.005137614678899078
PHM08,2,0,0.2,random,0.25,complete_case,2044.9999999999995,10900,4.175616379521473,0.24748571428571423,0.0,0.18761467889908254
PHM08,2,0,0.2,random,0.5,censored_as_failure,0.0,10900,149.73815433403806,0.4973142857142857,0.0,0.0
PHM08,2,0,0.2,random,0.5,complete_case,2005.9999999999998,10900,4.255761297165509,0.4973142857142857,0.0,0.1840366972477064
PHM08,2,0,0.2,random,0.75,censored_as_failure,0.0,10900,204.62834672304442,0.7507999999999999,0.0,0.0
PHM08,2,0,0.2,random,0.75,complete_case,1855.9999999999998,10900,4.520783154666612,0.7507999999999999,0.0,0.17027522935779815
PHM08,2,5,0.05,administrative,0.25,censored_as_failure,0.0,10900,148.6311226215645,0.2571428571428571,0.0,0.0
PHM08,2,5,0.05,administrative,0.25,complete_case,293.99999999999955,10900,12.360988423601356,0.2571428571428571,0.0,0.02697247706422014
PHM08,2,5,0.05,administrative,0.5,censored_as_failure,0.0,10900,208.6641649048626,0.5,0.0,0.0
PHM08,2,5,0.05,administrative,0.5,complete_case,200.99999999999966,10900,13.016759096075035,0.5,0.0,0.018440366972477033
PHM08,2,5,0.05,administrative,0.75,censored_as_failure,0.0,10900,209.51216490486257,0.7428571428571429,0.848,0.0
PHM08,2,5,0.05,administrative,0.75,complete_case,0.0,10900,209.6641649048626,0.7428571428571429,1.0,0.0
PHM08,2,5,0.05,none,0.0,oracle,5.99999999999999,218,11.908945422133169,0.0,0.0,0.02752293577981647
PHM08,2,5,0.05,policy,,censored_as_failure,299.99999999999955,10900,11.90894542213317,0.5021142857142857,0.0,0.027522935779816474
PHM08,2,5,0.05,policy,,complete_case,164.99999999999972,10900,14.935732306453236,0.5021142857142857,0.008,0.015137614678899056
PHM08,2,5,0.05,random,0.25,censored_as_failure,0.0,10900,206.11397674418603,0.2513714285714285,0.0,0.0
PHM08,2,5,0.05,random,0.25,complete_case,296.99999999999955,10900,12.173169503882614,0.2513714285714285,0.0,0.027247706422018306
PHM08,2,5,0.05,random,0.5,censored_as_failure,0.0,10900,208.6641649048626,0.5007428571428572,0.0,0.0
PHM08,2,5,0.05,random,0.5,complete_case,250.99999999999963,10900,12.694326468126649,0.5007428571428572,0.0,0.02302752293577978
PHM08,2,5,0.05,random,0.75,censored_as_failure,0.0,10900,208.6641649048626,0.7513142857142857,0.0,0.0
PHM08,2,5,0.05,random,0.75,complete_case,162.99999999999983,10900,132.77562977039514,0.7513142857142857,0.612,0.014954128440366957
PHM08,2,5,0.1,administrative,0.25,censored_as_failure,0.0,10900,66.25543974630021,0.2571428571428571,0.0,0.0
PHM08,2,5,0.1,administrative,0.25,complete_case,686.9999999999994,10900,10.620817046254428,0.2571428571428571,0.0,0.06302752293577976
PHM08,2,5,0.1,administrative,0.5,censored_as_failure,0.0,10900,208.6641649048626,0.5,0.0,0.0
PHM08,2,5,0.1,administrative,0.5,complete_case,609.9999999999994,10900,10.920300521525789,0.5,0.0,0.055963302752293526
PHM08,2,5,0.1,administrative,0.75,censored_as_failure,0.0,10900,209.2121649048626,0.7428571428571429,0.548,0.0
PHM08,2,5,0.1,administrative,0.75,complete_case,365.99999999999955,10900,12.164226808487854,0.7428571428571429,0.0,0.033577981651376106
PHM08,2,5,0.1,none,0.0,oracle,18.999999999999986,218,10.561460669611883,0.0,0.0,0.08715596330275223
PHM08,2,5,0.1,policy,,censored_as_failure,949.9999999999993,10900,10.561460669611883,0.5021142857142857,0.0,0.08715596330275223
PHM08,2,5,0.1,policy,,complete_case,315.9999999999996,10900,11.89191514046551,0.5021142857142857,0.0,0.028990825688073357
PHM08,2,5,0.1,random,0.25,censored_as_failure,0.0,10900,159.92080338266385,0.2513714285714285,0.0,0.0
PHM08,2,5,0.1,random,0.25,complete_case,771.9999999999994,10900,10.633687353201184,0.2513714285714285,0.0,0.07082568807339444
PHM08,2,5,0.1,random,0.5,censored_as_failure,0.0,10900,208.22598308668077,0.5007428571428572,0.0,0.0
PHM08,2,5,0.1,random,0.5,complete_case,689.9999999999995,10900,10.801655442761568,0.5007428571428572,0.0,0.06330275229357794
PHM08,2,5,0.1,random,0.75,censored_as_failure,0.0,10900,208.6641649048626,0.7513142857142857,0.0,0.0
PHM08,2,5,0.1,random,0.75,complete_case,605.9999999999995,10900,13.117493621050482,0.7513142857142857,0.008,0.05559633027522932
PHM08,2,5,0.2,administrative,0.25,censored_as_failure,19.999999999999954,10900,24.61497151156652,0.2571428571428571,0.0,0.0018348623853210967
PHM08,2,5,0.2,administrative,0.25,complete_case,2094.9999999999995,10900,9.393959644785243,0.2571428571428571,0.0,0.1922018348623853
PHM08,2,5,0.2,administrative,0.5,censored_as_failure,0.0,10900,181.6043890063425,0.5,0.0,0.0
PHM08,2,5,0.2,administrative,0.5,complete_case,2082.9999999999995,10900,9.431858803505813,0.5,0.0,0.19110091743119262
PHM08,2,5,0.2,administrative,0.75,censored_as_failure,0.0,10900,208.7601649048626,0.7428571428571429,0.096,0.0
PHM08,2,5,0.2,administrative,0.75,complete_case,1449.9999999999995,10900,10.006191732477944,0.7428571428571429,0.0,0.13302752293577977
PHM08,2,5,0.2,none,0.0,oracle,42.99999999999999,218,9.276461161387633,0.0,0.0,0.1972477064220183
PHM08,2,5,0.2,policy,,censored_as_failure,2149.9999999999995,10900,9.276461161387632,0.5021142857142857,0.0,0.1972477064220183
PHM08,2,5,0.2,policy,,complete_case,819.9999999999994,10900,10.616844590019186,0.5021142857142857,0.0,0.07522935779816509
PHM08,2,5,0.2,random,0.25,censored_as_failure,58.99999999999992,10900,40.86612426635371,0.2513714285714285,0.0,0.005412844036697241
PHM08,2,5,0.2,random,0.25,complete_case,2132.9999999999995,10900,9.332405309122583,0.2513714285714285,0.0,0.19568807339449537
PHM08,2,5,0.2,random,0.5,censored_as_failure,0.0,10900,171.05693023255813,0.5007428571428572,0.0,0.0
PHM08,2,5,0.2,random,0.5,complete_case,2077.9999999999995,10900,9.425450224508632,0.5007428571428572,0.0,0.19064220183486236
PHM08,2,5,0.2,random,0.75,censored_as_failure,0.0,10900,207.6669196617336,0.7513142857142857,0.0,0.0
PHM08,2,5,0.2,random,0.75,complete_case,1868.9999999999995,10900,9.671992548062725,0.7513142857142857,0.0,0.17146788990825684
PHM08,2,10,0.05,administrative,0.25,censored_as_failure,0.0,10900,158.10684566596194,0.2571428571428571,0.0,0.0
PHM08,2,10,0.05,administrative,0.25,complete_case,215.9999999999998,10900,19.27482880617209,0.2571428571428571,0.0,0.019816513761467872
PHM08,2,10,0.05,administrative,0.5,censored_as_failure,0.0,10900,208.6721649048626,0.5,0.008,0.0
PHM08,2,10,0.05,administrative,0.5,complete_case,108.99999999999989,10900,19.97806618074684,0.5,0.0,0.00999999999999999
PHM08,2,10,0.05,administrative,0.75,censored_as_failure,0.0,10900,209.5761649048626,0.7428571428571429,0.912,0.0
PHM08,2,10,0.05,administrative,0.75,complete_case,0.0,10900,209.6641649048626,0.7428571428571429,1.0,0.0
PHM08,2,10,0.05,none,0.0,oracle,8.999999999999993,218,18.36599984530501,0.0,0.0,0.04128440366972474
PHM08,2,10,0.05,policy,,censored_as_failure,449.9999999999996,10900,18.365999845305005,0.4886285714285714,0.0,0.04128440366972473
PHM08,2,10,0.05,policy,,complete_case,97.9999999999999,10900,20.202100500180478,0.4886285714285714,0.0,0.008990825688073386
PHM08,2,10,0.05,random,0.25,censored_as_failure,0.0,10900,207.60098308668077,0.2520571428571428,0.0,0.0
PHM08,2,10,0.05,random,0.25,complete_case,329.9999999999997,10900,18.89636743502589,0.2520571428571428,0.0,0.03027522935779814
PHM08,2,10,0.05,random,0.5,censored_as_failure,0.0,10900,208.6641649048626,0.49571428571428566,0.0,0.0
PHM08,2,10,0.05,random,0.5,complete_case,315.9999999999997,10900,19.191093142761947,0.49571428571428566,0.0,0.028990825688073367
PHM08,2,10,0.05,random,0.75,censored_as_failure,0.0,10900,208.6641649048626,0.7475428571428572,0.0,0.0
PHM08,2,10,0.05,random,0.75,complete_case,213.9999999999999,10900,132.25353655009775,0.7475428571428572,0.596,0.01963302752293577
PHM08,2,10,0.1,administrative,0.25,censored_as_failure,0.0,10900,75.82710570824524,0.2571428571428571,0.0,0.0
PHM08,2,10,0.1,administrative,0.25,complete_case,851.9999999999993,10900,17.164298879694048,0.2571428571428571,0.0,0.07816513761467883
PHM08,2,10,0.1,administrative,0.5,censored_as_failure,0.0,10900,208.22571035940805,0.5,0.0,0.0
PHM08,2,10,0.1,administrative,0.5,complete_case,737.9999999999994,10900,17.5171886244633,0.5,0.0,0.06770642201834857
PHM08,2,10,0.1,administrative,0.75,censored_as_failure,0.0,10900,209.3441649048626,0.7428571428571429,0.68,0.0
PHM08,2,10,0.1,administrative,0.75,complete_case,268.9999999999998,10900,19.352369855880767,0.7428571428571429,0.0,0.024678899082568786
PHM08,2,10,0.1,none,0.0,oracle,21.999999999999986,218,16.75788815378032,0.0,0.0,0.10091743119266049
PHM08,2,10,0.1,policy,,censored_as_failure,1099.9999999999993,10900,16.757888153780325,0.4886285714285714,0.0,0.10091743119266049
PHM08,2,10,0.1,policy,,complete_case,449.99999999999966,10900,18.42860423987055,0.4886285714285714,0.0,0.04128440366972474
PHM08,2,10,0.1,random,0.25,censored_as_failure,0.0,10900,175.27355602537,0.2520571428571428,0.0,0.0
PHM08,2,10,0.1,random,0.25,complete_case,971.9999999999993,10900,16.911948019307765,0.2520571428571428,0.0,0.08917431192660544
PHM08,2,10,0.1,random,0.5,censored_as_failure,0.0,10900,208.6641649048626,0.49571428571428566,0.0,0.0
PHM08,2,10,0.1,random,0.5,complete_case,945.9999999999994,10900,16.97360790911716,0.49571428571428566,0.0,0.08678899082568801
PHM08,2,10,0.1,random,0.75,censored_as_failure,0.0,10900,208.6641649048626,0.7475428571428572,0.0,0.0
PHM08,2,10,0.1,random,0.75,complete_case,780.9999999999997,10900,18.59964747874177,0.7475428571428572,0.004,0.07165137614678896
PHM08,2,10,0.2,administrative,0.25,censored_as_failure,30.999999999999964,10900,29.77717112384685,0.2571428571428571,0.0,0.002844036697247703
PHM08,2,10,0.2,administrative,0.25,complete_case,1779.9999999999995,10900,15.47673418293023,0.2571428571428571,0.0,0.16330275229357794
PHM08,2,10,0.2,administrative,0.5,censored_as_failure,0.0,10900,186.65901057082453,0.5,0.0,0.0
PHM08,2,10,0.2,administrative,0.5,complete_case,1849.9999999999995,10900,15.523809645622812,0.5,0.0,0.1697247706422018
PHM08,2,10,0.2,administrative,0.75,censored_as_failure,0.0,10900,208.7841649048626,0.7428571428571429,0.12,0.0
PHM08,2,10,0.2,administrative,0.75,complete_case,1253.9999999999993,10900,16.58959309486023,0.7428571428571429,0.0,0.11504587155963296
PHM08,2,10,0.2,none,0.0,oracle,42.0,218,15.211319775658012,0.0,0.0,0.1926605504587156
PHM08,2,10,0.2,policy,,censored_as_failure,2100.0,10900,15.21131977565801,0.4886285714285714,0.0,0.1926605504587156
PHM08,2,10,0.2,policy,,complete_case,1035.9999999999993,10900,16.75366845219583,0.4886285714285714,0.0,0.09504587155963297
PHM08,2,10,0.2,random,0.25,censored_as_failure,73.99999999999994,10900,51.15618096305581,0.2520571428571428,0.0,0.006788990825688068
PHM08,2,10,0.2,random,0.25,complete_case,2027.9999999999998,10900,15.289989116369707,0.2520571428571428,0.0,0.1860550458715596
PHM08,2,10,0.2,random,0.5,censored_as_failure,0.0,10900,181.5775137420719,0.49571428571428566,0.0,0.0
PHM08,2,10,0.2,random,0.5,complete_case,2067.9999999999995,10900,15.346981906476724,0.49571428571428566,0.0,0.1897247706422018
PHM08,2,10,0.2,random,0.75,censored_as_failure,0.0,10900,208.22571035940805,0.7475428571428572,0.0,0.0
PHM08,2,10,0.2,random,0.75,complete_case,1936.9999999999995,10900,15.665439578861095,0.7475428571428572,0.0,0.17770642201834858
PHM08,2,15,0.05,administrative,0.25,censored_as_failure,0.0,10900,169.9485137420719,0.2571428571428571,0.0,0.0
PHM08,2,15,0.05,administrative,0.25,complete_case,405.9999999999996,10900,25.43971784541895,0.2571428571428571,0.0,0.037247706422018315
PHM08,2,15,0.05,administrative,0.5,censored_as_failure,0.0,10900,208.66816490486258,0.5,0.004,0.0
PHM08,2,15,0.05,administrative,0.5,complete_case,189.99999999999972,10900,26.20528289122586,0.5,0.0,0.017431192660550432
PHM08,2,15,0.05,administrative,0.75,censored_as_failure,0.0,10900,209.62016490486258,0.7428571428571429,0.956,0.0
PHM08,2,15,0.05,administrative,0.75,complete_case,0.0,10900,209.6641649048626,0.7428571428571429,1.0,0.0
PHM08,2,15,0.05,none,0.0,oracle,8.99999999999999,218,25.14370900417412,0.0,0.0,0.041284403669724724
PHM08,2,15,0.05,policy,,censored_as_failure,449.9999999999995,10900,25.14370900417412,0.4884,0.0,0.041284403669724724
PHM08,2,15,0.05,policy,,complete_case,191.99999999999974,10900,26.965938371705814,0.4884,0.004,0.017614678899082546
PHM08,2,15,0.05,random,0.25,censored_as_failure,0.0,10900,207.15847991543342,0.2562285714285714,0.0,0.0
PHM08,2,15,0.05,random,0.25,complete_case,444.9999999999996,10900,25.275059435931812,0.2562285714285714,0.0,0.040825688073394456
PHM08,2,15,0.05,random,0.5,censored_as_failure,0.0,10900,208.6641649048626,0.49788571428571426,0.0,0.0
PHM08,2,15,0.05,random,0.5,complete_case,342.99999999999966,10900,25.502209522356118,0.49788571428571426,0.0,0.03146788990825685
PHM08,2,15,0.05,random,0.75,censored_as_failure,0.0,10900,208.6641649048626,0.7525714285714286,0.0,0.0
PHM08,2,15,0.05,random,0.75,complete_case,170.9999999999999,10900,141.92855037170318,0.7525714285714286,0.632,0.015688073394495402
PHM08,2,15,0.1,administrative,0.25,censored_as_failure,0.0,10900,84.55617970401691,0.2571428571428571,0.0,0.0
PHM08,2,15,0.1,administrative,0.25,complete_case,850.9999999999997,10900,23.01335724597424,0.2571428571428571,0.0,0.07807339449541281
PHM08,2,15,0.1,administrative,0.5,censored_as_failure,0.0,10900,208.66816490486258,0.5,0.004,0.0
PHM08,2,15,0.1,administrative,0.5,complete_case,690.9999999999995,10900,24.019269424446826,0.5,0.0,0.06339449541284399
PHM08,2,15,0.1,administrative,0.75,censored_as_failure,0.0,10900,209.43616490486258,0.7428571428571429,0.772,0.0
PHM08,2,15,0.1,administrative,0.75,complete_case,399.99999999999966,10900,25.33866071286229,0.7428571428571429,0.0,0.036697247706421986
PHM08,2,15,0.1,none,0.0,oracle,18.999999999999996,218,22.609292252896903,0.0,0.0,0.08715596330275227
PHM08,2,15,0.1,policy,,censored_as_failure,949.9999999999999,10900,22.609292252896907,0.4884,0.0,0.08715596330275228
PHM08,2,15,0.1,policy,,complete_case,463.9999999999995,10900,25.01995518406721,0.4884,0.0,0.042568807339449496
PHM08,2,15,0.1,random,0.25,censored_as_failure,0.0,10900,179.37276109936573,0.2562285714285714,0.0,0.0
PHM08,2,15,0.1,random,0.25,complete_case,938.9999999999997,10900,22.759916140612773,0.2562285714285714,0.0,0.08614678899082566
PHM08,2,15,0.1,random,0.5,censored_as_failure,0.0,10900,208.6641649048626,0.49788571428571426,0.0,0.0
PHM08,2,15,0.1,random,0.5,complete_case,879.9999999999997,10900,23.133683054337343,0.49788571428571426,0.0,0.0807339449541284
PHM08,2,15,0.1,random,0.75,censored_as_failure,0.0,10900,208.6641649048626,0.7525714285714286,0.0,0.0
PHM08,2,15,0.1,random,0.75,complete_case,794.9999999999997,10900,24.60829269186085,0.7525714285714286,0.004,0.07293577981651372
PHM08,2,15,0.2,administrative,0.25,censored_as_failure,57.99999999999991,10900,35.09812708901989,0.2571428571428571,0.0,0.0053211009174311845
PHM08,2,15,0.2,administrative,0.25,complete_case,1704.9999999999995,10900,21.265270750066648,0.2571428571428571,0.0,0.15642201834862382
PHM08,2,15,0.2,administrative,0.5,censored_as_failure,0.0,10900,197.72593657505286,0.5,0.0,0.0
PHM08,2,15,0.2,administrative,0.5,complete_case,1659.9999999999995,10900,21.348698448948294,0.5,0.0,0.15229357798165133
PHM08,2,15,0.2,administrative,0.75,censored_as_failure,0.0,10900,208.8801649048626,0.7428571428571429,0.216,0.0
PHM08,2,15,0.2,administrative,0.75,complete_case,1154.9999999999998,10900,22.65258515606965,0.7428571428571429,0.0,0.10596330275229356
PHM08,2,15,0.2,none,0.0,oracle,45.999999999999986,218,20.799448621553886,0.0,0.0,0.21100917431192653
PHM08,2,15,0.2,policy,,censored_as_failure,2299.9999999999995,10900,20.799448621553886,0.4884,0.0,0.21100917431192656
PHM08,2,15,0.2,policy,,complete_case,985.9999999999998,10900,22.56191377566177,0.4884,0.0,0.09045871559633026
PHM08,2,15,0.2,random,0.25,censored_as_failure,60.999999999999936,10900,60.27101399432483,0.2562285714285714,0.0,0.0055963302752293515
PHM08,2,15,0.2,random,0.25,complete_case,2118.9999999999995,10900,20.919906067047386,0.2562285714285714,0.0,0.1944036697247706
PHM08,2,15,0.2,random,0.5,censored_as_failure,0.0,10900,188.9584714587738,0.49788571428571426,0.0,0.0
PHM08,2,15,0.2,random,0.5,complete_case,2061.9999999999995,10900,21.028140432600097,0.49788571428571426,0.0,0.18917431192660547
PHM08,2,15,0.2,random,0.75,censored_as_failure,0.0,10900,207.34907399577168,0.7525714285714286,0.0,0.0
PHM08,2,15,0.2,random,0.75,complete_case,1962.9999999999995,10900,21.37769484764373,0.7525714285714286,0.0,0.180091743119266
