dataset,mechanism,method,alpha,nf,nt,notice,first_row,false_alarm,frac_cens,inf_level,c0,fail,tol,ok
BATTERY,M1,CC,0.05,146.99999999999994,6150,98.87744126984128,0.076,0.23916666666666667,0.42852307692307695,0.076,724.0,0.023902439024390234,0.08930286817974575,True
BATTERY,M1,CC,0.1,322.99999999999994,6150,49.86305934065934,0.0,0.14456666666666662,0.42852307692307695,0.0,724.0,0.052520325203252026,0.15410017808004595,True
BATTERY,M1,CC,0.2,839.0,6150,37.94587533577534,0.0,0.13336666666666663,0.42852307692307695,0.0,724.0,0.13642276422764227,0.2721335707733946,True
BATTERY,M1,E2BASE_G1,0.05,0.9999999999999984,6150,497.8163666666667,0.992,0.9942666666666666,0.42852307692307695,0.088,724.0,0.00016260162601625992,0.08930286817974575,True
BATTERY,M1,E2BASE_G1,0.1,14.999999999999998,6150,468.2825333333334,0.92,0.9423833333333334,0.42852307692307695,0.0,724.0,0.002439024390243902,0.15410017808004595,True
BATTERY,M1,E2BASE_G1,0.2,228.99999999999994,6150,177.13950463980464,0.236,0.40085,0.42852307692307695,0.0,724.0,0.037235772357723566,0.2721335707733946,True
BATTERY,M1,E2BASE_G2,0.05,0.0,6150,500.48044444444446,1.0,1.0,0.42852307692307695,0.132,724.0,0.0,0.08930286817974575,True
BATTERY,M1,E2BASE_G2,0.1,0.0,6150,495.63351111111115,0.988,0.9905833333333334,0.42852307692307695,0.004,724.0,0.0,0.15410017808004595,True
BATTERY,M1,E2BASE_G2,0.2,47.99999999999999,6150,346.8414619047619,0.608,0.7216833333333332,0.42852307692307695,0.0,724.0,0.007804878048780487,0.2721335707733946,True
BATTERY,M1,E2BASE_G4,0.05,0.0,6150,500.58844444444446,1.0,1.0,0.42852307692307695,0.168,724.0,0.0,0.08930286817974575,True
BATTERY,M1,E2BASE_G4,0.1,0.0,6150,500.12044444444444,1.0,1.0,0.42852307692307695,0.012,724.0,0.0,0.15410017808004595,True
BATTERY,M1,E2BASE_G4,0.2,10.0,6150,438.490780952381,0.828,0.89075,0.42852307692307695,0.0,724.0,0.0016260162601626016,0.2721335707733946,True
BATTERY,M1,E2BASE_Ginf,0.05,0.0,6150,500.8164444444444,1.0,1.0,0.42852307692307695,0.244,724.0,0.0,0.08930286817974575,True
BATTERY,M1,E2BASE_Ginf,0.1,0.0,6150,500.12044444444444,1.0,1.0,0.42852307692307695,0.012,724.0,0.0,0.15410017808004595,True
BATTERY,M1,E2BASE_Ginf,0.2,0.0,6150,498.3284444444444,0.996,0.9965333333333333,0.42852307692307695,0.0,724.0,0.0,0.2721335707733946,True
BATTERY,M1,E2HIST_G1,0.05,0.9999999999999984,6150,491.22810000000004,0.976,0.9852000000000001,0.42852307692307695,0.136,724.0,0.00016260162601625992,0.08930286817974575,True
BATTERY,M1,E2HIST_G1,0.1,18.0,6150,407.0977904761905,0.756,0.8294,0.42852307692307695,0.004,724.0,0.002926829268292683,0.15410017808004595,True
BATTERY,M1,E2HIST_G1,0.2,268.99999999999994,6150,131.59668144078145,0.144,0.30989999999999995,0.42852307692307695,0.0,724.0,0.043739837398373976,0.2721335707733946,True
BATTERY,M1,E2HIST_G2,0.05,0.0,6150,498.90204444444447,0.996,0.9972000000000001,0.42852307692307695,0.164,724.0,0.0,0.08930286817974575,True
BATTERY,M1,E2HIST_G2,0.1,3.0,6150,474.271073015873,0.932,0.9546333333333333,0.42852307692307695,0.008,724.0,0.0004878048780487805,0.15410017808004595,True
BATTERY,M1,E2HIST_G2,0.2,89.99999999999997,6150,252.20843492063494,0.376,0.5414,0.42852307692307695,0.0,724.0,0.01463414634146341,0.2721335707733946,True
BATTERY,M1,E2HIST_G4,0.05,0.0,6150,500.7084444444444,1.0,1.0,0.42852307692307695,0.208,724.0,0.0,0.08930286817974575,True
BATTERY,M1,E2HIST_G4,0.1,0.0,6150,498.3644444444444,0.996,0.9965333333333333,0.42852307692307695,0.012,724.0,0.0,0.15410017808004595,True
BATTERY,M1,E2HIST_G4,0.2,24.999999999999993,6150,369.2295264957265,0.644,0.7654500000000001,0.42852307692307695,0.0,724.0,0.004065040650406503,0.2721335707733946,True
BATTERY,M1,E2HIST_Ginf,0.05,0.0,6150,500.8164444444444,1.0,1.0,0.42852307692307695,0.244,724.0,0.0,0.08930286817974575,True
BATTERY,M1,E2HIST_Ginf,0.1,0.0,6150,500.12044444444444,1.0,1.0,0.42852307692307695,0.012,724.0,0.0,0.15410017808004595,True
BATTERY,M1,E2HIST_Ginf,0.2,0.0,6150,498.3284444444444,0.996,0.9965333333333333,0.42852307692307695,0.0,724.0,0.0,0.2721335707733946,True
BATTERY,M1,IPCW,0.05,86.99999999999996,6150,254.95457777777779,0.432,0.5291166666666667,0.42852307692307695,0.432,724.0,0.014146341463414628,0.08930286817974575,True
BATTERY,M1,IPCW,0.1,302.9999999999999,6150,48.60630061050061,0.0,0.14416666666666664,0.42852307692307695,0.0,724.0,0.04926829268292681,0.15410017808004595,True
BATTERY,M1,IPCW,0.2,972.0,6150,37.0124420759963,0.0,0.12696666666666664,0.42852307692307695,0.0,724.0,0.15804878048780488,0.2721335707733946,True
BATTERY,M1,ORACLE,0.05,199.99999999999991,6150,52.227539682539685,0.0,0.14416666666666664,0.42852307692307695,0.0,724.0,0.03252032520325202,0.08930286817974575,True
BATTERY,M1,ORACLE,0.1,449.9999999999999,6150,41.95777777777778,0.0,0.14416666666666664,0.42852307692307695,0.0,724.0,0.07317073170731705,0.15410017808004595,True
BATTERY,M1,ORACLE,0.2,1100.0,6150,35.86222222222223,0.0,0.12416666666666665,0.42852307692307695,0.0,724.0,0.17886178861788618,0.2721335707733946,True
BATTERY,M1,T2,0.05,0.0,6150,500.8164444444444,1.0,1.0,0.42852307692307695,0.244,724.0,0.0,0.08930286817974575,True
BATTERY,M1,T2,0.1,0.0,6150,500.12044444444444,1.0,1.0,0.42852307692307695,0.012,724.0,0.0,0.15410017808004595,True
BATTERY,M1,T2,0.2,0.0,6150,498.3284444444444,0.996,0.9965333333333333,0.42852307692307695,0.0,724.0,0.0,0.2721335707733946,True
BATTERY,M2,CC,0.05,0.0,6150,503.08444444444444,1.0,1.0,0.8537743589743589,1.0,724.0,0.0,0.08930286817974575,True
BATTERY,M2,CC,0.1,20.999999999999996,6150,454.99704920634923,0.892,0.9113666666666667,0.8537743589743589,0.892,724.0,0.003414634146341463,0.15410017808004595,True
BATTERY,M2,CC,0.2,254.99999999999994,6150,122.48881880341881,0.144,0.29718333333333335,0.8537743589743589,0.144,724.0,0.04146341463414633,0.2721335707733946,True
BATTERY,M2,E2BASE_G1,0.05,0.0,6150,500.8284444444444,1.0,1.0,0.8537743589743589,0.248,724.0,0.0,0.08930286817974575,True
BATTERY,M2,E2BASE_G1,0.1,0.0,6150,500.14444444444445,1.0,1.0,0.8537743589743589,0.02,724.0,0.0,0.15410017808004595,True
BATTERY,M2,E2BASE_G1,0.2,2.0,6150,483.75129572649575,0.952,0.9714833333333334,0.8537743589743589,0.0,724.0,0.0003252032520325203,0.2721335707733946,True
BATTERY,M2,E2BASE_G2,0.05,0.0,6150,501.1284444444444,1.0,1.0,0.8537743589743589,0.348,724.0,0.0,0.08930286817974575,True
BATTERY,M2,E2BASE_G2,0.1,0.0,6150,500.20444444444445,1.0,1.0,0.8537743589743589,0.04,724.0,0.0,0.15410017808004595,True
BATTERY,M2,E2BASE_G2,0.2,0.0,6150,500.08444444444444,1.0,1.0,0.8537743589743589,0.0,724.0,0.0,0.2721335707733946,True
BATTERY,M2,E2BASE_G4,0.05,0.0,6150,501.36844444444444,1.0,1.0,0.8537743589743589,0.428,724.0,0.0,0.08930286817974575,True
BATTERY,M2,E2BASE_G4,0.1,0.0,6150,500.28844444444445,1.0,1.0,0.8537743589743589,0.068,724.0,0.0,0.15410017808004595,True
BATTERY,M2,E2BASE_G4,0.2,0.0,6150,500.08444444444444,1.0,1.0,0.8537743589743589,0.0,724.0,0.0,0.2721335707733946,True
BATTERY,M2,E2BASE_Ginf,0.05,0.0,6150,501.69244444444445,1.0,1.0,0.8537743589743589,0.536,724.0,0.0,0.08930286817974575,True
BATTERY,M2,E2BASE_Ginf,0.1,0.0,6150,500.40844444444446,1.0,1.0,0.8537743589743589,0.108,724.0,0.0,0.15410017808004595,True
BATTERY,M2,E2BASE_Ginf,0.2,0.0,6150,500.08444444444444,1.0,1.0,0.8537743589743589,0.0,724.0,0.0,0.2721335707733946,True
BATTERY,M2,E2HIST_G1,0.05,0.0,6150,501.0924444444444,1.0,1.0,0.8537743589743589,0.336,724.0,0.0,0.08930286817974575,True
BATTERY,M2,E2HIST_G1,0.1,0.0,6150,498.76124444444446,0.996,0.9987999999999999,0.8537743589743589,0.04,724.0,0.0,0.15410017808004595,True
BATTERY,M2,E2HIST_G1,0.2,14.999999999999998,6150,416.0532507936508,0.76,0.8525166666666667,0.8537743589743589,0.0,724.0,0.002439024390243902,0.2721335707733946,True
BATTERY,M2,E2HIST_G2,0.05,0.0,6150,501.34444444444443,1.0,1.0,0.8537743589743589,0.42,724.0,0.0,0.08930286817974575,True
BATTERY,M2,E2HIST_G2,0.1,0.0,6150,500.24044444444445,1.0,1.0,0.8537743589743589,0.052,724.0,0.0,0.15410017808004595,True
BATTERY,M2,E2HIST_G2,0.2,2.0,6150,495.96812698412697,0.988,0.9932833333333333,0.8537743589743589,0.0,724.0,0.0003252032520325203,0.2721335707733946,True
BATTERY,M2,E2HIST_G4,0.05,0.0,6150,501.47644444444444,1.0,1.0,0.8537743589743589,0.464,724.0,0.0,0.08930286817974575,True
BATTERY,M2,E2HIST_G4,0.1,0.0,6150,500.34844444444445,1.0,1.0,0.8537743589743589,0.088,724.0,0.0,0.15410017808004595,True
BATTERY,M2,E2HIST_G4,0.2,0.0,6150,500.08444444444444,1.0,1.0,0.8537743589743589,0.0,724.0,0.0,0.2721335707733946,True
BATTERY,M2,E2HIST_Ginf,0.05,0.0,6150,501.69244444444445,1.0,1.0,0.8537743589743589,0.536,724.0,0.0,0.08930286817974575,True
BATTERY,M2,E2HIST_Ginf,0.1,0.0,6150,500.40844444444446,1.0,1.0,0.8537743589743589,0.108,724.0,0.0,0.15410017808004595,True
BATTERY,M2,E2HIST_Ginf,0.2,0.0,6150,500.08444444444444,1.0,1.0,0.8537743589743589,0.0,724.0,0.0,0.2721335707733946,True
BATTERY,M2,IPCW,0.05,0.0,6150,503.08444444444444,1.0,1.0,0.8537743589743589,1.0,724.0,0.0,0.08930286817974575,True
BATTERY,M2,IPCW,0.1,0.0,6150,503.08444444444444,1.0,1.0,0.8537743589743589,1.0,724.0,0.0,0.15410017808004595,True
BATTERY,M2,IPCW,0.2,0.0,6150,503.08444444444444,1.0,1.0,0.8537743589743589,1.0,724.0,0.0,0.2721335707733946,True
BATTERY,M2,ORACLE,0.05,199.99999999999991,6150,52.227539682539685,0.0,0.14416666666666664,0.8537743589743589,0.0,724.0,0.03252032520325202,0.08930286817974575,True
BATTERY,M2,ORACLE,0.1,449.9999999999999,6150,41.95777777777778,0.0,0.14416666666666664,0.8537743589743589,0.0,724.0,0.07317073170731705,0.15410017808004595,True
BATTERY,M2,ORACLE,0.2,1100.0,6150,35.86222222222223,0.0,0.12416666666666665,0.8537743589743589,0.0,724.0,0.17886178861788618,0.2721335707733946,True
BATTERY,M2,T2,0.05,0.0,6150,501.69244444444445,1.0,1.0,0.8537743589743589,0.536,724.0,0.0,0.08930286817974575,True
BATTERY,M2,T2,0.1,0.0,6150,500.40844444444446,1.0,1.0,0.8537743589743589,0.108,724.0,0.0,0.15410017808004595,True
BATTERY,M2,T2,0.2,0.0,6150,500.08444444444444,1.0,1.0,0.8537743589743589,0.0,724.0,0.0,0.2721335707733946,True
BATTERY,M3,CC,0.05,99.99999999999993,6150,66.30226507936509,0.0,0.1748333333333333,0.21726153846153842,0.0,724.0,0.016260162601626004,0.08930286817974575,True
BATTERY,M3,CC,0.1,381.9999999999999,6150,46.118582539682535,0.0,0.14416666666666664,0.21726153846153842,0.0,724.0,0.062113821138211366,0.15410017808004595,True
BATTERY,M3,CC,0.2,1014.0,6150,38.69485407066052,0.0,0.11274999999999999,0.21726153846153842,0.132,724.0,0.1648780487804878,0.2721335707733946,True
BATTERY,M3,E2BASE_G1,0.05,199.99999999999991,6150,52.227539682539685,0.0,0.14416666666666664,0.21726153846153842,0.0,724.0,0.03252032520325202,0.08930286817974575,True
BATTERY,M3,E2BASE_G1,0.1,450.9999999999999,6150,41.980311111111114,0.0,0.14416666666666664,0.21726153846153842,0.0,724.0,0.07333333333333332,0.15410017808004595,True
BATTERY,M3,E2BASE_G1,0.2,1150.0,6150,36.012977218859575,0.0,0.11709999999999998,0.21726153846153842,0.048,724.0,0.18699186991869918,0.2721335707733946,True
BATTERY,M3,E2BASE_G2,0.05,199.99999999999991,6150,52.227539682539685,0.0,0.14416666666666664,0.21726153846153842,0.0,724.0,0.03252032520325202,0.08930286817974575,True
BATTERY,M3,E2BASE_G2,0.1,449.9999999999999,6150,41.98817777777778,0.0,0.14416666666666664,0.21726153846153842,0.0,724.0,0.07317073170731705,0.15410017808004595,True
BATTERY,M3,E2BASE_G2,0.2,1094.0,6150,35.9913916739218,0.0,0.12341666666666665,0.21726153846153842,0.004,724.0,0.17788617886178862,0.2721335707733946,True
BATTERY,M3,E2BASE_G4,0.05,199.99999999999991,6150,52.227539682539685,0.0,0.14416666666666664,0.21726153846153842,0.0,724.0,0.03252032520325202,0.08930286817974575,True
BATTERY,M3,E2BASE_G4,0.1,449.9999999999999,6150,41.98817777777778,0.0,0.14416666666666664,0.21726153846153842,0.0,724.0,0.07317073170731705,0.15410017808004595,True
BATTERY,M3,E2BASE_G4,0.2,1071.0,6150,35.98849277389277,0.0,0.12416666666666665,0.21726153846153842,0.0,724.0,0.17414634146341462,0.2721335707733946,True
BATTERY,M3,E2BASE_Ginf,0.05,199.99999999999991,6150,52.227539682539685,0.0,0.14416666666666664,0.21726153846153842,0.0,724.0,0.03252032520325202,0.08930286817974575,True
BATTERY,M3,E2BASE_Ginf,0.1,449.9999999999999,6150,41.992177777777776,0.0,0.14416666666666664,0.21726153846153842,0.0,724.0,0.07317073170731705,0.15410017808004595,True
BATTERY,M3,E2BASE_Ginf,0.2,1048.0,6150,36.01947226107226,0.0,0.12496666666666664,0.21726153846153842,0.0,724.0,0.17040650406504065,0.2721335707733946,True
BATTERY,M3,E2HIST_G1,0.05,199.99999999999991,6150,52.227539682539685,0.0,0.14416666666666664,0.21726153846153842,0.0,724.0,0.03252032520325202,0.08930286817974575,True
BATTERY,M3,E2HIST_G1,0.1,449.9999999999999,6150,41.992177777777776,0.0,0.14416666666666664,0.21726153846153842,0.0,724.0,0.07317073170731705,0.15410017808004595,True
BATTERY,M3,E2HIST_G1,0.2,1048.0,6150,36.01947226107226,0.0,0.12496666666666664,0.21726153846153842,0.0,724.0,0.17040650406504065,0.2721335707733946,True
BATTERY,M3,E2HIST_G2,0.05,199.99999999999991,6150,52.227539682539685,0.0,0.14416666666666664,0.21726153846153842,0.0,724.0,0.03252032520325202,0.08930286817974575,True
BATTERY,M3,E2HIST_G2,0.1,449.9999999999999,6150,41.992177777777776,0.0,0.14416666666666664,0.21726153846153842,0.0,724.0,0.07317073170731705,0.15410017808004595,True
BATTERY,M3,E2HIST_G2,0.2,1048.0,6150,36.01947226107226,0.0,0.12496666666666664,0.21726153846153842,0.0,724.0,0.17040650406504065,0.2721335707733946,True
BATTERY,M3,E2HIST_G4,0.05,199.99999999999991,6150,52.227539682539685,0.0,0.14416666666666664,0.21726153846153842,0.0,724.0,0.03252032520325202,0.08930286817974575,True
BATTERY,M3,E2HIST_G4,0.1,449.9999999999999,6150,41.992177777777776,0.0,0.14416666666666664,0.21726153846153842,0.0,724.0,0.07317073170731705,0.15410017808004595,True
BATTERY,M3,E2HIST_G4,0.2,1048.0,6150,36.01947226107226,0.0,0.12496666666666664,0.21726153846153842,0.0,724.0,0.17040650406504065,0.2721335707733946,True
BATTERY,M3,E2HIST_Ginf,0.05,199.99999999999991,6150,52.227539682539685,0.0,0.14416666666666664,0.21726153846153842,0.0,724.0,0.03252032520325202,0.08930286817974575,True
BATTERY,M3,E2HIST_Ginf,0.1,449.9999999999999,6150,41.992177777777776,0.0,0.14416666666666664,0.21726153846153842,0.0,724.0,0.07317073170731705,0.15410017808004595,True
BATTERY,M3,E2HIST_Ginf,0.2,1048.0,6150,36.01947226107226,0.0,0.12496666666666664,0.21726153846153842,0.0,724.0,0.17040650406504065,0.2721335707733946,True
BATTERY,M3,IPCW,0.05,99.99999999999993,6150,66.30226507936509,0.0,0.1748333333333333,0.21726153846153842,0.0,724.0,0.016260162601626004,0.08930286817974575,True
BATTERY,M3,IPCW,0.1,385.9999999999999,6150,44.9496253968254,0.0,0.14416666666666664,0.21726153846153842,0.0,724.0,0.0627642276422764,0.15410017808004595,True
BATTERY,M3,IPCW,0.2,1226.0,6150,37.46782250564634,0.0,0.10126666666666666,0.21726153846153842,0.228,724.0,0.19934959349593495,0.2721335707733946,True
BATTERY,M3,ORACLE,0.05,199.99999999999991,6150,52.227539682539685,0.0,0.14416666666666664,0.21726153846153842,0.0,724.0,0.03252032520325202,0.08930286817974575,True
BATTERY,M3,ORACLE,0.1,449.9999999999999,6150,41.95777777777778,0.0,0.14416666666666664,0.21726153846153842,0.0,724.0,0.07317073170731705,0.15410017808004595,True
BATTERY,M3,ORACLE,0.2,1100.0,6150,35.86222222222223,0.0,0.12416666666666665,0.21726153846153842,0.0,724.0,0.17886178861788618,0.2721335707733946,True
BATTERY,M3,T2,0.05,199.99999999999991,6150,52.227539682539685,0.0,0.14416666666666664,0.21726153846153842,0.0,724.0,0.03252032520325202,0.08930286817974575,True
BATTERY,M3,T2,0.1,449.9999999999999,6150,41.992177777777776,0.0,0.14416666666666664,0.21726153846153842,0.0,724.0,0.07317073170731705,0.15410017808004595,True
BATTERY,M3,T2,0.2,1048.0,6150,36.01947226107226,0.0,0.12496666666666664,0.21726153846153842,0.0,724.0,0.17040650406504065,0.2721335707733946,True
BATTERY,M4,CC,0.05,258.99999999999994,6150,66.58395091575092,0.008,0.1792833333333333,0.3578179487179487,0.008,724.0,0.042113821138211376,0.08930286817974575,True
BATTERY,M4,CC,0.1,509.99999999999994,6150,45.843818803418806,0.0,0.14256666666666665,0.3578179487179487,0.0,724.0,0.08292682926829267,0.15410017808004595,True
BATTERY,M4,CC,0.2,1274.0,6150,35.55800453138816,0.0,0.12389999999999998,0.3578179487179487,0.024,724.0,0.20715447154471545,0.2721335707733946,True
BATTERY,M4,E2BASE_G1,0.05,0.0,6150,485.72631111111116,0.956,0.9778666666666667,0.3578179487179487,0.088,724.0,0.0,0.08930286817974575,True
BATTERY,M4,E2BASE_G1,0.1,20.999999999999996,6150,389.64965714285717,0.7,0.7983333333333333,0.3578179487179487,0.004,724.0,0.003414634146341463,0.15410017808004595,True
BATTERY,M4,E2BASE_G1,0.2,471.99999999999994,6150,101.17127237681675,0.064,0.2546333333333333,0.3578179487179487,0.008,724.0,0.07674796747967479,0.2721335707733946,True
BATTERY,M4,E2BASE_G2,0.05,0.0,6150,494.46497777777785,0.98,0.9929333333333333,0.3578179487179487,0.136,724.0,0.0,0.08930286817974575,True
BATTERY,M4,E2BASE_G2,0.1,1.0,6150,450.44017777777776,0.86,0.9188166666666666,0.3578179487179487,0.008,724.0,0.00016260162601626016,0.15410017808004595,True
BATTERY,M4,E2BASE_G2,0.2,169.99999999999997,6150,210.0538868131868,0.276,0.46323333333333333,0.3578179487179487,0.0,724.0,0.027642276422764223,0.2721335707733946,True
BATTERY,M4,E2BASE_G4,0.05,0.0,6150,500.66044444444447,1.0,1.0,0.3578179487179487,0.192,724.0,0.0,0.08930286817974575,True
BATTERY,M4,E2BASE_G4,0.1,0.0,6150,482.6372444444445,0.944,0.9755,0.3578179487179487,0.008,724.0,0.0,0.15410017808004595,True
BATTERY,M4,E2BASE_G4,0.2,37.99999999999999,6150,317.06647411477417,0.508,0.6663,0.3578179487179487,0.0,724.0,0.006178861788617885,0.2721335707733946,True
BATTERY,M4,E2BASE_Ginf,0.05,0.0,6150,500.7684444444444,1.0,1.0,0.3578179487179487,0.228,724.0,0.0,0.08930286817974575,True
BATTERY,M4,E2BASE_Ginf,0.1,0.0,6150,497.4004444444444,0.992,0.9976,0.3578179487179487,0.024,724.0,0.0,0.15410017808004595,True
BATTERY,M4,E2BASE_Ginf,0.2,1.0,6150,433.22631111111116,0.804,0.8924166666666666,0.3578179487179487,0.0,724.0,0.00016260162601626016,0.2721335707733946,True
BATTERY,M4,E2HIST_G1,0.05,0.0,6150,466.94551111111116,0.9,0.94545,0.3578179487179487,0.132,724.0,0.0,0.08930286817974575,True
BATTERY,M4,E2HIST_G1,0.1,3.9999999999999982,6150,345.7337904761905,0.58,0.7179,0.3578179487179487,0.008,724.0,0.0006504065040650403,0.15410017808004595,True
BATTERY,M4,E2HIST_G1,0.2,334.99999999999994,6150,86.9080551892552,0.04,0.21698333333333333,0.3578179487179487,0.0,724.0,0.05447154471544714,0.2721335707733946,True
BATTERY,M4,E2HIST_G2,0.05,0.0,6150,494.3873777777778,0.98,0.9929333333333333,0.3578179487179487,0.18,724.0,0.0,0.08930286817974575,True
BATTERY,M4,E2HIST_G2,0.1,0.0,6150,435.8148444444445,0.816,0.888,0.3578179487179487,0.008,724.0,0.0,0.15410017808004595,True
BATTERY,M4,E2HIST_G2,0.2,146.99999999999997,6150,165.34969682539682,0.16,0.3723666666666667,0.3578179487179487,0.0,724.0,0.02390243902439024,0.2721335707733946,True
BATTERY,M4,E2HIST_G4,0.05,0.0,6150,496.94764444444445,0.988,0.9957333333333334,0.3578179487179487,0.212,724.0,0.0,0.08930286817974575,True
BATTERY,M4,E2HIST_G4,0.1,0.0,6150,472.80791111111114,0.92,0.9552833333333333,0.3578179487179487,0.008,724.0,0.0,0.15410017808004595,True
BATTERY,M4,E2HIST_G4,0.2,52.99999999999998,6150,265.35933015873013,0.388,0.5641333333333334,0.3578179487179487,0.0,724.0,0.008617886178861785,0.2721335707733946,True
BATTERY,M4,E2HIST_Ginf,0.05,0.0,6150,500.7684444444444,1.0,1.0,0.3578179487179487,0.228,724.0,0.0,0.08930286817974575,True
BATTERY,M4,E2HIST_Ginf,0.1,0.0,6150,497.4004444444444,0.992,0.9976,0.3578179487179487,0.024,724.0,0.0,0.15410017808004595,True
BATTERY,M4,E2HIST_Ginf,0.2,1.0,6150,433.22631111111116,0.804,0.8924166666666666,0.3578179487179487,0.0,724.0,0.00016260162601626016,0.2721335707733946,True
BATTERY,M4,IPCW,0.05,249.99999999999991,6150,82.8222778998779,0.044,0.2076,0.3578179487179487,0.044,724.0,0.040650406504065026,0.08930286817974575,True
BATTERY,M4,IPCW,0.1,548.9999999999999,6150,43.06940927960928,0.0,0.14176666666666665,0.3578179487179487,0.0,724.0,0.08926829268292681,0.15410017808004595,True
BATTERY,M4,IPCW,0.2,1384.0,6150,35.08607910689409,0.0,0.11778333333333332,0.3578179487179487,0.052,724.0,0.22504065040650406,0.2721335707733946,True
BATTERY,M4,ORACLE,0.05,199.99999999999991,6150,52.227539682539685,0.0,0.14416666666666664,0.3578179487179487,0.0,724.0,0.03252032520325202,0.08930286817974575,True
BATTERY,M4,ORACLE,0.1,449.9999999999999,6150,41.95777777777778,0.0,0.14416666666666664,0.3578179487179487,0.0,724.0,0.07317073170731705,0.15410017808004595,True
BATTERY,M4,ORACLE,0.2,1100.0,6150,35.86222222222223,0.0,0.12416666666666665,0.3578179487179487,0.0,724.0,0.17886178861788618,0.2721335707733946,True
BATTERY,M4,T2,0.05,0.0,6150,500.7684444444444,1.0,1.0,0.3578179487179487,0.228,724.0,0.0,0.08930286817974575,True
BATTERY,M4,T2,0.1,0.0,6150,497.4004444444444,0.992,0.9976,0.3578179487179487,0.024,724.0,0.0,0.15410017808004595,True
BATTERY,M4,T2,0.2,1.0,6150,433.22631111111116,0.804,0.8924166666666666,0.3578179487179487,0.0,724.0,0.00016260162601626016,0.2721335707733946,True
FD001,M1,CC,0.05,48.0,5000,128.0366022866023,0.712,0.7968,0.472625,0.712,199.2,0.0096,0.09358898943540674,True
FD001,M1,CC,0.1,276.0,5000,17.08861434121434,0.004,0.30650505050505045,0.472625,0.004,199.2,0.0552,0.16,True
FD001,M1,CC,0.2,631.0,5000,14.26450140970141,0.0,0.2477171717171717,0.472625,0.0,199.2,0.1262,0.28,True
FD001,M1,E2BASE_G1,0.05,0.0,5000,170.81053102453103,0.984,0.995939393939394,0.472625,0.404,199.2,0.0,0.09358898943540674,True
FD001,M1,E2BASE_G1,0.1,5.0,5000,156.07179913419913,0.872,0.95770101010101,0.472625,0.012,199.2,0.001,0.16,True
FD001,M1,E2BASE_G1,0.2,103.0,5000,95.07571694971695,0.436,0.7348242424242425,0.472625,0.0,199.2,0.0206,0.28,True
FD001,M1,E2BASE_G2,0.05,0.0,5000,172.38245310245313,0.996,0.9996363636363637,0.472625,0.52,199.2,0.0,0.09358898943540674,True
FD001,M1,E2BASE_G2,0.1,0.0,5000,168.30190245310246,0.964,0.9931757575757575,0.472625,0.024,199.2,0.0,0.16,True
FD001,M1,E2BASE_G2,0.2,19.0,5000,130.86705152625152,0.664,0.9004848484848484,0.472625,0.0,199.2,0.0038,0.28,True
FD001,M1,E2BASE_G4,0.05,0.0,5000,172.79756421356421,1.0,1.0,0.472625,0.584,199.2,0.0,0.09358898943540674,True
FD001,M1,E2BASE_G4,0.1,0.0,5000,170.4988784992785,0.984,0.9963030303030302,0.472625,0.044,199.2,0.0,0.16,True
FD001,M1,E2BASE_G4,0.2,1.0,5000,156.33297715617715,0.864,0.9700565656565657,0.472625,0.0,199.2,0.0002,0.28,True
FD001,M1,E2BASE_Ginf,0.05,0.0,5000,172.8655642135642,1.0,1.0,0.472625,0.652,199.2,0.0,0.09358898943540674,True
FD001,M1,E2BASE_Ginf,0.1,0.0,5000,171.93445310245312,0.996,0.9996363636363637,0.472625,0.072,199.2,0.0,0.16,True
FD001,M1,E2BASE_Ginf,0.2,0.0,5000,169.82723405483407,0.98,0.9932121212121212,0.472625,0.0,199.2,0.0,0.28,True
FD001,M1,E2HIST_G1,0.05,0.0,5000,171.99445310245312,0.992,0.9992727272727272,0.472625,0.496,199.2,0.0,0.09358898943540674,True
FD001,M1,E2HIST_G1,0.1,9.0,5000,151.6777344877345,0.84,0.9418181818181819,0.472625,0.016,199.2,0.0018,0.16,True
FD001,M1,E2HIST_G1,0.2,93.0,5000,73.21288964368965,0.296,0.6425737373737374,0.472625,0.0,199.2,0.0186,0.28,True
FD001,M1,E2HIST_G2,0.05,0.0,5000,172.4384531024531,0.996,0.9996363636363637,0.472625,0.576,199.2,0.0,0.09358898943540674,True
FD001,M1,E2HIST_G2,0.1,0.0,5000,165.60753362193364,0.944,0.9854868686868686,0.472625,0.04,199.2,0.0,0.16,True
FD001,M1,E2HIST_G2,0.2,19.0,5000,118.91594627594628,0.584,0.8545333333333333,0.472625,0.0,199.2,0.0038,0.28,True
FD001,M1,E2HIST_G4,0.05,0.0,5000,172.4744531024531,0.996,0.9996363636363637,0.472625,0.612,199.2,0.0,0.09358898943540674,True
FD001,M1,E2HIST_G4,0.1,0.0,5000,170.4717673881674,0.984,0.9963030303030302,0.472625,0.06,199.2,0.0,0.16,True
FD001,M1,E2HIST_G4,0.2,5.0,5000,149.23633242313244,0.808,0.951830303030303,0.472625,0.0,199.2,0.001,0.28,True
FD001,M1,E2HIST_Ginf,0.05,0.0,5000,172.8655642135642,1.0,1.0,0.472625,0.652,199.2,0.0,0.09358898943540674,True
FD001,M1,E2HIST_Ginf,0.1,0.0,5000,171.93445310245312,0.996,0.9996363636363637,0.472625,0.072,199.2,0.0,0.16,True
FD001,M1,E2HIST_Ginf,0.2,0.0,5000,169.82723405483407,0.98,0.9932121212121212,0.472625,0.0,199.2,0.0,0.28,True
FD001,M1,IPCW,0.05,27.0,5000,150.03968169608171,0.852,0.8947717171717171,0.472625,0.852,199.2,0.0054,0.09358898943540674,True
FD001,M1,IPCW,0.1,266.0,5000,20.965755588855586,0.028,0.32457373737373735,0.472625,0.028,199.2,0.0532,0.16,True
FD001,M1,IPCW,0.2,645.0,5000,14.207920579420579,0.0,0.24360404040404038,0.472625,0.0,199.2,0.129,0.28,True
FD001,M1,ORACLE,0.05,150.0,5000,17.68225108225108,0.0,0.31717171717171716,0.472625,0.0,199.2,0.03,0.09358898943540674,True
FD001,M1,ORACLE,0.1,350.0,5000,15.169261849261849,0.0,0.29717171717171714,0.472625,0.0,199.2,0.07,0.16,True
FD001,M1,ORACLE,0.2,700.0,5000,13.882967032967034,0.0,0.2327272727272727,0.472625,0.0,199.2,0.14,0.28,True
FD001,M1,T2,0.05,0.0,5000,172.8655642135642,1.0,1.0,0.472625,0.652,199.2,0.0,0.09358898943540674,True
FD001,M1,T2,0.1,0.0,5000,171.93445310245312,0.996,0.9996363636363637,0.472625,0.072,199.2,0.0,0.16,True
FD001,M1,T2,0.2,0.0,5000,169.82723405483407,0.98,0.9932121212121212,0.472625,0.0,199.2,0.0,0.28,True
FD001,M2,CC,0.05,0.0,5000,173.2135642135642,1.0,1.0,0.935,1.0,199.2,0.0,0.09358898943540674,True
FD001,M2,CC,0.1,0.0,5000,173.2135642135642,1.0,1.0,0.935,1.0,199.2,0.0,0.16,True
FD001,M2,CC,0.2,50.0,5000,142.435974003774,0.808,0.8559878787878789,0.935,0.808,199.2,0.01,0.28,True
FD001,M2,E2BASE_G1,0.05,0.0,5000,172.8735642135642,1.0,1.0,0.935,0.66,199.2,0.0,0.09358898943540674,True
FD001,M2,E2BASE_G1,0.1,0.0,5000,172.30556421356422,1.0,1.0,0.935,0.092,199.2,0.0,0.16,True
FD001,M2,E2BASE_G1,0.2,0.0,5000,170.8907642135642,0.988,0.9984,0.935,0.0,199.2,0.0,0.28,True
FD001,M2,E2BASE_G2,0.05,0.0,5000,172.9695642135642,1.0,1.0,0.935,0.756,199.2,0.0,0.09358898943540674,True
FD001,M2,E2BASE_G2,0.1,0.0,5000,172.3535642135642,1.0,1.0,0.935,0.14,199.2,0.0,0.16,True
FD001,M2,E2BASE_G2,0.2,0.0,5000,172.2135642135642,1.0,1.0,0.935,0.0,199.2,0.0,0.28,True
FD001,M2,E2BASE_G4,0.05,0.0,5000,173.02556421356422,1.0,1.0,0.935,0.812,199.2,0.0,0.09358898943540674,True
FD001,M2,E2BASE_G4,0.1,0.0,5000,172.40556421356422,1.0,1.0,0.935,0.192,199.2,0.0,0.16,True
FD001,M2,E2BASE_G4,0.2,0.0,5000,172.22156421356422,1.0,1.0,0.935,0.008,199.2,0.0,0.28,True
FD001,M2,E2BASE_Ginf,0.05,0.0,5000,173.10156421356422,1.0,1.0,0.935,0.888,199.2,0.0,0.09358898943540674,True
FD001,M2,E2BASE_Ginf,0.1,0.0,5000,172.51356421356422,1.0,1.0,0.935,0.3,199.2,0.0,0.16,True
FD001,M2,E2BASE_Ginf,0.2,0.0,5000,172.2295642135642,1.0,1.0,0.935,0.016,199.2,0.0,0.28,True
FD001,M2,E2HIST_G1,0.05,0.0,5000,172.9455642135642,1.0,1.0,0.935,0.732,199.2,0.0,0.09358898943540674,True
FD001,M2,E2HIST_G1,0.1,0.0,5000,171.9455642135642,0.996,1.0,0.935,0.14,199.2,0.0,0.16,True
FD001,M2,E2HIST_G1,0.2,0.0,5000,166.47115613275616,0.952,0.9889454545454546,0.935,0.0,199.2,0.0,0.28,True
FD001,M2,E2HIST_G2,0.05,0.0,5000,173.0175642135642,1.0,1.0,0.935,0.804,199.2,0.0,0.09358898943540674,True
FD001,M2,E2HIST_G2,0.1,0.0,5000,172.4015642135642,1.0,1.0,0.935,0.188,199.2,0.0,0.16,True
FD001,M2,E2HIST_G2,0.2,0.0,5000,172.2175642135642,1.0,1.0,0.935,0.004,199.2,0.0,0.28,True
FD001,M2,E2HIST_G4,0.05,0.0,5000,173.0575642135642,1.0,1.0,0.935,0.844,199.2,0.0,0.09358898943540674,True
FD001,M2,E2HIST_G4,0.1,0.0,5000,172.4615642135642,1.0,1.0,0.935,0.248,199.2,0.0,0.16,True
FD001,M2,E2HIST_G4,0.2,0.0,5000,172.2255642135642,1.0,1.0,0.935,0.012,199.2,0.0,0.28,True
FD001,M2,E2HIST_Ginf,0.05,0.0,5000,173.10156421356422,1.0,1.0,0.935,0.888,199.2,0.0,0.09358898943540674,True
FD001,M2,E2HIST_Ginf,0.1,0.0,5000,172.51356421356422,1.0,1.0,0.935,0.3,199.2,0.0,0.16,True
FD001,M2,E2HIST_Ginf,0.2,0.0,5000,172.2295642135642,1.0,1.0,0.935,0.016,199.2,0.0,0.28,True
FD001,M2,IPCW,0.05,0.0,5000,173.2135642135642,1.0,1.0,0.935,1.0,199.2,0.0,0.09358898943540674,True
FD001,M2,IPCW,0.1,0.0,5000,173.2135642135642,1.0,1.0,0.935,1.0,199.2,0.0,0.16,True
FD001,M2,IPCW,0.2,0.0,5000,173.2135642135642,1.0,1.0,0.935,1.0,199.2,0.0,0.28,True
FD001,M2,ORACLE,0.05,150.0,5000,17.68225108225108,0.0,0.31717171717171716,0.935,0.0,199.2,0.03,0.09358898943540674,True
FD001,M2,ORACLE,0.1,350.0,5000,15.169261849261849,0.0,0.29717171717171714,0.935,0.0,199.2,0.07,0.16,True
FD001,M2,ORACLE,0.2,700.0,5000,13.882967032967034,0.0,0.2327272727272727,0.935,0.0,199.2,0.14,0.28,True
FD001,M2,T2,0.05,0.0,5000,173.10156421356422,1.0,1.0,0.935,0.888,199.2,0.0,0.09358898943540674,True
FD001,M2,T2,0.1,0.0,5000,172.51356421356422,1.0,1.0,0.935,0.3,199.2,0.0,0.16,True
FD001,M2,T2,0.2,0.0,5000,172.2295642135642,1.0,1.0,0.935,0.016,199.2,0.0,0.28,True
FD001,M3,CC,0.05,138.0,5000,21.313489177489178,0.024,0.3324444444444444,0.238375,0.024,199.2,0.0276,0.09358898943540674,True
FD001,M3,CC,0.1,252.0,5000,16.29141747141747,0.0,0.31717171717171716,0.238375,0.0,199.2,0.0504,0.16,True
FD001,M3,CC,0.2,625.0,5000,14.405568190916552,0.0,0.23111111111111107,0.238375,0.024,199.2,0.125,0.28,True
FD001,M3,E2BASE_G1,0.05,150.0,5000,17.68225108225108,0.0,0.31717171717171716,0.238375,0.0,199.2,0.03,0.09358898943540674,True
FD001,M3,E2BASE_G1,0.1,350.0,5000,15.170861849261849,0.0,0.29717171717171714,0.238375,0.0,199.2,0.07,0.16,True
FD001,M3,E2BASE_G1,0.2,731.0,5000,13.870218954542725,0.0,0.22327272727272726,0.238375,0.024,199.2,0.1462,0.28,True
FD001,M3,E2BASE_G2,0.05,150.0,5000,17.68225108225108,0.0,0.31717171717171716,0.238375,0.0,199.2,0.03,0.09358898943540674,True
FD001,M3,E2BASE_G2,0.1,350.0,5000,15.175661849261848,0.0,0.29717171717171714,0.238375,0.0,199.2,0.07,0.16,True
FD001,M3,E2BASE_G2,0.2,705.0,5000,13.886929132695263,0.0,0.22981818181818178,0.238375,0.008,199.2,0.141,0.28,True
FD001,M3,E2BASE_G4,0.05,150.0,5000,17.68225108225108,0.0,0.31717171717171716,0.238375,0.0,199.2,0.03,0.09358898943540674,True
FD001,M3,E2BASE_G4,0.1,350.0,5000,15.18366184926185,0.0,0.29717171717171714,0.238375,0.0,199.2,0.07,0.16,True
FD001,M3,E2BASE_G4,0.2,694.0,5000,13.894567032967032,0.0,0.2327272727272727,0.238375,0.0,199.2,0.1388,0.28,True
FD001,M3,E2BASE_Ginf,0.05,150.0,5000,17.68225108225108,0.0,0.31717171717171716,0.238375,0.0,199.2,0.03,0.09358898943540674,True
FD001,M3,E2BASE_Ginf,0.1,350.0,5000,15.185261849261849,0.0,0.29717171717171714,0.238375,0.0,199.2,0.07,0.16,True
FD001,M3,E2BASE_Ginf,0.2,694.0,5000,13.91474481074481,0.0,0.2327272727272727,0.238375,0.0,199.2,0.1388,0.28,True
FD001,M3,E2HIST_G1,0.05,150.0,5000,17.68225108225108,0.0,0.31717171717171716,0.238375,0.0,199.2,0.03,0.09358898943540674,True
FD001,M3,E2HIST_G1,0.1,350.0,5000,15.185261849261849,0.0,0.29717171717171714,0.238375,0.0,199.2,0.07,0.16,True
FD001,M3,E2HIST_G1,0.2,694.0,5000,13.91314481074481,0.0,0.2327272727272727,0.238375,0.0,199.2,0.1388,0.28,True
FD001,M3,E2HIST_G2,0.05,150.0,5000,17.68225108225108,0.0,0.31717171717171716,0.238375,0.0,199.2,0.03,0.09358898943540674,True
FD001,M3,E2HIST_G2,0.1,350.0,5000,15.185261849261849,0.0,0.29717171717171714,0.238375,0.0,199.2,0.07,0.16,True
FD001,M3,E2HIST_G2,0.2,694.0,5000,13.91474481074481,0.0,0.2327272727272727,0.238375,0.0,199.2,0.1388,0.28,True
FD001,M3,E2HIST_G4,0.05,150.0,5000,17.68225108225108,0.0,0.31717171717171716,0.238375,0.0,199.2,0.03,0.09358898943540674,True
FD001,M3,E2HIST_G4,0.1,350.0,5000,15.185261849261849,0.0,0.29717171717171714,0.238375,0.0,199.2,0.07,0.16,True
FD001,M3,E2HIST_G4,0.2,694.0,5000,13.91474481074481,0.0,0.2327272727272727,0.238375,0.0,199.2,0.1388,0.28,True
FD001,M3,E2HIST_Ginf,0.05,150.0,5000,17.68225108225108,0.0,0.31717171717171716,0.238375,0.0,199.2,0.03,0.09358898943540674,True
FD001,M3,E2HIST_Ginf,0.1,350.0,5000,15.185261849261849,0.0,0.29717171717171714,0.238375,0.0,199.2,0.07,0.16,True
FD001,M3,E2HIST_Ginf,0.2,694.0,5000,13.91474481074481,0.0,0.2327272727272727,0.238375,0.0,199.2,0.1388,0.28,True
FD001,M3,IPCW,0.05,122.0,5000,41.69233131313131,0.152,0.43041616161616164,0.238375,0.152,199.2,0.0244,0.09358898943540674,True
FD001,M3,IPCW,0.1,271.0,5000,16.301633344433345,0.0,0.31717171717171716,0.238375,0.0,199.2,0.0542,0.16,True
FD001,M3,IPCW,0.2,695.0,5000,14.132225491848923,0.0,0.2167272727272727,0.238375,0.044,199.2,0.139,0.28,True
FD001,M3,ORACLE,0.05,150.0,5000,17.68225108225108,0.0,0.31717171717171716,0.238375,0.0,199.2,0.03,0.09358898943540674,True
FD001,M3,ORACLE,0.1,350.0,5000,15.169261849261849,0.0,0.29717171717171714,0.238375,0.0,199.2,0.07,0.16,True
FD001,M3,ORACLE,0.2,700.0,5000,13.882967032967034,0.0,0.2327272727272727,0.238375,0.0,199.2,0.14,0.28,True
FD001,M3,T2,0.05,150.0,5000,17.68225108225108,0.0,0.31717171717171716,0.238375,0.0,199.2,0.03,0.09358898943540674,True
FD001,M3,T2,0.1,350.0,5000,15.185261849261849,0.0,0.29717171717171714,0.238375,0.0,199.2,0.07,0.16,True
FD001,M3,T2,0.2,694.0,5000,13.91474481074481,0.0,0.2327272727272727,0.238375,0.0,199.2,0.1388,0.28,True
FD001,M4,CC,0.05,102.0,5000,121.3035738927739,0.668,0.7641818181818182,0.45325,0.668,199.2,0.0204,0.09358898943540674,True
FD001,M4,CC,0.1,490.0,5000,15.867517868120277,0.004,0.2789696969696969,0.45325,0.004,199.2,0.098,0.16,True
FD001,M4,CC,0.2,1414.0,5000,13.381465729783038,0.0,0.16882828282828283,0.45325,0.092,199.2,0.2828,0.28,False
FD001,M4,E2BASE_G1,0.05,0.0,5000,172.1599642135642,0.996,0.9992000000000001,0.45325,0.392,199.2,0.0,0.09358898943540674,True
FD001,M4,E2BASE_G1,0.1,3.0,5000,152.4825945165945,0.84,0.9557656565656565,0.45325,0.012,199.2,0.0006,0.16,True
FD001,M4,E2BASE_G1,0.2,196.0,5000,81.9006442352828,0.348,0.685369696969697,0.45325,0.004,199.2,0.0392,0.28,True
FD001,M4,E2BASE_G2,0.05,0.0,5000,172.6895642135642,1.0,1.0,0.45325,0.476,199.2,0.0,0.09358898943540674,True
FD001,M4,E2BASE_G2,0.1,0.0,5000,167.24976738816738,0.956,0.9921818181818182,0.45325,0.036,199.2,0.0,0.16,True
FD001,M4,E2BASE_G2,0.2,37.0,5000,124.40016221556222,0.62,0.8833737373737374,0.45325,0.0,199.2,0.0074,0.28,True
FD001,M4,E2BASE_G4,0.05,0.0,5000,172.7535642135642,1.0,1.0,0.45325,0.54,199.2,0.0,0.09358898943540674,True
FD001,M4,E2BASE_G4,0.1,0.0,5000,170.9539642135642,0.988,0.9976363636363637,0.45325,0.06,199.2,0.0,0.16,True
FD001,M4,E2BASE_G4,0.2,0.0,5000,150.15740894660894,0.812,0.9624161616161616,0.45325,0.0,199.2,0.0,0.28,True
FD001,M4,E2BASE_Ginf,0.05,0.0,5000,172.84156421356423,1.0,1.0,0.45325,0.628,199.2,0.0,0.09358898943540674,True
FD001,M4,E2BASE_Ginf,0.1,0.0,5000,172.29756421356421,1.0,1.0,0.45325,0.084,199.2,0.0,0.16,True
FD001,M4,E2BASE_Ginf,0.2,0.0,5000,166.0848733044733,0.944,0.9928282828282828,0.45325,0.0,199.2,0.0,0.28,True
FD001,M4,E2HIST_G1,0.05,0.0,5000,171.21110707070707,0.988,0.9976,0.45325,0.456,199.2,0.0,0.09358898943540674,True
FD001,M4,E2HIST_G1,0.1,4.0,5000,153.41917975357975,0.852,0.9498060606060605,0.45325,0.036,199.2,0.0008,0.16,True
FD001,M4,E2HIST_G1,0.2,147.0,5000,75.99557624437142,0.32,0.6559676767676768,0.45325,0.0,199.2,0.0294,0.28,True
FD001,M4,E2HIST_G2,0.05,0.0,5000,172.7375642135642,1.0,1.0,0.45325,0.524,199.2,0.0,0.09358898943540674,True
FD001,M4,E2HIST_G2,0.1,0.0,5000,166.3565673881674,0.952,0.9866181818181818,0.45325,0.06,199.2,0.0,0.16,True
FD001,M4,E2HIST_G2,0.2,33.0,5000,116.01174670884672,0.56,0.8493454545454546,0.45325,0.0,199.2,0.0066,0.28,True
FD001,M4,E2HIST_G4,0.05,0.0,5000,172.79356421356422,1.0,1.0,0.45325,0.58,199.2,0.0,0.09358898943540674,True
FD001,M4,E2HIST_G4,0.1,0.0,5000,170.86116421356422,0.988,0.9972000000000001,0.45325,0.064,199.2,0.0,0.16,True
FD001,M4,E2HIST_G4,0.2,1.0,5000,143.98588917748918,0.768,0.941830303030303,0.45325,0.0,199.2,0.0002,0.28,True
FD001,M4,E2HIST_Ginf,0.05,0.0,5000,172.84156421356423,1.0,1.0,0.45325,0.628,199.2,0.0,0.09358898943540674,True
FD001,M4,E2HIST_Ginf,0.1,0.0,5000,172.29756421356421,1.0,1.0,0.45325,0.084,199.2,0.0,0.16,True
FD001,M4,E2HIST_Ginf,0.2,0.0,5000,166.0848733044733,0.944,0.9928282828282828,0.45325,0.0,199.2,0.0,0.28,True
FD001,M4,IPCW,0.05,72.0,5000,137.68415806415808,0.772,0.8390545454545454,0.45325,0.772,199.2,0.0144,0.09358898943540674,True
FD001,M4,IPCW,0.1,501.0,5000,15.852215811854366,0.004,0.2780808080808081,0.45325,0.004,199.2,0.1002,0.16,True
FD001,M4,IPCW,0.2,1462.0,5000,13.301285679090558,0.0,0.16484848484848486,0.45325,0.1,199.2,0.2924,0.28,False
FD001,M4,ORACLE,0.05,150.0,5000,17.68225108225108,0.0,0.31717171717171716,0.45325,0.0,199.2,0.03,0.09358898943540674,True
FD001,M4,ORACLE,0.1,350.0,5000,15.169261849261849,0.0,0.29717171717171714,0.45325,0.0,199.2,0.07,0.16,True
FD001,M4,ORACLE,0.2,700.0,5000,13.882967032967034,0.0,0.2327272727272727,0.45325,0.0,199.2,0.14,0.28,True
FD001,M4,T2,0.05,0.0,5000,172.84156421356423,1.0,1.0,0.45325,0.628,199.2,0.0,0.09358898943540674,True
FD001,M4,T2,0.1,0.0,5000,172.29756421356421,1.0,1.0,0.45325,0.084,199.2,0.0,0.16,True
FD001,M4,T2,0.2,0.0,5000,166.0848733044733,0.944,0.9928282828282828,0.45325,0.0,199.2,0.0,0.28,True
FD002,M1,CC,0.05,276.99999999999966,13000,17.067869172947514,0.0,0.3435496660202542,0.46530120481927706,0.0,200.4,0.02130769230769228,0.07703274367816243,True
FD002,M1,CC,0.1,960.9999999999993,13000,14.680884867739136,0.0,0.3032021116138763,0.46530120481927706,0.0,200.4,0.07392307692307687,0.13721042037676254,True
FD002,M1,CC,0.2,2270.999999999999,13000,13.730283179722417,0.0,0.2793743805214393,0.46530120481927706,0.0,200.4,0.17469230769230762,0.2496138938356834,True
FD002,M1,E2BASE_G1,0.05,0.0,13000,170.83184249084252,1.0,1.0,0.46530120481927706,0.036,200.4,0.0,0.07703274367816243,True
FD002,M1,E2BASE_G1,0.1,0.0,13000,166.43852820512822,0.956,0.9955028011204482,0.46530120481927706,0.0,200.4,0.0,0.13721042037676254,True
FD002,M1,E2BASE_G1,0.2,119.9999999999999,13000,70.01626243528597,0.212,0.7163986209868562,0.46530120481927706,0.0,200.4,0.009230769230769223,0.2496138938356834,True
FD002,M1,E2BASE_G2,0.05,0.0,13000,170.8838424908425,1.0,1.0,0.46530120481927706,0.088,200.4,0.0,0.07703274367816243,True
FD002,M1,E2BASE_G2,0.1,0.0,13000,170.79584249084252,1.0,1.0,0.46530120481927706,0.0,200.4,0.0,0.13721042037676254,True
FD002,M1,E2BASE_G2,0.2,0.0,13000,132.8180084249084,0.652,0.9464532428355958,0.46530120481927706,0.0,200.4,0.0,0.2496138938356834,True
FD002,M1,E2BASE_G4,0.05,0.0,13000,170.9238424908425,1.0,1.0,0.46530120481927706,0.128,200.4,0.0,0.07703274367816243,True
FD002,M1,E2BASE_G4,0.1,0.0,13000,170.79584249084252,1.0,1.0,0.46530120481927706,0.0,200.4,0.0,0.13721042037676254,True
FD002,M1,E2BASE_G4,0.2,0.0,13000,161.13691941391943,0.904,0.9909077784960137,0.46530120481927706,0.0,200.4,0.0,0.2496138938356834,True
FD002,M1,E2BASE_Ginf,0.05,0.0,13000,171.00384249084252,1.0,1.0,0.46530120481927706,0.208,200.4,0.0,0.07703274367816243,True
FD002,M1,E2BASE_Ginf,0.1,0.0,13000,170.79584249084252,1.0,1.0,0.46530120481927706,0.0,200.4,0.0,0.13721042037676254,True
FD002,M1,E2BASE_Ginf,0.2,0.0,13000,169.57681391941392,0.988,0.9989789915966387,0.46530120481927706,0.0,200.4,0.0,0.2496138938356834,True
FD002,M1,E2HIST_G1,0.05,0.0,13000,170.8758424908425,1.0,1.0,0.46530120481927706,0.08,200.4,0.0,0.07703274367816243,True
FD002,M1,E2HIST_G1,0.1,0.0,13000,160.0917128205128,0.9,0.9847731092436975,0.46530120481927706,0.0,200.4,0.0,0.13721042037676254,True
FD002,M1,E2HIST_G1,0.2,154.99999999999986,13000,53.864456901815785,0.132,0.6242370178840767,0.46530120481927706,0.0,200.4,0.011923076923076913,0.2496138938356834,True
FD002,M1,E2HIST_G2,0.05,0.0,13000,170.9198424908425,1.0,1.0,0.46530120481927706,0.124,200.4,0.0,0.07703274367816243,True
FD002,M1,E2HIST_G2,0.1,0.0,13000,170.79584249084252,1.0,1.0,0.46530120481927706,0.0,200.4,0.0,0.13721042037676254,True
FD002,M1,E2HIST_G2,0.2,7.999999999999993,13000,112.11929487179488,0.488,0.8875576384399914,0.46530120481927706,0.0,200.4,0.0006153846153846149,0.2496138938356834,True
FD002,M1,E2HIST_G4,0.05,0.0,13000,170.9518424908425,1.0,1.0,0.46530120481927706,0.156,200.4,0.0,0.07703274367816243,True
FD002,M1,E2HIST_G4,0.1,0.0,13000,170.79584249084252,1.0,1.0,0.46530120481927706,0.0,200.4,0.0,0.13721042037676254,True
FD002,M1,E2HIST_G4,0.2,0.0,13000,155.3378285714286,0.852,0.9812366946778711,0.46530120481927706,0.0,200.4,0.0,0.2496138938356834,True
FD002,M1,E2HIST_Ginf,0.05,0.0,13000,171.00384249084252,1.0,1.0,0.46530120481927706,0.208,200.4,0.0,0.07703274367816243,True
FD002,M1,E2HIST_Ginf,0.1,0.0,13000,170.79584249084252,1.0,1.0,0.46530120481927706,0.0,200.4,0.0,0.13721042037676254,True
FD002,M1,E2HIST_Ginf,0.2,0.0,13000,169.57681391941392,0.988,0.9989789915966387,0.46530120481927706,0.0,200.4,0.0,0.2496138938356834,True
FD002,M1,IPCW,0.05,274.99999999999966,13000,17.372924429446247,0.0,0.34618692092221504,0.46530120481927706,0.0,200.4,0.021153846153846127,0.07703274367816243,True
FD002,M1,IPCW,0.1,1003.9999999999993,13000,14.620776358711318,0.0,0.3022443438914027,0.46530120481927706,0.0,200.4,0.07723076923076917,0.13721042037676254,True
FD002,M1,IPCW,0.2,2412.999999999999,13000,13.644233083495974,0.0,0.276032967032967,0.46530120481927706,0.0,200.4,0.18561538461538454,0.2496138938356834,True
FD002,M1,ORACLE,0.05,249.9999999999996,13000,16.12705157161679,0.0,0.333446455505279,0.46530120481927706,0.0,200.4,0.0192307692307692,0.07703274367816243,True
FD002,M1,ORACLE,0.1,1149.999999999999,13000,14.405149865258759,0.0,0.29732277526395173,0.46530120481927706,0.0,200.4,0.0884615384615384,0.13721042037676254,True
FD002,M1,ORACLE,0.2,2399.9999999999995,13000,13.741,0.0,0.28184658478776126,0.46530120481927706,0.0,200.4,0.18461538461538457,0.2496138938356834,True
FD002,M1,T2,0.05,0.0,13000,171.00384249084252,1.0,1.0,0.46530120481927706,0.208,200.4,0.0,0.07703274367816243,True
FD002,M1,T2,0.1,0.0,13000,170.79584249084252,1.0,1.0,0.46530120481927706,0.0,200.4,0.0,0.13721042037676254,True
FD002,M1,T2,0.2,0.0,13000,169.57681391941392,0.988,0.9989789915966387,0.46530120481927706,0.0,200.4,0.0,0.2496138938356834,True
FD002,M2,CC,0.05,0.0,13000,171.79584249084252,1.0,1.0,0.9220722891566265,1.0,200.4,0.0,0.07703274367816243,True
FD002,M2,CC,0.1,57.99999999999995,13000,144.36232730306216,0.82,0.8987405731523379,0.9220722891566265,0.82,200.4,0.004461538461538458,0.13721042037676254,True
FD002,M2,CC,0.2,816.9999999999995,13000,32.487489196917686,0.108,0.39448610213316093,0.9220722891566265,0.108,200.4,0.06284615384615382,0.2496138938356834,True
FD002,M2,E2BASE_G1,0.05,0.0,13000,171.06384249084252,1.0,1.0,0.9220722891566265,0.268,200.4,0.0,0.07703274367816243,True
FD002,M2,E2BASE_G1,0.1,0.0,13000,170.79584249084252,1.0,1.0,0.9220722891566265,0.0,200.4,0.0,0.13721042037676254,True
FD002,M2,E2BASE_G1,0.2,0.0,13000,170.05298534798536,0.992,0.9993333333333334,0.9220722891566265,0.0,200.4,0.0,0.2496138938356834,True
FD002,M2,E2BASE_G2,0.05,0.0,13000,171.2078424908425,1.0,1.0,0.9220722891566265,0.412,200.4,0.0,0.07703274367816243,True
FD002,M2,E2BASE_G2,0.1,0.0,13000,170.8118424908425,1.0,1.0,0.9220722891566265,0.016,200.4,0.0,0.13721042037676254,True
FD002,M2,E2BASE_G2,0.2,0.0,13000,170.79584249084252,1.0,1.0,0.9220722891566265,0.0,200.4,0.0,0.2496138938356834,True
FD002,M2,E2BASE_G4,0.05,0.0,13000,171.3478424908425,1.0,1.0,0.9220722891566265,0.552,200.4,0.0,0.07703274367816243,True
FD002,M2,E2BASE_G4,0.1,0.0,13000,170.83184249084252,1.0,1.0,0.9220722891566265,0.036,200.4,0.0,0.13721042037676254,True
FD002,M2,E2BASE_G4,0.2,0.0,13000,170.79584249084252,1.0,1.0,0.9220722891566265,0.0,200.4,0.0,0.2496138938356834,True
FD002,M2,E2BASE_Ginf,0.05,0.0,13000,171.5438424908425,1.0,1.0,0.9220722891566265,0.748,200.4,0.0,0.07703274367816243,True
FD002,M2,E2BASE_Ginf,0.1,0.0,13000,170.8998424908425,1.0,1.0,0.9220722891566265,0.104,200.4,0.0,0.13721042037676254,True
FD002,M2,E2BASE_Ginf,0.2,0.0,13000,170.79584249084252,1.0,1.0,0.9220722891566265,0.0,200.4,0.0,0.2496138938356834,True
FD002,M2,E2HIST_G1,0.05,0.0,13000,171.1678424908425,1.0,1.0,0.9220722891566265,0.372,200.4,0.0,0.07703274367816243,True
FD002,M2,E2HIST_G1,0.1,0.0,13000,170.80784249084252,1.0,1.0,0.9220722891566265,0.012,200.4,0.0,0.13721042037676254,True
FD002,M2,E2HIST_G1,0.2,0.0,13000,168.72301831501832,0.98,0.9972307692307693,0.9220722891566265,0.0,200.4,0.0,0.2496138938356834,True
FD002,M2,E2HIST_G2,0.05,0.0,13000,171.33184249084252,1.0,1.0,0.9220722891566265,0.536,200.4,0.0,0.07703274367816243,True
FD002,M2,E2HIST_G2,0.1,0.0,13000,170.83184249084252,1.0,1.0,0.9220722891566265,0.036,200.4,0.0,0.13721042037676254,True
FD002,M2,E2HIST_G2,0.2,0.0,13000,170.79584249084252,1.0,1.0,0.9220722891566265,0.0,200.4,0.0,0.2496138938356834,True
FD002,M2,E2HIST_G4,0.05,0.0,13000,171.4518424908425,1.0,1.0,0.9220722891566265,0.656,200.4,0.0,0.07703274367816243,True
FD002,M2,E2HIST_G4,0.1,0.0,13000,170.8478424908425,1.0,1.0,0.9220722891566265,0.052,200.4,0.0,0.13721042037676254,True
FD002,M2,E2HIST_G4,0.2,0.0,13000,170.79584249084252,1.0,1.0,0.9220722891566265,0.0,200.4,0.0,0.2496138938356834,True
FD002,M2,E2HIST_Ginf,0.05,0.0,13000,171.5438424908425,1.0,1.0,0.9220722891566265,0.748,200.4,0.0,0.07703274367816243,True
FD002,M2,E2HIST_Ginf,0.1,0.0,13000,170.8998424908425,1.0,1.0,0.9220722891566265,0.104,200.4,0.0,0.13721042037676254,True
FD002,M2,E2HIST_Ginf,0.2,0.0,13000,170.79584249084252,1.0,1.0,0.9220722891566265,0.0,200.4,0.0,0.2496138938356834,True
FD002,M2,IPCW,0.05,0.0,13000,171.79584249084252,1.0,1.0,0.9220722891566265,1.0,200.4,0.0,0.07703274367816243,True
FD002,M2,IPCW,0.1,0.0,13000,171.79584249084252,1.0,1.0,0.9220722891566265,1.0,200.4,0.0,0.13721042037676254,True
FD002,M2,IPCW,0.2,0.0,13000,171.79584249084252,1.0,1.0,0.9220722891566265,1.0,200.4,0.0,0.2496138938356834,True
FD002,M2,ORACLE,0.05,249.9999999999996,13000,16.12705157161679,0.0,0.333446455505279,0.9220722891566265,0.0,200.4,0.0192307692307692,0.07703274367816243,True
FD002,M2,ORACLE,0.1,1149.999999999999,13000,14.405149865258759,0.0,0.29732277526395173,0.9220722891566265,0.0,200.4,0.0884615384615384,0.13721042037676254,True
FD002,M2,ORACLE,0.2,2399.9999999999995,13000,13.741,0.0,0.28184658478776126,0.9220722891566265,0.0,200.4,0.18461538461538457,0.2496138938356834,True
FD002,M2,T2,0.05,0.0,13000,171.5438424908425,1.0,1.0,0.9220722891566265,0.748,200.4,0.0,0.07703274367816243,True
FD002,M2,T2,0.1,0.0,13000,170.8998424908425,1.0,1.0,0.9220722891566265,0.104,200.4,0.0,0.13721042037676254,True
FD002,M2,T2,0.2,0.0,13000,170.79584249084252,1.0,1.0,0.9220722891566265,0.0,200.4,0.0,0.2496138938356834,True
FD002,M3,CC,0.05,241.99999999999963,13000,16.607869320534537,0.0,0.33949547511312217,0.21219277108433732,0.0,200.4,0.018615384615384586,0.07703274367816243,True
FD002,M3,CC,0.1,737.9999999999993,13000,14.751087202982335,0.0,0.3000844645550528,0.21219277108433732,0.0,200.4,0.05676923076923072,0.13721042037676254,True
FD002,M3,CC,0.2,1892.9999999999993,13000,13.89125552932104,0.0,0.2869894419306183,0.21219277108433732,0.0,200.4,0.14561538461538456,0.2496138938356834,True
FD002,M3,E2BASE_G1,0.05,249.9999999999996,13000,16.12705157161679,0.0,0.333446455505279,0.21219277108433732,0.0,200.4,0.0192307692307692,0.07703274367816243,True
FD002,M3,E2BASE_G1,0.1,1149.999999999999,13000,14.405149865258759,0.0,0.29732277526395173,0.21219277108433732,0.0,200.4,0.0884615384615384,0.13721042037676254,True
FD002,M3,E2BASE_G1,0.2,2399.9999999999995,13000,13.740466666666666,0.0,0.28184658478776126,0.21219277108433732,0.0,200.4,0.18461538461538457,0.2496138938356834,True
FD002,M3,E2BASE_G2,0.05,249.9999999999996,13000,16.12705157161679,0.0,0.333446455505279,0.21219277108433732,0.0,200.4,0.0192307692307692,0.07703274367816243,True
FD002,M3,E2BASE_G2,0.1,1149.999999999999,13000,14.405149865258759,0.0,0.29732277526395173,0.21219277108433732,0.0,200.4,0.0884615384615384,0.13721042037676254,True
FD002,M3,E2BASE_G2,0.2,2398.9999999999995,13000,13.7405,0.0,0.28184658478776126,0.21219277108433732,0.0,200.4,0.1845384615384615,0.2496138938356834,True
FD002,M3,E2BASE_G4,0.05,249.9999999999996,13000,16.12705157161679,0.0,0.333446455505279,0.21219277108433732,0.0,200.4,0.0192307692307692,0.07703274367816243,True
FD002,M3,E2BASE_G4,0.1,1149.999999999999,13000,14.405149865258759,0.0,0.29732277526395173,0.21219277108433732,0.0,200.4,0.0884615384615384,0.13721042037676254,True
FD002,M3,E2BASE_G4,0.2,2398.9999999999995,13000,13.7405,0.0,0.28184658478776126,0.21219277108433732,0.0,200.4,0.1845384615384615,0.2496138938356834,True
FD002,M3,E2BASE_Ginf,0.05,249.9999999999996,13000,16.12705157161679,0.0,0.333446455505279,0.21219277108433732,0.0,200.4,0.0192307692307692,0.07703274367816243,True
FD002,M3,E2BASE_Ginf,0.1,1149.999999999999,13000,14.405149865258759,0.0,0.29732277526395173,0.21219277108433732,0.0,200.4,0.0884615384615384,0.13721042037676254,True
FD002,M3,E2BASE_Ginf,0.2,2398.9999999999995,13000,13.7405,0.0,0.28184658478776126,0.21219277108433732,0.0,200.4,0.1845384615384615,0.2496138938356834,True
FD002,M3,E2HIST_G1,0.05,249.9999999999996,13000,16.12705157161679,0.0,0.333446455505279,0.21219277108433732,0.0,200.4,0.0192307692307692,0.07703274367816243,True
FD002,M3,E2HIST_G1,0.1,1149.999999999999,13000,14.405149865258759,0.0,0.29732277526395173,0.21219277108433732,0.0,200.4,0.0884615384615384,0.13721042037676254,True
FD002,M3,E2HIST_G1,0.2,2398.9999999999995,13000,13.7405,0.0,0.28184658478776126,0.21219277108433732,0.0,200.4,0.1845384615384615,0.2496138938356834,True
FD002,M3,E2HIST_G2,0.05,249.9999999999996,13000,16.12705157161679,0.0,0.333446455505279,0.21219277108433732,0.0,200.4,0.0192307692307692,0.07703274367816243,True
FD002,M3,E2HIST_G2,0.1,1149.999999999999,13000,14.405149865258759,0.0,0.29732277526395173,0.21219277108433732,0.0,200.4,0.0884615384615384,0.13721042037676254,True
FD002,M3,E2HIST_G2,0.2,2398.9999999999995,13000,13.7405,0.0,0.28184658478776126,0.21219277108433732,0.0,200.4,0.1845384615384615,0.2496138938356834,True
FD002,M3,E2HIST_G4,0.05,249.9999999999996,13000,16.12705157161679,0.0,0.333446455505279,0.21219277108433732,0.0,200.4,0.0192307692307692,0.07703274367816243,True
FD002,M3,E2HIST_G4,0.1,1149.999999999999,13000,14.405149865258759,0.0,0.29732277526395173,0.21219277108433732,0.0,200.4,0.0884615384615384,0.13721042037676254,True
FD002,M3,E2HIST_G4,0.2,2398.9999999999995,13000,13.7405,0.0,0.28184658478776126,0.21219277108433732,0.0,200.4,0.1845384615384615,0.2496138938356834,True
FD002,M3,E2HIST_Ginf,0.05,249.9999999999996,13000,16.12705157161679,0.0,0.333446455505279,0.21219277108433732,0.0,200.4,0.0192307692307692,0.07703274367816243,True
FD002,M3,E2HIST_Ginf,0.1,1149.999999999999,13000,14.405149865258759,0.0,0.29732277526395173,0.21219277108433732,0.0,200.4,0.0884615384615384,0.13721042037676254,True
FD002,M3,E2HIST_Ginf,0.2,2398.9999999999995,13000,13.7405,0.0,0.28184658478776126,0.21219277108433732,0.0,200.4,0.1845384615384615,0.2496138938356834,True
FD002,M3,IPCW,0.05,243.99999999999963,13000,16.478914097496705,0.0,0.3362209653092006,0.21219277108433732,0.0,200.4,0.01876923076923074,0.07703274367816243,True
FD002,M3,IPCW,0.1,885.9999999999993,13000,14.6297961983278,0.0,0.29732277526395173,0.21219277108433732,0.0,200.4,0.0681538461538461,0.13721042037676254,True
FD002,M3,IPCW,0.2,2150.999999999999,13000,13.842892086475615,0.0,0.28367991812109455,0.21219277108433732,0.0,200.4,0.16546153846153838,0.2496138938356834,True
FD002,M3,ORACLE,0.05,249.9999999999996,13000,16.12705157161679,0.0,0.333446455505279,0.21219277108433732,0.0,200.4,0.0192307692307692,0.07703274367816243,True
FD002,M3,ORACLE,0.1,1149.999999999999,13000,14.405149865258759,0.0,0.29732277526395173,0.21219277108433732,0.0,200.4,0.0884615384615384,0.13721042037676254,True
FD002,M3,ORACLE,0.2,2399.9999999999995,13000,13.741,0.0,0.28184658478776126,0.21219277108433732,0.0,200.4,0.18461538461538457,0.2496138938356834,True
FD002,M3,T2,0.05,249.9999999999996,13000,16.12705157161679,0.0,0.333446455505279,0.21219277108433732,0.0,200.4,0.0192307692307692,0.07703274367816243,True
FD002,M3,T2,0.1,1149.999999999999,13000,14.405149865258759,0.0,0.29732277526395173,0.21219277108433732,0.0,200.4,0.0884615384615384,0.13721042037676254,True
FD002,M3,T2,0.2,2398.9999999999995,13000,13.7405,0.0,0.28184658478776126,0.21219277108433732,0.0,200.4,0.1845384615384615,0.2496138938356834,True
FD002,M4,CC,0.05,729.9999999999994,13000,15.772676839479637,0.0,0.32451723766429647,0.45836144578313254,0.0,200.4,0.05615384615384611,0.07703274367816243,True
FD002,M4,CC,0.1,1730.999999999999,13000,14.004013653249473,0.0,0.28870124973066147,0.45836144578313254,0.0,200.4,0.1331538461538461,0.13721042037676254,True
FD002,M4,CC,0.2,4017.9999999999995,13000,12.875590718537406,0.0,0.21534486102133157,0.45836144578313254,0.036,200.4,0.309076923076923,0.2496138938356834,False
FD002,M4,E2BASE_G1,0.05,0.0,13000,169.60254761904764,0.988,0.9985714285714286,0.45836144578313254,0.056,200.4,0.0,0.07703274367816243,True
FD002,M4,E2BASE_G1,0.1,5.999999999999996,13000,157.0075128205128,0.872,0.9788692092221504,0.45836144578313254,0.0,200.4,0.0004615384615384612,0.13721042037676254,True
FD002,M4,E2BASE_G1,0.2,363.9999999999998,13000,55.717366140244046,0.136,0.6343659771600948,0.45836144578313254,0.0,200.4,0.027999999999999983,0.2496138938356834,True
FD002,M4,E2BASE_G2,0.05,0.0,13000,170.8998424908425,1.0,1.0,0.45836144578313254,0.104,200.4,0.0,0.07703274367816243,True
FD002,M4,E2BASE_G2,0.1,0.0,13000,169.28676923076924,0.984,0.9987857142857144,0.45836144578313254,0.0,200.4,0.0,0.13721042037676254,True
FD002,M4,E2BASE_G2,0.2,36.99999999999998,13000,112.40919050176876,0.488,0.8848919413919414,0.45836144578313254,0.0,200.4,0.0028461538461538446,0.2496138938356834,True
FD002,M4,E2BASE_G4,0.05,0.0,13000,170.9718424908425,1.0,1.0,0.45836144578313254,0.176,200.4,0.0,0.07703274367816243,True
FD002,M4,E2BASE_G4,0.1,0.0,13000,170.7998424908425,1.0,1.0,0.45836144578313254,0.004,200.4,0.0,0.13721042037676254,True
FD002,M4,E2BASE_G4,0.2,1.999999999999997,13000,145.50829194139195,0.756,0.9700609782374489,0.45836144578313254,0.0,200.4,0.0001538461538461536,0.2496138938356834,True
FD002,M4,E2BASE_Ginf,0.05,0.0,13000,171.13584249084252,1.0,1.0,0.45836144578313254,0.34,200.4,0.0,0.07703274367816243,True
FD002,M4,E2BASE_Ginf,0.1,0.0,13000,170.7998424908425,1.0,1.0,0.45836144578313254,0.004,200.4,0.0,0.13721042037676254,True
FD002,M4,E2BASE_Ginf,0.2,0.0,13000,168.47628205128206,0.976,0.9980384615384615,0.45836144578313254,0.0,200.4,0.0,0.2496138938356834,True
FD002,M4,E2HIST_G1,0.05,0.0,13000,170.0319065934066,0.992,0.9985714285714286,0.45836144578313254,0.1,200.4,0.0,0.07703274367816243,True
FD002,M4,E2HIST_G1,0.1,0.9999999999999984,13000,155.12541245421247,0.864,0.969867377720319,0.45836144578313254,0.0,200.4,7.69230769230768e-05,0.13721042037676254,True
FD002,M4,E2HIST_G1,0.2,254.99999999999983,13000,49.731129710264625,0.108,0.607546110751993,0.45836144578313254,0.0,200.4,0.019615384615384604,0.2496138938356834,True
FD002,M4,E2HIST_G2,0.05,0.0,13000,170.9598424908425,1.0,1.0,0.45836144578313254,0.164,200.4,0.0,0.07703274367816243,True
FD002,M4,E2HIST_G2,0.1,0.0,13000,168.73105128205128,0.98,0.9979945054945054,0.45836144578313254,0.004,200.4,0.0,0.13721042037676254,True
FD002,M4,E2HIST_G2,0.2,28.999999999999975,13000,102.968266076395,0.424,0.8528200818789053,0.45836144578313254,0.0,200.4,0.002230769230769229,0.2496138938356834,True
FD002,M4,E2HIST_G4,0.05,0.0,13000,171.03984249084252,1.0,1.0,0.45836144578313254,0.244,200.4,0.0,0.07703274367816243,True
FD002,M4,E2HIST_G4,0.1,0.0,13000,170.7998424908425,1.0,1.0,0.45836144578313254,0.004,200.4,0.0,0.13721042037676254,True
FD002,M4,E2HIST_G4,0.2,0.9999999999999984,13000,143.04461369963371,0.744,0.9578998060762767,0.45836144578313254,0.0,200.4,7.69230769230768e-05,0.2496138938356834,True
FD002,M4,E2HIST_Ginf,0.05,0.0,13000,171.13584249084252,1.0,1.0,0.45836144578313254,0.34,200.4,0.0,0.07703274367816243,True
FD002,M4,E2HIST_Ginf,0.1,0.0,13000,170.7998424908425,1.0,1.0,0.45836144578313254,0.004,200.4,0.0,0.13721042037676254,True
FD002,M4,E2HIST_Ginf,0.2,0.0,13000,168.47628205128206,0.976,0.9980384615384615,0.45836144578313254,0.0,200.4,0.0,0.2496138938356834,True
FD002,M4,IPCW,0.05,735.9999999999994,13000,15.826433474700774,0.0,0.32538903253609136,0.45836144578313254,0.0,200.4,0.056615384615384574,0.07703274367816243,True
FD002,M4,IPCW,0.1,1809.9999999999993,13000,13.941503615908521,0.0,0.2873039215686274,0.45836144578313254,0.0,200.4,0.13923076923076919,0.13721042037676254,False
FD002,M4,IPCW,0.2,4246.0,13000,12.77907497685408,0.0,0.20553953889248003,0.45836144578313254,0.052,200.4,0.32661538461538464,0.2496138938356834,False
FD002,M4,ORACLE,0.05,249.9999999999996,13000,16.12705157161679,0.0,0.333446455505279,0.45836144578313254,0.0,200.4,0.0192307692307692,0.07703274367816243,True
FD002,M4,ORACLE,0.1,1149.999999999999,13000,14.405149865258759,0.0,0.29732277526395173,0.45836144578313254,0.0,200.4,0.0884615384615384,0.13721042037676254,True
FD002,M4,ORACLE,0.2,2399.9999999999995,13000,13.741,0.0,0.28184658478776126,0.45836144578313254,0.0,200.4,0.18461538461538457,0.2496138938356834,True
FD002,M4,T2,0.05,0.0,13000,171.13584249084252,1.0,1.0,0.45836144578313254,0.34,200.4,0.0,0.07703274367816243,True
FD002,M4,T2,0.1,0.0,13000,170.7998424908425,1.0,1.0,0.45836144578313254,0.004,200.4,0.0,0.13721042037676254,True
FD002,M4,T2,0.2,0.0,13000,168.47628205128206,0.976,0.9980384615384615,0.45836144578313254,0.0,200.4,0.0,0.2496138938356834,True
FD003,M1,CC,0.05,95.0,5000,131.22858790098792,0.688,0.7541650793650794,0.46375,0.688,218.6,0.019,0.09358898943540674,True
FD003,M1,CC,0.1,413.0,5000,16.939244866244866,0.0,0.20230158730158726,0.46375,0.0,218.6,0.0826,0.16,True
FD003,M1,CC,0.2,839.0,5000,15.009496884195679,0.0,0.19101587301587297,0.46375,0.004,218.6,0.1678,0.28,True
FD003,M1,E2BASE_G1,0.05,0.0,5000,178.57137622377624,0.964,0.9822793650793651,0.46375,0.376,218.6,0.0,0.09358898943540674,True
FD003,M1,E2BASE_G1,0.1,21.0,5000,151.523908025308,0.748,0.872920634920635,0.46375,0.012,218.6,0.0042,0.16,True
FD003,M1,E2BASE_G1,0.2,184.0,5000,78.74636563436563,0.28,0.5403587301587301,0.46375,0.0,218.6,0.0368,0.28,True
FD003,M1,E2BASE_G2,0.05,0.0,5000,182.3735104895105,0.996,0.9992000000000001,0.46375,0.468,218.6,0.0,0.09358898943540674,True
FD003,M1,E2BASE_G2,0.1,0.0,5000,171.81140979020978,0.904,0.9592190476190476,0.46375,0.016,218.6,0.0,0.16,True
FD003,M1,E2BASE_G2,0.2,30.0,5000,119.02568338328338,0.496,0.7461206349206349,0.46375,0.0,218.6,0.006,0.28,True
FD003,M1,E2BASE_G4,0.05,0.0,5000,182.8155104895105,1.0,1.0,0.46375,0.536,218.6,0.0,0.09358898943540674,True
FD003,M1,E2BASE_G4,0.1,0.0,5000,177.25720652680653,0.952,0.9808952380952382,0.46375,0.036,218.6,0.0,0.16,True
FD003,M1,E2BASE_G4,0.2,2.0,5000,146.1629073038073,0.68,0.8592190476190477,0.46375,0.0,218.6,0.0004,0.28,True
FD003,M1,E2BASE_Ginf,0.05,0.0,5000,182.88351048951048,1.0,1.0,0.46375,0.604,218.6,0.0,0.09358898943540674,True
FD003,M1,E2BASE_Ginf,0.1,0.0,5000,181.18311048951048,0.988,0.9952000000000001,0.46375,0.056,218.6,0.0,0.16,True
FD003,M1,E2BASE_Ginf,0.2,0.0,5000,166.97337435897435,0.856,0.9428507936507937,0.46375,0.0,218.6,0.0,0.28,True
FD003,M1,E2HIST_G1,0.05,0.0,5000,177.62862867132867,0.956,0.9795396825396825,0.46375,0.452,218.6,0.0,0.09358898943540674,True
FD003,M1,E2HIST_G1,0.1,16.0,5000,144.6172321123321,0.7,0.8453968253968254,0.46375,0.016,218.6,0.0032,0.16,True
FD003,M1,E2HIST_G1,0.2,154.0,5000,61.83668076368077,0.18,0.47158412698412694,0.46375,0.0,218.6,0.0308,0.28,True
FD003,M1,E2HIST_G2,0.05,0.0,5000,180.7387104895105,0.98,0.9896,0.46375,0.524,218.6,0.0,0.09358898943540674,True
FD003,M1,E2HIST_G2,0.1,3.0,5000,165.4204593073593,0.852,0.9414888888888889,0.46375,0.028,218.6,0.0006,0.16,True
FD003,M1,E2HIST_G2,0.2,43.0,5000,106.0102125874126,0.424,0.6815873015873015,0.46375,0.0,218.6,0.0086,0.28,True
FD003,M1,E2HIST_G4,0.05,0.0,5000,182.8435104895105,1.0,1.0,0.46375,0.564,218.6,0.0,0.09358898943540674,True
FD003,M1,E2HIST_G4,0.1,0.0,5000,176.36907319347318,0.944,0.9767238095238095,0.46375,0.048,218.6,0.0,0.16,True
FD003,M1,E2HIST_G4,0.2,5.0,5000,134.78600126540124,0.6,0.8182888888888888,0.46375,0.0,218.6,0.001,0.28,True
FD003,M1,E2HIST_Ginf,0.05,0.0,5000,182.88351048951048,1.0,1.0,0.46375,0.604,218.6,0.0,0.09358898943540674,True
FD003,M1,E2HIST_Ginf,0.1,0.0,5000,181.18311048951048,0.988,0.9952000000000001,0.46375,0.056,218.6,0.0,0.16,True
FD003,M1,E2HIST_Ginf,0.2,0.0,5000,166.97337435897435,0.856,0.9428507936507937,0.46375,0.0,218.6,0.0,0.28,True
FD003,M1,IPCW,0.05,57.0,5000,155.31185969585968,0.832,0.867111111111111,0.46375,0.832,218.6,0.0114,0.09358898943540674,True
FD003,M1,IPCW,0.1,402.0,5000,20.96640101010101,0.024,0.22369841269841267,0.46375,0.024,218.6,0.0804,0.16,True
FD003,M1,IPCW,0.2,855.0,5000,14.984578596325585,0.0,0.19101587301587297,0.46375,0.004,218.6,0.171,0.28,True
FD003,M1,ORACLE,0.05,200.0,5000,18.06482905982906,0.0,0.2225396825396825,0.46375,0.0,218.6,0.04,0.09358898943540674,True
FD003,M1,ORACLE,0.1,550.0,5000,16.176373626373625,0.0,0.19158730158730156,0.46375,0.0,218.6,0.11,0.16,True
FD003,M1,ORACLE,0.2,850.0,5000,14.576406926406928,0.0,0.19158730158730156,0.46375,0.0,218.6,0.17,0.28,True
FD003,M1,T2,0.05,0.0,5000,182.88351048951048,1.0,1.0,0.46375,0.604,218.6,0.0,0.09358898943540674,True
FD003,M1,T2,0.1,0.0,5000,181.18311048951048,0.988,0.9952000000000001,0.46375,0.056,218.6,0.0,0.16,True
FD003,M1,T2,0.2,0.0,5000,166.97337435897435,0.856,0.9428507936507937,0.46375,0.0,218.6,0.0,0.28,True
FD003,M2,CC,0.05,0.0,5000,183.2795104895105,1.0,1.0,0.92325,1.0,218.6,0.0,0.09358898943540674,True
FD003,M2,CC,0.1,0.0,5000,183.2795104895105,1.0,1.0,0.92325,1.0,218.6,0.0,0.16,True
FD003,M2,CC,0.2,112.0,5000,141.37793344433345,0.752,0.8031936507936508,0.92325,0.752,218.6,0.0224,0.28,True
FD003,M2,E2BASE_G1,0.05,0.0,5000,182.89551048951049,1.0,1.0,0.92325,0.616,218.6,0.0,0.09358898943540674,True
FD003,M2,E2BASE_G1,0.1,0.0,5000,181.01576503496503,0.988,0.9978222222222222,0.92325,0.068,218.6,0.0,0.16,True
FD003,M2,E2BASE_G1,0.2,2.0,5000,169.5266226884227,0.88,0.9532952380952381,0.92325,0.0,218.6,0.0004,0.28,True
FD003,M2,E2BASE_G2,0.05,0.0,5000,182.98351048951048,1.0,1.0,0.92325,0.704,218.6,0.0,0.09358898943540674,True
FD003,M2,E2BASE_G2,0.1,0.0,5000,182.38751048951048,1.0,1.0,0.92325,0.108,218.6,0.0,0.16,True
FD003,M2,E2BASE_G2,0.2,0.0,5000,180.71641958041957,0.984,0.9967555555555556,0.92325,0.0,218.6,0.0,0.28,True
FD003,M2,E2BASE_G4,0.05,0.0,5000,183.0475104895105,1.0,1.0,0.92325,0.768,218.6,0.0,0.09358898943540674,True
FD003,M2,E2BASE_G4,0.1,0.0,5000,182.42351048951048,1.0,1.0,0.92325,0.144,218.6,0.0,0.16,True
FD003,M2,E2BASE_G4,0.2,0.0,5000,182.2835104895105,1.0,1.0,0.92325,0.004,218.6,0.0,0.28,True
FD003,M2,E2BASE_Ginf,0.05,0.0,5000,183.11951048951047,1.0,1.0,0.92325,0.84,218.6,0.0,0.09358898943540674,True
FD003,M2,E2BASE_Ginf,0.1,0.0,5000,182.5235104895105,1.0,1.0,0.92325,0.244,218.6,0.0,0.16,True
FD003,M2,E2BASE_Ginf,0.2,0.0,5000,182.2915104895105,1.0,1.0,0.92325,0.012,218.6,0.0,0.28,True
FD003,M2,E2HIST_G1,0.05,0.0,5000,182.95951048951048,1.0,1.0,0.92325,0.68,218.6,0.0,0.09358898943540674,True
FD003,M2,E2HIST_G1,0.1,0.0,5000,181.47721958041956,0.992,0.9978222222222222,0.92325,0.1,218.6,0.0,0.16,True
FD003,M2,E2HIST_G1,0.2,3.0,5000,163.13017132867134,0.828,0.9308793650793651,0.92325,0.0,218.6,0.0006,0.28,True
FD003,M2,E2HIST_G2,0.05,0.0,5000,183.0475104895105,1.0,1.0,0.92325,0.768,218.6,0.0,0.09358898943540674,True
FD003,M2,E2HIST_G2,0.1,0.0,5000,182.42351048951048,1.0,1.0,0.92325,0.144,218.6,0.0,0.16,True
FD003,M2,E2HIST_G2,0.2,0.0,5000,180.13715244755244,0.98,0.9927238095238096,0.92325,0.004,218.6,0.0,0.28,True
FD003,M2,E2HIST_G4,0.05,0.0,5000,183.07951048951048,1.0,1.0,0.92325,0.8,218.6,0.0,0.09358898943540674,True
FD003,M2,E2HIST_G4,0.1,0.0,5000,182.47151048951048,1.0,1.0,0.92325,0.192,218.6,0.0,0.16,True
FD003,M2,E2HIST_G4,0.2,0.0,5000,181.5351104895105,0.992,0.998,0.92325,0.004,218.6,0.0,0.28,True
FD003,M2,E2HIST_Ginf,0.05,0.0,5000,183.11951048951047,1.0,1.0,0.92325,0.84,218.6,0.0,0.09358898943540674,True
FD003,M2,E2HIST_Ginf,0.1,0.0,5000,182.5235104895105,1.0,1.0,0.92325,0.244,218.6,0.0,0.16,True
FD003,M2,E2HIST_Ginf,0.2,0.0,5000,182.2915104895105,1.0,1.0,0.92325,0.012,218.6,0.0,0.28,True
FD003,M2,IPCW,0.05,0.0,5000,183.2795104895105,1.0,1.0,0.92325,1.0,218.6,0.0,0.09358898943540674,True
FD003,M2,IPCW,0.1,0.0,5000,183.2795104895105,1.0,1.0,0.92325,1.0,218.6,0.0,0.16,True
FD003,M2,IPCW,0.2,4.0,5000,181.89801554001554,0.992,0.9937777777777779,0.92325,0.992,218.6,0.0008,0.28,True
FD003,M2,ORACLE,0.05,200.0,5000,18.06482905982906,0.0,0.2225396825396825,0.92325,0.0,218.6,0.04,0.09358898943540674,True
FD003,M2,ORACLE,0.1,550.0,5000,16.176373626373625,0.0,0.19158730158730156,0.92325,0.0,218.6,0.11,0.16,True
FD003,M2,ORACLE,0.2,850.0,5000,14.576406926406928,0.0,0.19158730158730156,0.92325,0.0,218.6,0.17,0.28,True
FD003,M2,T2,0.05,0.0,5000,183.11951048951047,1.0,1.0,0.92325,0.84,218.6,0.0,0.09358898943540674,True
FD003,M2,T2,0.1,0.0,5000,182.5235104895105,1.0,1.0,0.92325,0.244,218.6,0.0,0.16,True
FD003,M2,T2,0.2,0.0,5000,182.2915104895105,1.0,1.0,0.92325,0.012,218.6,0.0,0.28,True
FD003,M3,CC,0.05,196.0,5000,22.192990922508994,0.024,0.24052698412698412,0.23725,0.028,218.6,0.0392,0.09358898943540674,True
FD003,M3,CC,0.1,468.0,5000,16.86581393516877,0.0,0.19044444444444442,0.23725,0.008,218.6,0.0936,0.16,True
FD003,M3,CC,0.2,763.0,5000,15.402411537737624,0.0,0.18015873015873016,0.23725,0.08,218.6,0.1526,0.28,True
FD003,M3,E2BASE_G1,0.05,199.0,5000,18.06602905982906,0.0,0.2225396825396825,0.23725,0.0,218.6,0.0398,0.09358898943540674,True
FD003,M3,E2BASE_G1,0.1,551.0,5000,16.18270444415023,0.0,0.19130158730158728,0.23725,0.004,218.6,0.1102,0.16,True
FD003,M3,E2BASE_G1,0.2,870.0,5000,14.521431243653467,0.0,0.18758730158730158,0.23725,0.028,218.6,0.174,0.28,True
FD003,M3,E2BASE_G2,0.05,199.0,5000,18.06602905982906,0.0,0.2225396825396825,0.23725,0.0,218.6,0.0398,0.09358898943540674,True
FD003,M3,E2BASE_G2,0.1,547.0,5000,16.178973626373626,0.0,0.19187301587301583,0.23725,0.0,218.6,0.1094,0.16,True
FD003,M3,E2BASE_G2,0.2,858.0,5000,14.555159752528175,0.0,0.18987301587301583,0.23725,0.012,218.6,0.1716,0.28,True
FD003,M3,E2BASE_G4,0.05,199.0,5000,18.06602905982906,0.0,0.2225396825396825,0.23725,0.0,218.6,0.0398,0.09358898943540674,True
FD003,M3,E2BASE_G4,0.1,546.0,5000,16.175440293040293,0.0,0.19187301587301583,0.23725,0.0,218.6,0.1092,0.16,True
FD003,M3,E2BASE_G4,0.2,847.0,5000,14.585764502164501,0.0,0.19187301587301583,0.23725,0.0,218.6,0.1694,0.28,True
FD003,M3,E2BASE_Ginf,0.05,199.0,5000,18.067629059829063,0.0,0.2225396825396825,0.23725,0.0,218.6,0.0398,0.09358898943540674,True
FD003,M3,E2BASE_Ginf,0.1,546.0,5000,16.177573626373626,0.0,0.19187301587301583,0.23725,0.0,218.6,0.1092,0.16,True
FD003,M3,E2BASE_Ginf,0.2,847.0,5000,14.612231168831169,0.0,0.19187301587301583,0.23725,0.0,218.6,0.1694,0.28,True
FD003,M3,E2HIST_G1,0.05,199.0,5000,18.067629059829063,0.0,0.2225396825396825,0.23725,0.0,218.6,0.0398,0.09358898943540674,True
FD003,M3,E2HIST_G1,0.1,546.0,5000,16.177573626373626,0.0,0.19187301587301583,0.23725,0.0,218.6,0.1092,0.16,True
FD003,M3,E2HIST_G1,0.2,847.0,5000,14.612231168831169,0.0,0.19187301587301583,0.23725,0.0,218.6,0.1694,0.28,True
FD003,M3,E2HIST_G2,0.05,199.0,5000,18.067629059829063,0.0,0.2225396825396825,0.23725,0.0,218.6,0.0398,0.09358898943540674,True
FD003,M3,E2HIST_G2,0.1,546.0,5000,16.177573626373626,0.0,0.19187301587301583,0.23725,0.0,218.6,0.1092,0.16,True
FD003,M3,E2HIST_G2,0.2,847.0,5000,14.612231168831169,0.0,0.19187301587301583,0.23725,0.0,218.6,0.1694,0.28,True
FD003,M3,E2HIST_G4,0.05,199.0,5000,18.067629059829063,0.0,0.2225396825396825,0.23725,0.0,218.6,0.0398,0.09358898943540674,True
FD003,M3,E2HIST_G4,0.1,546.0,5000,16.177573626373626,0.0,0.19187301587301583,0.23725,0.0,218.6,0.1092,0.16,True
FD003,M3,E2HIST_G4,0.2,847.0,5000,14.612231168831169,0.0,0.19187301587301583,0.23725,0.0,218.6,0.1694,0.28,True
FD003,M3,E2HIST_Ginf,0.05,199.0,5000,18.067629059829063,0.0,0.2225396825396825,0.23725,0.0,218.6,0.0398,0.09358898943540674,True
FD003,M3,E2HIST_Ginf,0.1,546.0,5000,16.177573626373626,0.0,0.19187301587301583,0.23725,0.0,218.6,0.1092,0.16,True
FD003,M3,E2HIST_Ginf,0.2,847.0,5000,14.612231168831169,0.0,0.19187301587301583,0.23725,0.0,218.6,0.1694,0.28,True
FD003,M3,IPCW,0.05,148.0,5000,51.603371840118825,0.196,0.37599365079365077,0.23725,0.2,218.6,0.0296,0.09358898943540674,True
FD003,M3,IPCW,0.1,475.0,5000,16.75731739138997,0.0,0.19044444444444442,0.23725,0.008,218.6,0.095,0.16,True
FD003,M3,IPCW,0.2,797.0,5000,15.218484753965104,0.0,0.17915873015873016,0.23725,0.084,218.6,0.1594,0.28,True
FD003,M3,ORACLE,0.05,200.0,5000,18.06482905982906,0.0,0.2225396825396825,0.23725,0.0,218.6,0.04,0.09358898943540674,True
FD003,M3,ORACLE,0.1,550.0,5000,16.176373626373625,0.0,0.19158730158730156,0.23725,0.0,218.6,0.11,0.16,True
FD003,M3,ORACLE,0.2,850.0,5000,14.576406926406928,0.0,0.19158730158730156,0.23725,0.0,218.6,0.17,0.28,True
FD003,M3,T2,0.05,199.0,5000,18.067629059829063,0.0,0.2225396825396825,0.23725,0.0,218.6,0.0398,0.09358898943540674,True
FD003,M3,T2,0.1,546.0,5000,16.177573626373626,0.0,0.19187301587301583,0.23725,0.0,218.6,0.1092,0.16,True
FD003,M3,T2,0.2,847.0,5000,14.612231168831169,0.0,0.19187301587301583,0.23725,0.0,218.6,0.1694,0.28,True
FD003,M4,CC,0.05,186.0,5000,117.7570377067377,0.604,0.6833650793650794,0.4465,0.604,218.6,0.0372,0.09358898943540674,True
FD003,M4,CC,0.1,626.0,5000,16.034472623642664,0.0,0.19296825396825396,0.4465,0.012,218.6,0.1252,0.16,True
FD003,M4,CC,0.2,1404.0,5000,13.75176792404515,0.0,0.16538730158730158,0.4465,0.16,218.6,0.2808,0.28,False
FD003,M4,E2BASE_G1,0.05,0.0,5000,181.80606433566433,0.992,0.9970285714285715,0.4465,0.38,218.6,0.0,0.09358898943540674,True
FD003,M4,E2BASE_G1,0.1,10.0,5000,157.11784840714841,0.8,0.9046920634920635,0.4465,0.012,218.6,0.002,0.16,True
FD003,M4,E2BASE_G1,0.2,228.0,5000,73.9853555351531,0.224,0.5242666666666667,0.4465,0.012,218.6,0.0456,0.28,True
FD003,M4,E2BASE_G2,0.05,0.0,5000,181.91206433566433,0.992,0.9986285714285714,0.4465,0.448,218.6,0.0,0.09358898943540674,True
FD003,M4,E2BASE_G2,0.1,0.0,5000,173.73141445221447,0.928,0.9703492063492064,0.4465,0.02,218.6,0.0,0.16,True
FD003,M4,E2BASE_G2,0.2,66.0,5000,110.09179745809746,0.436,0.7142063492063492,0.4465,0.0,218.6,0.0132,0.28,True
FD003,M4,E2BASE_G4,0.05,0.0,5000,182.42191048951048,0.996,0.9992000000000001,0.4465,0.516,218.6,0.0,0.09358898943540674,True
FD003,M4,E2BASE_G4,0.1,0.0,5000,179.69884382284383,0.976,0.9894285714285714,0.4465,0.024,218.6,0.0,0.16,True
FD003,M4,E2BASE_G4,0.2,16.0,5000,136.71053892773892,0.62,0.8319396825396825,0.4465,0.0,218.6,0.0032,0.28,True
FD003,M4,E2BASE_Ginf,0.05,0.0,5000,182.8515104895105,1.0,1.0,0.4465,0.572,218.6,0.0,0.09358898943540674,True
FD003,M4,E2BASE_Ginf,0.1,0.0,5000,181.55631048951048,0.992,0.9964,0.4465,0.064,218.6,0.0,0.16,True
FD003,M4,E2BASE_Ginf,0.2,3.0,5000,166.15966736596735,0.856,0.9529714285714286,0.4465,0.0,218.6,0.0006,0.28,True
FD003,M4,E2HIST_G1,0.05,0.0,5000,180.87457715617717,0.984,0.9944571428571429,0.4465,0.428,218.6,0.0,0.09358898943540674,True
FD003,M4,E2HIST_G1,0.1,3.0,5000,154.67699580419583,0.78,0.8951111111111111,0.4465,0.02,218.6,0.0006,0.16,True
FD003,M4,E2HIST_G1,0.2,186.0,5000,63.109650497352106,0.168,0.47524761904761903,0.4465,0.008,218.6,0.0372,0.28,True
FD003,M4,E2HIST_G2,0.05,0.0,5000,182.41391048951047,0.996,0.9992000000000001,0.4465,0.508,218.6,0.0,0.09358898943540674,True
FD003,M4,E2HIST_G2,0.1,3.0,5000,174.3294592074592,0.936,0.9681968253968254,0.4465,0.02,218.6,0.0006,0.16,True
FD003,M4,E2HIST_G2,0.2,51.0,5000,99.23803449883451,0.368,0.6658825396825396,0.4465,0.0,218.6,0.0102,0.28,True
FD003,M4,E2HIST_G4,0.05,0.0,5000,182.4419104895105,0.996,0.9992000000000001,0.4465,0.536,218.6,0.0,0.09358898943540674,True
FD003,M4,E2HIST_G4,0.1,0.0,5000,177.6085529137529,0.96,0.982920634920635,0.4465,0.028,218.6,0.0,0.16,True
FD003,M4,E2HIST_G4,0.2,19.0,5000,128.751736985237,0.56,0.8001142857142858,0.4465,0.0,218.6,0.0038,0.28,True
FD003,M4,E2HIST_Ginf,0.05,0.0,5000,182.8515104895105,1.0,1.0,0.4465,0.572,218.6,0.0,0.09358898943540674,True
FD003,M4,E2HIST_Ginf,0.1,0.0,5000,181.55631048951048,0.992,0.9964,0.4465,0.064,218.6,0.0,0.16,True
FD003,M4,E2HIST_Ginf,0.2,3.0,5000,166.15966736596735,0.856,0.9529714285714286,0.4465,0.0,218.6,0.0006,0.28,True
FD003,M4,IPCW,0.05,142.0,5000,133.78842595182596,0.7,0.7599809523809523,0.4465,0.7,218.6,0.0284,0.09358898943540674,True
FD003,M4,IPCW,0.1,619.0,5000,16.733642639411872,0.004,0.19645396825396824,0.4465,0.016,218.6,0.1238,0.16,True
FD003,M4,IPCW,0.2,1446.0,5000,13.649701066660867,0.0,0.163415873015873,0.4465,0.168,218.6,0.2892,0.28,False
FD003,M4,ORACLE,0.05,200.0,5000,18.06482905982906,0.0,0.2225396825396825,0.4465,0.0,218.6,0.04,0.09358898943540674,True
FD003,M4,ORACLE,0.1,550.0,5000,16.176373626373625,0.0,0.19158730158730156,0.4465,0.0,218.6,0.11,0.16,True
FD003,M4,ORACLE,0.2,850.0,5000,14.576406926406928,0.0,0.19158730158730156,0.4465,0.0,218.6,0.17,0.28,True
FD003,M4,T2,0.05,0.0,5000,182.8515104895105,1.0,1.0,0.4465,0.572,218.6,0.0,0.09358898943540674,True
FD003,M4,T2,0.1,0.0,5000,181.55631048951048,0.992,0.9964,0.4465,0.064,218.6,0.0,0.16,True
FD003,M4,T2,0.2,3.0,5000,166.15966736596735,0.856,0.9529714285714286,0.4465,0.0,218.6,0.0006,0.28,True
FD004,M1,CC,0.05,520.9999999999999,12450,17.755878221088675,0.0,0.18791108610884202,0.4556,0.0,232.0,0.041847389558232924,0.07762339966107253,True
FD004,M1,CC,0.1,1122.0,12450,15.206044892931063,0.0,0.14846462093306406,0.4556,0.0,232.0,0.09012048192771084,0.13802345503146868,True
FD004,M1,CC,0.2,2339.0,12450,13.486337555908145,0.0,0.12112205046005882,0.4556,0.0,232.0,0.1878714859437751,0.2506979400419582,True
FD004,M1,E2BASE_G1,0.05,0.0,12450,183.4959338435309,0.996,0.999,0.4556,0.012,232.0,0.0,0.07762339966107253,True
FD004,M1,E2BASE_G1,0.1,4.0,12450,177.61312784172873,0.948,0.9806772292690946,0.4556,0.0,232.0,0.000321285140562249,0.13802345503146868,True
FD004,M1,E2BASE_G1,0.2,310.99999999999994,12450,68.87563741376643,0.216,0.5110810176265996,0.4556,0.0,232.0,0.024979919678714855,0.2506979400419582,True
FD004,M1,E2BASE_G2,0.05,0.0,12450,184.01484293444,1.0,1.0,0.4556,0.052,232.0,0.0,0.07762339966107253,True
FD004,M1,E2BASE_G2,0.1,0.0,12450,182.43676142973783,0.988,0.9956300366300367,0.4556,0.0,232.0,0.0,0.13802345503146868,True
FD004,M1,E2BASE_G2,0.2,31.999999999999993,12450,137.4048961864354,0.632,0.839401440541693,0.4556,0.0,232.0,0.0025702811244979916,0.2506979400419582,True
FD004,M1,E2BASE_G4,0.05,0.0,12450,184.05084293444,1.0,1.0,0.4556,0.088,232.0,0.0,0.07762339966107253,True
FD004,M1,E2BASE_G4,0.1,0.0,12450,183.96284293444,1.0,1.0,0.4556,0.0,232.0,0.0,0.13802345503146868,True
FD004,M1,E2BASE_G4,0.2,1.0,12450,168.52543567956545,0.868,0.9519962958967166,0.4556,0.0,232.0,8.032128514056225e-05,0.2506979400419582,True
FD004,M1,E2BASE_Ginf,0.05,0.0,12450,184.13084293444,1.0,1.0,0.4556,0.168,232.0,0.0,0.07762339966107253,True
FD004,M1,E2BASE_Ginf,0.1,0.0,12450,183.97084293444001,1.0,1.0,0.4556,0.008,232.0,0.0,0.13802345503146868,True
FD004,M1,E2BASE_Ginf,0.2,0.0,12450,183.1801730779807,0.992,0.9982396313364055,0.4556,0.0,232.0,0.0,0.2506979400419582,True
FD004,M1,E2HIST_G1,0.05,0.0,12450,183.05338838898547,0.992,0.9972967032967033,0.4556,0.052,232.0,0.0,0.07762339966107253,True
FD004,M1,E2HIST_G1,0.1,1.0,12450,171.7438364662902,0.904,0.9600739536293533,0.4556,0.0,232.0,8.032128514056225e-05,0.13802345503146868,True
FD004,M1,E2HIST_G1,0.2,350.99999999999994,12450,47.447395253748084,0.104,0.39076257263073527,0.4556,0.0,232.0,0.028192771084337345,0.2506979400419582,True
FD004,M1,E2HIST_G2,0.05,0.0,12450,184.03484293444,1.0,1.0,0.4556,0.072,232.0,0.0,0.07762339966107253,True
FD004,M1,E2HIST_G2,0.1,0.0,12450,181.60589647345998,0.98,0.9939604159281579,0.4556,0.0,232.0,0.0,0.13802345503146868,True
FD004,M1,E2HIST_G2,0.2,61.999999999999986,12450,107.74410248641256,0.424,0.7246878946205734,0.4556,0.0,232.0,0.004979919678714858,0.2506979400419582,True
FD004,M1,E2HIST_G4,0.05,0.0,12450,184.09484293444,1.0,1.0,0.4556,0.132,232.0,0.0,0.07762339966107253,True
FD004,M1,E2HIST_G4,0.1,0.0,12450,183.10855505565215,0.992,0.9985274725274725,0.4556,0.004,232.0,0.0,0.13802345503146868,True
FD004,M1,E2HIST_G4,0.2,4.0,12450,159.9755125402097,0.804,0.9190394761853387,0.4556,0.0,232.0,0.000321285140562249,0.2506979400419582,True
FD004,M1,E2HIST_Ginf,0.05,0.0,12450,184.13084293444,1.0,1.0,0.4556,0.168,232.0,0.0,0.07762339966107253,True
FD004,M1,E2HIST_Ginf,0.1,0.0,12450,183.97084293444001,1.0,1.0,0.4556,0.008,232.0,0.0,0.13802345503146868,True
FD004,M1,E2HIST_Ginf,0.2,0.0,12450,183.1801730779807,0.992,0.9982396313364055,0.4556,0.0,232.0,0.0,0.2506979400419582,True
FD004,M1,IPCW,0.05,530.9999999999999,12450,17.471154062128925,0.0,0.18491632631043567,0.4556,0.0,232.0,0.04265060240963855,0.07762339966107253,True
FD004,M1,IPCW,0.1,1187.0,12450,15.035460391552032,0.0,0.14509481682412953,0.4556,0.0,232.0,0.09534136546184739,0.13802345503146868,True
FD004,M1,IPCW,0.2,2555.0,12450,13.34177300346712,0.0,0.11905611639412474,0.4556,0.0,232.0,0.20522088353413653,0.2506979400419582,True
FD004,M1,ORACLE,0.05,700.0,12450,16.092090520418694,0.0,0.16416935098562022,0.4556,0.0,232.0,0.05622489959839357,0.07762339966107253,True
FD004,M1,ORACLE,0.1,1399.9999999999998,12450,14.790598290598291,0.0,0.14274077955704878,0.4556,0.0,232.0,0.11244979919678713,0.13802345503146868,True
FD004,M1,ORACLE,0.2,2650.0,12450,13.324358974358974,0.0,0.11975941309742145,0.4556,0.0,232.0,0.21285140562248997,0.2506979400419582,True
FD004,M1,T2,0.05,0.0,12450,184.13084293444,1.0,1.0,0.4556,0.168,232.0,0.0,0.07762339966107253,True
FD004,M1,T2,0.1,0.0,12450,183.97084293444001,1.0,1.0,0.4556,0.008,232.0,0.0,0.13802345503146868,True
FD004,M1,T2,0.2,0.0,12450,183.1801730779807,0.992,0.9982396313364055,0.4556,0.0,232.0,0.0,0.2506979400419582,True
FD004,M2,CC,0.05,0.0,12450,184.96284293444,1.0,1.0,0.9057999999999999,1.0,232.0,0.0,0.07762339966107253,True
FD004,M2,CC,0.1,180.99999999999994,12450,126.25020029135796,0.652,0.7135284589183607,0.9057999999999999,0.652,232.0,0.014538152610441762,0.13802345503146868,True
FD004,M2,CC,0.2,807.9999999999999,12450,28.16180084978287,0.068,0.22740050552533014,0.9057999999999999,0.068,232.0,0.06489959839357429,0.2506979400419582,True
FD004,M2,E2BASE_G1,0.05,0.0,12450,184.11084293444,1.0,1.0,0.9057999999999999,0.148,232.0,0.0,0.07762339966107253,True
FD004,M2,E2BASE_G1,0.1,0.0,12450,183.96284293444,1.0,1.0,0.9057999999999999,0.0,232.0,0.0,0.13802345503146868,True
FD004,M2,E2BASE_G1,0.2,0.0,12450,183.6034745133874,0.996,0.9990967741935484,0.9057999999999999,0.0,232.0,0.0,0.2506979400419582,True
FD004,M2,E2BASE_G2,0.05,0.0,12450,184.29884293444002,1.0,1.0,0.9057999999999999,0.336,232.0,0.0,0.07762339966107253,True
FD004,M2,E2BASE_G2,0.1,0.0,12450,183.96684293444,1.0,1.0,0.9057999999999999,0.004,232.0,0.0,0.13802345503146868,True
FD004,M2,E2BASE_G2,0.2,0.0,12450,183.96284293444,1.0,1.0,0.9057999999999999,0.0,232.0,0.0,0.2506979400419582,True
FD004,M2,E2BASE_G4,0.05,0.0,12450,184.40284293444,1.0,1.0,0.9057999999999999,0.44,232.0,0.0,0.07762339966107253,True
FD004,M2,E2BASE_G4,0.1,0.0,12450,183.98284293444001,1.0,1.0,0.9057999999999999,0.02,232.0,0.0,0.13802345503146868,True
FD004,M2,E2BASE_G4,0.2,0.0,12450,183.96284293444,1.0,1.0,0.9057999999999999,0.0,232.0,0.0,0.2506979400419582,True
FD004,M2,E2BASE_Ginf,0.05,0.0,12450,184.57084293444,1.0,1.0,0.9057999999999999,0.608,232.0,0.0,0.07762339966107253,True
FD004,M2,E2BASE_Ginf,0.1,0.0,12450,184.02684293444,1.0,1.0,0.9057999999999999,0.064,232.0,0.0,0.13802345503146868,True
FD004,M2,E2BASE_Ginf,0.2,0.0,12450,183.96284293444,1.0,1.0,0.9057999999999999,0.0,232.0,0.0,0.2506979400419582,True
FD004,M2,E2HIST_G1,0.05,0.0,12450,184.27484293444002,1.0,1.0,0.9057999999999999,0.312,232.0,0.0,0.07762339966107253,True
FD004,M2,E2HIST_G1,0.1,0.0,12450,183.96284293444,1.0,1.0,0.9057999999999999,0.0,232.0,0.0,0.13802345503146868,True
FD004,M2,E2HIST_G1,0.2,0.0,12450,177.76005186585948,0.944,0.9829746312593437,0.9057999999999999,0.0,232.0,0.0,0.2506979400419582,True
FD004,M2,E2HIST_G2,0.05,0.0,12450,184.39884293444,1.0,1.0,0.9057999999999999,0.436,232.0,0.0,0.07762339966107253,True
FD004,M2,E2HIST_G2,0.1,0.0,12450,183.98284293444001,1.0,1.0,0.9057999999999999,0.02,232.0,0.0,0.13802345503146868,True
FD004,M2,E2HIST_G2,0.2,0.0,12450,183.96284293444,1.0,1.0,0.9057999999999999,0.0,232.0,0.0,0.2506979400419582,True
FD004,M2,E2HIST_G4,0.05,0.0,12450,184.47884293444,1.0,1.0,0.9057999999999999,0.516,232.0,0.0,0.07762339966107253,True
FD004,M2,E2HIST_G4,0.1,0.0,12450,183.99884293444,1.0,1.0,0.9057999999999999,0.036,232.0,0.0,0.13802345503146868,True
FD004,M2,E2HIST_G4,0.2,0.0,12450,183.96284293444,1.0,1.0,0.9057999999999999,0.0,232.0,0.0,0.2506979400419582,True
FD004,M2,E2HIST_Ginf,0.05,0.0,12450,184.57084293444,1.0,1.0,0.9057999999999999,0.608,232.0,0.0,0.07762339966107253,True
FD004,M2,E2HIST_Ginf,0.1,0.0,12450,184.02684293444,1.0,1.0,0.9057999999999999,0.064,232.0,0.0,0.13802345503146868,True
FD004,M2,E2HIST_Ginf,0.2,0.0,12450,183.96284293444,1.0,1.0,0.9057999999999999,0.0,232.0,0.0,0.2506979400419582,True
FD004,M2,IPCW,0.05,0.0,12450,184.96284293444,1.0,1.0,0.9057999999999999,1.0,232.0,0.0,0.07762339966107253,True
FD004,M2,IPCW,0.1,0.0,12450,184.96284293444,1.0,1.0,0.9057999999999999,1.0,232.0,0.0,0.13802345503146868,True
FD004,M2,IPCW,0.2,0.0,12450,184.96284293444,1.0,1.0,0.9057999999999999,1.0,232.0,0.0,0.2506979400419582,True
FD004,M2,ORACLE,0.05,700.0,12450,16.092090520418694,0.0,0.16416935098562022,0.9057999999999999,0.0,232.0,0.05622489959839357,0.07762339966107253,True
FD004,M2,ORACLE,0.1,1399.9999999999998,12450,14.790598290598291,0.0,0.14274077955704878,0.9057999999999999,0.0,232.0,0.11244979919678713,0.13802345503146868,True
FD004,M2,ORACLE,0.2,2650.0,12450,13.324358974358974,0.0,0.11975941309742145,0.9057999999999999,0.0,232.0,0.21285140562248997,0.2506979400419582,True
FD004,M2,T2,0.05,0.0,12450,184.57084293444,1.0,1.0,0.9057999999999999,0.608,232.0,0.0,0.07762339966107253,True
FD004,M2,T2,0.1,0.0,12450,184.02684293444,1.0,1.0,0.9057999999999999,0.064,232.0,0.0,0.13802345503146868,True
FD004,M2,T2,0.2,0.0,12450,183.96284293444,1.0,1.0,0.9057999999999999,0.0,232.0,0.0,0.2506979400419582,True
FD004,M3,CC,0.05,543.9999999999998,12450,17.028123280300264,0.0,0.18702134611531523,0.22725,0.0,232.0,0.04369477911646585,0.07762339966107253,True
FD004,M3,CC,0.1,1036.0,12450,15.298380958618266,0.0,0.1468836366999059,0.22725,0.0,232.0,0.08321285140562248,0.13802345503146868,True
FD004,M3,CC,0.2,2218.0,12450,13.668319790610655,0.0,0.12092531171493297,0.22725,0.024,232.0,0.17815261044176706,0.2506979400419582,True
FD004,M3,E2BASE_G1,0.05,700.0,12450,16.092090520418694,0.0,0.16416935098562022,0.22725,0.0,232.0,0.05622489959839357,0.07762339966107253,True
FD004,M3,E2BASE_G1,0.1,1399.9999999999998,12450,14.790598290598291,0.0,0.14274077955704878,0.22725,0.0,232.0,0.11244979919678713,0.13802345503146868,True
FD004,M3,E2BASE_G1,0.2,2674.0,12450,13.327382071333684,0.0,0.11878174560362492,0.22725,0.008,232.0,0.21477911646586345,0.2506979400419582,True
FD004,M3,E2BASE_G2,0.05,700.0,12450,16.092090520418694,0.0,0.16416935098562022,0.22725,0.0,232.0,0.05622489959839357,0.07762339966107253,True
FD004,M3,E2BASE_G2,0.1,1399.9999999999998,12450,14.790864957264958,0.0,0.14274077955704878,0.22725,0.0,232.0,0.11244979919678713,0.13802345503146868,True
FD004,M3,E2BASE_G2,0.2,2605.0,12450,13.338440015540014,0.0,0.1196055669435753,0.22725,0.0,232.0,0.20923694779116467,0.2506979400419582,True
FD004,M3,E2BASE_G4,0.05,700.0,12450,16.092090520418694,0.0,0.16416935098562022,0.22725,0.0,232.0,0.05622489959839357,0.07762339966107253,True
FD004,M3,E2BASE_G4,0.1,1399.9999999999998,12450,14.791131623931625,0.0,0.14274077955704878,0.22725,0.0,232.0,0.11244979919678713,0.13802345503146868,True
FD004,M3,E2BASE_G4,0.2,2597.0,12450,13.34629070929071,0.0,0.1196055669435753,0.22725,0.0,232.0,0.20859437751004017,0.2506979400419582,True
FD004,M3,E2BASE_Ginf,0.05,700.0,12450,16.092090520418694,0.0,0.16416935098562022,0.22725,0.0,232.0,0.05622489959839357,0.07762339966107253,True
FD004,M3,E2BASE_Ginf,0.1,1399.9999999999998,12450,14.791931623931623,0.0,0.14274077955704878,0.22725,0.0,232.0,0.11244979919678713,0.13802345503146868,True
FD004,M3,E2BASE_Ginf,0.2,2588.0,12450,13.353577045177044,0.0,0.11975941309742145,0.22725,0.0,232.0,0.2078714859437751,0.2506979400419582,True
FD004,M3,E2HIST_G1,0.05,700.0,12450,16.092090520418694,0.0,0.16416935098562022,0.22725,0.0,232.0,0.05622489959839357,0.07762339966107253,True
FD004,M3,E2HIST_G1,0.1,1399.9999999999998,12450,14.791931623931623,0.0,0.14274077955704878,0.22725,0.0,232.0,0.11244979919678713,0.13802345503146868,True
FD004,M3,E2HIST_G1,0.2,2588.0,12450,13.353088156288157,0.0,0.11975941309742145,0.22725,0.0,232.0,0.2078714859437751,0.2506979400419582,True
FD004,M3,E2HIST_G2,0.05,700.0,12450,16.092090520418694,0.0,0.16416935098562022,0.22725,0.0,232.0,0.05622489959839357,0.07762339966107253,True
FD004,M3,E2HIST_G2,0.1,1399.9999999999998,12450,14.791931623931623,0.0,0.14274077955704878,0.22725,0.0,232.0,0.11244979919678713,0.13802345503146868,True
FD004,M3,E2HIST_G2,0.2,2588.0,12450,13.353088156288157,0.0,0.11975941309742145,0.22725,0.0,232.0,0.2078714859437751,0.2506979400419582,True
FD004,M3,E2HIST_G4,0.05,700.0,12450,16.092090520418694,0.0,0.16416935098562022,0.22725,0.0,232.0,0.05622489959839357,0.07762339966107253,True
FD004,M3,E2HIST_G4,0.1,1399.9999999999998,12450,14.791931623931623,0.0,0.14274077955704878,0.22725,0.0,232.0,0.11244979919678713,0.13802345503146868,True
FD004,M3,E2HIST_G4,0.2,2588.0,12450,13.353088156288157,0.0,0.11975941309742145,0.22725,0.0,232.0,0.2078714859437751,0.2506979400419582,True
FD004,M3,E2HIST_Ginf,0.05,700.0,12450,16.092090520418694,0.0,0.16416935098562022,0.22725,0.0,232.0,0.05622489959839357,0.07762339966107253,True
FD004,M3,E2HIST_Ginf,0.1,1399.9999999999998,12450,14.791931623931623,0.0,0.14274077955704878,0.22725,0.0,232.0,0.11244979919678713,0.13802345503146868,True
FD004,M3,E2HIST_Ginf,0.2,2588.0,12450,13.353577045177044,0.0,0.11975941309742145,0.22725,0.0,232.0,0.2078714859437751,0.2506979400419582,True
FD004,M3,IPCW,0.05,548.9999999999998,12450,16.849910802581903,0.0,0.18545612872401088,0.22725,0.0,232.0,0.04409638554216866,0.07762339966107253,True
FD004,M3,IPCW,0.1,1106.0,12450,15.14232807017544,0.0,0.14274077955704878,0.22725,0.0,232.0,0.08883534136546185,0.13802345503146868,True
FD004,M3,IPCW,0.2,2690.0,12450,13.519571675929434,0.0,0.11427306074010135,0.22725,0.072,232.0,0.21606425702811244,0.2506979400419582,True
FD004,M3,ORACLE,0.05,700.0,12450,16.092090520418694,0.0,0.16416935098562022,0.22725,0.0,232.0,0.05622489959839357,0.07762339966107253,True
FD004,M3,ORACLE,0.1,1399.9999999999998,12450,14.790598290598291,0.0,0.14274077955704878,0.22725,0.0,232.0,0.11244979919678713,0.13802345503146868,True
FD004,M3,ORACLE,0.2,2650.0,12450,13.324358974358974,0.0,0.11975941309742145,0.22725,0.0,232.0,0.21285140562248997,0.2506979400419582,True
FD004,M3,T2,0.05,700.0,12450,16.092090520418694,0.0,0.16416935098562022,0.22725,0.0,232.0,0.05622489959839357,0.07762339966107253,True
FD004,M3,T2,0.1,1399.9999999999998,12450,14.791931623931623,0.0,0.14274077955704878,0.22725,0.0,232.0,0.11244979919678713,0.13802345503146868,True
FD004,M3,T2,0.2,2588.0,12450,13.353577045177044,0.0,0.11975941309742145,0.22725,0.0,232.0,0.2078714859437751,0.2506979400419582,True
FD004,M4,CC,0.05,922.9999999999999,12450,15.817373099052874,0.0,0.16020370513077378,0.4155,0.0,232.0,0.07413654618473894,0.07762339966107253,True
FD004,M4,CC,0.1,1834.0,12450,14.11669688878373,0.0,0.12887930582741236,0.4155,0.0,232.0,0.14730923694779116,0.13802345503146868,False
FD004,M4,CC,0.2,4015.0,12450,12.833036408036406,0.0,0.09539264008548716,0.4155,0.064,232.0,0.3224899598393574,0.2506979400419582,False
FD004,M4,E2BASE_G1,0.05,0.0,12450,183.98284293444001,1.0,1.0,0.4155,0.02,232.0,0.0,0.07762339966107253,True
FD004,M4,E2BASE_G1,0.1,1.999999999999999,12450,164.01050098939487,0.836,0.9377403325986776,0.4155,0.0,232.0,0.00016064257028112442,0.13802345503146868,True
FD004,M4,E2BASE_G1,0.2,768.9999999999999,12450,37.24894823413747,0.064,0.32256555646317214,0.4155,0.0,232.0,0.06176706827309236,0.2506979400419582,True
FD004,M4,E2BASE_G2,0.05,0.0,12450,184.00284293444,1.0,1.0,0.4155,0.04,232.0,0.0,0.07762339966107253,True
FD004,M4,E2BASE_G2,0.1,0.0,12450,182.6251100795756,0.988,0.9965228642325417,0.4155,0.0,232.0,0.0,0.13802345503146868,True
FD004,M4,E2BASE_G2,0.2,94.0,12450,99.06355337361991,0.36,0.6906746708177283,0.4155,0.0,232.0,0.007550200803212851,0.2506979400419582,True
FD004,M4,E2BASE_G4,0.05,0.0,12450,184.04284293444002,1.0,1.0,0.4155,0.08,232.0,0.0,0.07762339966107253,True
FD004,M4,E2BASE_G4,0.1,0.0,12450,183.58831661865054,0.996,0.9987096774193549,0.4155,0.004,232.0,0.0,0.13802345503146868,True
FD004,M4,E2BASE_G4,0.2,5.0,12450,147.69555650051743,0.7,0.8884013480675472,0.4155,0.0,232.0,0.00040160642570281126,0.2506979400419582,True
FD004,M4,E2BASE_Ginf,0.05,0.0,12450,184.12284293444,1.0,1.0,0.4155,0.16,232.0,0.0,0.07762339966107253,True
FD004,M4,E2BASE_Ginf,0.1,0.0,12450,183.96684293444,1.0,1.0,0.4155,0.004,232.0,0.0,0.13802345503146868,True
FD004,M4,E2BASE_Ginf,0.2,1.0,12450,177.52408722372607,0.944,0.9825841232166618,0.4155,0.0,232.0,8.032128514056225e-05,0.2506979400419582,True
FD004,M4,E2HIST_G1,0.05,0.0,12450,183.119866857885,0.992,0.9976820276497695,0.4155,0.04,232.0,0.0,0.07762339966107253,True
FD004,M4,E2HIST_G1,0.1,1.999999999999999,12450,160.0085285591843,0.808,0.9217798344712791,0.4155,0.0,232.0,0.00016064257028112442,0.13802345503146868,True
FD004,M4,E2HIST_G1,0.2,538.0,12450,31.539352056907486,0.024,0.30601264840816034,0.4155,0.0,232.0,0.04321285140562249,0.2506979400419582,True
FD004,M4,E2HIST_G2,0.05,0.0,12450,184.03484293444,1.0,1.0,0.4155,0.072,232.0,0.0,0.07762339966107253,True
FD004,M4,E2HIST_G2,0.1,0.0,12450,181.72024006362662,0.98,0.9934906061680255,0.4155,0.0,232.0,0.0,0.13802345503146868,True
FD004,M4,E2HIST_G2,0.2,88.99999999999999,12450,84.90572189747974,0.288,0.6166108122826215,0.4155,0.0,232.0,0.007148594377510039,0.2506979400419582,True
FD004,M4,E2HIST_G4,0.05,0.0,12450,184.05884293444,1.0,1.0,0.4155,0.096,232.0,0.0,0.07762339966107253,True
FD004,M4,E2HIST_G4,0.1,0.0,12450,183.58831661865054,0.996,0.9987096774193549,0.4155,0.004,232.0,0.0,0.13802345503146868,True
FD004,M4,E2HIST_G4,0.2,2.999999999999999,12450,135.00710745993848,0.596,0.8474151883646974,0.4155,0.0,232.0,0.00024096385542168668,0.2506979400419582,True
FD004,M4,E2HIST_Ginf,0.05,0.0,12450,184.12284293444,1.0,1.0,0.4155,0.16,232.0,0.0,0.07762339966107253,True
FD004,M4,E2HIST_Ginf,0.1,0.0,12450,183.96684293444,1.0,1.0,0.4155,0.004,232.0,0.0,0.13802345503146868,True
FD004,M4,E2HIST_Ginf,0.2,1.0,12450,177.52408722372607,0.944,0.9825841232166618,0.4155,0.0,232.0,8.032128514056225e-05,0.2506979400419582,True
FD004,M4,IPCW,0.05,928.9999999999999,12450,15.808846282010268,0.0,0.15987594593344936,0.4155,0.0,232.0,0.07461847389558232,0.07762339966107253,True
FD004,M4,IPCW,0.1,2017.0,12450,13.968832017363441,0.0,0.12628539062620403,0.4155,0.0,232.0,0.16200803212851406,0.13802345503146868,False
FD004,M4,IPCW,0.2,4230.0,12450,12.758384197578122,0.0,0.08984644154349619,0.4155,0.096,232.0,0.3397590361445783,0.2506979400419582,False
FD004,M4,ORACLE,0.05,700.0,12450,16.092090520418694,0.0,0.16416935098562022,0.4155,0.0,232.0,0.05622489959839357,0.07762339966107253,True
FD004,M4,ORACLE,0.1,1399.9999999999998,12450,14.790598290598291,0.0,0.14274077955704878,0.4155,0.0,232.0,0.11244979919678713,0.13802345503146868,True
FD004,M4,ORACLE,0.2,2650.0,12450,13.324358974358974,0.0,0.11975941309742145,0.4155,0.0,232.0,0.21285140562248997,0.2506979400419582,True
FD004,M4,T2,0.05,0.0,12450,184.12284293444,1.0,1.0,0.4155,0.16,232.0,0.0,0.07762339966107253,True
FD004,M4,T2,0.1,0.0,12450,183.96684293444,1.0,1.0,0.4155,0.004,232.0,0.0,0.13802345503146868,True
FD004,M4,T2,0.2,1.0,12450,177.52408722372607,0.944,0.9825841232166618,0.4155,0.0,232.0,8.032128514056225e-05,0.2506979400419582,True
NCMAPSS,M1,CC,0.05,71.99999999999999,4950,52.47815541909071,0.684,1.0,0.46,0.684,76.2,0.014545454545454542,0.09380858271151807,True
NCMAPSS,M1,CC,0.1,357.0,4950,24.697359056956117,0.004,0.9953589743589744,0.46,0.004,76.2,0.07212121212121213,0.16030226891555274,True
NCMAPSS,M1,CC,0.2,914.0,4950,18.304224720472064,0.0,0.92795115995116,0.46,0.0,76.2,0.18464646464646464,0.280403025220737,True
NCMAPSS,M1,E2BASE_G1,0.05,0.0,4950,62.47758644688645,0.8024526315789474,1.0,0.46,0.736,76.2,0.0,0.09380858271151807,True
NCMAPSS,M1,E2BASE_G1,0.1,25.0,4950,50.69835195719313,0.19333684210526317,1.0,0.46,0.112,76.2,0.005050505050505051,0.16030226891555274,True
NCMAPSS,M1,E2BASE_G1,0.2,248.99999999999997,4950,31.209551102492277,0.0058,0.9937460317460317,0.46,0.0,76.2,0.050303030303030294,0.280403025220737,True
NCMAPSS,M1,E2BASE_G2,0.05,0.0,4950,63.50530293040293,0.8816736842105263,1.0,0.46,0.832,76.2,0.0,0.09380858271151807,True
NCMAPSS,M1,E2BASE_G2,0.1,3.0,4950,56.39719301874596,0.34463157894736846,1.0,0.46,0.236,76.2,0.0006060606060606061,0.16030226891555274,True
NCMAPSS,M1,E2BASE_G2,0.2,74.0,4950,39.14847061696473,0.019410526315789472,0.9991111111111111,0.46,0.004,76.2,0.01494949494949495,0.280403025220737,True
NCMAPSS,M1,E2BASE_G4,0.05,0.0,4950,63.79629951159951,0.9167263157894737,1.0,0.46,0.872,76.2,0.0,0.09380858271151807,True
NCMAPSS,M1,E2BASE_G4,0.1,1.0,4950,59.16606614953674,0.46641052631578944,1.0,0.46,0.328,76.2,0.00020202020202020202,0.16030226891555274,True
NCMAPSS,M1,E2BASE_G4,0.2,23.0,4950,44.59433286288875,0.04067368421052632,1.0,0.46,0.008,76.2,0.004646464646464647,0.280403025220737,True
NCMAPSS,M1,E2BASE_Ginf,0.05,0.0,4950,64.06286227106227,0.948221052631579,1.0,0.46,0.912,76.2,0.0,0.09380858271151807,True
NCMAPSS,M1,E2BASE_Ginf,0.1,0.0,4950,61.37687887667888,0.6182000000000001,1.0,0.46,0.48,76.2,0.0,0.16030226891555274,True
NCMAPSS,M1,E2BASE_Ginf,0.2,1.0,4950,51.04307410040939,0.08837894736842106,1.0,0.46,0.024,76.2,0.00020202020202020202,0.280403025220737,True
NCMAPSS,M1,E2HIST_G1,0.05,0.9999999999999996,4950,62.37831807081807,0.8247684210526315,1.0,0.46,0.776,76.2,0.00020202020202020194,0.09380858271151807,True
NCMAPSS,M1,E2HIST_G1,0.1,46.0,4950,49.24848337283632,0.22837894736842104,0.9991111111111111,0.46,0.156,76.2,0.009292929292929294,0.16030226891555274,True
NCMAPSS,M1,E2HIST_G1,0.2,304.0,4950,29.489022243769302,0.0062,0.9875091575091575,0.46,0.0,76.2,0.061414141414141414,0.280403025220737,True
NCMAPSS,M1,E2HIST_G2,0.05,0.0,4950,63.58430293040293,0.9007894736842105,1.0,0.46,0.86,76.2,0.0,0.09380858271151807,True
NCMAPSS,M1,E2HIST_G2,0.1,10.0,4950,55.521322689075625,0.36085263157894737,1.0,0.46,0.26,76.2,0.00202020202020202,0.16030226891555274,True
NCMAPSS,M1,E2HIST_G2,0.2,131.0,4950,36.73881486748545,0.022210526315789472,0.9986666666666666,0.46,0.008,76.2,0.026464646464646465,0.280403025220737,True
NCMAPSS,M1,E2HIST_G4,0.05,0.0,4950,63.83744236874237,0.9231263157894737,1.0,0.46,0.88,76.2,0.0,0.09380858271151807,True
NCMAPSS,M1,E2HIST_G4,0.1,2.0,4950,58.678515851468795,0.4843157894736842,1.0,0.46,0.36,76.2,0.00040404040404040404,0.16030226891555274,True
NCMAPSS,M1,E2HIST_G4,0.2,59.99999999999999,4950,42.91221494649142,0.038684210526315786,0.9995555555555555,0.46,0.008,76.2,0.01212121212121212,0.280403025220737,True
NCMAPSS,M1,E2HIST_Ginf,0.05,0.0,4950,64.06286227106227,0.948221052631579,1.0,0.46,0.912,76.2,0.0,0.09380858271151807,True
NCMAPSS,M1,E2HIST_Ginf,0.1,0.0,4950,61.37687887667888,0.6182000000000001,1.0,0.46,0.48,76.2,0.0,0.16030226891555274,True
NCMAPSS,M1,E2HIST_Ginf,0.2,1.0,4950,51.04307410040939,0.08837894736842106,1.0,0.46,0.024,76.2,0.00020202020202020202,0.280403025220737,True
NCMAPSS,M1,IPCW,0.05,42.99999999999999,4950,58.235630036630035,0.84,1.0,0.46,0.84,76.2,0.008686868686868686,0.09380858271151807,True
NCMAPSS,M1,IPCW,0.1,390.0,4950,25.24283496732026,0.024,0.996025641025641,0.46,0.024,76.2,0.07878787878787878,0.16030226891555274,True
NCMAPSS,M1,IPCW,0.2,912.0,4950,18.184559926843765,0.0,0.9207460317460316,0.46,0.0,76.2,0.18424242424242424,0.280403025220737,True
NCMAPSS,M1,ORACLE,0.05,149.99999999999997,4950,28.341830065359478,0.0,1.0,0.46,0.0,76.2,0.030303030303030297,0.09380858271151807,True
NCMAPSS,M1,ORACLE,0.1,650.0,4950,21.557591036414564,0.0,1.0,0.46,0.0,76.2,0.13131313131313133,0.16030226891555274,True
NCMAPSS,M1,ORACLE,0.2,949.9999999999999,4950,15.947619047619048,0.0,0.9149572649572649,0.46,0.0,76.2,0.1919191919191919,0.280403025220737,True
NCMAPSS,M1,T2,0.05,0.0,4950,64.06286227106227,0.948221052631579,1.0,0.46,0.912,76.2,0.0,0.09380858271151807,True
NCMAPSS,M1,T2,0.1,0.0,4950,61.37687887667888,0.6182000000000001,1.0,0.46,0.48,76.2,0.0,0.16030226891555274,True
NCMAPSS,M1,T2,0.2,1.0,4950,51.04307410040939,0.08837894736842106,1.0,0.46,0.024,76.2,0.00020202020202020202,0.280403025220737,True
NCMAPSS,M2,CC,0.05,0.0,4950,64.49661172161171,1.0,1.0,0.919,1.0,76.2,0.0,0.09380858271151807,True
NCMAPSS,M2,CC,0.1,1.0,4950,64.33657250592545,0.996,1.0,0.919,0.996,76.2,0.00020202020202020202,0.16030226891555274,True
NCMAPSS,M2,CC,0.2,94.0,4950,54.27027756948934,0.744,0.9972222222222221,0.919,0.744,76.2,0.01898989898989899,0.280403025220737,True
NCMAPSS,M2,E2BASE_G1,0.05,0.0,4950,64.2596503052503,0.9611368421052632,1.0,0.919,0.928,76.2,0.0,0.09380858271151807,True
NCMAPSS,M2,E2BASE_G1,0.1,0.0,4950,61.54476117216117,0.6582947368421053,1.0,0.919,0.528,76.2,0.0,0.16030226891555274,True
NCMAPSS,M2,E2BASE_G1,0.2,2.0,4950,51.624785714285714,0.1333578947368421,1.0,0.919,0.072,76.2,0.00040404040404040404,0.280403025220737,True
NCMAPSS,M2,E2BASE_G2,0.05,0.0,4950,64.43022954822955,0.9876,1.0,0.919,0.972,76.2,0.0,0.09380858271151807,True
NCMAPSS,M2,E2BASE_G2,0.1,0.0,4950,63.07255335775336,0.8039263157894737,1.0,0.919,0.696,76.2,0.0,0.16030226891555274,True
NCMAPSS,M2,E2BASE_G2,0.2,0.0,4950,57.07939010989011,0.2572,1.0,0.919,0.132,76.2,0.0,0.280403025220737,True
NCMAPSS,M2,E2BASE_G4,0.05,0.0,4950,64.47315018315018,0.9954,1.0,0.919,0.992,76.2,0.0,0.09380858271151807,True
NCMAPSS,M2,E2BASE_G4,0.1,0.0,4950,63.696930036630036,0.8761263157894736,1.0,0.919,0.788,76.2,0.0,0.16030226891555274,True
NCMAPSS,M2,E2BASE_G4,0.2,0.0,4950,59.525607326007325,0.37681052631578943,1.0,0.919,0.2,76.2,0.0,0.280403025220737,True
NCMAPSS,M2,E2BASE_Ginf,0.05,0.0,4950,64.48761172161171,0.9974,1.0,0.919,0.996,76.2,0.0,0.09380858271151807,True
NCMAPSS,M2,E2BASE_Ginf,0.1,0.0,4950,64.05900280830281,0.9301894736842105,1.0,0.919,0.868,76.2,0.0,0.16030226891555274,True
NCMAPSS,M2,E2BASE_Ginf,0.2,0.0,4950,61.63627167277168,0.5800947368421052,1.0,0.919,0.396,76.2,0.0,0.280403025220737,True
NCMAPSS,M2,E2HIST_G1,0.05,0.0,4950,64.28773064713064,0.9683999999999999,1.0,0.919,0.956,76.2,0.0,0.09380858271151807,True
NCMAPSS,M2,E2HIST_G1,0.1,0.0,4950,61.35002197802198,0.7131157894736843,1.0,0.919,0.604,76.2,0.0,0.16030226891555274,True
NCMAPSS,M2,E2HIST_G1,0.2,11.0,4950,50.19885063563887,0.15862105263157894,1.0,0.919,0.092,76.2,0.0022222222222222222,0.280403025220737,True
NCMAPSS,M2,E2HIST_G2,0.05,0.0,4950,64.44200732600733,0.9892000000000001,1.0,0.919,0.98,76.2,0.0,0.09380858271151807,True
NCMAPSS,M2,E2HIST_G2,0.1,0.0,4950,63.277471306471305,0.8285473684210526,1.0,0.919,0.74,76.2,0.0,0.16030226891555274,True
NCMAPSS,M2,E2HIST_G2,0.2,0.0,4950,56.530786813186815,0.2801157894736842,1.0,0.919,0.156,76.2,0.0,0.280403025220737,True
NCMAPSS,M2,E2HIST_G4,0.05,0.0,4950,64.47315018315018,0.9954,1.0,0.919,0.992,76.2,0.0,0.09380858271151807,True
NCMAPSS,M2,E2HIST_G4,0.1,0.0,4950,63.732164224664224,0.889242105263158,1.0,0.919,0.816,76.2,0.0,0.16030226891555274,True
NCMAPSS,M2,E2HIST_G4,0.2,0.0,4950,59.37536349206349,0.39873684210526317,1.0,0.919,0.228,76.2,0.0,0.280403025220737,True
NCMAPSS,M2,E2HIST_Ginf,0.05,0.0,4950,64.48761172161171,0.9974,1.0,0.919,0.996,76.2,0.0,0.09380858271151807,True
NCMAPSS,M2,E2HIST_Ginf,0.1,0.0,4950,64.05900280830281,0.9301894736842105,1.0,0.919,0.868,76.2,0.0,0.16030226891555274,True
NCMAPSS,M2,E2HIST_Ginf,0.2,0.0,4950,61.63627167277168,0.5800947368421052,1.0,0.919,0.396,76.2,0.0,0.280403025220737,True
NCMAPSS,M2,IPCW,0.05,0.0,4950,64.49661172161171,1.0,1.0,0.919,1.0,76.2,0.0,0.09380858271151807,True
NCMAPSS,M2,IPCW,0.1,0.0,4950,64.49661172161171,1.0,1.0,0.919,1.0,76.2,0.0,0.16030226891555274,True
NCMAPSS,M2,IPCW,0.2,2.0,4950,64.16592964878258,0.992,1.0,0.919,0.992,76.2,0.00040404040404040404,0.280403025220737,True
NCMAPSS,M2,ORACLE,0.05,149.99999999999997,4950,28.341830065359478,0.0,1.0,0.919,0.0,76.2,0.030303030303030297,0.09380858271151807,True
NCMAPSS,M2,ORACLE,0.1,650.0,4950,21.557591036414564,0.0,1.0,0.919,0.0,76.2,0.13131313131313133,0.16030226891555274,True
NCMAPSS,M2,ORACLE,0.2,949.9999999999999,4950,15.947619047619048,0.0,0.9149572649572649,0.919,0.0,76.2,0.1919191919191919,0.280403025220737,True
NCMAPSS,M2,T2,0.05,0.0,4950,64.48761172161171,0.9974,1.0,0.919,0.996,76.2,0.0,0.09380858271151807,True
NCMAPSS,M2,T2,0.1,0.0,4950,64.05900280830281,0.9301894736842105,1.0,0.919,0.868,76.2,0.0,0.16030226891555274,True
NCMAPSS,M2,T2,0.2,0.0,4950,61.63627167277168,0.5800947368421052,1.0,0.919,0.396,76.2,0.0,0.280403025220737,True
NCMAPSS,M3,CC,0.05,132.99999999999997,4950,31.178427099044747,0.072,1.0,0.262,0.072,76.2,0.02686868686868686,0.09380858271151807,True
NCMAPSS,M3,CC,0.1,457.0,4950,22.289485714285714,0.0,1.0,0.262,0.0,76.2,0.09232323232323232,0.16030226891555274,True
NCMAPSS,M3,CC,0.2,779.0,4950,18.13151269878768,0.0,0.9458119658119658,0.262,0.004,76.2,0.15737373737373736,0.280403025220737,True
NCMAPSS,M3,E2BASE_G1,0.05,149.99999999999997,4950,28.341830065359478,0.0,1.0,0.262,0.0,76.2,0.030303030303030297,0.09380858271151807,True
NCMAPSS,M3,E2BASE_G1,0.1,650.0,4950,21.56025770308123,0.0,1.0,0.262,0.0,76.2,0.13131313131313133,0.16030226891555274,True
NCMAPSS,M3,E2BASE_G1,0.2,949.9999999999999,4950,15.955619047619047,0.0,0.9149572649572649,0.262,0.0,76.2,0.1919191919191919,0.280403025220737,True
NCMAPSS,M3,E2BASE_G2,0.05,149.99999999999997,4950,28.341830065359478,0.0,1.0,0.262,0.0,76.2,0.030303030303030297,0.09380858271151807,True
NCMAPSS,M3,E2BASE_G2,0.1,650.0,4950,21.56025770308123,0.0,1.0,0.262,0.0,76.2,0.13131313131313133,0.16030226891555274,True
NCMAPSS,M3,E2BASE_G2,0.2,949.9999999999999,4950,15.956952380952382,0.0,0.9149572649572649,0.262,0.0,76.2,0.1919191919191919,0.280403025220737,True
NCMAPSS,M3,E2BASE_G4,0.05,149.99999999999997,4950,28.341830065359478,0.0,1.0,0.262,0.0,76.2,0.030303030303030297,0.09380858271151807,True
NCMAPSS,M3,E2BASE_G4,0.1,650.0,4950,21.56025770308123,0.0,1.0,0.262,0.0,76.2,0.13131313131313133,0.16030226891555274,True
NCMAPSS,M3,E2BASE_G4,0.2,949.9999999999999,4950,15.957619047619048,0.0,0.9149572649572649,0.262,0.0,76.2,0.1919191919191919,0.280403025220737,True
NCMAPSS,M3,E2BASE_Ginf,0.05,149.99999999999997,4950,28.341830065359478,0.0,1.0,0.262,0.0,76.2,0.030303030303030297,0.09380858271151807,True
NCMAPSS,M3,E2BASE_Ginf,0.1,650.0,4950,21.56025770308123,0.0,1.0,0.262,0.0,76.2,0.13131313131313133,0.16030226891555274,True
NCMAPSS,M3,E2BASE_Ginf,0.2,949.9999999999999,4950,15.958285714285715,0.0,0.9149572649572649,0.262,0.0,76.2,0.1919191919191919,0.280403025220737,True
NCMAPSS,M3,E2HIST_G1,0.05,149.99999999999997,4950,28.341830065359478,0.0,1.0,0.262,0.0,76.2,0.030303030303030297,0.09380858271151807,True
NCMAPSS,M3,E2HIST_G1,0.1,650.0,4950,21.56025770308123,0.0,1.0,0.262,0.0,76.2,0.13131313131313133,0.16030226891555274,True
NCMAPSS,M3,E2HIST_G1,0.2,949.9999999999999,4950,15.957619047619048,0.0,0.9149572649572649,0.262,0.0,76.2,0.1919191919191919,0.280403025220737,True
NCMAPSS,M3,E2HIST_G2,0.05,149.99999999999997,4950,28.341830065359478,0.0,1.0,0.262,0.0,76.2,0.030303030303030297,0.09380858271151807,True
NCMAPSS,M3,E2HIST_G2,0.1,650.0,4950,21.56025770308123,0.0,1.0,0.262,0.0,76.2,0.13131313131313133,0.16030226891555274,True
NCMAPSS,M3,E2HIST_G2,0.2,949.9999999999999,4950,15.958285714285715,0.0,0.9149572649572649,0.262,0.0,76.2,0.1919191919191919,0.280403025220737,True
NCMAPSS,M3,E2HIST_G4,0.05,149.99999999999997,4950,28.341830065359478,0.0,1.0,0.262,0.0,76.2,0.030303030303030297,0.09380858271151807,True
NCMAPSS,M3,E2HIST_G4,0.1,650.0,4950,21.56025770308123,0.0,1.0,0.262,0.0,76.2,0.13131313131313133,0.16030226891555274,True
NCMAPSS,M3,E2HIST_G4,0.2,949.9999999999999,4950,15.958285714285715,0.0,0.9149572649572649,0.262,0.0,76.2,0.1919191919191919,0.280403025220737,True
NCMAPSS,M3,E2HIST_Ginf,0.05,149.99999999999997,4950,28.341830065359478,0.0,1.0,0.262,0.0,76.2,0.030303030303030297,0.09380858271151807,True
NCMAPSS,M3,E2HIST_Ginf,0.1,650.0,4950,21.56025770308123,0.0,1.0,0.262,0.0,76.2,0.13131313131313133,0.16030226891555274,True
NCMAPSS,M3,E2HIST_Ginf,0.2,949.9999999999999,4950,15.958285714285715,0.0,0.9149572649572649,0.262,0.0,76.2,0.1919191919191919,0.280403025220737,True
NCMAPSS,M3,IPCW,0.05,81.0,4950,39.71237567334626,0.3,1.0,0.262,0.3,76.2,0.016363636363636365,0.09380858271151807,True
NCMAPSS,M3,IPCW,0.1,455.0,4950,23.290729785247432,0.024,1.0,0.262,0.024,76.2,0.09191919191919191,0.16030226891555274,True
NCMAPSS,M3,IPCW,0.2,806.9999999999999,4950,17.51789290682806,0.0,0.915017094017094,0.262,0.004,76.2,0.163030303030303,0.280403025220737,True
NCMAPSS,M3,ORACLE,0.05,149.99999999999997,4950,28.341830065359478,0.0,1.0,0.262,0.0,76.2,0.030303030303030297,0.09380858271151807,True
NCMAPSS,M3,ORACLE,0.1,650.0,4950,21.557591036414564,0.0,1.0,0.262,0.0,76.2,0.13131313131313133,0.16030226891555274,True
NCMAPSS,M3,ORACLE,0.2,949.9999999999999,4950,15.947619047619048,0.0,0.9149572649572649,0.262,0.0,76.2,0.1919191919191919,0.280403025220737,True
NCMAPSS,M3,T2,0.05,149.99999999999997,4950,28.341830065359478,0.0,1.0,0.262,0.0,76.2,0.030303030303030297,0.09380858271151807,True
NCMAPSS,M3,T2,0.1,650.0,4950,21.56025770308123,0.0,1.0,0.262,0.0,76.2,0.13131313131313133,0.16030226891555274,True
NCMAPSS,M3,T2,0.2,949.9999999999999,4950,15.958285714285715,0.0,0.9149572649572649,0.262,0.0,76.2,0.1919191919191919,0.280403025220737,True
NCMAPSS,M4,CC,0.05,108.99999999999999,4950,51.66406927386339,0.676,0.9982222222222221,0.458625,0.676,76.2,0.022020202020202016,0.09380858271151807,True
NCMAPSS,M4,CC,0.1,621.0,4950,21.549748574128447,0.0,0.9557130647130647,0.458625,0.0,76.2,0.12545454545454546,0.16030226891555274,True
NCMAPSS,M4,CC,0.2,1452.0,4950,16.387381563392157,0.0,0.72906105006105,0.458625,0.052,76.2,0.29333333333333333,0.280403025220737,False
NCMAPSS,M4,E2BASE_G1,0.05,0.0,4950,62.86336227106227,0.8495473684210526,1.0,0.458625,0.788,76.2,0.0,0.09380858271151807,True
NCMAPSS,M4,E2BASE_G1,0.1,21.999999999999996,4950,51.37234305106658,0.2474,0.9995555555555555,0.458625,0.16,76.2,0.004444444444444444,0.16030226891555274,True
NCMAPSS,M4,E2BASE_G1,0.2,306.0,4950,31.439826032464268,0.01,0.9742039072039071,0.458625,0.0,76.2,0.06181818181818182,0.280403025220737,True
NCMAPSS,M4,E2BASE_G2,0.05,0.0,4950,63.69096788766789,0.9142526315789473,1.0,0.458625,0.868,76.2,0.0,0.09380858271151807,True
NCMAPSS,M4,E2BASE_G2,0.1,1.0,4950,57.127143345543345,0.42690526315789473,1.0,0.458625,0.284,76.2,0.00020202020202020202,0.16030226891555274,True
NCMAPSS,M4,E2BASE_G2,0.2,86.99999999999999,4950,40.60093428858723,0.037484210526315793,0.9976068376068377,0.458625,0.012,76.2,0.017575757575757574,0.280403025220737,True
NCMAPSS,M4,E2BASE_G4,0.05,0.0,4950,63.992089743589744,0.9439894736842106,1.0,0.458625,0.912,76.2,0.0,0.09380858271151807,True
NCMAPSS,M4,E2BASE_G4,0.1,0.0,4950,59.277294749694754,0.5152,1.0,0.458625,0.372,76.2,0.0,0.16030226891555274,True
NCMAPSS,M4,E2BASE_G4,0.2,24.999999999999996,4950,45.40346694677871,0.06951578947368421,0.9992478632478633,0.458625,0.028,76.2,0.00505050505050505,0.280403025220737,True
NCMAPSS,M4,E2BASE_Ginf,0.05,0.0,4950,64.2855612942613,0.9760736842105263,1.0,0.458625,0.952,76.2,0.0,0.09380858271151807,True
NCMAPSS,M4,E2BASE_Ginf,0.1,0.0,4950,61.38434163614164,0.6245473684210526,1.0,0.458625,0.472,76.2,0.0,0.16030226891555274,True
NCMAPSS,M4,E2BASE_Ginf,0.2,2.0,4950,50.818395115995116,0.12141052631578947,1.0,0.458625,0.056,76.2,0.00040404040404040404,0.280403025220737,True
NCMAPSS,M4,E2HIST_G1,0.05,1.0,4950,63.02426525892408,0.870178947368421,1.0,0.458625,0.828,76.2,0.00020202020202020202,0.09380858271151807,True
NCMAPSS,M4,E2HIST_G1,0.1,28.0,4950,51.35202970624147,0.2851157894736842,0.9995555555555555,0.458625,0.196,76.2,0.0056565656565656566,0.16030226891555274,True
NCMAPSS,M4,E2HIST_G1,0.2,303.0,4950,30.825915998707178,0.018,0.9765689865689866,0.458625,0.008,76.2,0.06121212121212121,0.280403025220737,True
NCMAPSS,M4,E2HIST_G2,0.05,0.0,4950,63.770352380952374,0.9295473684210527,1.0,0.458625,0.892,76.2,0.0,0.09380858271151807,True
NCMAPSS,M4,E2HIST_G2,0.1,1.0,4950,56.80976007326008,0.4406842105263158,1.0,0.458625,0.308,76.2,0.00020202020202020202,0.16030226891555274,True
NCMAPSS,M4,E2HIST_G2,0.2,136.0,4950,38.75714216045393,0.0388421052631579,0.9947008547008548,0.458625,0.02,76.2,0.027474747474747475,0.280403025220737,True
NCMAPSS,M4,E2HIST_G4,0.05,0.0,4950,64.05396666666667,0.9496736842105263,1.0,0.458625,0.92,76.2,0.0,0.09380858271151807,True
NCMAPSS,M4,E2HIST_G4,0.1,0.0,4950,59.182014774114776,0.5249052631578948,1.0,0.458625,0.388,76.2,0.0,0.16030226891555274,True
NCMAPSS,M4,E2HIST_G4,0.2,35.0,4950,44.54757163294222,0.08107368421052631,0.9992478632478633,0.458625,0.036,76.2,0.007070707070707071,0.280403025220737,True
NCMAPSS,M4,E2HIST_Ginf,0.05,0.0,4950,64.2855612942613,0.9760736842105263,1.0,0.458625,0.952,76.2,0.0,0.09380858271151807,True
NCMAPSS,M4,E2HIST_Ginf,0.1,0.0,4950,61.38434163614164,0.6245473684210526,1.0,0.458625,0.472,76.2,0.0,0.16030226891555274,True
NCMAPSS,M4,E2HIST_Ginf,0.2,2.0,4950,50.818395115995116,0.12141052631578947,1.0,0.458625,0.056,76.2,0.00040404040404040404,0.280403025220737,True
NCMAPSS,M4,IPCW,0.05,74.0,4950,55.82228275515334,0.78,0.9992222222222221,0.458625,0.78,76.2,0.01494949494949495,0.09380858271151807,True
NCMAPSS,M4,IPCW,0.1,659.0,4950,21.05688036928292,0.0,0.9510683760683761,0.458625,0.0,76.2,0.13313131313131313,0.16030226891555274,True
NCMAPSS,M4,IPCW,0.2,1472.0,4950,16.403857261348737,0.0,0.7181904761904762,0.458625,0.06,76.2,0.2973737373737374,0.280403025220737,False
NCMAPSS,M4,ORACLE,0.05,149.99999999999997,4950,28.341830065359478,0.0,1.0,0.458625,0.0,76.2,0.030303030303030297,0.09380858271151807,True
NCMAPSS,M4,ORACLE,0.1,650.0,4950,21.557591036414564,0.0,1.0,0.458625,0.0,76.2,0.13131313131313133,0.16030226891555274,True
NCMAPSS,M4,ORACLE,0.2,949.9999999999999,4950,15.947619047619048,0.0,0.9149572649572649,0.458625,0.0,76.2,0.1919191919191919,0.280403025220737,True
NCMAPSS,M4,T2,0.05,0.0,4950,64.2855612942613,0.9760736842105263,1.0,0.458625,0.952,76.2,0.0,0.09380858271151807,True
NCMAPSS,M4,T2,0.1,0.0,4950,61.38434163614164,0.6245473684210526,1.0,0.458625,0.472,76.2,0.0,0.16030226891555274,True
NCMAPSS,M4,T2,0.2,2.0,4950,50.818395115995116,0.12141052631578947,1.0,0.458625,0.056,76.2,0.00040404040404040404,0.280403025220737,True
PHM08,M1,CC,0.05,303.99999999999955,10900,15.954078849957568,0.0,0.26573714285714284,0.47165714285714283,0.0,206.2,0.027889908256880692,0.07952218882514511,True
PHM08,M1,CC,0.1,720.9999999999995,10900,14.387345971434826,0.0,0.21918179894179893,0.47165714285714283,0.0,206.2,0.06614678899082564,0.14063712768871578,True
PHM08,M1,CC,0.2,2282.9999999999995,10900,13.429449880941213,0.0,0.17626179894179891,0.47165714285714283,0.0,206.2,0.20944954128440363,0.25418283691828775,True
PHM08,M1,E2BASE_G1,0.05,0.0,10900,172.4383296649358,1.0,1.0,0.47165714285714283,0.092,206.2,0.0,0.07952218882514511,True
PHM08,M1,E2BASE_G1,0.1,0.0,10900,167.14208663359943,0.956,0.992658835978836,0.47165714285714283,0.0,206.2,0.0,0.14063712768871578,True
PHM08,M1,E2BASE_G1,0.2,198.99999999999986,10900,70.65045079811829,0.26,0.6647420105820107,0.47165714285714283,0.0,206.2,0.018256880733944943,0.25418283691828775,True
PHM08,M1,E2BASE_G2,0.05,0.0,10900,172.5423296649358,1.0,1.0,0.47165714285714283,0.196,206.2,0.0,0.07952218882514511,True
PHM08,M1,E2BASE_G2,0.1,0.0,10900,171.10176400837014,0.988,0.9988495238095239,0.47165714285714283,0.0,206.2,0.0,0.14063712768871578,True
PHM08,M1,E2BASE_G2,0.2,9.999999999999988,10900,132.8619513573129,0.668,0.9340620105820105,0.47165714285714283,0.0,206.2,0.0009174311926605493,0.25418283691828775,True
PHM08,M1,E2BASE_G4,0.05,0.0,10900,172.6183296649358,1.0,1.0,0.47165714285714283,0.272,206.2,0.0,0.07952218882514511,True
PHM08,M1,E2BASE_G4,0.1,0.0,10900,172.3463296649358,1.0,1.0,0.47165714285714283,0.0,206.2,0.0,0.14063712768871578,True
PHM08,M1,E2BASE_G4,0.2,0.0,10900,160.93834157431087,0.896,0.9906228571428571,0.47165714285714283,0.0,206.2,0.0,0.25418283691828775,True
PHM08,M1,E2BASE_Ginf,0.05,0.0,10900,172.7023296649358,1.0,1.0,0.47165714285714283,0.356,206.2,0.0,0.07952218882514511,True
PHM08,M1,E2BASE_Ginf,0.1,0.0,10900,172.3463296649358,1.0,1.0,0.47165714285714283,0.0,206.2,0.0,0.14063712768871578,True
PHM08,M1,E2BASE_Ginf,0.2,0.0,10900,171.57778421039035,0.992,0.9998400000000001,0.47165714285714283,0.0,206.2,0.0,0.25418283691828775,True
PHM08,M1,E2HIST_G1,0.05,0.0,10900,172.5263296649358,1.0,1.0,0.47165714285714283,0.18,206.2,0.0,0.07952218882514511,True
PHM08,M1,E2HIST_G1,0.1,0.0,10900,163.59861298406054,0.928,0.9840761904761905,0.47165714285714283,0.0,206.2,0.0,0.14063712768871578,True
PHM08,M1,E2HIST_G1,0.2,179.99999999999983,10900,52.498574649500604,0.16,0.5732933333333333,0.47165714285714283,0.0,206.2,0.016513761467889892,0.25418283691828775,True
PHM08,M1,E2HIST_G2,0.05,0.0,10900,172.5983296649358,1.0,1.0,0.47165714285714283,0.252,206.2,0.0,0.07952218882514511,True
PHM08,M1,E2HIST_G2,0.1,0.0,10900,170.55685491746107,0.984,0.9979885714285713,0.47165714285714283,0.0,206.2,0.0,0.14063712768871578,True
PHM08,M1,E2HIST_G2,0.2,12.999999999999982,10900,115.80229818141805,0.548,0.8848302645502646,0.47165714285714283,0.0,206.2,0.0011926605504587139,0.25418283691828775,True
PHM08,M1,E2HIST_G4,0.05,0.0,10900,172.67432966493578,1.0,1.0,0.47165714285714283,0.328,206.2,0.0,0.07952218882514511,True
PHM08,M1,E2HIST_G4,0.1,0.0,10900,171.94887511948127,0.996,0.9998095238095238,0.47165714285714283,0.0,206.2,0.0,0.14063712768871578,True
PHM08,M1,E2HIST_G4,0.2,0.9999999999999969,10900,151.3039122684647,0.816,0.9763032804232804,0.47165714285714283,0.0,206.2,9.174311926605476e-05,0.25418283691828775,True
PHM08,M1,E2HIST_Ginf,0.05,0.0,10900,172.7023296649358,1.0,1.0,0.47165714285714283,0.356,206.2,0.0,0.07952218882514511,True
PHM08,M1,E2HIST_Ginf,0.1,0.0,10900,172.3463296649358,1.0,1.0,0.47165714285714283,0.0,206.2,0.0,0.14063712768871578,True
PHM08,M1,E2HIST_Ginf,0.2,0.0,10900,171.57778421039035,0.992,0.9998400000000001,0.47165714285714283,0.0,206.2,0.0,0.25418283691828775,True
PHM08,M1,IPCW,0.05,300.99999999999955,10900,15.95065354509462,0.0,0.2694857142857143,0.47165714285714283,0.0,206.2,0.027614678899082527,0.07952218882514511,True
PHM08,M1,IPCW,0.1,783.9999999999995,10900,14.315413530707339,0.0,0.21938201058201054,0.47165714285714283,0.0,206.2,0.07192660550458711,0.14063712768871578,True
PHM08,M1,IPCW,0.2,2475.9999999999995,10900,13.380633927957147,0.0,0.17265798941798938,0.47165714285714283,0.0,206.2,0.22715596330275226,0.25418283691828775,True
PHM08,M1,ORACLE,0.05,349.9999999999995,10900,15.065422077922078,0.0,0.25415873015873014,0.47165714285714283,0.0,206.2,0.03211009174311922,0.07952218882514511,True
PHM08,M1,ORACLE,0.1,849.9999999999995,10900,14.061654135338346,0.0,0.20370370370370366,0.47165714285714283,0.0,206.2,0.07798165137614675,0.14063712768871578,True
PHM08,M1,ORACLE,0.2,2999.9999999999995,10900,13.333333333333334,0.0,0.16617989417989415,0.47165714285714283,0.0,206.2,0.2752293577981651,0.25418283691828775,False
PHM08,M1,T2,0.05,0.0,10900,172.7023296649358,1.0,1.0,0.47165714285714283,0.356,206.2,0.0,0.07952218882514511,True
PHM08,M1,T2,0.1,0.0,10900,172.3463296649358,1.0,1.0,0.47165714285714283,0.0,206.2,0.0,0.14063712768871578,True
PHM08,M1,T2,0.2,0.0,10900,171.57778421039035,0.992,0.9998400000000001,0.47165714285714283,0.0,206.2,0.0,0.25418283691828775,True
PHM08,M2,CC,0.05,0.0,10900,173.3463296649358,1.0,1.0,0.9343428571428571,1.0,206.2,0.0,0.07952218882514511,True
PHM08,M2,CC,0.1,33.99999999999997,10900,166.24315513815537,0.956,0.9657037037037037,0.9343428571428571,0.956,206.2,0.003119266055045869,0.14063712768871578,True
PHM08,M2,CC,0.2,497.9999999999997,10900,71.37408056166922,0.356,0.5057773544973545,0.9343428571428571,0.356,206.2,0.04568807339449538,0.25418283691828775,True
PHM08,M2,E2BASE_G1,0.05,0.0,10900,172.7023296649358,1.0,1.0,0.9343428571428571,0.356,206.2,0.0,0.07952218882514511,True
PHM08,M2,E2BASE_G1,0.1,0.0,10900,172.3503296649358,1.0,1.0,0.9343428571428571,0.004,206.2,0.0,0.14063712768871578,True
PHM08,M2,E2BASE_G1,0.2,0.0,10900,170.2373154821876,0.98,0.9986124867724868,0.9343428571428571,0.0,206.2,0.0,0.25418283691828775,True
PHM08,M2,E2BASE_G2,0.05,0.0,10900,172.8743296649358,1.0,1.0,0.9343428571428571,0.528,206.2,0.0,0.07952218882514511,True
PHM08,M2,E2BASE_G2,0.1,0.0,10900,172.3663296649358,1.0,1.0,0.9343428571428571,0.02,206.2,0.0,0.14063712768871578,True
PHM08,M2,E2BASE_G2,0.2,0.0,10900,172.3463296649358,1.0,1.0,0.9343428571428571,0.0,206.2,0.0,0.25418283691828775,True
PHM08,M2,E2BASE_G4,0.05,0.0,10900,172.9863296649358,1.0,1.0,0.9343428571428571,0.64,206.2,0.0,0.07952218882514511,True
PHM08,M2,E2BASE_G4,0.1,0.0,10900,172.39432966493578,1.0,1.0,0.9343428571428571,0.048,206.2,0.0,0.14063712768871578,True
PHM08,M2,E2BASE_G4,0.2,0.0,10900,172.3463296649358,1.0,1.0,0.9343428571428571,0.0,206.2,0.0,0.25418283691828775,True
PHM08,M2,E2BASE_Ginf,0.05,0.0,10900,173.1063296649358,1.0,1.0,0.9343428571428571,0.76,206.2,0.0,0.07952218882514511,True
PHM08,M2,E2BASE_Ginf,0.1,0.0,10900,172.4623296649358,1.0,1.0,0.9343428571428571,0.116,206.2,0.0,0.14063712768871578,True
PHM08,M2,E2BASE_Ginf,0.2,0.0,10900,172.3463296649358,1.0,1.0,0.9343428571428571,0.0,206.2,0.0,0.25418283691828775,True
PHM08,M2,E2HIST_G1,0.05,0.0,10900,172.8783296649358,1.0,1.0,0.9343428571428571,0.532,206.2,0.0,0.07952218882514511,True
PHM08,M2,E2HIST_G1,0.1,0.0,10900,172.3623296649358,1.0,1.0,0.9343428571428571,0.016,206.2,0.0,0.14063712768871578,True
PHM08,M2,E2HIST_G1,0.2,0.0,10900,166.78801480275905,0.948,0.9962937566137566,0.9343428571428571,0.0,206.2,0.0,0.25418283691828775,True
PHM08,M2,E2HIST_G2,0.05,0.0,10900,172.9703296649358,1.0,1.0,0.9343428571428571,0.624,206.2,0.0,0.07952218882514511,True
PHM08,M2,E2HIST_G2,0.1,0.0,10900,172.3903296649358,1.0,1.0,0.9343428571428571,0.044,206.2,0.0,0.14063712768871578,True
PHM08,M2,E2HIST_G2,0.2,0.0,10900,171.9649963316025,0.996,1.0,0.9343428571428571,0.0,206.2,0.0,0.25418283691828775,True
PHM08,M2,E2HIST_G4,0.05,0.0,10900,173.0503296649358,1.0,1.0,0.9343428571428571,0.704,206.2,0.0,0.07952218882514511,True
PHM08,M2,E2HIST_G4,0.1,0.0,10900,172.4103296649358,1.0,1.0,0.9343428571428571,0.064,206.2,0.0,0.14063712768871578,True
PHM08,M2,E2HIST_G4,0.2,0.0,10900,172.3463296649358,1.0,1.0,0.9343428571428571,0.0,206.2,0.0,0.25418283691828775,True
PHM08,M2,E2HIST_Ginf,0.05,0.0,10900,173.1063296649358,1.0,1.0,0.9343428571428571,0.76,206.2,0.0,0.07952218882514511,True
PHM08,M2,E2HIST_Ginf,0.1,0.0,10900,172.4623296649358,1.0,1.0,0.9343428571428571,0.116,206.2,0.0,0.14063712768871578,True
PHM08,M2,E2HIST_Ginf,0.2,0.0,10900,172.3463296649358,1.0,1.0,0.9343428571428571,0.0,206.2,0.0,0.25418283691828775,True
PHM08,M2,IPCW,0.05,0.0,10900,173.3463296649358,1.0,1.0,0.9343428571428571,1.0,206.2,0.0,0.07952218882514511,True
PHM08,M2,IPCW,0.1,0.0,10900,173.3463296649358,1.0,1.0,0.9343428571428571,1.0,206.2,0.0,0.14063712768871578,True
PHM08,M2,IPCW,0.2,0.0,10900,173.3463296649358,1.0,1.0,0.9343428571428571,1.0,206.2,0.0,0.25418283691828775,True
PHM08,M2,ORACLE,0.05,349.9999999999995,10900,15.065422077922078,0.0,0.25415873015873014,0.9343428571428571,0.0,206.2,0.03211009174311922,0.07952218882514511,True
PHM08,M2,ORACLE,0.1,849.9999999999995,10900,14.061654135338346,0.0,0.20370370370370366,0.9343428571428571,0.0,206.2,0.07798165137614675,0.14063712768871578,True
PHM08,M2,ORACLE,0.2,2999.9999999999995,10900,13.333333333333334,0.0,0.16617989417989415,0.9343428571428571,0.0,206.2,0.2752293577981651,0.25418283691828775,False
PHM08,M2,T2,0.05,0.0,10900,173.1063296649358,1.0,1.0,0.9343428571428571,0.76,206.2,0.0,0.07952218882514511,True
PHM08,M2,T2,0.1,0.0,10900,172.4623296649358,1.0,1.0,0.9343428571428571,0.116,206.2,0.0,0.14063712768871578,True
PHM08,M2,T2,0.2,0.0,10900,172.3463296649358,1.0,1.0,0.9343428571428571,0.0,206.2,0.0,0.25418283691828775,True
PHM08,M3,CC,0.05,343.9999999999995,10900,15.302038197097021,0.0,0.25511873015873016,0.1583428571428571,0.0,206.2,0.03155963302752289,0.07952218882514511,True
PHM08,M3,CC,0.1,672.9999999999994,10900,14.337783094098885,0.0,0.21815873015873014,0.1583428571428571,0.0,206.2,0.061743119266055,0.14063712768871578,True
PHM08,M3,CC,0.2,2262.9999999999995,10900,13.433747888207092,0.0,0.1741875132275132,0.1583428571428571,0.008,206.2,0.20761467889908253,0.25418283691828775,True
PHM08,M3,E2BASE_G1,0.05,349.9999999999995,10900,15.065422077922078,0.0,0.25415873015873014,0.1583428571428571,0.0,206.2,0.03211009174311922,0.07952218882514511,True
PHM08,M3,E2BASE_G1,0.1,849.9999999999995,10900,14.061654135338346,0.0,0.20370370370370366,0.1583428571428571,0.0,206.2,0.07798165137614675,0.14063712768871578,True
PHM08,M3,E2BASE_G1,0.2,2993.9999999999995,10900,13.328992738631294,0.0,0.16579894179894178,0.1583428571428571,0.004,206.2,0.27467889908256876,0.25418283691828775,False
PHM08,M3,E2BASE_G2,0.05,349.9999999999995,10900,15.065422077922078,0.0,0.25415873015873014,0.1583428571428571,0.0,206.2,0.03211009174311922,0.07952218882514511,True
PHM08,M3,E2BASE_G2,0.1,849.9999999999995,10900,14.061654135338346,0.0,0.20370370370370366,0.1583428571428571,0.0,206.2,0.07798165137614675,0.14063712768871578,True
PHM08,M3,E2BASE_G2,0.2,2972.9999999999995,10900,13.328885858585858,0.0,0.16617989417989415,0.1583428571428571,0.0,206.2,0.2727522935779816,0.25418283691828775,False
PHM08,M3,E2BASE_G4,0.05,349.9999999999995,10900,15.065422077922078,0.0,0.25415873015873014,0.1583428571428571,0.0,206.2,0.03211009174311922,0.07952218882514511,True
PHM08,M3,E2BASE_G4,0.1,849.9999999999995,10900,14.061654135338346,0.0,0.20370370370370366,0.1583428571428571,0.0,206.2,0.07798165137614675,0.14063712768871578,True
PHM08,M3,E2BASE_G4,0.2,2966.9999999999995,10900,13.32458142968143,0.0,0.16637037037037034,0.1583428571428571,0.0,206.2,0.2722018348623853,0.25418283691828775,False
PHM08,M3,E2BASE_Ginf,0.05,349.9999999999995,10900,15.065422077922078,0.0,0.25415873015873014,0.1583428571428571,0.0,206.2,0.03211009174311922,0.07952218882514511,True
PHM08,M3,E2BASE_Ginf,0.1,849.9999999999995,10900,14.061654135338346,0.0,0.20370370370370366,0.1583428571428571,0.0,206.2,0.07798165137614675,0.14063712768871578,True
PHM08,M3,E2BASE_Ginf,0.2,2951.9999999999995,10900,13.317972582972583,0.0,0.16656084656084652,0.1583428571428571,0.0,206.2,0.27082568807339447,0.25418283691828775,False
PHM08,M3,E2HIST_G1,0.05,349.9999999999995,10900,15.065422077922078,0.0,0.25415873015873014,0.1583428571428571,0.0,206.2,0.03211009174311922,0.07952218882514511,True
PHM08,M3,E2HIST_G1,0.1,849.9999999999995,10900,14.061654135338346,0.0,0.20370370370370366,0.1583428571428571,0.0,206.2,0.07798165137614675,0.14063712768871578,True
PHM08,M3,E2HIST_G1,0.2,2952.9999999999995,10900,13.31876046176046,0.0,0.16656084656084652,0.1583428571428571,0.0,206.2,0.2709174311926605,0.25418283691828775,False
PHM08,M3,E2HIST_G2,0.05,349.9999999999995,10900,15.065422077922078,0.0,0.25415873015873014,0.1583428571428571,0.0,206.2,0.03211009174311922,0.07952218882514511,True
PHM08,M3,E2HIST_G2,0.1,849.9999999999995,10900,14.061654135338346,0.0,0.20370370370370366,0.1583428571428571,0.0,206.2,0.07798165137614675,0.14063712768871578,True
PHM08,M3,E2HIST_G2,0.2,2952.9999999999995,10900,13.31876046176046,0.0,0.16656084656084652,0.1583428571428571,0.0,206.2,0.2709174311926605,0.25418283691828775,False
PHM08,M3,E2HIST_G4,0.05,349.9999999999995,10900,15.065422077922078,0.0,0.25415873015873014,0.1583428571428571,0.0,206.2,0.03211009174311922,0.07952218882514511,True
PHM08,M3,E2HIST_G4,0.1,849.9999999999995,10900,14.061654135338346,0.0,0.20370370370370366,0.1583428571428571,0.0,206.2,0.07798165137614675,0.14063712768871578,True
PHM08,M3,E2HIST_G4,0.2,2952.9999999999995,10900,13.31876046176046,0.0,0.16656084656084652,0.1583428571428571,0.0,206.2,0.2709174311926605,0.25418283691828775,False
PHM08,M3,E2HIST_Ginf,0.05,349.9999999999995,10900,15.065422077922078,0.0,0.25415873015873014,0.1583428571428571,0.0,206.2,0.03211009174311922,0.07952218882514511,True
PHM08,M3,E2HIST_Ginf,0.1,849.9999999999995,10900,14.061654135338346,0.0,0.20370370370370366,0.1583428571428571,0.0,206.2,0.07798165137614675,0.14063712768871578,True
PHM08,M3,E2HIST_Ginf,0.2,2951.9999999999995,10900,13.317972582972583,0.0,0.16656084656084652,0.1583428571428571,0.0,206.2,0.27082568807339447,0.25418283691828775,False
PHM08,M3,IPCW,0.05,346.9999999999995,10900,15.11732754010695,0.0,0.2546387301587301,0.1583428571428571,0.0,206.2,0.03183486238532105,0.07952218882514511,True
PHM08,M3,IPCW,0.1,746.9999999999994,10900,14.240340852130327,0.0,0.21360846560846555,0.1583428571428571,0.0,206.2,0.06853211009174306,0.14063712768871578,True
PHM08,M3,IPCW,0.2,2611.9999999999995,10900,13.361524791237906,0.0,0.16469417989417987,0.1583428571428571,0.024,206.2,0.23963302752293575,0.25418283691828775,True
PHM08,M3,ORACLE,0.05,349.9999999999995,10900,15.065422077922078,0.0,0.25415873015873014,0.1583428571428571,0.0,206.2,0.03211009174311922,0.07952218882514511,True
PHM08,M3,ORACLE,0.1,849.9999999999995,10900,14.061654135338346,0.0,0.20370370370370366,0.1583428571428571,0.0,206.2,0.07798165137614675,0.14063712768871578,True
PHM08,M3,ORACLE,0.2,2999.9999999999995,10900,13.333333333333334,0.0,0.16617989417989415,0.1583428571428571,0.0,206.2,0.2752293577981651,0.25418283691828775,False
PHM08,M3,T2,0.05,349.9999999999995,10900,15.065422077922078,0.0,0.25415873015873014,0.1583428571428571,0.0,206.2,0.03211009174311922,0.07952218882514511,True
PHM08,M3,T2,0.1,849.9999999999995,10900,14.061654135338346,0.0,0.20370370370370366,0.1583428571428571,0.0,206.2,0.07798165137614675,0.14063712768871578,True
PHM08,M3,T2,0.2,2951.9999999999995,10900,13.317972582972583,0.0,0.16656084656084652,0.1583428571428571,0.0,206.2,0.27082568807339447,0.25418283691828775,False
PHM08,M4,CC,0.05,667.9999999999995,10900,14.659066647233056,0.0,0.22907936507936502,0.41474285714285714,0.0,206.2,0.06128440366972473,0.07952218882514511,True
PHM08,M4,CC,0.1,1895.9999999999995,10900,13.53435157446474,0.0,0.18310666666666664,0.41474285714285714,0.004,206.2,0.17394495412844033,0.14063712768871578,False
PHM08,M4,CC,0.2,4066.0,10900,12.70762398420293,0.0,0.10309904761904759,0.41474285714285714,0.22,206.2,0.37302752293577984,0.25418283691828775,False
PHM08,M4,E2BASE_G1,0.05,0.0,10900,172.41832966493578,1.0,1.0,0.41474285714285714,0.072,206.2,0.0,0.07952218882514511,True
PHM08,M4,E2BASE_G1,0.1,0.9999999999999988,10900,155.14571611253197,0.856,0.9713200000000001,0.41474285714285714,0.0,206.2,9.174311926605494e-05,0.14063712768871578,True
PHM08,M4,E2BASE_G1,0.2,757.9999999999998,10900,40.163634620916746,0.1,0.4654501587301587,0.41474285714285714,0.004,206.2,0.0695412844036697,0.25418283691828775,True
PHM08,M4,E2BASE_G2,0.05,0.0,10900,172.5023296649358,1.0,1.0,0.41474285714285714,0.156,206.2,0.0,0.07952218882514511,True
PHM08,M4,E2BASE_G2,0.1,0.0,10900,170.22548681185256,0.984,0.9941037037037037,0.41474285714285714,0.0,206.2,0.0,0.14063712768871578,True
PHM08,M4,E2BASE_G2,0.2,73.99999999999996,10900,96.47520752021494,0.404,0.8217487830687831,0.41474285714285714,0.0,206.2,0.006788990825688069,0.25418283691828775,True
PHM08,M4,E2BASE_G4,0.05,0.0,10900,172.5583296649358,1.0,1.0,0.41474285714285714,0.212,206.2,0.0,0.07952218882514511,True
PHM08,M4,E2BASE_G4,0.1,0.0,10900,172.3463296649358,1.0,1.0,0.41474285714285714,0.0,206.2,0.0,0.14063712768871578,True
PHM08,M4,E2BASE_G4,0.2,2.9999999999999964,10900,136.3889067714042,0.692,0.9519326984126985,0.41474285714285714,0.0,206.2,0.00027522935779816484,0.25418283691828775,True
PHM08,M4,E2BASE_Ginf,0.05,0.0,10900,172.66232966493578,1.0,1.0,0.41474285714285714,0.316,206.2,0.0,0.07952218882514511,True
PHM08,M4,E2BASE_Ginf,0.1,0.0,10900,172.3463296649358,1.0,1.0,0.41474285714285714,0.0,206.2,0.0,0.14063712768871578,True
PHM08,M4,E2BASE_Ginf,0.2,0.0,10900,163.80376307835385,0.92,0.9933525925925926,0.41474285714285714,0.0,206.2,0.0,0.25418283691828775,True
PHM08,M4,E2HIST_G1,0.05,0.0,10900,172.4943296649358,1.0,1.0,0.41474285714285714,0.148,206.2,0.0,0.07952218882514511,True
PHM08,M4,E2HIST_G1,0.1,1.9999999999999976,10900,146.80179356222067,0.788,0.9565062433862433,0.41474285714285714,0.0,206.2,0.00018348623853210987,0.14063712768871578,True
PHM08,M4,E2HIST_G1,0.2,510.9999999999998,10900,31.832263085113386,0.052,0.44174243386243384,0.41474285714285714,0.0,206.2,0.04688073394495411,0.25418283691828775,True
PHM08,M4,E2HIST_G2,0.05,0.0,10900,172.5543296649358,1.0,1.0,0.41474285714285714,0.208,206.2,0.0,0.07952218882514511,True
PHM08,M4,E2HIST_G2,0.1,0.0,10900,168.4824767237593,0.968,0.9935233862433862,0.41474285714285714,0.0,206.2,0.0,0.14063712768871578,True
PHM08,M4,E2HIST_G2,0.2,44.99999999999996,10900,78.62310198285958,0.288,0.7652467724867724,0.41474285714285714,0.0,206.2,0.004128440366972473,0.25418283691828775,True
PHM08,M4,E2HIST_G4,0.05,0.0,10900,172.6063296649358,1.0,1.0,0.41474285714285714,0.26,206.2,0.0,0.07952218882514511,True
PHM08,M4,E2HIST_G4,0.1,0.0,10900,172.3463296649358,1.0,1.0,0.41474285714285714,0.0,206.2,0.0,0.14063712768871578,True
PHM08,M4,E2HIST_G4,0.2,3.9999999999999933,10900,128.22284327934074,0.636,0.923581164021164,0.41474285714285714,0.0,206.2,0.0003669724770642196,0.25418283691828775,True
PHM08,M4,E2HIST_Ginf,0.05,0.0,10900,172.66232966493578,1.0,1.0,0.41474285714285714,0.316,206.2,0.0,0.07952218882514511,True
PHM08,M4,E2HIST_Ginf,0.1,0.0,10900,172.3463296649358,1.0,1.0,0.41474285714285714,0.0,206.2,0.0,0.14063712768871578,True
PHM08,M4,E2HIST_Ginf,0.2,0.0,10900,163.80376307835385,0.92,0.9933525925925926,0.41474285714285714,0.0,206.2,0.0,0.25418283691828775,True
PHM08,M4,IPCW,0.05,685.9999999999995,10900,14.677194352860761,0.0,0.23066878306878302,0.41474285714285714,0.0,206.2,0.06293577981651372,0.07952218882514511,True
PHM08,M4,IPCW,0.1,1987.9999999999995,10900,13.484399241123626,0.0,0.1810270899470899,0.41474285714285714,0.004,206.2,0.1823853211009174,0.14063712768871578,False
PHM08,M4,IPCW,0.2,4171.0,10900,12.702201378868045,0.0,0.09484211640211637,0.41474285714285714,0.256,206.2,0.3826605504587156,0.25418283691828775,False
PHM08,M4,ORACLE,0.05,349.9999999999995,10900,15.065422077922078,0.0,0.25415873015873014,0.41474285714285714,0.0,206.2,0.03211009174311922,0.07952218882514511,True
PHM08,M4,ORACLE,0.1,849.9999999999995,10900,14.061654135338346,0.0,0.20370370370370366,0.41474285714285714,0.0,206.2,0.07798165137614675,0.14063712768871578,True
PHM08,M4,ORACLE,0.2,2999.9999999999995,10900,13.333333333333334,0.0,0.16617989417989415,0.41474285714285714,0.0,206.2,0.2752293577981651,0.25418283691828775,False
PHM08,M4,T2,0.05,0.0,10900,172.66232966493578,1.0,1.0,0.41474285714285714,0.316,206.2,0.0,0.07952218882514511,True
PHM08,M4,T2,0.1,0.0,10900,172.3463296649358,1.0,1.0,0.41474285714285714,0.0,206.2,0.0,0.14063712768871578,True
PHM08,M4,T2,0.2,0.0,10900,163.80376307835385,0.92,0.9933525925925926,0.41474285714285714,0.0,206.2,0.0,0.25418283691828775,True
