dataset,alpha,lead,primary,rep,split,n_cal,q,m,failures,pit,rate,pred_mean,pred_var_rate,band_lo,band_hi
BATTERY,0.05,0,False,0,cv1,39,38,25,0,0.0657691949074892,0.0,0.05,0.0030121951219512196,0.0,0.16
BATTERY,0.05,0,False,0,cv2,39,38,25,1,0.5572419258012231,0.04,0.05,0.0030121951219512196,0.0,0.16
BATTERY,0.05,0,False,0,cv3,39,38,25,1,0.5060667423704407,0.04,0.05,0.0030121951219512196,0.0,0.16
BATTERY,0.05,0,False,0,cv4,40,39,24,0,0.1433484182263282,0.0,0.04878048780487805,0.0029921248689838815,0.0,0.16666666666666666
BATTERY,0.05,0,False,0,cv5,40,39,24,0,0.1373192067269485,0.0,0.04878048780487805,0.0029921248689838815,0.0,0.16666666666666666
BATTERY,0.05,0,False,1,cv1,39,38,25,1,0.6018841286551417,0.04,0.05,0.0030121951219512196,0.0,0.16
BATTERY,0.05,0,False,1,cv2,39,38,25,0,0.3326942375881875,0.0,0.05,0.0030121951219512196,0.0,0.16
BATTERY,0.05,0,False,1,cv3,39,38,25,1,0.4201303744003133,0.04,0.05,0.0030121951219512196,0.0,0.16
BATTERY,0.05,0,False,1,cv4,40,39,24,1,0.582439380220585,0.041666666666666664,0.04878048780487805,0.0029921248689838815,0.0,0.16666666666666666
BATTERY,0.05,0,False,1,cv5,40,39,24,1,0.4762581253983658,0.041666666666666664,0.04878048780487805,0.0029921248689838815,0.0,0.16666666666666666
BATTERY,0.05,0,False,2,cv1,39,38,25,0,0.3554161658334978,0.0,0.05,0.0030121951219512196,0.0,0.16
BATTERY,0.05,0,False,2,cv2,39,38,25,0,0.3380996869831961,0.0,0.05,0.0030121951219512196,0.0,0.16
BATTERY,0.05,0,False,2,cv3,39,38,25,1,0.5560436931448359,0.04,0.05,0.0030121951219512196,0.0,0.16
BATTERY,0.05,0,False,2,cv4,40,39,24,1,0.6123775098777604,0.041666666666666664,0.04878048780487805,0.0029921248689838815,0.0,0.16666666666666666
BATTERY,0.05,0,False,2,cv5,40,39,24,1,0.5412134727847292,0.041666666666666664,0.04878048780487805,0.0029921248689838815,0.0,0.16666666666666666
BATTERY,0.05,15,False,0,cv1,39,38,25,0,0.3035656678850682,0.0,0.05,0.0030121951219512196,0.0,0.16
BATTERY,0.05,15,False,0,cv2,39,38,25,2,0.7424162977846526,0.08,0.05,0.0030121951219512196,0.0,0.16
BATTERY,0.05,15,False,0,cv3,39,38,25,1,0.4679899625198003,0.04,0.05,0.0030121951219512196,0.0,0.16
BATTERY,0.05,15,False,0,cv4,40,39,24,3,0.8788719881085852,0.125,0.04878048780487805,0.0029921248689838815,0.0,0.16666666666666666
BATTERY,0.05,15,False,0,cv5,40,39,24,0,0.08756933746917402,0.0,0.04878048780487805,0.0029921248689838815,0.0,0.16666666666666666
BATTERY,0.05,15,False,1,cv1,39,38,25,0,0.19326898855100652,0.0,0.05,0.0030121951219512196,0.0,0.16
BATTERY,0.05,15,False,1,cv2,39,38,25,0,0.15838583182895027,0.0,0.05,0.0030121951219512196,0.0,0.16
BATTERY,0.05,15,False,1,cv3,39,38,25,2,0.7799925177619691,0.08,0.05,0.0030121951219512196,0.0,0.16
BATTERY,0.05,15,False,1,cv4,40,39,24,1,0.39075098934182406,0.041666666666666664,0.04878048780487805,0.0029921248689838815,0.0,0.16666666666666666
BATTERY,0.05,15,False,1,cv5,40,39,24,1,0.521009018126038,0.041666666666666664,0.04878048780487805,0.0029921248689838815,0.0,0.16666666666666666
BATTERY,0.05,15,False,2,cv1,39,38,25,0,0.13422568136860222,0.0,0.05,0.0030121951219512196,0.0,0.16
BATTERY,0.05,15,False,2,cv2,39,38,25,0,0.07182024876231229,0.0,0.05,0.0030121951219512196,0.0,0.16
BATTERY,0.05,15,False,2,cv3,39,38,25,1,0.5438890530655902,0.04,0.05,0.0030121951219512196,0.0,0.16
BATTERY,0.05,15,False,2,cv4,40,39,24,1,0.5172981035489644,0.041666666666666664,0.04878048780487805,0.0029921248689838815,0.0,0.16666666666666666
BATTERY,0.05,15,False,2,cv5,40,39,24,0,0.11606814132996877,0.0,0.04878048780487805,0.0029921248689838815,0.0,0.16666666666666666
BATTERY,0.05,30,True,0,cv1,39,38,25,0,0.07697288979962238,0.0,0.05,0.0030121951219512196,0.0,0.16
BATTERY,0.05,30,True,0,cv2,39,38,25,1,0.6268146866917103,0.04,0.05,0.0030121951219512196,0.0,0.16
BATTERY,0.05,30,True,0,cv3,39,38,25,1,0.6039424826394415,0.04,0.05,0.0030121951219512196,0.0,0.16
BATTERY,0.05,30,True,0,cv4,40,39,24,4,0.9610357132501365,0.16666666666666666,0.04878048780487805,0.0029921248689838815,0.0,0.16666666666666666
BATTERY,0.05,30,True,0,cv5,40,39,24,0,0.13352105722246432,0.0,0.04878048780487805,0.0029921248689838815,0.0,0.16666666666666666
BATTERY,0.05,30,True,1,cv1,39,38,25,2,0.8296111590103936,0.08,0.05,0.0030121951219512196,0.0,0.16
BATTERY,0.05,30,True,1,cv2,39,38,25,0,0.20707471949721545,0.0,0.05,0.0030121951219512196,0.0,0.16
BATTERY,0.05,30,True,1,cv3,39,38,25,1,0.49583860969437427,0.04,0.05,0.0030121951219512196,0.0,0.16
BATTERY,0.05,30,True,1,cv4,40,39,24,1,0.6566246878737687,0.041666666666666664,0.04878048780487805,0.0029921248689838815,0.0,0.16666666666666666
BATTERY,0.05,30,True,1,cv5,40,39,24,0,0.12355486460488734,0.0,0.04878048780487805,0.0029921248689838815,0.0,0.16666666666666666
BATTERY,0.05,30,True,2,cv1,39,38,25,0,0.25581954304024485,0.0,0.05,0.0030121951219512196,0.0,0.16
BATTERY,0.05,30,True,2,cv2,39,38,25,0,0.1153476500503057,0.0,0.05,0.0030121951219512196,0.0,0.16
BATTERY,0.05,30,True,2,cv3,39,38,25,2,0.7097334823750922,0.08,0.05,0.0030121951219512196,0.0,0.16
BATTERY,0.05,30,True,2,cv4,40,39,24,0,0.27115867748545025,0.0,0.04878048780487805,0.0029921248689838815,0.0,0.16666666666666666
BATTERY,0.05,30,True,2,cv5,40,39,24,0,0.08817249183915632,0.0,0.04878048780487805,0.0029921248689838815,0.0,0.16666666666666666
BATTERY,0.05,45,False,0,cv1,39,38,25,0,0.1812473955018833,0.0,0.05,0.0030121951219512196,0.0,0.16
BATTERY,0.05,45,False,0,cv2,39,38,25,0,0.21319498198821044,0.0,0.05,0.0030121951219512196,0.0,0.16
BATTERY,0.05,45,False,0,cv3,39,38,25,2,0.6970249780326264,0.08,0.05,0.0030121951219512196,0.0,0.16
BATTERY,0.05,45,False,0,cv4,40,39,24,2,0.8103245077964907,0.08333333333333333,0.04878048780487805,0.0029921248689838815,0.0,0.16666666666666666
BATTERY,0.05,45,False,0,cv5,40,39,24,0,0.21221070952738685,0.0,0.04878048780487805,0.0029921248689838815,0.0,0.16666666666666666
BATTERY,0.05,45,False,1,cv1,39,38,25,0,0.22843944215417655,0.0,0.05,0.0030121951219512196,0.0,0.16
BATTERY,0.05,45,False,1,cv2,39,38,25,0,0.1367851878702634,0.0,0.05,0.0030121951219512196,0.0,0.16
BATTERY,0.05,45,False,1,cv3,39,38,25,3,0.8764844424342297,0.12,0.05,0.0030121951219512196,0.0,0.16
BATTERY,0.05,45,False,1,cv4,40,39,24,2,0.7702737694388708,0.08333333333333333,0.04878048780487805,0.0029921248689838815,0.0,0.16666666666666666
BATTERY,0.05,45,False,1,cv5,40,39,24,0,0.181833983966673,0.0,0.04878048780487805,0.0029921248689838815,0.0,0.16666666666666666
BATTERY,0.05,45,False,2,cv1,39,38,25,0,0.24833763101764425,0.0,0.05,0.0030121951219512196,0.0,0.16
BATTERY,0.05,45,False,2,cv2,39,38,25,0,0.2121470887061923,0.0,0.05,0.0030121951219512196,0.0,0.16
BATTERY,0.05,45,False,2,cv3,39,38,25,2,0.7367991267668477,0.08,0.05,0.0030121951219512196,0.0,0.16
BATTERY,0.05,45,False,2,cv4,40,39,24,0,0.0006973391931145017,0.0,0.04878048780487805,0.0029921248689838815,0.0,0.16666666666666666
BATTERY,0.05,45,False,2,cv5,40,39,24,1,0.6247481672061803,0.041666666666666664,0.04878048780487805,0.0029921248689838815,0.0,0.16666666666666666
BATTERY,0.1,0,False,0,cv1,39,36,25,1,0.24151177563453965,0.04,0.1,0.0057073170731707324,0.0,0.24
BATTERY,0.1,0,False,0,cv2,39,36,25,1,0.19990584352976498,0.04,0.1,0.0057073170731707324,0.0,0.24
BATTERY,0.1,0,False,0,cv3,39,36,25,3,0.6516175816625844,0.12,0.1,0.0057073170731707324,0.0,0.24
BATTERY,0.1,0,False,0,cv4,40,37,24,6,0.9438320069879088,0.25,0.0975609756097561,0.005677365136020699,0.0,0.25
BATTERY,0.1,0,False,0,cv5,40,37,24,0,0.1301290970868445,0.0,0.0975609756097561,0.005677365136020699,0.0,0.25
BATTERY,0.1,0,False,1,cv1,39,36,25,4,0.8549636936461518,0.16,0.1,0.0057073170731707324,0.0,0.24
BATTERY,0.1,0,False,1,cv2,39,36,25,1,0.14212484779583057,0.04,0.1,0.0057073170731707324,0.0,0.24
BATTERY,0.1,0,False,1,cv3,39,36,25,4,0.7807385854656296,0.16,0.1,0.0057073170731707324,0.0,0.24
BATTERY,0.1,0,False,1,cv4,40,37,24,7,0.9845722030053936,0.2916666666666667,0.0975609756097561,0.005677365136020699,0.0,0.25
BATTERY,0.1,0,False,1,cv5,40,37,24,1,0.21615414573292618,0.041666666666666664,0.0975609756097561,0.005677365136020699,0.0,0.25
BATTERY,0.1,0,False,2,cv1,39,36,25,2,0.4696235643499772,0.08,0.1,0.0057073170731707324,0.0,0.24
BATTERY,0.1,0,False,2,cv2,39,36,25,1,0.21932938979274613,0.04,0.1,0.0057073170731707324,0.0,0.24
BATTERY,0.1,0,False,2,cv3,39,36,25,2,0.5150772706141309,0.08,0.1,0.0057073170731707324,0.0,0.24
BATTERY,0.1,0,False,2,cv4,40,37,24,4,0.873553786366936,0.16666666666666666,0.0975609756097561,0.005677365136020699,0.0,0.25
BATTERY,0.1,0,False,2,cv5,40,37,24,1,0.3482894110223393,0.041666666666666664,0.0975609756097561,0.005677365136020699,0.0,0.25
BATTERY,0.1,15,False,0,cv1,39,36,25,0,0.08038163693335795,0.0,0.1,0.0057073170731707324,0.0,0.24
BATTERY,0.1,15,False,0,cv2,39,36,25,4,0.7574713525157271,0.16,0.1,0.0057073170731707324,0.0,0.24
BATTERY,0.1,15,False,0,cv3,39,36,25,2,0.5530024432202421,0.08,0.1,0.0057073170731707324,0.0,0.24
BATTERY,0.1,15,False,0,cv4,40,37,24,4,0.771001720186519,0.16666666666666666,0.0975609756097561,0.005677365136020699,0.0,0.25
BATTERY,0.1,15,False,0,cv5,40,37,24,0,0.04282136439258412,0.0,0.0975609756097561,0.005677365136020699,0.0,0.25
BATTERY,0.1,15,False,1,cv1,39,36,25,0,0.036455565556484805,0.0,0.1,0.0057073170731707324,0.0,0.24
BATTERY,0.1,15,False,1,cv2,39,36,25,6,0.9525350546647127,0.24,0.1,0.0057073170731707324,0.0,0.24
BATTERY,0.1,15,False,1,cv3,39,36,25,3,0.6494263847054389,0.12,0.1,0.0057073170731707324,0.0,0.24
BATTERY,0.1,15,False,1,cv4,40,37,24,4,0.7785991905565249,0.16666666666666666,0.0975609756097561,0.005677365136020699,0.0,0.25
BATTERY,0.1,15,False,1,cv5,40,37,24,1,0.14679517604948045,0.041666666666666664,0.0975609756097561,0.005677365136020699,0.0,0.25
BATTERY,0.1,15,False,2,cv1,39,36,25,2,0.47780013160732093,0.08,0.1,0.0057073170731707324,0.0,0.24
BATTERY,0.1,15,False,2,cv2,39,36,25,0,0.06362373707595737,0.0,0.1,0.0057073170731707324,0.0,0.24
BATTERY,0.1,15,False,2,cv3,39,36,25,1,0.2592031617561081,0.04,0.1,0.0057073170731707324,0.0,0.24
BATTERY,0.1,15,False,2,cv4,40,37,24,5,0.9134668691007409,0.20833333333333334,0.0975609756097561,0.005677365136020699,0.0,0.25
BATTERY,0.1,15,False,2,cv5,40,37,24,0,0.12808015711564136,0.0,0.0975609756097561,0.005677365136020699,0.0,0.25
BATTERY,0.1,30,True,0,cv1,39,36,25,0,0.11888875241859058,0.0,0.1,0.0057073170731707324,0.0,0.24
BATTERY,0.1,30,True,0,cv2,39,36,25,8,0.986193658798673,0.32,0.1,0.0057073170731707324,0.0,0.24
BATTERY,0.1,30,True,0,cv3,39,36,25,2,0.5519182866198244,0.08,0.1,0.0057073170731707324,0.0,0.24
BATTERY,0.1,30,True,0,cv4,40,37,24,4,0.8548236700642464,0.16666666666666666,0.0975609756097561,0.005677365136020699,0.0,0.25
BATTERY,0.1,30,True,0,cv5,40,37,24,1,0.29090015157174826,0.041666666666666664,0.0975609756097561,0.005677365136020699,0.0,0.25
BATTERY,0.1,30,True,1,cv1,39,36,25,4,0.8161613796468236,0.16,0.1,0.0057073170731707324,0.0,0.24
BATTERY,0.1,30,True,1,cv2,39,36,25,5,0.8946793948355872,0.2,0.1,0.0057073170731707324,0.0,0.24
BATTERY,0.1,30,True,1,cv3,39,36,25,3,0.7242357358768395,0.12,0.1,0.0057073170731707324,0.0,0.24
BATTERY,0.1,30,True,1,cv4,40,37,24,4,0.7939984404611011,0.16666666666666666,0.0975609756097561,0.005677365136020699,0.0,0.25
BATTERY,0.1,30,True,1,cv5,40,37,24,1,0.2817613218844075,0.041666666666666664,0.0975609756097561,0.005677365136020699,0.0,0.25
BATTERY,0.1,30,True,2,cv1,39,36,25,1,0.305128790097006,0.04,0.1,0.0057073170731707324,0.0,0.24
BATTERY,0.1,30,True,2,cv2,39,36,25,0,0.017445204347173254,0.0,0.1,0.0057073170731707324,0.0,0.24
BATTERY,0.1,30,True,2,cv3,39,36,25,3,0.6717256512306291,0.12,0.1,0.0057073170731707324,0.0,0.24
BATTERY,0.1,30,True,2,cv4,40,37,24,3,0.6668021718175355,0.125,0.0975609756097561,0.005677365136020699,0.0,0.25
BATTERY,0.1,30,True,2,cv5,40,37,24,0,0.1101836727333163,0.0,0.0975609756097561,0.005677365136020699,0.0,0.25
BATTERY,0.1,45,False,0,cv1,39,36,25,0,0.008765792027712853,0.0,0.1,0.0057073170731707324,0.0,0.24
BATTERY,0.1,45,False,0,cv2,39,36,25,2,0.47834835941383147,0.08,0.1,0.0057073170731707324,0.0,0.24
BATTERY,0.1,45,False,0,cv3,39,36,25,2,0.5332590981763041,0.08,0.1,0.0057073170731707324,0.0,0.24
BATTERY,0.1,45,False,0,cv4,40,37,24,2,0.5149039582435798,0.08333333333333333,0.0975609756097561,0.005677365136020699,0.0,0.25
BATTERY,0.1,45,False,0,cv5,40,37,24,1,0.21778802343808337,0.041666666666666664,0.0975609756097561,0.005677365136020699,0.0,0.25
BATTERY,0.1,45,False,1,cv1,39,36,25,4,0.8157134218098131,0.16,0.1,0.0057073170731707324,0.0,0.24
BATTERY,0.1,45,False,1,cv2,39,36,25,7,0.9716970042334163,0.28,0.1,0.0057073170731707324,0.0,0.24
BATTERY,0.1,45,False,1,cv3,39,36,25,3,0.6809631852985686,0.12,0.1,0.0057073170731707324,0.0,0.24
BATTERY,0.1,45,False,1,cv4,40,37,24,3,0.6200982412548631,0.125,0.0975609756097561,0.005677365136020699,0.0,0.25
BATTERY,0.1,45,False,1,cv5,40,37,24,1,0.20827275944212598,0.041666666666666664,0.0975609756097561,0.005677365136020699,0.0,0.25
BATTERY,0.1,45,False,2,cv1,39,36,25,1,0.1365116071037057,0.04,0.1,0.0057073170731707324,0.0,0.24
BATTERY,0.1,45,False,2,cv2,39,36,25,3,0.5792191471758417,0.12,0.1,0.0057073170731707324,0.0,0.24
BATTERY,0.1,45,False,2,cv3,39,36,25,3,0.6611561772398816,0.12,0.1,0.0057073170731707324,0.0,0.24
BATTERY,0.1,45,False,2,cv4,40,37,24,3,0.637683748606622,0.125,0.0975609756097561,0.005677365136020699,0.0,0.25
BATTERY,0.1,45,False,2,cv5,40,37,24,1,0.26260617381635404,0.041666666666666664,0.0975609756097561,0.005677365136020699,0.0,0.25
BATTERY,0.2,0,False,0,cv1,39,32,25,4,0.40362269573517295,0.16,0.2,0.010146341463414636,0.04,0.36
BATTERY,0.2,0,False,0,cv2,39,32,25,4,0.4386343707373936,0.16,0.2,0.010146341463414636,0.04,0.36
BATTERY,0.2,0,False,0,cv3,39,32,25,4,0.35551550945788546,0.16,0.2,0.010146341463414636,0.04,0.36
BATTERY,0.2,0,False,0,cv4,40,33,24,7,0.8122496872358752,0.2916666666666667,0.1951219512195122,0.010127191864253138,0.041666666666666664,0.375
BATTERY,0.2,0,False,0,cv5,40,33,24,2,0.1121093750091664,0.08333333333333333,0.1951219512195122,0.010127191864253138,0.041666666666666664,0.375
BATTERY,0.2,0,False,1,cv1,39,32,25,9,0.9126683043950762,0.36,0.2,0.010146341463414636,0.04,0.36
BATTERY,0.2,0,False,1,cv2,39,32,25,8,0.8846757820405011,0.32,0.2,0.010146341463414636,0.04,0.36
BATTERY,0.2,0,False,1,cv3,39,32,25,8,0.8953323012851139,0.32,0.2,0.010146341463414636,0.04,0.36
BATTERY,0.2,0,False,1,cv4,40,33,24,8,0.9002630944169844,0.3333333333333333,0.1951219512195122,0.010127191864253138,0.041666666666666664,0.375
BATTERY,0.2,0,False,1,cv5,40,33,24,2,0.13953312889500327,0.08333333333333333,0.1951219512195122,0.010127191864253138,0.041666666666666664,0.375
BATTERY,0.2,0,False,2,cv1,39,32,25,5,0.604169370290467,0.2,0.2,0.010146341463414636,0.04,0.36
BATTERY,0.2,0,False,2,cv2,39,32,25,2,0.13167357684206946,0.08,0.2,0.010146341463414636,0.04,0.36
BATTERY,0.2,0,False,2,cv3,39,32,25,5,0.5714862019676282,0.2,0.2,0.010146341463414636,0.04,0.36
BATTERY,0.2,0,False,2,cv4,40,33,24,8,0.9243736969527732,0.3333333333333333,0.1951219512195122,0.010127191864253138,0.041666666666666664,0.375
BATTERY,0.2,0,False,2,cv5,40,33,24,2,0.10113719382777273,0.08333333333333333,0.1951219512195122,0.010127191864253138,0.041666666666666664,0.375
BATTERY,0.2,15,False,0,cv1,39,32,25,2,0.1269214841357904,0.08,0.2,0.010146341463414636,0.04,0.36
BATTERY,0.2,15,False,0,cv2,39,32,25,6,0.7038626544379711,0.24,0.2,0.010146341463414636,0.04,0.36
BATTERY,0.2,15,False,0,cv3,39,32,25,6,0.7201039439667214,0.24,0.2,0.010146341463414636,0.04,0.36
BATTERY,0.2,15,False,0,cv4,40,33,24,6,0.7027830232074,0.25,0.1951219512195122,0.010127191864253138,0.041666666666666664,0.375
BATTERY,0.2,15,False,0,cv5,40,33,24,1,0.058407531495191775,0.041666666666666664,0.1951219512195122,0.010127191864253138,0.041666666666666664,0.375
BATTERY,0.2,15,False,1,cv1,39,32,25,3,0.24467157028194852,0.12,0.2,0.010146341463414636,0.04,0.36
BATTERY,0.2,15,False,1,cv2,39,32,25,13,0.9962906948480803,0.52,0.2,0.010146341463414636,0.04,0.36
BATTERY,0.2,15,False,1,cv3,39,32,25,4,0.31548651200459005,0.16,0.2,0.010146341463414636,0.04,0.36
BATTERY,0.2,15,False,1,cv4,40,33,24,9,0.9428818708361685,0.375,0.1951219512195122,0.010127191864253138,0.041666666666666664,0.375
BATTERY,0.2,15,False,1,cv5,40,33,24,3,0.33572837830630714,0.125,0.1951219512195122,0.010127191864253138,0.041666666666666664,0.375
BATTERY,0.2,15,False,2,cv1,39,32,25,2,0.08464974850773695,0.08,0.2,0.010146341463414636,0.04,0.36
BATTERY,0.2,15,False,2,cv2,39,32,25,1,0.019541330367425357,0.04,0.2,0.010146341463414636,0.04,0.36
BATTERY,0.2,15,False,2,cv3,39,32,25,5,0.513704764313852,0.2,0.2,0.010146341463414636,0.04,0.36
BATTERY,0.2,15,False,2,cv4,40,33,24,6,0.6727727177966203,0.25,0.1951219512195122,0.010127191864253138,0.041666666666666664,0.375
BATTERY,0.2,15,False,2,cv5,40,33,24,2,0.10690020866172852,0.08333333333333333,0.1951219512195122,0.010127191864253138,0.041666666666666664,0.375
BATTERY,0.2,30,True,0,cv1,39,32,25,4,0.44389045796096027,0.16,0.2,0.010146341463414636,0.04,0.36
BATTERY,0.2,30,True,0,cv2,39,32,25,10,0.9584068887146646,0.4,0.2,0.010146341463414636,0.04,0.36
BATTERY,0.2,30,True,0,cv3,39,32,25,3,0.2421096652495581,0.12,0.2,0.010146341463414636,0.04,0.36
BATTERY,0.2,30,True,0,cv4,40,33,24,7,0.8051362699229473,0.2916666666666667,0.1951219512195122,0.010127191864253138,0.041666666666666664,0.375
BATTERY,0.2,30,True,0,cv5,40,33,24,2,0.151828834981526,0.08333333333333333,0.1951219512195122,0.010127191864253138,0.041666666666666664,0.375
BATTERY,0.2,30,True,1,cv1,39,32,25,6,0.6271355474044421,0.24,0.2,0.010146341463414636,0.04,0.36
BATTERY,0.2,30,True,1,cv2,39,32,25,9,0.94148268733174,0.36,0.2,0.010146341463414636,0.04,0.36
BATTERY,0.2,30,True,1,cv3,39,32,25,4,0.36624019397151036,0.16,0.2,0.010146341463414636,0.04,0.36
BATTERY,0.2,30,True,1,cv4,40,33,24,6,0.6829917924108537,0.25,0.1951219512195122,0.010127191864253138,0.041666666666666664,0.375
BATTERY,0.2,30,True,1,cv5,40,33,24,1,0.06254506004394775,0.041666666666666664,0.1951219512195122,0.010127191864253138,0.041666666666666664,0.375
BATTERY,0.2,30,True,2,cv1,39,32,25,4,0.38698913467639146,0.16,0.2,0.010146341463414636,0.04,0.36
BATTERY,0.2,30,True,2,cv2,39,32,25,5,0.5244945984403246,0.2,0.2,0.010146341463414636,0.04,0.36
BATTERY,0.2,30,True,2,cv3,39,32,25,3,0.19432576012623282,0.12,0.2,0.010146341463414636,0.04,0.36
BATTERY,0.2,30,True,2,cv4,40,33,24,7,0.8534246253138233,0.2916666666666667,0.1951219512195122,0.010127191864253138,0.041666666666666664,0.375
BATTERY,0.2,30,True,2,cv5,40,33,24,2,0.11789592685470304,0.08333333333333333,0.1951219512195122,0.010127191864253138,0.041666666666666664,0.375
BATTERY,0.2,45,False,0,cv1,39,32,25,3,0.16698718763105747,0.12,0.2,0.010146341463414636,0.04,0.36
BATTERY,0.2,45,False,0,cv2,39,32,25,4,0.4519338726232728,0.16,0.2,0.010146341463414636,0.04,0.36
BATTERY,0.2,45,False,0,cv3,39,32,25,4,0.30423480884900456,0.16,0.2,0.010146341463414636,0.04,0.36
BATTERY,0.2,45,False,0,cv4,40,33,24,4,0.3612710718289844,0.16666666666666666,0.1951219512195122,0.010127191864253138,0.041666666666666664,0.375
BATTERY,0.2,45,False,0,cv5,40,33,24,3,0.25996364710229736,0.125,0.1951219512195122,0.010127191864253138,0.041666666666666664,0.375
BATTERY,0.2,45,False,1,cv1,39,32,25,6,0.6375696754441229,0.24,0.2,0.010146341463414636,0.04,0.36
BATTERY,0.2,45,False,1,cv2,39,32,25,10,0.9588127086609272,0.4,0.2,0.010146341463414636,0.04,0.36
BATTERY,0.2,45,False,1,cv3,39,32,25,4,0.3890875766712184,0.16,0.2,0.010146341463414636,0.04,0.36
BATTERY,0.2,45,False,1,cv4,40,33,24,5,0.6538363162975958,0.20833333333333334,0.1951219512195122,0.010127191864253138,0.041666666666666664,0.375
BATTERY,0.2,45,False,1,cv5,40,33,24,2,0.18190960690845337,0.08333333333333333,0.1951219512195122,0.010127191864253138,0.041666666666666664,0.375
BATTERY,0.2,45,False,2,cv1,39,32,25,9,0.9107835220669764,0.36,0.2,0.010146341463414636,0.04,0.36
BATTERY,0.2,45,False,2,cv2,39,32,25,8,0.8976246626918086,0.32,0.2,0.010146341463414636,0.04,0.36
BATTERY,0.2,45,False,2,cv3,39,32,25,3,0.184250027786509,0.12,0.2,0.010146341463414636,0.04,0.36
BATTERY,0.2,45,False,2,cv4,40,33,24,5,0.6314178595167712,0.20833333333333334,0.1951219512195122,0.010127191864253138,0.041666666666666664,0.375
BATTERY,0.2,45,False,2,cv5,40,33,24,4,0.39044612617816565,0.16666666666666666,0.1951219512195122,0.010127191864253138,0.041666666666666664,0.375
FD001,0.05,0,False,0,cv1,32,32,20,1,0.7886176427832032,0.05,0.030303030303030304,0.0022902825041862477,0.0,0.15
FD001,0.05,0,False,0,cv2,32,32,20,0,0.44233428001693964,0.0,0.030303030303030304,0.0022902825041862477,0.0,0.15
FD001,0.05,0,False,0,cv3,32,32,20,1,0.8206458545415034,0.05,0.030303030303030304,0.0022902825041862477,0.0,0.15
FD001,0.05,0,False,0,cv4,32,32,20,3,0.9814172601035206,0.15,0.030303030303030304,0.0022902825041862477,0.0,0.15
FD001,0.05,0,False,0,cv5,32,32,20,0,0.1695266786849242,0.0,0.030303030303030304,0.0022902825041862477,0.0,0.15
FD001,0.05,0,False,1,cv1,32,32,20,1,0.7670125993784352,0.05,0.030303030303030304,0.0022902825041862477,0.0,0.15
FD001,0.05,0,False,1,cv2,32,32,20,1,0.793788427303055,0.05,0.030303030303030304,0.0022902825041862477,0.0,0.15
FD001,0.05,0,False,1,cv3,32,32,20,0,0.049002669277296476,0.0,0.030303030303030304,0.0022902825041862477,0.0,0.15
FD001,0.05,0,False,1,cv4,32,32,20,1,0.7753752851327539,0.05,0.030303030303030304,0.0022902825041862477,0.0,0.15
FD001,0.05,0,False,1,cv5,32,32,20,0,0.19785570172815264,0.0,0.030303030303030304,0.0022902825041862477,0.0,0.15
FD001,0.05,0,False,2,cv1,32,32,20,1,0.6543515035079219,0.05,0.030303030303030304,0.0022902825041862477,0.0,0.15
FD001,0.05,0,False,2,cv2,32,32,20,1,0.7479871029465482,0.05,0.030303030303030304,0.0022902825041862477,0.0,0.15
FD001,0.05,0,False,2,cv3,32,32,20,0,0.2842360597400417,0.0,0.030303030303030304,0.0022902825041862477,0.0,0.15
FD001,0.05,0,False,2,cv4,32,32,20,0,0.35512605105225,0.0,0.030303030303030304,0.0022902825041862477,0.0,0.15
FD001,0.05,0,False,2,cv5,32,32,20,1,0.7702968543959836,0.05,0.030303030303030304,0.0022902825041862477,0.0,0.15
FD001,0.05,5,False,0,cv1,32,32,20,0,0.3068731454452319,0.0,0.030303030303030304,0.0022902825041862477,0.0,0.15
FD001,0.05,5,False,0,cv2,32,32,20,0,0.5570158199625455,0.0,0.030303030303030304,0.0022902825041862477,0.0,0.15
FD001,0.05,5,False,0,cv3,32,32,20,2,0.873027425734801,0.1,0.030303030303030304,0.0022902825041862477,0.0,0.15
FD001,0.05,5,False,0,cv4,32,32,20,1,0.6850779243461661,0.05,0.030303030303030304,0.0022902825041862477,0.0,0.15
FD001,0.05,5,False,0,cv5,32,32,20,0,0.21921331764928315,0.0,0.030303030303030304,0.0022902825041862477,0.0,0.15
FD001,0.05,5,False,1,cv1,32,32,20,1,0.8022641375755442,0.05,0.030303030303030304,0.0022902825041862477,0.0,0.15
FD001,0.05,5,False,1,cv2,32,32,20,2,0.9165121651665913,0.1,0.030303030303030304,0.0022902825041862477,0.0,0.15
FD001,0.05,5,False,1,cv3,32,32,20,0,0.1270293415771148,0.0,0.030303030303030304,0.0022902825041862477,0.0,0.15
FD001,0.05,5,False,1,cv4,32,32,20,1,0.7950387669608244,0.05,0.030303030303030304,0.0022902825041862477,0.0,0.15
FD001,0.05,5,False,1,cv5,32,32,20,0,0.4747920233272273,0.0,0.030303030303030304,0.0022902825041862477,0.0,0.15
FD001,0.05,5,False,2,cv1,32,32,20,0,0.4739947480445861,0.0,0.030303030303030304,0.0022902825041862477,0.0,0.15
FD001,0.05,5,False,2,cv2,32,32,20,1,0.6342981369344644,0.05,0.030303030303030304,0.0022902825041862477,0.0,0.15
FD001,0.05,5,False,2,cv3,32,32,20,0,0.13054716850816775,0.0,0.030303030303030304,0.0022902825041862477,0.0,0.15
FD001,0.05,5,False,2,cv4,32,32,20,0,0.5510061705431515,0.0,0.030303030303030304,0.0022902825041862477,0.0,0.15
FD001,0.05,5,False,2,cv5,32,32,20,0,0.5411889599210529,0.0,0.030303030303030304,0.0022902825041862477,0.0,0.15
FD001,0.05,10,True,0,cv1,32,32,20,0,0.12650625082872172,0.0,0.030303030303030304,0.0022902825041862477,0.0,0.15
FD001,0.05,10,True,0,cv2,32,32,20,0,0.33930809742444057,0.0,0.030303030303030304,0.0022902825041862477,0.0,0.15
FD001,0.05,10,True,0,cv3,32,32,20,1,0.678777256940617,0.05,0.030303030303030304,0.0022902825041862477,0.0,0.15
FD001,0.05,10,True,0,cv4,32,32,20,1,0.7158454954005746,0.05,0.030303030303030304,0.0022902825041862477,0.0,0.15
FD001,0.05,10,True,0,cv5,32,32,20,0,0.012889134869172958,0.0,0.030303030303030304,0.0022902825041862477,0.0,0.15
FD001,0.05,10,True,1,cv1,32,32,20,0,0.1733909149149242,0.0,0.030303030303030304,0.0022902825041862477,0.0,0.15
FD001,0.05,10,True,1,cv2,32,32,20,1,0.6807073065329498,0.05,0.030303030303030304,0.0022902825041862477,0.0,0.15
FD001,0.05,10,True,1,cv3,32,32,20,0,0.5656187636628149,0.0,0.030303030303030304,0.0022902825041862477,0.0,0.15
FD001,0.05,10,True,1,cv4,32,32,20,0,0.3618278256202004,0.0,0.030303030303030304,0.0022902825041862477,0.0,0.15
FD001,0.05,10,True,1,cv5,32,32,20,0,0.10924091903484051,0.0,0.030303030303030304,0.0022902825041862477,0.0,0.15
FD001,0.05,10,True,2,cv1,32,32,20,0,0.26311664156390147,0.0,0.030303030303030304,0.0022902825041862477,0.0,0.15
FD001,0.05,10,True,2,cv2,32,32,20,1,0.7343435685526285,0.05,0.030303030303030304,0.0022902825041862477,0.0,0.15
FD001,0.05,10,True,2,cv3,32,32,20,0,0.3922216107237271,0.0,0.030303030303030304,0.0022902825041862477,0.0,0.15
FD001,0.05,10,True,2,cv4,32,32,20,0,0.32766021529129774,0.0,0.030303030303030304,0.0022902825041862477,0.0,0.15
FD001,0.05,10,True,2,cv5,32,32,20,0,0.25907243528882673,0.0,0.030303030303030304,0.0022902825041862477,0.0,0.15
FD001,0.05,15,False,0,cv1,32,32,20,3,0.9588860735705633,0.15,0.030303030303030304,0.0022902825041862477,0.0,0.15
FD001,0.05,15,False,0,cv2,32,32,20,0,0.35384585157039256,0.0,0.030303030303030304,0.0022902825041862477,0.0,0.15
FD001,0.05,15,False,0,cv3,32,32,20,0,0.6005120084127565,0.0,0.030303030303030304,0.0022902825041862477,0.0,0.15
FD001,0.05,15,False,0,cv4,32,32,20,1,0.7488354665185439,0.05,0.030303030303030304,0.0022902825041862477,0.0,0.15
FD001,0.05,15,False,0,cv5,32,32,20,1,0.8294448619531691,0.05,0.030303030303030304,0.0022902825041862477,0.0,0.15
FD001,0.05,15,False,1,cv1,32,32,20,0,0.009398421651476353,0.0,0.030303030303030304,0.0022902825041862477,0.0,0.15
FD001,0.05,15,False,1,cv2,32,32,20,0,0.12498301712184409,0.0,0.030303030303030304,0.0022902825041862477,0.0,0.15
FD001,0.05,15,False,1,cv3,32,32,20,1,0.824076737091535,0.05,0.030303030303030304,0.0022902825041862477,0.0,0.15
FD001,0.05,15,False,1,cv4,32,32,20,0,0.3504448596890889,0.0,0.030303030303030304,0.0022902825041862477,0.0,0.15
FD001,0.05,15,False,1,cv5,32,32,20,0,0.3000357406997161,0.0,0.030303030303030304,0.0022902825041862477,0.0,0.15
FD001,0.05,15,False,2,cv1,32,32,20,2,0.8905328819786196,0.1,0.030303030303030304,0.0022902825041862477,0.0,0.15
FD001,0.05,15,False,2,cv2,32,32,20,0,0.18170197716276967,0.0,0.030303030303030304,0.0022902825041862477,0.0,0.15
FD001,0.05,15,False,2,cv3,32,32,20,0,0.4177414132637228,0.0,0.030303030303030304,0.0022902825041862477,0.0,0.15
FD001,0.05,15,False,2,cv4,32,32,20,0,0.22506772651076948,0.0,0.030303030303030304,0.0022902825041862477,0.0,0.15
FD001,0.05,15,False,2,cv5,32,32,20,0,0.2678367430194554,0.0,0.030303030303030304,0.0022902825041862477,0.0,0.15
FD001,0.1,0,False,0,cv1,32,30,20,4,0.9154903778887238,0.2,0.09090909090909091,0.0064414195430238215,0.0,0.25
FD001,0.1,0,False,0,cv2,32,30,20,2,0.7051073121487669,0.1,0.09090909090909091,0.0064414195430238215,0.0,0.25
FD001,0.1,0,False,0,cv3,32,30,20,2,0.7154359171340758,0.1,0.09090909090909091,0.0064414195430238215,0.0,0.25
FD001,0.1,0,False,0,cv4,32,30,20,3,0.7841564297437422,0.15,0.09090909090909091,0.0064414195430238215,0.0,0.25
FD001,0.1,0,False,0,cv5,32,30,20,0,0.031009887457127332,0.0,0.09090909090909091,0.0064414195430238215,0.0,0.25
FD001,0.1,0,False,1,cv1,32,30,20,2,0.5046744858562293,0.1,0.09090909090909091,0.0064414195430238215,0.0,0.25
FD001,0.1,0,False,1,cv2,32,30,20,2,0.6068714745862829,0.1,0.09090909090909091,0.0064414195430238215,0.0,0.25
FD001,0.1,0,False,1,cv3,32,30,20,0,0.017136685871820236,0.0,0.09090909090909091,0.0064414195430238215,0.0,0.25
FD001,0.1,0,False,1,cv4,32,30,20,1,0.25678401754801516,0.05,0.09090909090909091,0.0064414195430238215,0.0,0.25
FD001,0.1,0,False,1,cv5,32,30,20,1,0.2889723058972936,0.05,0.09090909090909091,0.0064414195430238215,0.0,0.25
FD001,0.1,0,False,2,cv1,32,30,20,2,0.7150739439237392,0.1,0.09090909090909091,0.0064414195430238215,0.0,0.25
FD001,0.1,0,False,2,cv2,32,30,20,4,0.8681753417952233,0.2,0.09090909090909091,0.0064414195430238215,0.0,0.25
FD001,0.1,0,False,2,cv3,32,30,20,0,0.02471743485190875,0.0,0.09090909090909091,0.0064414195430238215,0.0,0.25
FD001,0.1,0,False,2,cv4,32,30,20,2,0.6985240015391727,0.1,0.09090909090909091,0.0064414195430238215,0.0,0.25
FD001,0.1,0,False,2,cv5,32,30,20,1,0.39539011442198235,0.05,0.09090909090909091,0.0064414195430238215,0.0,0.25
FD001,0.1,5,False,0,cv1,32,30,20,2,0.6602277269127877,0.1,0.09090909090909091,0.0064414195430238215,0.0,0.25
FD001,0.1,5,False,0,cv2,32,30,20,3,0.766078006913362,0.15,0.09090909090909091,0.0064414195430238215,0.0,0.25
FD001,0.1,5,False,0,cv3,32,30,20,2,0.7024202965350951,0.1,0.09090909090909091,0.0064414195430238215,0.0,0.25
FD001,0.1,5,False,0,cv4,32,30,20,1,0.492684042000428,0.05,0.09090909090909091,0.0064414195430238215,0.0,0.25
FD001,0.1,5,False,0,cv5,32,30,20,0,0.12533666429041795,0.0,0.09090909090909091,0.0064414195430238215,0.0,0.25
FD001,0.1,5,False,1,cv1,32,30,20,4,0.9316561109890742,0.2,0.09090909090909091,0.0064414195430238215,0.0,0.25
FD001,0.1,5,False,1,cv2,32,30,20,2,0.6092946251030559,0.1,0.09090909090909091,0.0064414195430238215,0.0,0.25
FD001,0.1,5,False,1,cv3,32,30,20,1,0.345282767105813,0.05,0.09090909090909091,0.0064414195430238215,0.0,0.25
FD001,0.1,5,False,1,cv4,32,30,20,1,0.44028549158229435,0.05,0.09090909090909091,0.0064414195430238215,0.0,0.25
FD001,0.1,5,False,1,cv5,32,30,20,0,0.14459133212119818,0.0,0.09090909090909091,0.0064414195430238215,0.0,0.25
FD001,0.1,5,False,2,cv1,32,30,20,3,0.7446637292109077,0.15,0.09090909090909091,0.0064414195430238215,0.0,0.25
FD001,0.1,5,False,2,cv2,32,30,20,4,0.8953279371688102,0.2,0.09090909090909091,0.0064414195430238215,0.0,0.25
FD001,0.1,5,False,2,cv3,32,30,20,1,0.22895773861222435,0.05,0.09090909090909091,0.0064414195430238215,0.0,0.25
FD001,0.1,5,False,2,cv4,32,30,20,1,0.4650811449119973,0.05,0.09090909090909091,0.0064414195430238215,0.0,0.25
FD001,0.1,5,False,2,cv5,32,30,20,1,0.373508076213907,0.05,0.09090909090909091,0.0064414195430238215,0.0,0.25
FD001,0.1,10,True,0,cv1,32,30,20,3,0.7232299777733349,0.15,0.09090909090909091,0.0064414195430238215,0.0,0.25
FD001,0.1,10,True,0,cv2,32,30,20,0,0.21046535173623276,0.0,0.09090909090909091,0.0064414195430238215,0.0,0.25
FD001,0.1,10,True,0,cv3,32,30,20,1,0.4990971399101528,0.05,0.09090909090909091,0.0064414195430238215,0.0,0.25
FD001,0.1,10,True,0,cv4,32,30,20,1,0.42705891085556247,0.05,0.09090909090909091,0.0064414195430238215,0.0,0.25
FD001,0.1,10,True,0,cv5,32,30,20,2,0.59309244225447,0.1,0.09090909090909091,0.0064414195430238215,0.0,0.25
FD001,0.1,10,True,1,cv1,32,30,20,0,0.1327348252892583,0.0,0.09090909090909091,0.0064414195430238215,0.0,0.25
FD001,0.1,10,True,1,cv2,32,30,20,3,0.7182368676002648,0.15,0.09090909090909091,0.0064414195430238215,0.0,0.25
FD001,0.1,10,True,1,cv3,32,30,20,0,0.024339757563034456,0.0,0.09090909090909091,0.0064414195430238215,0.0,0.25
FD001,0.1,10,True,1,cv4,32,30,20,1,0.31539886674627127,0.05,0.09090909090909091,0.0064414195430238215,0.0,0.25
FD001,0.1,10,True,1,cv5,32,30,20,1,0.3374582710261469,0.05,0.09090909090909091,0.0064414195430238215,0.0,0.25
FD001,0.1,10,True,2,cv1,32,30,20,0,0.16966091441133999,0.0,0.09090909090909091,0.0064414195430238215,0.0,0.25
FD001,0.1,10,True,2,cv2,32,30,20,1,0.2713539398953406,0.05,0.09090909090909091,0.0064414195430238215,0.0,0.25
FD001,0.1,10,True,2,cv3,32,30,20,0,0.026057895521978205,0.0,0.09090909090909091,0.0064414195430238215,0.0,0.25
FD001,0.1,10,True,2,cv4,32,30,20,2,0.6509950158717477,0.1,0.09090909090909091,0.0064414195430238215,0.0,0.25
FD001,0.1,10,True,2,cv5,32,30,20,3,0.8401375153806441,0.15,0.09090909090909091,0.0064414195430238215,0.0,0.25
FD001,0.1,15,False,0,cv1,32,30,20,3,0.838975881139479,0.15,0.09090909090909091,0.0064414195430238215,0.0,0.25
FD001,0.1,15,False,0,cv2,32,30,20,0,0.16651150937175502,0.0,0.09090909090909091,0.0064414195430238215,0.0,0.25
FD001,0.1,15,False,0,cv3,32,30,20,2,0.7132407940714274,0.1,0.09090909090909091,0.0064414195430238215,0.0,0.25
FD001,0.1,15,False,0,cv4,32,30,20,2,0.6128404287679263,0.1,0.09090909090909091,0.0064414195430238215,0.0,0.25
FD001,0.1,15,False,0,cv5,32,30,20,1,0.4372720535945171,0.05,0.09090909090909091,0.0064414195430238215,0.0,0.25
FD001,0.1,15,False,1,cv1,32,30,20,2,0.5900147784115193,0.1,0.09090909090909091,0.0064414195430238215,0.0,0.25
FD001,0.1,15,False,1,cv2,32,30,20,2,0.576107704904671,0.1,0.09090909090909091,0.0064414195430238215,0.0,0.25
FD001,0.1,15,False,1,cv3,32,30,20,1,0.4747443481656584,0.05,0.09090909090909091,0.0064414195430238215,0.0,0.25
FD001,0.1,15,False,1,cv4,32,30,20,1,0.3428002625491303,0.05,0.09090909090909091,0.0064414195430238215,0.0,0.25
FD001,0.1,15,False,1,cv5,32,30,20,0,0.1675337711907389,0.0,0.09090909090909091,0.0064414195430238215,0.0,0.25
FD001,0.1,15,False,2,cv1,32,30,20,2,0.6073862113390142,0.1,0.09090909090909091,0.0064414195430238215,0.0,0.25
FD001,0.1,15,False,2,cv2,32,30,20,0,0.0251844390669166,0.0,0.09090909090909091,0.0064414195430238215,0.0,0.25
FD001,0.1,15,False,2,cv3,32,30,20,0,0.028475355041472347,0.0,0.09090909090909091,0.0064414195430238215,0.0,0.25
FD001,0.1,15,False,2,cv4,32,30,20,1,0.36462506389409477,0.05,0.09090909090909091,0.0064414195430238215,0.0,0.25
FD001,0.1,15,False,2,cv5,32,30,20,1,0.4189167443117094,0.05,0.09090909090909091,0.0064414195430238215,0.0,0.25
FD001,0.2,0,False,0,cv1,32,27,20,4,0.6430563759104388,0.2,0.18181818181818182,0.011594555177442878,0.05,0.4
FD001,0.2,0,False,0,cv2,32,27,20,6,0.8413734251016254,0.3,0.18181818181818182,0.011594555177442878,0.05,0.4
FD001,0.2,0,False,0,cv3,32,27,20,5,0.6871056421868522,0.25,0.18181818181818182,0.011594555177442878,0.05,0.4
FD001,0.2,0,False,0,cv4,32,27,20,8,0.9637107328145917,0.4,0.18181818181818182,0.011594555177442878,0.05,0.4
FD001,0.2,0,False,0,cv5,32,27,20,1,0.06652371648848701,0.05,0.18181818181818182,0.011594555177442878,0.05,0.4
FD001,0.2,0,False,1,cv1,32,27,20,6,0.8400478794382072,0.3,0.18181818181818182,0.011594555177442878,0.05,0.4
FD001,0.2,0,False,1,cv2,32,27,20,3,0.4382615464080194,0.15,0.18181818181818182,0.011594555177442878,0.05,0.4
FD001,0.2,0,False,1,cv3,32,27,20,3,0.40557420695472723,0.15,0.18181818181818182,0.011594555177442878,0.05,0.4
FD001,0.2,0,False,1,cv4,32,27,20,2,0.23939185614012823,0.1,0.18181818181818182,0.011594555177442878,0.05,0.4
FD001,0.2,0,False,1,cv5,32,27,20,2,0.16928766085438637,0.1,0.18181818181818182,0.011594555177442878,0.05,0.4
FD001,0.2,0,False,2,cv1,32,27,20,5,0.7091562445587078,0.25,0.18181818181818182,0.011594555177442878,0.05,0.4
FD001,0.2,0,False,2,cv2,32,27,20,6,0.8844487429361095,0.3,0.18181818181818182,0.011594555177442878,0.05,0.4
FD001,0.2,0,False,2,cv3,32,27,20,2,0.24846580436599708,0.1,0.18181818181818182,0.011594555177442878,0.05,0.4
FD001,0.2,0,False,2,cv4,32,27,20,4,0.6668072519827675,0.2,0.18181818181818182,0.011594555177442878,0.05,0.4
FD001,0.2,0,False,2,cv5,32,27,20,1,0.14405927712804106,0.05,0.18181818181818182,0.011594555177442878,0.05,0.4
FD001,0.2,5,False,0,cv1,32,27,20,4,0.5515863155106774,0.2,0.18181818181818182,0.011594555177442878,0.05,0.4
FD001,0.2,5,False,0,cv2,32,27,20,5,0.7366339209892683,0.25,0.18181818181818182,0.011594555177442878,0.05,0.4
FD001,0.2,5,False,0,cv3,32,27,20,2,0.2508504488789881,0.1,0.18181818181818182,0.011594555177442878,0.05,0.4
FD001,0.2,5,False,0,cv4,32,27,20,3,0.35047927010236246,0.15,0.18181818181818182,0.011594555177442878,0.05,0.4
FD001,0.2,5,False,0,cv5,32,27,20,3,0.34820316373225463,0.15,0.18181818181818182,0.011594555177442878,0.05,0.4
FD001,0.2,5,False,1,cv1,32,27,20,4,0.6595419319766951,0.2,0.18181818181818182,0.011594555177442878,0.05,0.4
FD001,0.2,5,False,1,cv2,32,27,20,2,0.30248967552708367,0.1,0.18181818181818182,0.011594555177442878,0.05,0.4
FD001,0.2,5,False,1,cv3,32,27,20,3,0.4039748827709579,0.15,0.18181818181818182,0.011594555177442878,0.05,0.4
FD001,0.2,5,False,1,cv4,32,27,20,1,0.1265584847344569,0.05,0.18181818181818182,0.011594555177442878,0.05,0.4
FD001,0.2,5,False,1,cv5,32,27,20,4,0.6056648402581216,0.2,0.18181818181818182,0.011594555177442878,0.05,0.4
FD001,0.2,5,False,2,cv1,32,27,20,5,0.7807918577745956,0.25,0.18181818181818182,0.011594555177442878,0.05,0.4
FD001,0.2,5,False,2,cv2,32,27,20,4,0.5719038867136821,0.2,0.18181818181818182,0.011594555177442878,0.05,0.4
FD001,0.2,5,False,2,cv3,32,27,20,2,0.2419717274211982,0.1,0.18181818181818182,0.011594555177442878,0.05,0.4
FD001,0.2,5,False,2,cv4,32,27,20,3,0.49938218479121477,0.15,0.18181818181818182,0.011594555177442878,0.05,0.4
FD001,0.2,5,False,2,cv5,32,27,20,4,0.6554052398657774,0.2,0.18181818181818182,0.011594555177442878,0.05,0.4
FD001,0.2,10,True,0,cv1,32,27,20,5,0.7252621752912809,0.25,0.18181818181818182,0.011594555177442878,0.05,0.4
FD001,0.2,10,True,0,cv2,32,27,20,0,0.039249115323515306,0.0,0.18181818181818182,0.011594555177442878,0.05,0.4
FD001,0.2,10,True,0,cv3,32,27,20,4,0.5858136750491358,0.2,0.18181818181818182,0.011594555177442878,0.05,0.4
FD001,0.2,10,True,0,cv4,32,27,20,2,0.27772262800819764,0.1,0.18181818181818182,0.011594555177442878,0.05,0.4
FD001,0.2,10,True,0,cv5,32,27,20,2,0.28272131664211536,0.1,0.18181818181818182,0.011594555177442878,0.05,0.4
FD001,0.2,10,True,1,cv1,32,27,20,2,0.22955655871242336,0.1,0.18181818181818182,0.011594555177442878,0.05,0.4
FD001,0.2,10,True,1,cv2,32,27,20,6,0.8831891753211287,0.3,0.18181818181818182,0.011594555177442878,0.05,0.4
FD001,0.2,10,True,1,cv3,32,27,20,1,0.09854713149477465,0.05,0.18181818181818182,0.011594555177442878,0.05,0.4
FD001,0.2,10,True,1,cv4,32,27,20,2,0.325479232273047,0.1,0.18181818181818182,0.011594555177442878,0.05,0.4
FD001,0.2,10,True,1,cv5,32,27,20,3,0.5075705982048293,0.15,0.18181818181818182,0.011594555177442878,0.05,0.4
FD001,0.2,10,True,2,cv1,32,27,20,3,0.500750412009618,0.15,0.18181818181818182,0.011594555177442878,0.05,0.4
FD001,0.2,10,True,2,cv2,32,27,20,1,0.1499873578723121,0.05,0.18181818181818182,0.011594555177442878,0.05,0.4
FD001,0.2,10,True,2,cv3,32,27,20,1,0.06158635135603163,0.05,0.18181818181818182,0.011594555177442878,0.05,0.4
FD001,0.2,10,True,2,cv4,32,27,20,6,0.867977492264262,0.3,0.18181818181818182,0.011594555177442878,0.05,0.4
FD001,0.2,10,True,2,cv5,32,27,20,5,0.7799622576911791,0.25,0.18181818181818182,0.011594555177442878,0.05,0.4
FD001,0.2,15,False,0,cv1,32,27,20,3,0.43120615813865876,0.15,0.18181818181818182,0.011594555177442878,0.05,0.4
FD001,0.2,15,False,0,cv2,32,27,20,0,0.02355651704739406,0.0,0.18181818181818182,0.011594555177442878,0.05,0.4
FD001,0.2,15,False,0,cv3,32,27,20,3,0.3699318201470889,0.15,0.18181818181818182,0.011594555177442878,0.05,0.4
FD001,0.2,15,False,0,cv4,32,27,20,3,0.36232337546673304,0.15,0.18181818181818182,0.011594555177442878,0.05,0.4
FD001,0.2,15,False,0,cv5,32,27,20,1,0.1354472334304373,0.05,0.18181818181818182,0.011594555177442878,0.05,0.4
FD001,0.2,15,False,1,cv1,32,27,20,3,0.3602303574057812,0.15,0.18181818181818182,0.011594555177442878,0.05,0.4
FD001,0.2,15,False,1,cv2,32,27,20,3,0.4685399937880837,0.15,0.18181818181818182,0.011594555177442878,0.05,0.4
FD001,0.2,15,False,1,cv3,32,27,20,2,0.1738537451239514,0.1,0.18181818181818182,0.011594555177442878,0.05,0.4
FD001,0.2,15,False,1,cv4,32,27,20,1,0.09238134139617424,0.05,0.18181818181818182,0.011594555177442878,0.05,0.4
FD001,0.2,15,False,1,cv5,32,27,20,5,0.6889834030264276,0.25,0.18181818181818182,0.011594555177442878,0.05,0.4
FD001,0.2,15,False,2,cv1,32,27,20,2,0.2739462730886415,0.1,0.18181818181818182,0.011594555177442878,0.05,0.4
FD001,0.2,15,False,2,cv2,32,27,20,0,0.013038178779597094,0.0,0.18181818181818182,0.011594555177442878,0.05,0.4
FD001,0.2,15,False,2,cv3,32,27,20,2,0.24088447297452598,0.1,0.18181818181818182,0.011594555177442878,0.05,0.4
FD001,0.2,15,False,2,cv4,32,27,20,6,0.8371826009185962,0.3,0.18181818181818182,0.011594555177442878,0.05,0.4
FD001,0.2,15,False,2,cv5,32,27,20,1,0.1044020879110596,0.05,0.18181818181818182,0.011594555177442878,0.05,0.4
FD002,0.05,0,False,0,cv1,83,80,52,0,0.09132622292395079,0.0,0.047619047619047616,0.0013954299668585382,0.0,0.11538461538461539
FD002,0.05,0,False,0,cv2,83,80,52,0,0.02317895797622847,0.0,0.047619047619047616,0.0013954299668585382,0.0,0.11538461538461539
FD002,0.05,0,False,0,cv3,83,80,52,1,0.3102020889684608,0.019230769230769232,0.047619047619047616,0.0013954299668585382,0.0,0.11538461538461539
FD002,0.05,0,False,0,cv4,83,80,52,0,0.10866650172870833,0.0,0.047619047619047616,0.0013954299668585382,0.0,0.11538461538461539
FD002,0.05,0,False,0,cv5,83,80,52,2,0.5631071539306376,0.038461538461538464,0.047619047619047616,0.0013954299668585382,0.0,0.11538461538461539
FD002,0.05,0,False,1,cv1,83,80,52,5,0.881410237263677,0.09615384615384616,0.047619047619047616,0.0013954299668585382,0.0,0.11538461538461539
FD002,0.05,0,False,1,cv2,83,80,52,4,0.8413081423151737,0.07692307692307693,0.047619047619047616,0.0013954299668585382,0.0,0.11538461538461539
FD002,0.05,0,False,1,cv3,83,80,52,7,0.9633396732196564,0.1346153846153846,0.047619047619047616,0.0013954299668585382,0.0,0.11538461538461539
FD002,0.05,0,False,1,cv4,83,80,52,0,0.13802198186117376,0.0,0.047619047619047616,0.0013954299668585382,0.0,0.11538461538461539
FD002,0.05,0,False,1,cv5,83,80,52,0,0.02946887042278918,0.0,0.047619047619047616,0.0013954299668585382,0.0,0.11538461538461539
FD002,0.05,0,False,2,cv1,83,80,52,5,0.8809452976072412,0.09615384615384616,0.047619047619047616,0.0013954299668585382,0.0,0.11538461538461539
FD002,0.05,0,False,2,cv2,83,80,52,6,0.9270221888106347,0.11538461538461539,0.047619047619047616,0.0013954299668585382,0.0,0.11538461538461539
FD002,0.05,0,False,2,cv3,83,80,52,4,0.8370417574705398,0.07692307692307693,0.047619047619047616,0.0013954299668585382,0.0,0.11538461538461539
FD002,0.05,0,False,2,cv4,83,80,52,1,0.2460130328893203,0.019230769230769232,0.047619047619047616,0.0013954299668585382,0.0,0.11538461538461539
FD002,0.05,0,False,2,cv5,83,80,52,0,0.1336469578095759,0.0,0.047619047619047616,0.0013954299668585382,0.0,0.11538461538461539
FD002,0.05,5,False,0,cv1,83,80,52,1,0.17075495558983214,0.019230769230769232,0.047619047619047616,0.0013954299668585382,0.0,0.11538461538461539
FD002,0.05,5,False,0,cv2,83,80,52,0,0.1238456846465817,0.0,0.047619047619047616,0.0013954299668585382,0.0,0.11538461538461539
FD002,0.05,5,False,0,cv3,83,80,52,8,0.9850287900493495,0.15384615384615385,0.047619047619047616,0.0013954299668585382,0.0,0.11538461538461539
FD002,0.05,5,False,0,cv4,83,80,52,0,0.032813262325642405,0.0,0.047619047619047616,0.0013954299668585382,0.0,0.11538461538461539
FD002,0.05,5,False,0,cv5,83,80,52,3,0.6857726816294027,0.057692307692307696,0.047619047619047616,0.0013954299668585382,0.0,0.11538461538461539
FD002,0.05,5,False,1,cv1,83,80,52,4,0.7466420971953065,0.07692307692307693,0.047619047619047616,0.0013954299668585382,0.0,0.11538461538461539
FD002,0.05,5,False,1,cv2,83,80,52,2,0.4729955089424009,0.038461538461538464,0.047619047619047616,0.0013954299668585382,0.0,0.11538461538461539
FD002,0.05,5,False,1,cv3,83,80,52,12,0.9995029487982494,0.23076923076923078,0.047619047619047616,0.0013954299668585382,0.0,0.11538461538461539
FD002,0.05,5,False,1,cv4,83,80,52,0,0.00673582053547505,0.0,0.047619047619047616,0.0013954299668585382,0.0,0.11538461538461539
FD002,0.05,5,False,1,cv5,83,80,52,1,0.23460235465893553,0.019230769230769232,0.047619047619047616,0.0013954299668585382,0.0,0.11538461538461539
FD002,0.05,5,False,2,cv1,83,80,52,3,0.6267299797622569,0.057692307692307696,0.047619047619047616,0.0013954299668585382,0.0,0.11538461538461539
FD002,0.05,5,False,2,cv2,83,80,52,1,0.19369339470114177,0.019230769230769232,0.047619047619047616,0.0013954299668585382,0.0,0.11538461538461539
FD002,0.05,5,False,2,cv3,83,80,52,2,0.5605398263763365,0.038461538461538464,0.047619047619047616,0.0013954299668585382,0.0,0.11538461538461539
FD002,0.05,5,False,2,cv4,83,80,52,0,0.08308440695372118,0.0,0.047619047619047616,0.0013954299668585382,0.0,0.11538461538461539
FD002,0.05,5,False,2,cv5,83,80,52,1,0.17285885548686453,0.019230769230769232,0.047619047619047616,0.0013954299668585382,0.0,0.11538461538461539
FD002,0.05,10,True,0,cv1,83,80,52,2,0.5230930371244515,0.038461538461538464,0.047619047619047616,0.0013954299668585382,0.0,0.11538461538461539
FD002,0.05,10,True,0,cv2,83,80,52,0,0.051321061678820945,0.0,0.047619047619047616,0.0013954299668585382,0.0,0.11538461538461539
FD002,0.05,10,True,0,cv3,83,80,52,4,0.8105052696772775,0.07692307692307693,0.047619047619047616,0.0013954299668585382,0.0,0.11538461538461539
FD002,0.05,10,True,0,cv4,83,80,52,1,0.22264120372716534,0.019230769230769232,0.047619047619047616,0.0013954299668585382,0.0,0.11538461538461539
FD002,0.05,10,True,0,cv5,83,80,52,2,0.49744853514344234,0.038461538461538464,0.047619047619047616,0.0013954299668585382,0.0,0.11538461538461539
FD002,0.05,10,True,1,cv1,83,80,52,6,0.9493820783470622,0.11538461538461539,0.047619047619047616,0.0013954299668585382,0.0,0.11538461538461539
FD002,0.05,10,True,1,cv2,83,80,52,3,0.6231450592661298,0.057692307692307696,0.047619047619047616,0.0013954299668585382,0.0,0.11538461538461539
FD002,0.05,10,True,1,cv3,83,80,52,0,0.11540748659768447,0.0,0.047619047619047616,0.0013954299668585382,0.0,0.11538461538461539
FD002,0.05,10,True,1,cv4,83,80,52,3,0.6792360802530728,0.057692307692307696,0.047619047619047616,0.0013954299668585382,0.0,0.11538461538461539
FD002,0.05,10,True,1,cv5,83,80,52,1,0.27232570357875263,0.019230769230769232,0.047619047619047616,0.0013954299668585382,0.0,0.11538461538461539
FD002,0.05,10,True,2,cv1,83,80,52,6,0.9317531587543358,0.11538461538461539,0.047619047619047616,0.0013954299668585382,0.0,0.11538461538461539
FD002,0.05,10,True,2,cv2,83,80,52,4,0.7717728735756584,0.07692307692307693,0.047619047619047616,0.0013954299668585382,0.0,0.11538461538461539
FD002,0.05,10,True,2,cv3,83,80,52,0,0.05490530026202938,0.0,0.047619047619047616,0.0013954299668585382,0.0,0.11538461538461539
FD002,0.05,10,True,2,cv4,83,80,52,0,0.004703840683623545,0.0,0.047619047619047616,0.0013954299668585382,0.0,0.11538461538461539
FD002,0.05,10,True,2,cv5,83,80,52,1,0.15093603692671564,0.019230769230769232,0.047619047619047616,0.0013954299668585382,0.0,0.11538461538461539
FD002,0.05,15,False,0,cv1,83,80,52,3,0.686704565696134,0.057692307692307696,0.047619047619047616,0.0013954299668585382,0.0,0.11538461538461539
FD002,0.05,15,False,0,cv2,83,80,52,1,0.20864951604264137,0.019230769230769232,0.047619047619047616,0.0013954299668585382,0.0,0.11538461538461539
FD002,0.05,15,False,0,cv3,83,80,52,3,0.6963542014893772,0.057692307692307696,0.047619047619047616,0.0013954299668585382,0.0,0.11538461538461539
FD002,0.05,15,False,0,cv4,83,80,52,2,0.3755426499083891,0.038461538461538464,0.047619047619047616,0.0013954299668585382,0.0,0.11538461538461539
FD002,0.05,15,False,0,cv5,83,80,52,2,0.5194166588229185,0.038461538461538464,0.047619047619047616,0.0013954299668585382,0.0,0.11538461538461539
FD002,0.05,15,False,1,cv1,83,80,52,4,0.7673049938379203,0.07692307692307693,0.047619047619047616,0.0013954299668585382,0.0,0.11538461538461539
FD002,0.05,15,False,1,cv2,83,80,52,0,0.12075306081893149,0.0,0.047619047619047616,0.0013954299668585382,0.0,0.11538461538461539
FD002,0.05,15,False,1,cv3,83,80,52,1,0.3387522359043438,0.019230769230769232,0.047619047619047616,0.0013954299668585382,0.0,0.11538461538461539
FD002,0.05,15,False,1,cv4,83,80,52,5,0.9023694505112574,0.09615384615384616,0.047619047619047616,0.0013954299668585382,0.0,0.11538461538461539
FD002,0.05,15,False,1,cv5,83,80,52,3,0.641711349649854,0.057692307692307696,0.047619047619047616,0.0013954299668585382,0.0,0.11538461538461539
FD002,0.05,15,False,2,cv1,83,80,52,3,0.5799135536593689,0.057692307692307696,0.047619047619047616,0.0013954299668585382,0.0,0.11538461538461539
FD002,0.05,15,False,2,cv2,83,80,52,3,0.7032053402326732,0.057692307692307696,0.047619047619047616,0.0013954299668585382,0.0,0.11538461538461539
FD002,0.05,15,False,2,cv3,83,80,52,0,0.07815746397222215,0.0,0.047619047619047616,0.0013954299668585382,0.0,0.11538461538461539
FD002,0.05,15,False,2,cv4,83,80,52,1,0.15701284802486973,0.019230769230769232,0.047619047619047616,0.0013954299668585382,0.0,0.11538461538461539
FD002,0.05,15,False,2,cv5,83,80,52,1,0.2647117691425348,0.019230769230769232,0.047619047619047616,0.0013954299668585382,0.0,0.11538461538461539
FD002,0.1,0,False,0,cv1,83,76,52,7,0.7430857112535302,0.1346153846153846,0.09523809523809523,0.0026513169370312225,0.019230769230769232,0.19230769230769232
FD002,0.1,0,False,0,cv2,83,76,52,1,0.04413750609295852,0.019230769230769232,0.09523809523809523,0.0026513169370312225,0.019230769230769232,0.19230769230769232
FD002,0.1,0,False,0,cv3,83,76,52,7,0.798638131655873,0.1346153846153846,0.09523809523809523,0.0026513169370312225,0.019230769230769232,0.19230769230769232
FD002,0.1,0,False,0,cv4,83,76,52,1,0.06462835839648132,0.019230769230769232,0.09523809523809523,0.0026513169370312225,0.019230769230769232,0.19230769230769232
FD002,0.1,0,False,0,cv5,83,76,52,6,0.6571481436547874,0.11538461538461539,0.09523809523809523,0.0026513169370312225,0.019230769230769232,0.19230769230769232
FD002,0.1,0,False,1,cv1,83,76,52,6,0.6501005063733463,0.11538461538461539,0.09523809523809523,0.0026513169370312225,0.019230769230769232,0.19230769230769232
FD002,0.1,0,False,1,cv2,83,76,52,5,0.525730353000359,0.09615384615384616,0.09523809523809523,0.0026513169370312225,0.019230769230769232,0.19230769230769232
FD002,0.1,0,False,1,cv3,83,76,52,12,0.9827570925559164,0.23076923076923078,0.09523809523809523,0.0026513169370312225,0.019230769230769232,0.19230769230769232
FD002,0.1,0,False,1,cv4,83,76,52,2,0.1751085288896253,0.038461538461538464,0.09523809523809523,0.0026513169370312225,0.019230769230769232,0.19230769230769232
FD002,0.1,0,False,1,cv5,83,76,52,7,0.8231044345259769,0.1346153846153846,0.09523809523809523,0.0026513169370312225,0.019230769230769232,0.19230769230769232
FD002,0.1,0,False,2,cv1,83,76,52,6,0.6946402476158916,0.11538461538461539,0.09523809523809523,0.0026513169370312225,0.019230769230769232,0.19230769230769232
FD002,0.1,0,False,2,cv2,83,76,52,9,0.901520337880194,0.17307692307692307,0.09523809523809523,0.0026513169370312225,0.019230769230769232,0.19230769230769232
FD002,0.1,0,False,2,cv3,83,76,52,5,0.490050337665413,0.09615384615384616,0.09523809523809523,0.0026513169370312225,0.019230769230769232,0.19230769230769232
FD002,0.1,0,False,2,cv4,83,76,52,4,0.46753729109329356,0.07692307692307693,0.09523809523809523,0.0026513169370312225,0.019230769230769232,0.19230769230769232
FD002,0.1,0,False,2,cv5,83,76,52,0,0.002225988799395441,0.0,0.09523809523809523,0.0026513169370312225,0.019230769230769232,0.19230769230769232
FD002,0.1,5,False,0,cv1,83,76,52,3,0.2030223000467857,0.057692307692307696,0.09523809523809523,0.0026513169370312225,0.019230769230769232,0.19230769230769232
FD002,0.1,5,False,0,cv2,83,76,52,1,0.06362572964624315,0.019230769230769232,0.09523809523809523,0.0026513169370312225,0.019230769230769232,0.19230769230769232
FD002,0.1,5,False,0,cv3,83,76,52,8,0.8534270916997887,0.15384615384615385,0.09523809523809523,0.0026513169370312225,0.019230769230769232,0.19230769230769232
FD002,0.1,5,False,0,cv4,83,76,52,1,0.04181459916700226,0.019230769230769232,0.09523809523809523,0.0026513169370312225,0.019230769230769232,0.19230769230769232
FD002,0.1,5,False,0,cv5,83,76,52,4,0.3871695718869569,0.07692307692307693,0.09523809523809523,0.0026513169370312225,0.019230769230769232,0.19230769230769232
FD002,0.1,5,False,1,cv1,83,76,52,6,0.7064259323529328,0.11538461538461539,0.09523809523809523,0.0026513169370312225,0.019230769230769232,0.19230769230769232
FD002,0.1,5,False,1,cv2,83,76,52,7,0.7857429253623308,0.1346153846153846,0.09523809523809523,0.0026513169370312225,0.019230769230769232,0.19230769230769232
FD002,0.1,5,False,1,cv3,83,76,52,13,0.9946031306536804,0.25,0.09523809523809523,0.0026513169370312225,0.019230769230769232,0.19230769230769232
FD002,0.1,5,False,1,cv4,83,76,52,0,0.008831671023498395,0.0,0.09523809523809523,0.0026513169370312225,0.019230769230769232,0.19230769230769232
FD002,0.1,5,False,1,cv5,83,76,52,1,0.034750955841554326,0.019230769230769232,0.09523809523809523,0.0026513169370312225,0.019230769230769232,0.19230769230769232
FD002,0.1,5,False,2,cv1,83,76,52,4,0.35400292207780737,0.07692307692307693,0.09523809523809523,0.0026513169370312225,0.019230769230769232,0.19230769230769232
FD002,0.1,5,False,2,cv2,83,76,52,6,0.713038728063176,0.11538461538461539,0.09523809523809523,0.0026513169370312225,0.019230769230769232,0.19230769230769232
FD002,0.1,5,False,2,cv3,83,76,52,5,0.5096417645433491,0.09615384615384616,0.09523809523809523,0.0026513169370312225,0.019230769230769232,0.19230769230769232
FD002,0.1,5,False,2,cv4,83,76,52,0,0.010843414020300863,0.0,0.09523809523809523,0.0026513169370312225,0.019230769230769232,0.19230769230769232
FD002,0.1,5,False,2,cv5,83,76,52,3,0.26758293397343214,0.057692307692307696,0.09523809523809523,0.0026513169370312225,0.019230769230769232,0.19230769230769232
FD002,0.1,10,True,0,cv1,83,76,52,2,0.17848166840832164,0.038461538461538464,0.09523809523809523,0.0026513169370312225,0.019230769230769232,0.19230769230769232
FD002,0.1,10,True,0,cv2,83,76,52,1,0.023035696467396477,0.019230769230769232,0.09523809523809523,0.0026513169370312225,0.019230769230769232,0.19230769230769232
FD002,0.1,10,True,0,cv3,83,76,52,8,0.847378515645278,0.15384615384615385,0.09523809523809523,0.0026513169370312225,0.019230769230769232,0.19230769230769232
FD002,0.1,10,True,0,cv4,83,76,52,2,0.14642756088401468,0.038461538461538464,0.09523809523809523,0.0026513169370312225,0.019230769230769232,0.19230769230769232
FD002,0.1,10,True,0,cv5,83,76,52,7,0.7728012027519797,0.1346153846153846,0.09523809523809523,0.0026513169370312225,0.019230769230769232,0.19230769230769232
FD002,0.1,10,True,1,cv1,83,76,52,6,0.6376489641560021,0.11538461538461539,0.09523809523809523,0.0026513169370312225,0.019230769230769232,0.19230769230769232
FD002,0.1,10,True,1,cv2,83,76,52,3,0.3092266772543845,0.057692307692307696,0.09523809523809523,0.0026513169370312225,0.019230769230769232,0.19230769230769232
FD002,0.1,10,True,1,cv3,83,76,52,7,0.8094557567715154,0.1346153846153846,0.09523809523809523,0.0026513169370312225,0.019230769230769232,0.19230769230769232
FD002,0.1,10,True,1,cv4,83,76,52,5,0.5100806761074002,0.09615384615384616,0.09523809523809523,0.0026513169370312225,0.019230769230769232,0.19230769230769232
FD002,0.1,10,True,1,cv5,83,76,52,2,0.08625540150787815,0.038461538461538464,0.09523809523809523,0.0026513169370312225,0.019230769230769232,0.19230769230769232
FD002,0.1,10,True,2,cv1,83,76,52,8,0.8882268479164481,0.15384615384615385,0.09523809523809523,0.0026513169370312225,0.019230769230769232,0.19230769230769232
FD002,0.1,10,True,2,cv2,83,76,52,6,0.6907681384380512,0.11538461538461539,0.09523809523809523,0.0026513169370312225,0.019230769230769232,0.19230769230769232
FD002,0.1,10,True,2,cv3,83,76,52,5,0.6120207907513108,0.09615384615384616,0.09523809523809523,0.0026513169370312225,0.019230769230769232,0.19230769230769232
FD002,0.1,10,True,2,cv4,83,76,52,3,0.25565174163192794,0.057692307692307696,0.09523809523809523,0.0026513169370312225,0.019230769230769232,0.19230769230769232
FD002,0.1,10,True,2,cv5,83,76,52,4,0.3595913073555079,0.07692307692307693,0.09523809523809523,0.0026513169370312225,0.019230769230769232,0.19230769230769232
FD002,0.1,15,False,0,cv1,83,76,52,4,0.3446100775249881,0.07692307692307693,0.09523809523809523,0.0026513169370312225,0.019230769230769232,0.19230769230769232
FD002,0.1,15,False,0,cv2,83,76,52,1,0.042185514440166,0.019230769230769232,0.09523809523809523,0.0026513169370312225,0.019230769230769232,0.19230769230769232
FD002,0.1,15,False,0,cv3,83,76,52,4,0.42934924592888263,0.07692307692307693,0.09523809523809523,0.0026513169370312225,0.019230769230769232,0.19230769230769232
FD002,0.1,15,False,0,cv4,83,76,52,6,0.6226917681362657,0.11538461538461539,0.09523809523809523,0.0026513169370312225,0.019230769230769232,0.19230769230769232
FD002,0.1,15,False,0,cv5,83,76,52,2,0.11814450430011397,0.038461538461538464,0.09523809523809523,0.0026513169370312225,0.019230769230769232,0.19230769230769232
FD002,0.1,15,False,1,cv1,83,76,52,7,0.7794745248266314,0.1346153846153846,0.09523809523809523,0.0026513169370312225,0.019230769230769232,0.19230769230769232
FD002,0.1,15,False,1,cv2,83,76,52,6,0.7029292462432231,0.11538461538461539,0.09523809523809523,0.0026513169370312225,0.019230769230769232,0.19230769230769232
FD002,0.1,15,False,1,cv3,83,76,52,4,0.35406219621241536,0.07692307692307693,0.09523809523809523,0.0026513169370312225,0.019230769230769232,0.19230769230769232
FD002,0.1,15,False,1,cv4,83,76,52,7,0.8226868420621887,0.1346153846153846,0.09523809523809523,0.0026513169370312225,0.019230769230769232,0.19230769230769232
FD002,0.1,15,False,1,cv5,83,76,52,6,0.6612980159080839,0.11538461538461539,0.09523809523809523,0.0026513169370312225,0.019230769230769232,0.19230769230769232
FD002,0.1,15,False,2,cv1,83,76,52,4,0.45133095041205407,0.07692307692307693,0.09523809523809523,0.0026513169370312225,0.019230769230769232,0.19230769230769232
FD002,0.1,15,False,2,cv2,83,76,52,6,0.7217771346508927,0.11538461538461539,0.09523809523809523,0.0026513169370312225,0.019230769230769232,0.19230769230769232
FD002,0.1,15,False,2,cv3,83,76,52,0,0.01575792111677532,0.0,0.09523809523809523,0.0026513169370312225,0.019230769230769232,0.19230769230769232
FD002,0.1,15,False,2,cv4,83,76,52,6,0.6533238595927774,0.11538461538461539,0.09523809523809523,0.0026513169370312225,0.019230769230769232,0.19230769230769232
FD002,0.1,15,False,2,cv5,83,76,52,5,0.5990858602369835,0.09615384615384616,0.09523809523809523,0.0026513169370312225,0.019230769230769232,0.19230769230769232
FD002,0.2,0,False,0,cv1,83,68,52,11,0.6127968606427554,0.21153846153846154,0.19047619047619047,0.00474446188731903,0.07692307692307693,0.3076923076923077
FD002,0.2,0,False,0,cv2,83,68,52,4,0.034142774838299,0.07692307692307693,0.19047619047619047,0.00474446188731903,0.07692307692307693,0.3076923076923077
FD002,0.2,0,False,0,cv3,83,68,52,11,0.6075555241493955,0.21153846153846154,0.19047619047619047,0.00474446188731903,0.07692307692307693,0.3076923076923077
FD002,0.2,0,False,0,cv4,83,68,52,5,0.07587326743026784,0.09615384615384616,0.19047619047619047,0.00474446188731903,0.07692307692307693,0.3076923076923077
FD002,0.2,0,False,0,cv5,83,68,52,9,0.37788537448584913,0.17307692307692307,0.19047619047619047,0.00474446188731903,0.07692307692307693,0.3076923076923077
FD002,0.2,0,False,1,cv1,83,68,52,7,0.2601018420574073,0.1346153846153846,0.19047619047619047,0.00474446188731903,0.07692307692307693,0.3076923076923077
FD002,0.2,0,False,1,cv2,83,68,52,11,0.5912149709757634,0.21153846153846154,0.19047619047619047,0.00474446188731903,0.07692307692307693,0.3076923076923077
FD002,0.2,0,False,1,cv3,83,68,52,19,0.988764106167404,0.36538461538461536,0.19047619047619047,0.00474446188731903,0.07692307692307693,0.3076923076923077
FD002,0.2,0,False,1,cv4,83,68,52,8,0.3524282440900517,0.15384615384615385,0.19047619047619047,0.00474446188731903,0.07692307692307693,0.3076923076923077
FD002,0.2,0,False,1,cv5,83,68,52,8,0.27801717282546906,0.15384615384615385,0.19047619047619047,0.00474446188731903,0.07692307692307693,0.3076923076923077
FD002,0.2,0,False,2,cv1,83,68,52,9,0.4360666116452781,0.17307692307692307,0.19047619047619047,0.00474446188731903,0.07692307692307693,0.3076923076923077
FD002,0.2,0,False,2,cv2,83,68,52,15,0.9141405109729839,0.28846153846153844,0.19047619047619047,0.00474446188731903,0.07692307692307693,0.3076923076923077
FD002,0.2,0,False,2,cv3,83,68,52,11,0.6650898422765712,0.21153846153846154,0.19047619047619047,0.00474446188731903,0.07692307692307693,0.3076923076923077
FD002,0.2,0,False,2,cv4,83,68,52,8,0.33771640396442715,0.15384615384615385,0.19047619047619047,0.00474446188731903,0.07692307692307693,0.3076923076923077
FD002,0.2,0,False,2,cv5,83,68,52,9,0.4614737645175281,0.17307692307692307,0.19047619047619047,0.00474446188731903,0.07692307692307693,0.3076923076923077
FD002,0.2,5,False,0,cv1,83,68,52,11,0.6686367472627405,0.21153846153846154,0.19047619047619047,0.00474446188731903,0.07692307692307693,0.3076923076923077
FD002,0.2,5,False,0,cv2,83,68,52,5,0.08075572566176434,0.09615384615384616,0.19047619047619047,0.00474446188731903,0.07692307692307693,0.3076923076923077
FD002,0.2,5,False,0,cv3,83,68,52,15,0.9073225003532533,0.28846153846153844,0.19047619047619047,0.00474446188731903,0.07692307692307693,0.3076923076923077
FD002,0.2,5,False,0,cv4,83,68,52,5,0.05724415284165342,0.09615384615384616,0.19047619047619047,0.00474446188731903,0.07692307692307693,0.3076923076923077
FD002,0.2,5,False,0,cv5,83,68,52,15,0.9003152139501457,0.28846153846153844,0.19047619047619047,0.00474446188731903,0.07692307692307693,0.3076923076923077
FD002,0.2,5,False,1,cv1,83,68,52,8,0.35592029156574806,0.15384615384615385,0.19047619047619047,0.00474446188731903,0.07692307692307693,0.3076923076923077
FD002,0.2,5,False,1,cv2,83,68,52,9,0.3992118230620502,0.17307692307692307,0.19047619047619047,0.00474446188731903,0.07692307692307693,0.3076923076923077
FD002,0.2,5,False,1,cv3,83,68,52,18,0.9844133787931294,0.34615384615384615,0.19047619047619047,0.00474446188731903,0.07692307692307693,0.3076923076923077
FD002,0.2,5,False,1,cv4,83,68,52,4,0.03137751747106518,0.07692307692307693,0.19047619047619047,0.00474446188731903,0.07692307692307693,0.3076923076923077
FD002,0.2,5,False,1,cv5,83,68,52,7,0.17797200101338206,0.1346153846153846,0.19047619047619047,0.00474446188731903,0.07692307692307693,0.3076923076923077
FD002,0.2,5,False,2,cv1,83,68,52,11,0.6186995990987428,0.21153846153846154,0.19047619047619047,0.00474446188731903,0.07692307692307693,0.3076923076923077
FD002,0.2,5,False,2,cv2,83,68,52,16,0.9417733652028846,0.3076923076923077,0.19047619047619047,0.00474446188731903,0.07692307692307693,0.3076923076923077
FD002,0.2,5,False,2,cv3,83,68,52,16,0.9344827192349975,0.3076923076923077,0.19047619047619047,0.00474446188731903,0.07692307692307693,0.3076923076923077
FD002,0.2,5,False,2,cv4,83,68,52,4,0.03504081337660907,0.07692307692307693,0.19047619047619047,0.00474446188731903,0.07692307692307693,0.3076923076923077
FD002,0.2,5,False,2,cv5,83,68,52,11,0.6690990474256044,0.21153846153846154,0.19047619047619047,0.00474446188731903,0.07692307692307693,0.3076923076923077
FD002,0.2,10,True,0,cv1,83,68,52,8,0.30768381961448393,0.15384615384615385,0.19047619047619047,0.00474446188731903,0.07692307692307693,0.3076923076923077
FD002,0.2,10,True,0,cv2,83,68,52,9,0.42454338061934194,0.17307692307692307,0.19047619047619047,0.00474446188731903,0.07692307692307693,0.3076923076923077
FD002,0.2,10,True,0,cv3,83,68,52,10,0.5897917386206882,0.19230769230769232,0.19047619047619047,0.00474446188731903,0.07692307692307693,0.3076923076923077
FD002,0.2,10,True,0,cv4,83,68,52,6,0.11674979674071122,0.11538461538461539,0.19047619047619047,0.00474446188731903,0.07692307692307693,0.3076923076923077
FD002,0.2,10,True,0,cv5,83,68,52,11,0.6438938126853294,0.21153846153846154,0.19047619047619047,0.00474446188731903,0.07692307692307693,0.3076923076923077
FD002,0.2,10,True,1,cv1,83,68,52,10,0.5885915337220097,0.19230769230769232,0.19047619047619047,0.00474446188731903,0.07692307692307693,0.3076923076923077
FD002,0.2,10,True,1,cv2,83,68,52,7,0.21800296137486797,0.1346153846153846,0.19047619047619047,0.00474446188731903,0.07692307692307693,0.3076923076923077
FD002,0.2,10,True,1,cv3,83,68,52,13,0.814258616001811,0.25,0.19047619047619047,0.00474446188731903,0.07692307692307693,0.3076923076923077
FD002,0.2,10,True,1,cv4,83,68,52,9,0.430448627633082,0.17307692307692307,0.19047619047619047,0.00474446188731903,0.07692307692307693,0.3076923076923077
FD002,0.2,10,True,1,cv5,83,68,52,7,0.18326836260820836,0.1346153846153846,0.19047619047619047,0.00474446188731903,0.07692307692307693,0.3076923076923077
FD002,0.2,10,True,2,cv1,83,68,52,10,0.5589999480941913,0.19230769230769232,0.19047619047619047,0.00474446188731903,0.07692307692307693,0.3076923076923077
FD002,0.2,10,True,2,cv2,83,68,52,18,0.9846071498400097,0.34615384615384615,0.19047619047619047,0.00474446188731903,0.07692307692307693,0.3076923076923077
FD002,0.2,10,True,2,cv3,83,68,52,11,0.6818623402134615,0.21153846153846154,0.19047619047619047,0.00474446188731903,0.07692307692307693,0.3076923076923077
FD002,0.2,10,True,2,cv4,83,68,52,8,0.32591259928026595,0.15384615384615385,0.19047619047619047,0.00474446188731903,0.07692307692307693,0.3076923076923077
FD002,0.2,10,True,2,cv5,83,68,52,12,0.7190237234507635,0.23076923076923078,0.19047619047619047,0.00474446188731903,0.07692307692307693,0.3076923076923077
FD002,0.2,15,False,0,cv1,83,68,52,6,0.14958899958100125,0.11538461538461539,0.19047619047619047,0.00474446188731903,0.07692307692307693,0.3076923076923077
FD002,0.2,15,False,0,cv2,83,68,52,12,0.7692060367072973,0.23076923076923078,0.19047619047619047,0.00474446188731903,0.07692307692307693,0.3076923076923077
FD002,0.2,15,False,0,cv3,83,68,52,10,0.5875434412741851,0.19230769230769232,0.19047619047619047,0.00474446188731903,0.07692307692307693,0.3076923076923077
FD002,0.2,15,False,0,cv4,83,68,52,7,0.19857766270121346,0.1346153846153846,0.19047619047619047,0.00474446188731903,0.07692307692307693,0.3076923076923077
FD002,0.2,15,False,0,cv5,83,68,52,9,0.4738113883129575,0.17307692307692307,0.19047619047619047,0.00474446188731903,0.07692307692307693,0.3076923076923077
FD002,0.2,15,False,1,cv1,83,68,52,11,0.6623862888068393,0.21153846153846154,0.19047619047619047,0.00474446188731903,0.07692307692307693,0.3076923076923077
FD002,0.2,15,False,1,cv2,83,68,52,7,0.25234109649489656,0.1346153846153846,0.19047619047619047,0.00474446188731903,0.07692307692307693,0.3076923076923077
FD002,0.2,15,False,1,cv3,83,68,52,10,0.499227061041913,0.19230769230769232,0.19047619047619047,0.00474446188731903,0.07692307692307693,0.3076923076923077
FD002,0.2,15,False,1,cv4,83,68,52,9,0.47833295576166807,0.17307692307692307,0.19047619047619047,0.00474446188731903,0.07692307692307693,0.3076923076923077
FD002,0.2,15,False,1,cv5,83,68,52,7,0.2415388340810714,0.1346153846153846,0.19047619047619047,0.00474446188731903,0.07692307692307693,0.3076923076923077
FD002,0.2,15,False,2,cv1,83,68,52,10,0.4991220788534465,0.19230769230769232,0.19047619047619047,0.00474446188731903,0.07692307692307693,0.3076923076923077
FD002,0.2,15,False,2,cv2,83,68,52,11,0.6435173790923252,0.21153846153846154,0.19047619047619047,0.00474446188731903,0.07692307692307693,0.3076923076923077
FD002,0.2,15,False,2,cv3,83,68,52,7,0.18292729502257762,0.1346153846153846,0.19047619047619047,0.00474446188731903,0.07692307692307693,0.3076923076923077
FD002,0.2,15,False,2,cv4,83,68,52,14,0.8798248004855245,0.2692307692307692,0.19047619047619047,0.00474446188731903,0.07692307692307693,0.3076923076923077
FD002,0.2,15,False,2,cv5,83,68,52,12,0.73959050239606,0.23076923076923078,0.19047619047619047,0.00474446188731903,0.07692307692307693,0.3076923076923077
FD003,0.05,0,False,0,cv1,32,32,20,0,0.35586900714273,0.0,0.030303030303030304,0.0022902825041862477,0.0,0.15
FD003,0.05,0,False,0,cv2,32,32,20,0,0.521371836319945,0.0,0.030303030303030304,0.0022902825041862477,0.0,0.15
FD003,0.05,0,False,0,cv3,32,32,20,3,0.9743464040747691,0.15,0.030303030303030304,0.0022902825041862477,0.0,0.15
FD003,0.05,0,False,0,cv4,32,32,20,0,0.05644021834145972,0.0,0.030303030303030304,0.0022902825041862477,0.0,0.15
FD003,0.05,0,False,0,cv5,32,32,20,0,0.46900866838333366,0.0,0.030303030303030304,0.0022902825041862477,0.0,0.15
FD003,0.05,0,False,1,cv1,32,32,20,0,0.33320964172970163,0.0,0.030303030303030304,0.0022902825041862477,0.0,0.15
FD003,0.05,0,False,1,cv2,32,32,20,0,0.11617270572772258,0.0,0.030303030303030304,0.0022902825041862477,0.0,0.15
FD003,0.05,0,False,1,cv3,32,32,20,1,0.699168453462017,0.05,0.030303030303030304,0.0022902825041862477,0.0,0.15
FD003,0.05,0,False,1,cv4,32,32,20,0,0.31335020509255007,0.0,0.030303030303030304,0.0022902825041862477,0.0,0.15
FD003,0.05,0,False,1,cv5,32,32,20,0,0.5285204798583408,0.0,0.030303030303030304,0.0022902825041862477,0.0,0.15
FD003,0.05,0,False,2,cv1,32,32,20,0,0.5427094574784984,0.0,0.030303030303030304,0.0022902825041862477,0.0,0.15
FD003,0.05,0,False,2,cv2,32,32,20,0,0.06283210046541961,0.0,0.030303030303030304,0.0022902825041862477,0.0,0.15
FD003,0.05,0,False,2,cv3,32,32,20,2,0.89725941315386,0.1,0.030303030303030304,0.0022902825041862477,0.0,0.15
FD003,0.05,0,False,2,cv4,32,32,20,1,0.8189512382883234,0.05,0.030303030303030304,0.0022902825041862477,0.0,0.15
FD003,0.05,0,False,2,cv5,32,32,20,0,0.3706853722252824,0.0,0.030303030303030304,0.0022902825041862477,0.0,0.15
FD003,0.05,5,False,0,cv1,32,32,20,0,0.5262534632616543,0.0,0.030303030303030304,0.0022902825041862477,0.0,0.15
FD003,0.05,5,False,0,cv2,32,32,20,0,0.36754468689194647,0.0,0.030303030303030304,0.0022902825041862477,0.0,0.15
FD003,0.05,5,False,0,cv3,32,32,20,3,0.9559297710827858,0.15,0.030303030303030304,0.0022902825041862477,0.0,0.15
FD003,0.05,5,False,0,cv4,32,32,20,0,0.3094477358177212,0.0,0.030303030303030304,0.0022902825041862477,0.0,0.15
FD003,0.05,5,False,0,cv5,32,32,20,2,0.903953867750682,0.1,0.030303030303030304,0.0022902825041862477,0.0,0.15
FD003,0.05,5,False,1,cv1,32,32,20,0,0.5502017945927193,0.0,0.030303030303030304,0.0022902825041862477,0.0,0.15
FD003,0.05,5,False,1,cv2,32,32,20,0,0.21892447620591066,0.0,0.030303030303030304,0.0022902825041862477,0.0,0.15
FD003,0.05,5,False,1,cv3,32,32,20,1,0.6720940259313957,0.05,0.030303030303030304,0.0022902825041862477,0.0,0.15
FD003,0.05,5,False,1,cv4,32,32,20,0,0.46083567398772957,0.0,0.030303030303030304,0.0022902825041862477,0.0,0.15
FD003,0.05,5,False,1,cv5,32,32,20,0,0.2582036494390518,0.0,0.030303030303030304,0.0022902825041862477,0.0,0.15
FD003,0.05,5,False,2,cv1,32,32,20,0,0.29806194350064613,0.0,0.030303030303030304,0.0022902825041862477,0.0,0.15
FD003,0.05,5,False,2,cv2,32,32,20,0,0.6009762983593817,0.0,0.030303030303030304,0.0022902825041862477,0.0,0.15
FD003,0.05,5,False,2,cv3,32,32,20,1,0.7781949673971331,0.05,0.030303030303030304,0.0022902825041862477,0.0,0.15
FD003,0.05,5,False,2,cv4,32,32,20,2,0.9183234034249171,0.1,0.030303030303030304,0.0022902825041862477,0.0,0.15
FD003,0.05,5,False,2,cv5,32,32,20,0,0.5747005098768598,0.0,0.030303030303030304,0.0022902825041862477,0.0,0.15
FD003,0.05,10,True,0,cv1,32,32,20,0,0.4407968088539591,0.0,0.030303030303030304,0.0022902825041862477,0.0,0.15
FD003,0.05,10,True,0,cv2,32,32,20,0,0.5875522311477633,0.0,0.030303030303030304,0.0022902825041862477,0.0,0.15
FD003,0.05,10,True,0,cv3,32,32,20,3,0.9697505712633845,0.15,0.030303030303030304,0.0022902825041862477,0.0,0.15
FD003,0.05,10,True,0,cv4,32,32,20,0,0.36148609529328357,0.0,0.030303030303030304,0.0022902825041862477,0.0,0.15
FD003,0.05,10,True,0,cv5,32,32,20,2,0.8827767220710726,0.1,0.030303030303030304,0.0022902825041862477,0.0,0.15
FD003,0.05,10,True,1,cv1,32,32,20,0,0.14202835919986562,0.0,0.030303030303030304,0.0022902825041862477,0.0,0.15
FD003,0.05,10,True,1,cv2,32,32,20,0,0.32707837829724296,0.0,0.030303030303030304,0.0022902825041862477,0.0,0.15
FD003,0.05,10,True,1,cv3,32,32,20,1,0.6296365174004924,0.05,0.030303030303030304,0.0022902825041862477,0.0,0.15
FD003,0.05,10,True,1,cv4,32,32,20,0,0.10356184309806135,0.0,0.030303030303030304,0.0022902825041862477,0.0,0.15
FD003,0.05,10,True,1,cv5,32,32,20,0,0.4359195214555754,0.0,0.030303030303030304,0.0022902825041862477,0.0,0.15
FD003,0.05,10,True,2,cv1,32,32,20,2,0.9189802167441189,0.1,0.030303030303030304,0.0022902825041862477,0.0,0.15
FD003,0.05,10,True,2,cv2,32,32,20,0,0.017441931898068825,0.0,0.030303030303030304,0.0022902825041862477,0.0,0.15
FD003,0.05,10,True,2,cv3,32,32,20,0,0.10040935256008751,0.0,0.030303030303030304,0.0022902825041862477,0.0,0.15
FD003,0.05,10,True,2,cv4,32,32,20,0,0.3801995974493404,0.0,0.030303030303030304,0.0022902825041862477,0.0,0.15
FD003,0.05,10,True,2,cv5,32,32,20,0,0.250864093434109,0.0,0.030303030303030304,0.0022902825041862477,0.0,0.15
FD003,0.05,15,False,0,cv1,32,32,20,1,0.7575181630511637,0.05,0.030303030303030304,0.0022902825041862477,0.0,0.15
FD003,0.05,15,False,0,cv2,32,32,20,0,0.07920103675981506,0.0,0.030303030303030304,0.0022902825041862477,0.0,0.15
FD003,0.05,15,False,0,cv3,32,32,20,1,0.8235259529070156,0.05,0.030303030303030304,0.0022902825041862477,0.0,0.15
FD003,0.05,15,False,0,cv4,32,32,20,2,0.8804574029928248,0.1,0.030303030303030304,0.0022902825041862477,0.0,0.15
FD003,0.05,15,False,0,cv5,32,32,20,1,0.70573858491185,0.05,0.030303030303030304,0.0022902825041862477,0.0,0.15
FD003,0.05,15,False,1,cv1,32,32,20,0,0.2765353982672666,0.0,0.030303030303030304,0.0022902825041862477,0.0,0.15
FD003,0.05,15,False,1,cv2,32,32,20,1,0.7584504992014592,0.05,0.030303030303030304,0.0022902825041862477,0.0,0.15
FD003,0.05,15,False,1,cv3,32,32,20,0,0.6033960860678452,0.0,0.030303030303030304,0.0022902825041862477,0.0,0.15
FD003,0.05,15,False,1,cv4,32,32,20,2,0.875917487336042,0.1,0.030303030303030304,0.0022902825041862477,0.0,0.15
FD003,0.05,15,False,1,cv5,32,32,20,0,0.0999293515010278,0.0,0.030303030303030304,0.0022902825041862477,0.0,0.15
FD003,0.05,15,False,2,cv1,32,32,20,1,0.6504583105699869,0.05,0.030303030303030304,0.0022902825041862477,0.0,0.15
FD003,0.05,15,False,2,cv2,32,32,20,0,0.47675879918948466,0.0,0.030303030303030304,0.0022902825041862477,0.0,0.15
FD003,0.05,15,False,2,cv3,32,32,20,0,0.23535735355734044,0.0,0.030303030303030304,0.0022902825041862477,0.0,0.15
FD003,0.05,15,False,2,cv4,32,32,20,2,0.941718817198951,0.1,0.030303030303030304,0.0022902825041862477,0.0,0.15
FD003,0.05,15,False,2,cv5,32,32,20,0,0.04095958896311682,0.0,0.030303030303030304,0.0022902825041862477,0.0,0.15
FD003,0.1,0,False,0,cv1,32,30,20,0,0.11929954187473424,0.0,0.09090909090909091,0.0064414195430238215,0.0,0.25
FD003,0.1,0,False,0,cv2,32,30,20,3,0.8219738296580212,0.15,0.09090909090909091,0.0064414195430238215,0.0,0.25
FD003,0.1,0,False,0,cv3,32,30,20,3,0.7872352185931306,0.15,0.09090909090909091,0.0064414195430238215,0.0,0.25
FD003,0.1,0,False,0,cv4,32,30,20,0,0.091254782788433,0.0,0.09090909090909091,0.0064414195430238215,0.0,0.25
FD003,0.1,0,False,0,cv5,32,30,20,2,0.6758086073030252,0.1,0.09090909090909091,0.0064414195430238215,0.0,0.25
FD003,0.1,0,False,1,cv1,32,30,20,0,0.11426042241039777,0.0,0.09090909090909091,0.0064414195430238215,0.0,0.25
FD003,0.1,0,False,1,cv2,32,30,20,2,0.6964816805002241,0.1,0.09090909090909091,0.0064414195430238215,0.0,0.25
FD003,0.1,0,False,1,cv3,32,30,20,2,0.5511633696587469,0.1,0.09090909090909091,0.0064414195430238215,0.0,0.25
FD003,0.1,0,False,1,cv4,32,30,20,2,0.6294543999028345,0.1,0.09090909090909091,0.0064414195430238215,0.0,0.25
FD003,0.1,0,False,1,cv5,32,30,20,2,0.6372918137663126,0.1,0.09090909090909091,0.0064414195430238215,0.0,0.25
FD003,0.1,0,False,2,cv1,32,30,20,2,0.6966109779789573,0.1,0.09090909090909091,0.0064414195430238215,0.0,0.25
FD003,0.1,0,False,2,cv2,32,30,20,1,0.2500626757159099,0.05,0.09090909090909091,0.0064414195430238215,0.0,0.25
FD003,0.1,0,False,2,cv3,32,30,20,2,0.6745477195179347,0.1,0.09090909090909091,0.0064414195430238215,0.0,0.25
FD003,0.1,0,False,2,cv4,32,30,20,1,0.4122694118227008,0.05,0.09090909090909091,0.0064414195430238215,0.0,0.25
FD003,0.1,0,False,2,cv5,32,30,20,2,0.6864895908078086,0.1,0.09090909090909091,0.0064414195430238215,0.0,0.25
FD003,0.1,5,False,0,cv1,32,30,20,0,0.13664880909745364,0.0,0.09090909090909091,0.0064414195430238215,0.0,0.25
FD003,0.1,5,False,0,cv2,32,30,20,4,0.8906191699264512,0.2,0.09090909090909091,0.0064414195430238215,0.0,0.25
FD003,0.1,5,False,0,cv3,32,30,20,3,0.8274022860885663,0.15,0.09090909090909091,0.0064414195430238215,0.0,0.25
FD003,0.1,5,False,0,cv4,32,30,20,1,0.30253328996580825,0.05,0.09090909090909091,0.0064414195430238215,0.0,0.25
FD003,0.1,5,False,0,cv5,32,30,20,2,0.511309011731184,0.1,0.09090909090909091,0.0064414195430238215,0.0,0.25
FD003,0.1,5,False,1,cv1,32,30,20,0,0.16831795353360715,0.0,0.09090909090909091,0.0064414195430238215,0.0,0.25
FD003,0.1,5,False,1,cv2,32,30,20,5,0.9637995400772601,0.25,0.09090909090909091,0.0064414195430238215,0.0,0.25
FD003,0.1,5,False,1,cv3,32,30,20,2,0.6795427266521892,0.1,0.09090909090909091,0.0064414195430238215,0.0,0.25
FD003,0.1,5,False,1,cv4,32,30,20,1,0.34746720630441663,0.05,0.09090909090909091,0.0064414195430238215,0.0,0.25
FD003,0.1,5,False,1,cv5,32,30,20,2,0.6586554353318778,0.1,0.09090909090909091,0.0064414195430238215,0.0,0.25
FD003,0.1,5,False,2,cv1,32,30,20,1,0.42055595961073045,0.05,0.09090909090909091,0.0064414195430238215,0.0,0.25
FD003,0.1,5,False,2,cv2,32,30,20,3,0.7568869642881465,0.15,0.09090909090909091,0.0064414195430238215,0.0,0.25
FD003,0.1,5,False,2,cv3,32,30,20,1,0.4348180037208915,0.05,0.09090909090909091,0.0064414195430238215,0.0,0.25
FD003,0.1,5,False,2,cv4,32,30,20,2,0.7090251921867443,0.1,0.09090909090909091,0.0064414195430238215,0.0,0.25
FD003,0.1,5,False,2,cv5,32,30,20,2,0.5758572025167679,0.1,0.09090909090909091,0.0064414195430238215,0.0,0.25
FD003,0.1,10,True,0,cv1,32,30,20,1,0.29958203270771433,0.05,0.09090909090909091,0.0064414195430238215,0.0,0.25
FD003,0.1,10,True,0,cv2,32,30,20,3,0.7978967260421497,0.15,0.09090909090909091,0.0064414195430238215,0.0,0.25
FD003,0.1,10,True,0,cv3,32,30,20,5,0.9663070750675754,0.25,0.09090909090909091,0.0064414195430238215,0.0,0.25
FD003,0.1,10,True,0,cv4,32,30,20,0,0.1365215551099004,0.0,0.09090909090909091,0.0064414195430238215,0.0,0.25
FD003,0.1,10,True,0,cv5,32,30,20,5,0.969841653913169,0.25,0.09090909090909091,0.0064414195430238215,0.0,0.25
FD003,0.1,10,True,1,cv1,32,30,20,1,0.4779849437676358,0.05,0.09090909090909091,0.0064414195430238215,0.0,0.25
FD003,0.1,10,True,1,cv2,32,30,20,2,0.653879012033674,0.1,0.09090909090909091,0.0064414195430238215,0.0,0.25
FD003,0.1,10,True,1,cv3,32,30,20,1,0.41870127679114355,0.05,0.09090909090909091,0.0064414195430238215,0.0,0.25
FD003,0.1,10,True,1,cv4,32,30,20,1,0.27336668975686795,0.05,0.09090909090909091,0.0064414195430238215,0.0,0.25
FD003,0.1,10,True,1,cv5,32,30,20,1,0.31816078460060904,0.05,0.09090909090909091,0.0064414195430238215,0.0,0.25
FD003,0.1,10,True,2,cv1,32,30,20,2,0.6755105124350891,0.1,0.09090909090909091,0.0064414195430238215,0.0,0.25
FD003,0.1,10,True,2,cv2,32,30,20,7,0.9913275851721944,0.35,0.09090909090909091,0.0064414195430238215,0.0,0.25
FD003,0.1,10,True,2,cv3,32,30,20,2,0.5488689236102142,0.1,0.09090909090909091,0.0064414195430238215,0.0,0.25
FD003,0.1,10,True,2,cv4,32,30,20,4,0.8605459585041483,0.2,0.09090909090909091,0.0064414195430238215,0.0,0.25
FD003,0.1,10,True,2,cv5,32,30,20,0,0.0500593011380286,0.0,0.09090909090909091,0.0064414195430238215,0.0,0.25
FD003,0.1,15,False,0,cv1,32,30,20,1,0.38303521642468424,0.05,0.09090909090909091,0.0064414195430238215,0.0,0.25
FD003,0.1,15,False,0,cv2,32,30,20,1,0.4784034832388293,0.05,0.09090909090909091,0.0064414195430238215,0.0,0.25
FD003,0.1,15,False,0,cv3,32,30,20,3,0.7711867556563923,0.15,0.09090909090909091,0.0064414195430238215,0.0,0.25
FD003,0.1,15,False,0,cv4,32,30,20,2,0.6710264188982065,0.1,0.09090909090909091,0.0064414195430238215,0.0,0.25
FD003,0.1,15,False,0,cv5,32,30,20,2,0.5272732436108595,0.1,0.09090909090909091,0.0064414195430238215,0.0,0.25
FD003,0.1,15,False,1,cv1,32,30,20,0,0.18465032368729123,0.0,0.09090909090909091,0.0064414195430238215,0.0,0.25
FD003,0.1,15,False,1,cv2,32,30,20,1,0.47933680458547817,0.05,0.09090909090909091,0.0064414195430238215,0.0,0.25
FD003,0.1,15,False,1,cv3,32,30,20,3,0.7866068529321727,0.15,0.09090909090909091,0.0064414195430238215,0.0,0.25
FD003,0.1,15,False,1,cv4,32,30,20,3,0.7799708424960003,0.15,0.09090909090909091,0.0064414195430238215,0.0,0.25
FD003,0.1,15,False,1,cv5,32,30,20,0,0.20381100842099212,0.0,0.09090909090909091,0.0064414195430238215,0.0,0.25
FD003,0.1,15,False,2,cv1,32,30,20,2,0.5488172690237723,0.1,0.09090909090909091,0.0064414195430238215,0.0,0.25
FD003,0.1,15,False,2,cv2,32,30,20,6,0.9870251716883487,0.3,0.09090909090909091,0.0064414195430238215,0.0,0.25
FD003,0.1,15,False,2,cv3,32,30,20,0,0.20591860036717805,0.0,0.09090909090909091,0.0064414195430238215,0.0,0.25
FD003,0.1,15,False,2,cv4,32,30,20,2,0.7075794394070982,0.1,0.09090909090909091,0.0064414195430238215,0.0,0.25
FD003,0.1,15,False,2,cv5,32,30,20,0,0.19999960438065242,0.0,0.09090909090909091,0.0064414195430238215,0.0,0.25
FD003,0.2,0,False,0,cv1,32,27,20,2,0.25084295577627874,0.1,0.18181818181818182,0.011594555177442878,0.05,0.4
FD003,0.2,0,False,0,cv2,32,27,20,6,0.8708225252498337,0.3,0.18181818181818182,0.011594555177442878,0.05,0.4
FD003,0.2,0,False,0,cv3,32,27,20,9,0.9838572755456367,0.45,0.18181818181818182,0.011594555177442878,0.05,0.4
FD003,0.2,0,False,0,cv4,32,27,20,1,0.07954976747778224,0.05,0.18181818181818182,0.011594555177442878,0.05,0.4
FD003,0.2,0,False,0,cv5,32,27,20,3,0.5176680418339268,0.15,0.18181818181818182,0.011594555177442878,0.05,0.4
FD003,0.2,0,False,1,cv1,32,27,20,0,0.0011115036804027233,0.0,0.18181818181818182,0.011594555177442878,0.05,0.4
FD003,0.2,0,False,1,cv2,32,27,20,6,0.8342109829704734,0.3,0.18181818181818182,0.011594555177442878,0.05,0.4
FD003,0.2,0,False,1,cv3,32,27,20,4,0.6740553430036715,0.2,0.18181818181818182,0.011594555177442878,0.05,0.4
FD003,0.2,0,False,1,cv4,32,27,20,2,0.3240412336154924,0.1,0.18181818181818182,0.011594555177442878,0.05,0.4
FD003,0.2,0,False,1,cv5,32,27,20,4,0.5658477060036728,0.2,0.18181818181818182,0.011594555177442878,0.05,0.4
FD003,0.2,0,False,2,cv1,32,27,20,4,0.6859010032072665,0.2,0.18181818181818182,0.011594555177442878,0.05,0.4
FD003,0.2,0,False,2,cv2,32,27,20,2,0.3000753810272406,0.1,0.18181818181818182,0.011594555177442878,0.05,0.4
FD003,0.2,0,False,2,cv3,32,27,20,2,0.2939347579333635,0.1,0.18181818181818182,0.011594555177442878,0.05,0.4
FD003,0.2,0,False,2,cv4,32,27,20,2,0.25875537945827615,0.1,0.18181818181818182,0.011594555177442878,0.05,0.4
FD003,0.2,0,False,2,cv5,32,27,20,2,0.22828457813165576,0.1,0.18181818181818182,0.011594555177442878,0.05,0.4
FD003,0.2,5,False,0,cv1,32,27,20,4,0.5209590340316884,0.2,0.18181818181818182,0.011594555177442878,0.05,0.4
FD003,0.2,5,False,0,cv2,32,27,20,6,0.8439163791662423,0.3,0.18181818181818182,0.011594555177442878,0.05,0.4
FD003,0.2,5,False,0,cv3,32,27,20,5,0.7334858726554639,0.25,0.18181818181818182,0.011594555177442878,0.05,0.4
FD003,0.2,5,False,0,cv4,32,27,20,1,0.053973843363701764,0.05,0.18181818181818182,0.011594555177442878,0.05,0.4
FD003,0.2,5,False,0,cv5,32,27,20,7,0.9022173173903203,0.35,0.18181818181818182,0.011594555177442878,0.05,0.4
FD003,0.2,5,False,1,cv1,32,27,20,2,0.2058220657806646,0.1,0.18181818181818182,0.011594555177442878,0.05,0.4
FD003,0.2,5,False,1,cv2,32,27,20,6,0.8548743652838724,0.3,0.18181818181818182,0.011594555177442878,0.05,0.4
FD003,0.2,5,False,1,cv3,32,27,20,5,0.7841495968150324,0.25,0.18181818181818182,0.011594555177442878,0.05,0.4
FD003,0.2,5,False,1,cv4,32,27,20,2,0.2616782737121296,0.1,0.18181818181818182,0.011594555177442878,0.05,0.4
FD003,0.2,5,False,1,cv5,32,27,20,4,0.609499624328256,0.2,0.18181818181818182,0.011594555177442878,0.05,0.4
FD003,0.2,5,False,2,cv1,32,27,20,6,0.8805940403896441,0.3,0.18181818181818182,0.011594555177442878,0.05,0.4
FD003,0.2,5,False,2,cv2,32,27,20,6,0.8849683087810483,0.3,0.18181818181818182,0.011594555177442878,0.05,0.4
FD003,0.2,5,False,2,cv3,32,27,20,4,0.5926616760886925,0.2,0.18181818181818182,0.011594555177442878,0.05,0.4
FD003,0.2,5,False,2,cv4,32,27,20,2,0.26481635403336024,0.1,0.18181818181818182,0.011594555177442878,0.05,0.4
FD003,0.2,5,False,2,cv5,32,27,20,2,0.31871573952681426,0.1,0.18181818181818182,0.011594555177442878,0.05,0.4
FD003,0.2,10,True,0,cv1,32,27,20,1,0.053779061205023196,0.05,0.18181818181818182,0.011594555177442878,0.05,0.4
FD003,0.2,10,True,0,cv2,32,27,20,6,0.8646223781257482,0.3,0.18181818181818182,0.011594555177442878,0.05,0.4
FD003,0.2,10,True,0,cv3,32,27,20,5,0.7844532057817077,0.25,0.18181818181818182,0.011594555177442878,0.05,0.4
FD003,0.2,10,True,0,cv4,32,27,20,1,0.09413254699744059,0.05,0.18181818181818182,0.011594555177442878,0.05,0.4
FD003,0.2,10,True,0,cv5,32,27,20,5,0.7810821373339512,0.25,0.18181818181818182,0.011594555177442878,0.05,0.4
FD003,0.2,10,True,1,cv1,32,27,20,1,0.14205460475085932,0.05,0.18181818181818182,0.011594555177442878,0.05,0.4
FD003,0.2,10,True,1,cv2,32,27,20,5,0.7829093739851386,0.25,0.18181818181818182,0.011594555177442878,0.05,0.4
FD003,0.2,10,True,1,cv3,32,27,20,6,0.8584870085684382,0.3,0.18181818181818182,0.011594555177442878,0.05,0.4
FD003,0.2,10,True,1,cv4,32,27,20,3,0.4678236238275252,0.15,0.18181818181818182,0.011594555177442878,0.05,0.4
FD003,0.2,10,True,1,cv5,32,27,20,1,0.1268779468048412,0.05,0.18181818181818182,0.011594555177442878,0.05,0.4
FD003,0.2,10,True,2,cv1,32,27,20,3,0.40398923825954947,0.15,0.18181818181818182,0.011594555177442878,0.05,0.4
FD003,0.2,10,True,2,cv2,32,27,20,8,0.9495483313794885,0.4,0.18181818181818182,0.011594555177442878,0.05,0.4
FD003,0.2,10,True,2,cv3,32,27,20,3,0.5100074418447915,0.15,0.18181818181818182,0.011594555177442878,0.05,0.4
FD003,0.2,10,True,2,cv4,32,27,20,9,0.9829701272864267,0.45,0.18181818181818182,0.011594555177442878,0.05,0.4
FD003,0.2,10,True,2,cv5,32,27,20,2,0.21185165182814725,0.1,0.18181818181818182,0.011594555177442878,0.05,0.4
FD003,0.2,15,False,0,cv1,32,27,20,1,0.07360278699408819,0.05,0.18181818181818182,0.011594555177442878,0.05,0.4
FD003,0.2,15,False,0,cv2,32,27,20,3,0.40700821095113354,0.15,0.18181818181818182,0.011594555177442878,0.05,0.4
FD003,0.2,15,False,0,cv3,32,27,20,5,0.7592527355549936,0.25,0.18181818181818182,0.011594555177442878,0.05,0.4
FD003,0.2,15,False,0,cv4,32,27,20,3,0.42914651406590093,0.15,0.18181818181818182,0.011594555177442878,0.05,0.4
FD003,0.2,15,False,0,cv5,32,27,20,9,0.9818085635996325,0.45,0.18181818181818182,0.011594555177442878,0.05,0.4
FD003,0.2,15,False,1,cv1,32,27,20,2,0.17397400636604698,0.1,0.18181818181818182,0.011594555177442878,0.05,0.4
FD003,0.2,15,False,1,cv2,32,27,20,5,0.8103657528806697,0.25,0.18181818181818182,0.011594555177442878,0.05,0.4
FD003,0.2,15,False,1,cv3,32,27,20,5,0.68793045672173,0.25,0.18181818181818182,0.011594555177442878,0.05,0.4
FD003,0.2,15,False,1,cv4,32,27,20,4,0.6725768318126693,0.2,0.18181818181818182,0.011594555177442878,0.05,0.4
FD003,0.2,15,False,1,cv5,32,27,20,3,0.33817515776496593,0.15,0.18181818181818182,0.011594555177442878,0.05,0.4
FD003,0.2,15,False,2,cv1,32,27,20,3,0.4268384700698604,0.15,0.18181818181818182,0.011594555177442878,0.05,0.4
FD003,0.2,15,False,2,cv2,32,27,20,6,0.879646979690795,0.3,0.18181818181818182,0.011594555177442878,0.05,0.4
FD003,0.2,15,False,2,cv3,32,27,20,1,0.12156437785805502,0.05,0.18181818181818182,0.011594555177442878,0.05,0.4
FD003,0.2,15,False,2,cv4,32,27,20,5,0.775474593348937,0.25,0.18181818181818182,0.011594555177442878,0.05,0.4
FD003,0.2,15,False,2,cv5,32,27,20,0,0.004339542814346584,0.0,0.18181818181818182,0.011594555177442878,0.05,0.4
FD004,0.05,0,False,0,cv1,80,77,50,1,0.3302028678530682,0.02,0.04938271604938271,0.0014999200746465627,0.0,0.12
FD004,0.05,0,False,0,cv2,80,77,50,1,0.28285643188834697,0.02,0.04938271604938271,0.0014999200746465627,0.0,0.12
FD004,0.05,0,False,0,cv3,80,77,50,0,0.13112735568067058,0.0,0.04938271604938271,0.0014999200746465627,0.0,0.12
FD004,0.05,0,False,0,cv4,80,77,50,6,0.9618563749274907,0.12,0.04938271604938271,0.0014999200746465627,0.0,0.12
FD004,0.05,0,False,0,cv5,80,77,49,3,0.712619358933148,0.061224489795918366,0.04938271604938271,0.0015188472480452807,0.0,0.12244897959183673
FD004,0.05,0,False,1,cv1,80,77,50,2,0.5346383438716151,0.04,0.04938271604938271,0.0014999200746465627,0.0,0.12
FD004,0.05,0,False,1,cv2,80,77,50,2,0.5683998663760563,0.04,0.04938271604938271,0.0014999200746465627,0.0,0.12
FD004,0.05,0,False,1,cv3,80,77,50,2,0.5160480191133068,0.04,0.04938271604938271,0.0014999200746465627,0.0,0.12
FD004,0.05,0,False,1,cv4,80,77,50,0,0.08517143066552307,0.0,0.04938271604938271,0.0014999200746465627,0.0,0.12
FD004,0.05,0,False,1,cv5,80,77,49,1,0.26235695275841187,0.02040816326530612,0.04938271604938271,0.0015188472480452807,0.0,0.12244897959183673
FD004,0.05,0,False,2,cv1,80,77,50,5,0.8920212053925493,0.1,0.04938271604938271,0.0014999200746465627,0.0,0.12
FD004,0.05,0,False,2,cv2,80,77,50,4,0.8162818466035469,0.08,0.04938271604938271,0.0014999200746465627,0.0,0.12
FD004,0.05,0,False,2,cv3,80,77,50,3,0.6815887233233839,0.06,0.04938271604938271,0.0014999200746465627,0.0,0.12
FD004,0.05,0,False,2,cv4,80,77,50,1,0.1395499193394122,0.02,0.04938271604938271,0.0014999200746465627,0.0,0.12
FD004,0.05,0,False,2,cv5,80,77,49,3,0.6117663890123763,0.061224489795918366,0.04938271604938271,0.0015188472480452807,0.0,0.12244897959183673
FD004,0.05,5,False,0,cv1,80,77,50,2,0.45051601423973064,0.04,0.04938271604938271,0.0014999200746465627,0.0,0.12
FD004,0.05,5,False,0,cv2,80,77,50,5,0.8761082458989166,0.1,0.04938271604938271,0.0014999200746465627,0.0,0.12
FD004,0.05,5,False,0,cv3,80,77,50,0,0.09391800061787785,0.0,0.04938271604938271,0.0014999200746465627,0.0,0.12
FD004,0.05,5,False,0,cv4,80,77,50,11,0.9993304415144297,0.22,0.04938271604938271,0.0014999200746465627,0.0,0.12
FD004,0.05,5,False,0,cv5,80,77,49,2,0.4268625748030157,0.04081632653061224,0.04938271604938271,0.0015188472480452807,0.0,0.12244897959183673
FD004,0.05,5,False,1,cv1,80,77,50,0,0.11287900242565702,0.0,0.04938271604938271,0.0014999200746465627,0.0,0.12
FD004,0.05,5,False,1,cv2,80,77,50,2,0.44068312247525254,0.04,0.04938271604938271,0.0014999200746465627,0.0,0.12
FD004,0.05,5,False,1,cv3,80,77,50,2,0.5170165458483132,0.04,0.04938271604938271,0.0014999200746465627,0.0,0.12
FD004,0.05,5,False,1,cv4,80,77,50,1,0.1588500707124712,0.02,0.04938271604938271,0.0014999200746465627,0.0,0.12
FD004,0.05,5,False,1,cv5,80,77,49,2,0.5049229760236782,0.04081632653061224,0.04938271604938271,0.0015188472480452807,0.0,0.12244897959183673
FD004,0.05,5,False,2,cv1,80,77,50,2,0.47300050791127485,0.04,0.04938271604938271,0.0014999200746465627,0.0,0.12
FD004,0.05,5,False,2,cv2,80,77,50,2,0.5398204465221258,0.04,0.04938271604938271,0.0014999200746465627,0.0,0.12
FD004,0.05,5,False,2,cv3,80,77,50,1,0.16544137831034367,0.02,0.04938271604938271,0.0014999200746465627,0.0,0.12
FD004,0.05,5,False,2,cv4,80,77,50,2,0.4732529629868767,0.04,0.04938271604938271,0.0014999200746465627,0.0,0.12
FD004,0.05,5,False,2,cv5,80,77,49,3,0.7307319350014839,0.061224489795918366,0.04938271604938271,0.0015188472480452807,0.0,0.12244897959183673
FD004,0.05,10,True,0,cv1,80,77,50,3,0.6933385775533689,0.06,0.04938271604938271,0.0014999200746465627,0.0,0.12
FD004,0.05,10,True,0,cv2,80,77,50,4,0.7625490787015302,0.08,0.04938271604938271,0.0014999200746465627,0.0,0.12
FD004,0.05,10,True,0,cv3,80,77,50,1,0.3278402041776638,0.02,0.04938271604938271,0.0014999200746465627,0.0,0.12
FD004,0.05,10,True,0,cv4,80,77,50,3,0.6155735026638092,0.06,0.04938271604938271,0.0014999200746465627,0.0,0.12
FD004,0.05,10,True,0,cv5,80,77,49,5,0.8682391348322983,0.10204081632653061,0.04938271604938271,0.0015188472480452807,0.0,0.12244897959183673
FD004,0.05,10,True,1,cv1,80,77,50,0,0.01181875924090482,0.0,0.04938271604938271,0.0014999200746465627,0.0,0.12
FD004,0.05,10,True,1,cv2,80,77,50,5,0.9097050718583751,0.1,0.04938271604938271,0.0014999200746465627,0.0,0.12
FD004,0.05,10,True,1,cv3,80,77,50,1,0.32496713103234803,0.02,0.04938271604938271,0.0014999200746465627,0.0,0.12
FD004,0.05,10,True,1,cv4,80,77,50,0,0.12261761458046881,0.0,0.04938271604938271,0.0014999200746465627,0.0,0.12
FD004,0.05,10,True,1,cv5,80,77,49,4,0.8364200565375111,0.08163265306122448,0.04938271604938271,0.0015188472480452807,0.0,0.12244897959183673
FD004,0.05,10,True,2,cv1,80,77,50,3,0.7267542871856373,0.06,0.04938271604938271,0.0014999200746465627,0.0,0.12
FD004,0.05,10,True,2,cv2,80,77,50,3,0.7323839897790807,0.06,0.04938271604938271,0.0014999200746465627,0.0,0.12
FD004,0.05,10,True,2,cv3,80,77,50,0,0.07479312893589755,0.0,0.04938271604938271,0.0014999200746465627,0.0,0.12
FD004,0.05,10,True,2,cv4,80,77,50,2,0.49719079488356865,0.04,0.04938271604938271,0.0014999200746465627,0.0,0.12
FD004,0.05,10,True,2,cv5,80,77,49,4,0.8583001380828305,0.08163265306122448,0.04938271604938271,0.0015188472480452807,0.0,0.12244897959183673
FD004,0.05,15,False,0,cv1,80,77,50,3,0.6630629640229381,0.06,0.04938271604938271,0.0014999200746465627,0.0,0.12
FD004,0.05,15,False,0,cv2,80,77,50,4,0.7715187716304867,0.08,0.04938271604938271,0.0014999200746465627,0.0,0.12
FD004,0.05,15,False,0,cv3,80,77,50,0,0.13069067427685319,0.0,0.04938271604938271,0.0014999200746465627,0.0,0.12
FD004,0.05,15,False,0,cv4,80,77,50,2,0.3712250416617662,0.04,0.04938271604938271,0.0014999200746465627,0.0,0.12
FD004,0.05,15,False,0,cv5,80,77,49,6,0.9498138109782532,0.12244897959183673,0.04938271604938271,0.0015188472480452807,0.0,0.12244897959183673
FD004,0.05,15,False,1,cv1,80,77,50,1,0.344657955664354,0.02,0.04938271604938271,0.0014999200746465627,0.0,0.12
FD004,0.05,15,False,1,cv2,80,77,50,8,0.9891126175547066,0.16,0.04938271604938271,0.0014999200746465627,0.0,0.12
FD004,0.05,15,False,1,cv3,80,77,50,1,0.2730557961233884,0.02,0.04938271604938271,0.0014999200746465627,0.0,0.12
FD004,0.05,15,False,1,cv4,80,77,50,0,0.06773020139765769,0.0,0.04938271604938271,0.0014999200746465627,0.0,0.12
FD004,0.05,15,False,1,cv5,80,77,49,3,0.6323096945808405,0.061224489795918366,0.04938271604938271,0.0015188472480452807,0.0,0.12244897959183673
FD004,0.05,15,False,2,cv1,80,77,50,1,0.26374102321067466,0.02,0.04938271604938271,0.0014999200746465627,0.0,0.12
FD004,0.05,15,False,2,cv2,80,77,50,3,0.7006888845501968,0.06,0.04938271604938271,0.0014999200746465627,0.0,0.12
FD004,0.05,15,False,2,cv3,80,77,50,3,0.6709466895677373,0.06,0.04938271604938271,0.0014999200746465627,0.0,0.12
FD004,0.05,15,False,2,cv4,80,77,50,0,0.10671036620319745,0.0,0.04938271604938271,0.0014999200746465627,0.0,0.12
FD004,0.05,15,False,2,cv5,80,77,49,2,0.5797328944412343,0.04081632653061224,0.04938271604938271,0.0015188472480452807,0.0,0.12244897959183673
FD004,0.1,0,False,0,cv1,80,73,50,8,0.8767729425009912,0.16,0.09876543209876543,0.002844004297381794,0.02,0.2
FD004,0.1,0,False,0,cv2,80,73,50,4,0.4344952672904086,0.08,0.09876543209876543,0.002844004297381794,0.02,0.2
FD004,0.1,0,False,0,cv3,80,73,50,1,0.06754462441572433,0.02,0.09876543209876543,0.002844004297381794,0.02,0.2
FD004,0.1,0,False,0,cv4,80,73,50,9,0.9230641579006803,0.18,0.09876543209876543,0.002844004297381794,0.02,0.2
FD004,0.1,0,False,0,cv5,80,73,49,4,0.38266668448790886,0.08163265306122448,0.09876543209876543,0.0028798921846053373,0.02040816326530612,0.20408163265306123
FD004,0.1,0,False,1,cv1,80,73,50,3,0.29581864822864884,0.06,0.09876543209876543,0.002844004297381794,0.02,0.2
FD004,0.1,0,False,1,cv2,80,73,50,7,0.819827364258943,0.14,0.09876543209876543,0.002844004297381794,0.02,0.2
FD004,0.1,0,False,1,cv3,80,73,50,3,0.3223180427894239,0.06,0.09876543209876543,0.002844004297381794,0.02,0.2
FD004,0.1,0,False,1,cv4,80,73,50,1,0.01908762292649015,0.02,0.09876543209876543,0.002844004297381794,0.02,0.2
FD004,0.1,0,False,1,cv5,80,73,49,2,0.1368594808580688,0.04081632653061224,0.09876543209876543,0.0028798921846053373,0.02040816326530612,0.20408163265306123
FD004,0.1,0,False,2,cv1,80,73,50,11,0.9686013495267638,0.22,0.09876543209876543,0.002844004297381794,0.02,0.2
FD004,0.1,0,False,2,cv2,80,73,50,5,0.551310590243175,0.1,0.09876543209876543,0.002844004297381794,0.02,0.2
FD004,0.1,0,False,2,cv3,80,73,50,3,0.2508836641040914,0.06,0.09876543209876543,0.002844004297381794,0.02,0.2
FD004,0.1,0,False,2,cv4,80,73,50,4,0.3591181042224587,0.08,0.09876543209876543,0.002844004297381794,0.02,0.2
FD004,0.1,0,False,2,cv5,80,73,49,8,0.9073625360992605,0.16326530612244897,0.09876543209876543,0.0028798921846053373,0.02040816326530612,0.20408163265306123
FD004,0.1,5,False,0,cv1,80,73,50,4,0.4398936327776483,0.08,0.09876543209876543,0.002844004297381794,0.02,0.2
FD004,0.1,5,False,0,cv2,80,73,50,7,0.7797526491193095,0.14,0.09876543209876543,0.002844004297381794,0.02,0.2
FD004,0.1,5,False,0,cv3,80,73,50,2,0.1611248157585605,0.04,0.09876543209876543,0.002844004297381794,0.02,0.2
FD004,0.1,5,False,0,cv4,80,73,50,12,0.9848703950138828,0.24,0.09876543209876543,0.002844004297381794,0.02,0.2
FD004,0.1,5,False,0,cv5,80,73,49,6,0.6723232186106001,0.12244897959183673,0.09876543209876543,0.0028798921846053373,0.02040816326530612,0.20408163265306123
FD004,0.1,5,False,1,cv1,80,73,50,3,0.2933865185000907,0.06,0.09876543209876543,0.002844004297381794,0.02,0.2
FD004,0.1,5,False,1,cv2,80,73,50,10,0.9597897307985649,0.2,0.09876543209876543,0.002844004297381794,0.02,0.2
FD004,0.1,5,False,1,cv3,80,73,50,3,0.2945846692909805,0.06,0.09876543209876543,0.002844004297381794,0.02,0.2
FD004,0.1,5,False,1,cv4,80,73,50,1,0.04063012130743068,0.02,0.09876543209876543,0.002844004297381794,0.02,0.2
FD004,0.1,5,False,1,cv5,80,73,49,3,0.2185117410305979,0.061224489795918366,0.09876543209876543,0.0028798921846053373,0.02040816326530612,0.20408163265306123
FD004,0.1,5,False,2,cv1,80,73,50,5,0.5423867783080976,0.1,0.09876543209876543,0.002844004297381794,0.02,0.2
FD004,0.1,5,False,2,cv2,80,73,50,3,0.2883098500488289,0.06,0.09876543209876543,0.002844004297381794,0.02,0.2
FD004,0.1,5,False,2,cv3,80,73,50,5,0.6018852251872174,0.1,0.09876543209876543,0.002844004297381794,0.02,0.2
FD004,0.1,5,False,2,cv4,80,73,50,4,0.46450928945703696,0.08,0.09876543209876543,0.002844004297381794,0.02,0.2
FD004,0.1,5,False,2,cv5,80,73,49,4,0.49290778760678755,0.08163265306122448,0.09876543209876543,0.0028798921846053373,0.02040816326530612,0.20408163265306123
FD004,0.1,10,True,0,cv1,80,73,50,8,0.8558857078410291,0.16,0.09876543209876543,0.002844004297381794,0.02,0.2
FD004,0.1,10,True,0,cv2,80,73,50,9,0.9350126312507038,0.18,0.09876543209876543,0.002844004297381794,0.02,0.2
FD004,0.1,10,True,0,cv3,80,73,50,2,0.18283954648169948,0.04,0.09876543209876543,0.002844004297381794,0.02,0.2
FD004,0.1,10,True,0,cv4,80,73,50,4,0.3683593748860912,0.08,0.09876543209876543,0.002844004297381794,0.02,0.2
FD004,0.1,10,True,0,cv5,80,73,49,8,0.8463832322204461,0.16326530612244897,0.09876543209876543,0.0028798921846053373,0.02040816326530612,0.20408163265306123
FD004,0.1,10,True,1,cv1,80,73,50,3,0.20325738460051734,0.06,0.09876543209876543,0.002844004297381794,0.02,0.2
FD004,0.1,10,True,1,cv2,80,73,50,8,0.8856268633037334,0.16,0.09876543209876543,0.002844004297381794,0.02,0.2
FD004,0.1,10,True,1,cv3,80,73,50,6,0.7208746978500324,0.12,0.09876543209876543,0.002844004297381794,0.02,0.2
FD004,0.1,10,True,1,cv4,80,73,50,2,0.1040626718041575,0.04,0.09876543209876543,0.002844004297381794,0.02,0.2
FD004,0.1,10,True,1,cv5,80,73,49,7,0.8407641618373242,0.14285714285714285,0.09876543209876543,0.0028798921846053373,0.02040816326530612,0.20408163265306123
FD004,0.1,10,True,2,cv1,80,73,50,4,0.36169560944164975,0.08,0.09876543209876543,0.002844004297381794,0.02,0.2
FD004,0.1,10,True,2,cv2,80,73,50,4,0.43768918897902087,0.08,0.09876543209876543,0.002844004297381794,0.02,0.2
FD004,0.1,10,True,2,cv3,80,73,50,3,0.20922973016817525,0.06,0.09876543209876543,0.002844004297381794,0.02,0.2
FD004,0.1,10,True,2,cv4,80,73,50,3,0.2906640484637906,0.06,0.09876543209876543,0.002844004297381794,0.02,0.2
FD004,0.1,10,True,2,cv5,80,73,49,7,0.7617884608865509,0.14285714285714285,0.09876543209876543,0.0028798921846053373,0.02040816326530612,0.20408163265306123
FD004,0.1,15,False,0,cv1,80,73,50,5,0.5648745728306759,0.1,0.09876543209876543,0.002844004297381794,0.02,0.2
FD004,0.1,15,False,0,cv2,80,73,50,4,0.3790704318131974,0.08,0.09876543209876543,0.002844004297381794,0.02,0.2
FD004,0.1,15,False,0,cv3,80,73,50,4,0.4269628229683787,0.08,0.09876543209876543,0.002844004297381794,0.02,0.2
FD004,0.1,15,False,0,cv4,80,73,50,4,0.4621246300930726,0.08,0.09876543209876543,0.002844004297381794,0.02,0.2
FD004,0.1,15,False,0,cv5,80,73,49,7,0.7858799107672207,0.14285714285714285,0.09876543209876543,0.0028798921846053373,0.02040816326530612,0.20408163265306123
FD004,0.1,15,False,1,cv1,80,73,50,4,0.4720507099293003,0.08,0.09876543209876543,0.002844004297381794,0.02,0.2
FD004,0.1,15,False,1,cv2,80,73,50,11,0.9745072915380565,0.22,0.09876543209876543,0.002844004297381794,0.02,0.2
FD004,0.1,15,False,1,cv3,80,73,50,5,0.5373832054886591,0.1,0.09876543209876543,0.002844004297381794,0.02,0.2
FD004,0.1,15,False,1,cv4,80,73,50,3,0.21207887604714826,0.06,0.09876543209876543,0.002844004297381794,0.02,0.2
FD004,0.1,15,False,1,cv5,80,73,49,4,0.34624439927230405,0.08163265306122448,0.09876543209876543,0.0028798921846053373,0.02040816326530612,0.20408163265306123
FD004,0.1,15,False,2,cv1,80,73,50,2,0.08287790570769399,0.04,0.09876543209876543,0.002844004297381794,0.02,0.2
FD004,0.1,15,False,2,cv2,80,73,50,5,0.6024365372004753,0.1,0.09876543209876543,0.002844004297381794,0.02,0.2
FD004,0.1,15,False,2,cv3,80,73,50,4,0.3263086041936942,0.08,0.09876543209876543,0.002844004297381794,0.02,0.2
FD004,0.1,15,False,2,cv4,80,73,50,2,0.14549568448428468,0.04,0.09876543209876543,0.002844004297381794,0.02,0.2
FD004,0.1,15,False,2,cv5,80,73,49,8,0.8834675985538987,0.16326530612244897,0.09876543209876543,0.0028798921846053373,0.02040816326530612,0.20408163265306123
FD004,0.2,0,False,0,cv1,80,65,50,14,0.8754628403545409,0.28,0.19753086419753085,0.005064665187118264,0.08,0.32
FD004,0.2,0,False,0,cv2,80,65,50,13,0.8084115703779255,0.26,0.19753086419753085,0.005064665187118264,0.08,0.32
FD004,0.2,0,False,0,cv3,80,65,50,5,0.05512359588779091,0.1,0.19753086419753085,0.005064665187118264,0.08,0.32
FD004,0.2,0,False,0,cv4,80,65,50,16,0.9388309947616734,0.32,0.19753086419753085,0.005064665187118264,0.08,0.32
FD004,0.2,0,False,0,cv5,80,65,49,8,0.3580771005588584,0.16326530612244897,0.19753086419753085,0.00512857512326978,0.08163265306122448,0.32653061224489793
FD004,0.2,0,False,1,cv1,80,65,50,14,0.8911416262366191,0.28,0.19753086419753085,0.005064665187118264,0.08,0.32
FD004,0.2,0,False,1,cv2,80,65,50,18,0.9810137575421483,0.36,0.19753086419753085,0.005064665187118264,0.08,0.32
FD004,0.2,0,False,1,cv3,80,65,50,9,0.415057067046515,0.18,0.19753086419753085,0.005064665187118264,0.08,0.32
FD004,0.2,0,False,1,cv4,80,65,50,7,0.24986777196384208,0.14,0.19753086419753085,0.005064665187118264,0.08,0.32
FD004,0.2,0,False,1,cv5,80,65,49,6,0.11325225522205488,0.12244897959183673,0.19753086419753085,0.00512857512326978,0.08163265306122448,0.32653061224489793
FD004,0.2,0,False,2,cv1,80,65,50,14,0.8760482048708292,0.28,0.19753086419753085,0.005064665187118264,0.08,0.32
FD004,0.2,0,False,2,cv2,80,65,50,10,0.5897091968023921,0.2,0.19753086419753085,0.005064665187118264,0.08,0.32
FD004,0.2,0,False,2,cv3,80,65,50,10,0.5304744373879542,0.2,0.19753086419753085,0.005064665187118264,0.08,0.32
FD004,0.2,0,False,2,cv4,80,65,50,7,0.20104587434228216,0.14,0.19753086419753085,0.005064665187118264,0.08,0.32
FD004,0.2,0,False,2,cv5,80,65,49,14,0.8775976779616557,0.2857142857142857,0.19753086419753085,0.00512857512326978,0.08163265306122448,0.32653061224489793
FD004,0.2,5,False,0,cv1,80,65,50,11,0.650029620048449,0.22,0.19753086419753085,0.005064665187118264,0.08,0.32
FD004,0.2,5,False,0,cv2,80,65,50,12,0.7671068395080329,0.24,0.19753086419753085,0.005064665187118264,0.08,0.32
FD004,0.2,5,False,0,cv3,80,65,50,4,0.04391477333922353,0.08,0.19753086419753085,0.005064665187118264,0.08,0.32
FD004,0.2,5,False,0,cv4,80,65,50,15,0.9094958801269053,0.3,0.19753086419753085,0.005064665187118264,0.08,0.32
FD004,0.2,5,False,0,cv5,80,65,49,8,0.32397056578258665,0.16326530612244897,0.19753086419753085,0.00512857512326978,0.08163265306122448,0.32653061224489793
FD004,0.2,5,False,1,cv1,80,65,50,10,0.5529109078174459,0.2,0.19753086419753085,0.005064665187118264,0.08,0.32
FD004,0.2,5,False,1,cv2,80,65,50,18,0.9825261783101632,0.36,0.19753086419753085,0.005064665187118264,0.08,0.32
FD004,0.2,5,False,1,cv3,80,65,50,9,0.3840527717899464,0.18,0.19753086419753085,0.005064665187118264,0.08,0.32
FD004,0.2,5,False,1,cv4,80,65,50,9,0.4359676128992058,0.18,0.19753086419753085,0.005064665187118264,0.08,0.32
FD004,0.2,5,False,1,cv5,80,65,49,5,0.09671901542143267,0.10204081632653061,0.19753086419753085,0.00512857512326978,0.08163265306122448,0.32653061224489793
FD004,0.2,5,False,2,cv1,80,65,50,9,0.3855464111701484,0.18,0.19753086419753085,0.005064665187118264,0.08,0.32
FD004,0.2,5,False,2,cv2,80,65,50,12,0.7581317878774866,0.24,0.19753086419753085,0.005064665187118264,0.08,0.32
FD004,0.2,5,False,2,cv3,80,65,50,9,0.38794246458312515,0.18,0.19753086419753085,0.005064665187118264,0.08,0.32
FD004,0.2,5,False,2,cv4,80,65,50,12,0.6996912304845431,0.24,0.19753086419753085,0.005064665187118264,0.08,0.32
FD004,0.2,5,False,2,cv5,80,65,49,9,0.45489265565587905,0.1836734693877551,0.19753086419753085,0.00512857512326978,0.08163265306122448,0.32653061224489793
FD004,0.2,10,True,0,cv1,80,65,50,9,0.4588491313994568,0.18,0.19753086419753085,0.005064665187118264,0.08,0.32
FD004,0.2,10,True,0,cv2,80,65,50,14,0.876966888462015,0.28,0.19753086419753085,0.005064665187118264,0.08,0.32
FD004,0.2,10,True,0,cv3,80,65,50,6,0.14511236086521728,0.12,0.19753086419753085,0.005064665187118264,0.08,0.32
FD004,0.2,10,True,0,cv4,80,65,50,14,0.8499148698673428,0.28,0.19753086419753085,0.005064665187118264,0.08,0.32
FD004,0.2,10,True,0,cv5,80,65,49,11,0.6714717765657987,0.22448979591836735,0.19753086419753085,0.00512857512326978,0.08163265306122448,0.32653061224489793
FD004,0.2,10,True,1,cv1,80,65,50,9,0.42901301104002787,0.18,0.19753086419753085,0.005064665187118264,0.08,0.32
FD004,0.2,10,True,1,cv2,80,65,50,16,0.9342968409867747,0.32,0.19753086419753085,0.005064665187118264,0.08,0.32
FD004,0.2,10,True,1,cv3,80,65,50,8,0.34644728397739,0.16,0.19753086419753085,0.005064665187118264,0.08,0.32
FD004,0.2,10,True,1,cv4,80,65,50,10,0.5074442915824225,0.2,0.19753086419753085,0.005064665187118264,0.08,0.32
FD004,0.2,10,True,1,cv5,80,65,49,10,0.556034656766745,0.20408163265306123,0.19753086419753085,0.00512857512326978,0.08163265306122448,0.32653061224489793
FD004,0.2,10,True,2,cv1,80,65,50,6,0.1343739340236727,0.12,0.19753086419753085,0.005064665187118264,0.08,0.32
FD004,0.2,10,True,2,cv2,80,65,50,9,0.4475588261518172,0.18,0.19753086419753085,0.005064665187118264,0.08,0.32
FD004,0.2,10,True,2,cv3,80,65,50,6,0.16343343524365903,0.12,0.19753086419753085,0.005064665187118264,0.08,0.32
FD004,0.2,10,True,2,cv4,80,65,50,16,0.9537893631118521,0.32,0.19753086419753085,0.005064665187118264,0.08,0.32
FD004,0.2,10,True,2,cv5,80,65,49,10,0.5285085888913121,0.20408163265306123,0.19753086419753085,0.00512857512326978,0.08163265306122448,0.32653061224489793
FD004,0.2,15,False,0,cv1,80,65,50,17,0.9631920868898214,0.34,0.19753086419753085,0.005064665187118264,0.08,0.32
FD004,0.2,15,False,0,cv2,80,65,50,17,0.9665129268482457,0.34,0.19753086419753085,0.005064665187118264,0.08,0.32
FD004,0.2,15,False,0,cv3,80,65,50,6,0.1278033937300429,0.12,0.19753086419753085,0.005064665187118264,0.08,0.32
FD004,0.2,15,False,0,cv4,80,65,50,6,0.15315492634498984,0.12,0.19753086419753085,0.005064665187118264,0.08,0.32
FD004,0.2,15,False,0,cv5,80,65,49,14,0.8860720162592844,0.2857142857142857,0.19753086419753085,0.00512857512326978,0.08163265306122448,0.32653061224489793
FD004,0.2,15,False,1,cv1,80,65,50,7,0.21469233584316819,0.14,0.19753086419753085,0.005064665187118264,0.08,0.32
FD004,0.2,15,False,1,cv2,80,65,50,19,0.9901210559597923,0.38,0.19753086419753085,0.005064665187118264,0.08,0.32
FD004,0.2,15,False,1,cv3,80,65,50,8,0.3055952785513064,0.16,0.19753086419753085,0.005064665187118264,0.08,0.32
FD004,0.2,15,False,1,cv4,80,65,50,6,0.16314466003996198,0.12,0.19753086419753085,0.005064665187118264,0.08,0.32
FD004,0.2,15,False,1,cv5,80,65,49,13,0.8432523943828554,0.2653061224489796,0.19753086419753085,0.00512857512326978,0.08163265306122448,0.32653061224489793
FD004,0.2,15,False,2,cv1,80,65,50,5,0.09146555853296544,0.1,0.19753086419753085,0.005064665187118264,0.08,0.32
FD004,0.2,15,False,2,cv2,80,65,50,15,0.9336113302835868,0.3,0.19753086419753085,0.005064665187118264,0.08,0.32
FD004,0.2,15,False,2,cv3,80,65,50,7,0.23642990345234938,0.14,0.19753086419753085,0.005064665187118264,0.08,0.32
FD004,0.2,15,False,2,cv4,80,65,50,6,0.14836476493240205,0.12,0.19753086419753085,0.005064665187118264,0.08,0.32
FD004,0.2,15,False,2,cv5,80,65,49,11,0.6898092075208597,0.22448979591836735,0.19753086419753085,0.00512857512326978,0.08163265306122448,0.32653061224489793
NCMAPSS,0.05,0,False,0,cv1,32,32,20,1,0.7680785286738724,0.05,0.030303030303030304,0.0022902825041862477,0.0,0.15
NCMAPSS,0.05,0,False,0,cv2,32,32,20,1,0.8458629959280778,0.05,0.030303030303030304,0.0022902825041862477,0.0,0.15
NCMAPSS,0.05,0,False,0,cv3,32,32,20,0,0.25022627241210416,0.0,0.030303030303030304,0.0022902825041862477,0.0,0.15
NCMAPSS,0.05,0,False,0,cv4,32,32,20,0,0.22724700554704785,0.0,0.030303030303030304,0.0022902825041862477,0.0,0.15
NCMAPSS,0.05,0,False,0,cv5,32,32,19,1,0.6478941951981936,0.05263157894736842,0.030303030303030304,0.002365336449209233,0.0,0.10526315789473684
NCMAPSS,0.05,0,False,1,cv1,32,32,20,1,0.8429257843027221,0.05,0.030303030303030304,0.0022902825041862477,0.0,0.15
NCMAPSS,0.05,0,False,1,cv2,32,32,20,1,0.6351518731678705,0.05,0.030303030303030304,0.0022902825041862477,0.0,0.15
NCMAPSS,0.05,0,False,1,cv3,32,32,20,0,0.5601206953814937,0.0,0.030303030303030304,0.0022902825041862477,0.0,0.15
NCMAPSS,0.05,0,False,1,cv4,32,32,20,0,0.2182240210683866,0.0,0.030303030303030304,0.0022902825041862477,0.0,0.15
NCMAPSS,0.05,0,False,1,cv5,32,32,19,0,0.6220472077161178,0.0,0.030303030303030304,0.002365336449209233,0.0,0.10526315789473684
NCMAPSS,0.05,0,False,2,cv1,32,32,20,2,0.8687574461247979,0.1,0.030303030303030304,0.0022902825041862477,0.0,0.15
NCMAPSS,0.05,0,False,2,cv2,32,32,20,1,0.673749574499229,0.05,0.030303030303030304,0.0022902825041862477,0.0,0.15
NCMAPSS,0.05,0,False,2,cv3,32,32,20,0,0.48649415569175836,0.0,0.030303030303030304,0.0022902825041862477,0.0,0.15
NCMAPSS,0.05,0,False,2,cv4,32,32,20,0,0.23948963238181964,0.0,0.030303030303030304,0.0022902825041862477,0.0,0.15
NCMAPSS,0.05,0,False,2,cv5,32,32,19,0,0.27667856064653346,0.0,0.030303030303030304,0.002365336449209233,0.0,0.10526315789473684
NCMAPSS,0.05,5,False,0,cv1,32,32,20,1,0.6638913551857041,0.05,0.030303030303030304,0.0022902825041862477,0.0,0.15
NCMAPSS,0.05,5,False,0,cv2,32,32,20,1,0.6531007540464783,0.05,0.030303030303030304,0.0022902825041862477,0.0,0.15
NCMAPSS,0.05,5,False,0,cv3,32,32,20,2,0.9354544154596519,0.1,0.030303030303030304,0.0022902825041862477,0.0,0.15
NCMAPSS,0.05,5,False,0,cv4,32,32,20,1,0.7582012373650698,0.05,0.030303030303030304,0.0022902825041862477,0.0,0.15
NCMAPSS,0.05,5,False,0,cv5,32,32,19,1,0.8149102609154545,0.05263157894736842,0.030303030303030304,0.002365336449209233,0.0,0.10526315789473684
NCMAPSS,0.05,5,False,1,cv1,32,32,20,1,0.7038511515023924,0.05,0.030303030303030304,0.0022902825041862477,0.0,0.15
NCMAPSS,0.05,5,False,1,cv2,32,32,20,1,0.7328356908960242,0.05,0.030303030303030304,0.0022902825041862477,0.0,0.15
NCMAPSS,0.05,5,False,1,cv3,32,32,20,0,0.563580613362399,0.0,0.030303030303030304,0.0022902825041862477,0.0,0.15
NCMAPSS,0.05,5,False,1,cv4,32,32,20,1,0.8338446191311791,0.05,0.030303030303030304,0.0022902825041862477,0.0,0.15
NCMAPSS,0.05,5,False,1,cv5,32,32,19,0,0.37369566879030947,0.0,0.030303030303030304,0.002365336449209233,0.0,0.10526315789473684
NCMAPSS,0.05,5,False,2,cv1,32,32,20,0,0.4193317808689056,0.0,0.030303030303030304,0.0022902825041862477,0.0,0.15
NCMAPSS,0.05,5,False,2,cv2,32,32,20,1,0.6334406065572804,0.05,0.030303030303030304,0.0022902825041862477,0.0,0.15
NCMAPSS,0.05,5,False,2,cv3,32,32,20,0,0.21171798680984347,0.0,0.030303030303030304,0.0022902825041862477,0.0,0.15
NCMAPSS,0.05,5,False,2,cv4,32,32,20,0,0.3491149501630591,0.0,0.030303030303030304,0.0022902825041862477,0.0,0.15
NCMAPSS,0.05,5,False,2,cv5,32,32,19,1,0.7328293052985426,0.05263157894736842,0.030303030303030304,0.002365336449209233,0.0,0.10526315789473684
NCMAPSS,0.05,10,True,0,cv1,32,32,20,1,0.6895798841795034,0.05,0.030303030303030304,0.0022902825041862477,0.0,0.15
NCMAPSS,0.05,10,True,0,cv2,32,32,20,0,0.4325027402302429,0.0,0.030303030303030304,0.0022902825041862477,0.0,0.15
NCMAPSS,0.05,10,True,0,cv3,32,32,20,0,0.1450323151988018,0.0,0.030303030303030304,0.0022902825041862477,0.0,0.15
NCMAPSS,0.05,10,True,0,cv4,32,32,20,1,0.835016324449903,0.05,0.030303030303030304,0.0022902825041862477,0.0,0.15
NCMAPSS,0.05,10,True,0,cv5,32,32,19,1,0.6768273790462207,0.05263157894736842,0.030303030303030304,0.002365336449209233,0.0,0.10526315789473684
NCMAPSS,0.05,10,True,1,cv1,32,32,20,1,0.7886350497243966,0.05,0.030303030303030304,0.0022902825041862477,0.0,0.15
NCMAPSS,0.05,10,True,1,cv2,32,32,20,1,0.7346794504450365,0.05,0.030303030303030304,0.0022902825041862477,0.0,0.15
NCMAPSS,0.05,10,True,1,cv3,32,32,20,0,0.4510816608193562,0.0,0.030303030303030304,0.0022902825041862477,0.0,0.15
NCMAPSS,0.05,10,True,1,cv4,32,32,20,0,0.24957771678981241,0.0,0.030303030303030304,0.0022902825041862477,0.0,0.15
NCMAPSS,0.05,10,True,1,cv5,32,32,19,2,0.8968648997653181,0.10526315789473684,0.030303030303030304,0.002365336449209233,0.0,0.10526315789473684
NCMAPSS,0.05,10,True,2,cv1,32,32,20,0,0.39653914023030534,0.0,0.030303030303030304,0.0022902825041862477,0.0,0.15
NCMAPSS,0.05,10,True,2,cv2,32,32,20,0,0.5927369086316017,0.0,0.030303030303030304,0.0022902825041862477,0.0,0.15
NCMAPSS,0.05,10,True,2,cv3,32,32,20,0,0.423699334023713,0.0,0.030303030303030304,0.0022902825041862477,0.0,0.15
NCMAPSS,0.05,10,True,2,cv4,32,32,20,0,0.009910096370820846,0.0,0.030303030303030304,0.0022902825041862477,0.0,0.15
NCMAPSS,0.05,10,True,2,cv5,32,32,19,4,0.9848162500155515,0.21052631578947367,0.030303030303030304,0.002365336449209233,0.0,0.10526315789473684
NCMAPSS,0.05,15,False,0,cv1,32,32,20,1,0.666861532478274,0.05,0.030303030303030304,0.0022902825041862477,0.0,0.15
NCMAPSS,0.05,15,False,0,cv2,32,32,20,0,0.2173895742856749,0.0,0.030303030303030304,0.0022902825041862477,0.0,0.15
NCMAPSS,0.05,15,False,0,cv3,32,32,20,0,0.09813789575682377,0.0,0.030303030303030304,0.0022902825041862477,0.0,0.15
NCMAPSS,0.05,15,False,0,cv4,32,32,20,1,0.8454891904333193,0.05,0.030303030303030304,0.0022902825041862477,0.0,0.15
NCMAPSS,0.05,15,False,0,cv5,32,32,19,0,0.16676321339294367,0.0,0.030303030303030304,0.002365336449209233,0.0,0.10526315789473684
NCMAPSS,0.05,15,False,1,cv1,32,32,20,0,0.282248917408421,0.0,0.030303030303030304,0.0022902825041862477,0.0,0.15
NCMAPSS,0.05,15,False,1,cv2,32,32,20,0,0.086578845055468,0.0,0.030303030303030304,0.0022902825041862477,0.0,0.15
NCMAPSS,0.05,15,False,1,cv3,32,32,20,0,0.1877478967160189,0.0,0.030303030303030304,0.0022902825041862477,0.0,0.15
NCMAPSS,0.05,15,False,1,cv4,32,32,20,0,0.3358851040216386,0.0,0.030303030303030304,0.0022902825041862477,0.0,0.15
NCMAPSS,0.05,15,False,1,cv5,32,32,19,2,0.902542627802729,0.10526315789473684,0.030303030303030304,0.002365336449209233,0.0,0.10526315789473684
NCMAPSS,0.05,15,False,2,cv1,32,32,20,0,0.054685301628586355,0.0,0.030303030303030304,0.0022902825041862477,0.0,0.15
NCMAPSS,0.05,15,False,2,cv2,32,32,20,1,0.7958553260272161,0.05,0.030303030303030304,0.0022902825041862477,0.0,0.15
NCMAPSS,0.05,15,False,2,cv3,32,32,20,0,0.5966725043922447,0.0,0.030303030303030304,0.0022902825041862477,0.0,0.15
NCMAPSS,0.05,15,False,2,cv4,32,32,20,0,0.1449476117867291,0.0,0.030303030303030304,0.0022902825041862477,0.0,0.15
NCMAPSS,0.05,15,False,2,cv5,32,32,19,1,0.6802817811980529,0.05263157894736842,0.030303030303030304,0.002365336449209233,0.0,0.10526315789473684
NCMAPSS,0.1,0,False,0,cv1,32,30,20,4,0.9138250672888966,0.2,0.09090909090909091,0.0064414195430238215,0.0,0.25
NCMAPSS,0.1,0,False,0,cv2,32,30,20,1,0.3492579411837749,0.05,0.09090909090909091,0.0064414195430238215,0.0,0.25
NCMAPSS,0.1,0,False,0,cv3,32,30,20,2,0.5080352189520227,0.1,0.09090909090909091,0.0064414195430238215,0.0,0.25
NCMAPSS,0.1,0,False,0,cv4,32,30,20,1,0.2376640629545243,0.05,0.09090909090909091,0.0064414195430238215,0.0,0.25
NCMAPSS,0.1,0,False,0,cv5,32,30,19,1,0.5157412720262973,0.05263157894736842,0.09090909090909091,0.006652508763400967,0.0,0.2631578947368421
NCMAPSS,0.1,0,False,1,cv1,32,30,20,2,0.65662564137924,0.1,0.09090909090909091,0.0064414195430238215,0.0,0.25
NCMAPSS,0.1,0,False,1,cv2,32,30,20,1,0.3660520147669863,0.05,0.09090909090909091,0.0064414195430238215,0.0,0.25
NCMAPSS,0.1,0,False,1,cv3,32,30,20,3,0.7387805340818869,0.15,0.09090909090909091,0.0064414195430238215,0.0,0.25
NCMAPSS,0.1,0,False,1,cv4,32,30,20,0,0.20431234197684783,0.0,0.09090909090909091,0.0064414195430238215,0.0,0.25
NCMAPSS,0.1,0,False,1,cv5,32,30,19,1,0.3442860636904461,0.05263157894736842,0.09090909090909091,0.006652508763400967,0.0,0.2631578947368421
NCMAPSS,0.1,0,False,2,cv1,32,30,20,2,0.5706413671316933,0.1,0.09090909090909091,0.0064414195430238215,0.0,0.25
NCMAPSS,0.1,0,False,2,cv2,32,30,20,1,0.4415564223863989,0.05,0.09090909090909091,0.0064414195430238215,0.0,0.25
NCMAPSS,0.1,0,False,2,cv3,32,30,20,2,0.6772566163233844,0.1,0.09090909090909091,0.0064414195430238215,0.0,0.25
NCMAPSS,0.1,0,False,2,cv4,32,30,20,0,0.004321678929696009,0.0,0.09090909090909091,0.0064414195430238215,0.0,0.25
NCMAPSS,0.1,0,False,2,cv5,32,30,19,0,0.13104537433319852,0.0,0.09090909090909091,0.006652508763400967,0.0,0.2631578947368421
NCMAPSS,0.1,5,False,0,cv1,32,30,20,4,0.8827094494867798,0.2,0.09090909090909091,0.0064414195430238215,0.0,0.25
NCMAPSS,0.1,5,False,0,cv2,32,30,20,1,0.4910849569643458,0.05,0.09090909090909091,0.0064414195430238215,0.0,0.25
NCMAPSS,0.1,5,False,0,cv3,32,30,20,2,0.5676862752092041,0.1,0.09090909090909091,0.0064414195430238215,0.0,0.25
NCMAPSS,0.1,5,False,0,cv4,32,30,20,1,0.30706114324526446,0.05,0.09090909090909091,0.0064414195430238215,0.0,0.25
NCMAPSS,0.1,5,False,0,cv5,32,30,19,2,0.6636400369224121,0.10526315789473684,0.09090909090909091,0.006652508763400967,0.0,0.2631578947368421
NCMAPSS,0.1,5,False,1,cv1,32,30,20,3,0.8423189170104521,0.15,0.09090909090909091,0.0064414195430238215,0.0,0.25
NCMAPSS,0.1,5,False,1,cv2,32,30,20,1,0.4008806342291862,0.05,0.09090909090909091,0.0064414195430238215,0.0,0.25
NCMAPSS,0.1,5,False,1,cv3,32,30,20,3,0.7945591375165337,0.15,0.09090909090909091,0.0064414195430238215,0.0,0.25
NCMAPSS,0.1,5,False,1,cv4,32,30,20,2,0.5255305459170224,0.1,0.09090909090909091,0.0064414195430238215,0.0,0.25
NCMAPSS,0.1,5,False,1,cv5,32,30,19,2,0.5767023578184318,0.10526315789473684,0.09090909090909091,0.006652508763400967,0.0,0.2631578947368421
NCMAPSS,0.1,5,False,2,cv1,32,30,20,1,0.44396728834156496,0.05,0.09090909090909091,0.0064414195430238215,0.0,0.25
NCMAPSS,0.1,5,False,2,cv2,32,30,20,1,0.26183837927858356,0.05,0.09090909090909091,0.0064414195430238215,0.0,0.25
NCMAPSS,0.1,5,False,2,cv3,32,30,20,3,0.8473866037966562,0.15,0.09090909090909091,0.0064414195430238215,0.0,0.25
NCMAPSS,0.1,5,False,2,cv4,32,30,20,4,0.9286156110832056,0.2,0.09090909090909091,0.0064414195430238215,0.0,0.25
NCMAPSS,0.1,5,False,2,cv5,32,30,19,1,0.41892071096399874,0.05263157894736842,0.09090909090909091,0.006652508763400967,0.0,0.2631578947368421
NCMAPSS,0.1,10,True,0,cv1,32,30,20,4,0.8789521796943637,0.2,0.09090909090909091,0.0064414195430238215,0.0,0.25
NCMAPSS,0.1,10,True,0,cv2,32,30,20,1,0.4783945771557397,0.05,0.09090909090909091,0.0064414195430238215,0.0,0.25
NCMAPSS,0.1,10,True,0,cv3,32,30,20,2,0.6727804472378813,0.1,0.09090909090909091,0.0064414195430238215,0.0,0.25
NCMAPSS,0.1,10,True,0,cv4,32,30,20,1,0.4269721056154827,0.05,0.09090909090909091,0.0064414195430238215,0.0,0.25
NCMAPSS,0.1,10,True,0,cv5,32,30,19,3,0.7565479281003619,0.15789473684210525,0.09090909090909091,0.006652508763400967,0.0,0.2631578947368421
NCMAPSS,0.1,10,True,1,cv1,32,30,20,3,0.8015915482765194,0.15,0.09090909090909091,0.0064414195430238215,0.0,0.25
NCMAPSS,0.1,10,True,1,cv2,32,30,20,1,0.4490567805203007,0.05,0.09090909090909091,0.0064414195430238215,0.0,0.25
NCMAPSS,0.1,10,True,1,cv3,32,30,20,2,0.5496860663527269,0.1,0.09090909090909091,0.0064414195430238215,0.0,0.25
NCMAPSS,0.1,10,True,1,cv4,32,30,20,3,0.7527160062873907,0.15,0.09090909090909091,0.0064414195430238215,0.0,0.25
NCMAPSS,0.1,10,True,1,cv5,32,30,19,4,0.9029313791857833,0.21052631578947367,0.09090909090909091,0.006652508763400967,0.0,0.2631578947368421
NCMAPSS,0.1,10,True,2,cv1,32,30,20,0,0.18033452581618814,0.0,0.09090909090909091,0.0064414195430238215,0.0,0.25
NCMAPSS,0.1,10,True,2,cv2,32,30,20,1,0.2509505653089964,0.05,0.09090909090909091,0.0064414195430238215,0.0,0.25
NCMAPSS,0.1,10,True,2,cv3,32,30,20,1,0.4174245790506772,0.05,0.09090909090909091,0.0064414195430238215,0.0,0.25
NCMAPSS,0.1,10,True,2,cv4,32,30,20,2,0.6247036385998713,0.1,0.09090909090909091,0.0064414195430238215,0.0,0.25
NCMAPSS,0.1,10,True,2,cv5,32,30,19,5,0.9663414755212275,0.2631578947368421,0.09090909090909091,0.006652508763400967,0.0,0.2631578947368421
NCMAPSS,0.1,15,False,0,cv1,32,30,20,4,0.8675567118987846,0.2,0.09090909090909091,0.0064414195430238215,0.0,0.25
NCMAPSS,0.1,15,False,0,cv2,32,30,20,1,0.48969305076023967,0.05,0.09090909090909091,0.0064414195430238215,0.0,0.25
NCMAPSS,0.1,15,False,0,cv3,32,30,20,0,0.0348918328748104,0.0,0.09090909090909091,0.0064414195430238215,0.0,0.25
NCMAPSS,0.1,15,False,0,cv4,32,30,20,2,0.6786022202869755,0.1,0.09090909090909091,0.0064414195430238215,0.0,0.25
NCMAPSS,0.1,15,False,0,cv5,32,30,19,1,0.24076974601599693,0.05263157894736842,0.09090909090909091,0.006652508763400967,0.0,0.2631578947368421
NCMAPSS,0.1,15,False,1,cv1,32,30,20,2,0.6557893772571792,0.1,0.09090909090909091,0.0064414195430238215,0.0,0.25
NCMAPSS,0.1,15,False,1,cv2,32,30,20,1,0.30815943609667584,0.05,0.09090909090909091,0.0064414195430238215,0.0,0.25
NCMAPSS,0.1,15,False,1,cv3,32,30,20,1,0.3284332438486807,0.05,0.09090909090909091,0.0064414195430238215,0.0,0.25
NCMAPSS,0.1,15,False,1,cv4,32,30,20,2,0.690637699574691,0.1,0.09090909090909091,0.0064414195430238215,0.0,0.25
NCMAPSS,0.1,15,False,1,cv5,32,30,19,6,0.9820168702319911,0.3157894736842105,0.09090909090909091,0.006652508763400967,0.0,0.2631578947368421
NCMAPSS,0.1,15,False,2,cv1,32,30,20,1,0.3711700958170724,0.05,0.09090909090909091,0.0064414195430238215,0.0,0.25
NCMAPSS,0.1,15,False,2,cv2,32,30,20,1,0.393804926756498,0.05,0.09090909090909091,0.0064414195430238215,0.0,0.25
NCMAPSS,0.1,15,False,2,cv3,32,30,20,1,0.22762033180790558,0.05,0.09090909090909091,0.0064414195430238215,0.0,0.25
NCMAPSS,0.1,15,False,2,cv4,32,30,20,5,0.9591654594711413,0.25,0.09090909090909091,0.0064414195430238215,0.0,0.25
NCMAPSS,0.1,15,False,2,cv5,32,30,19,5,0.9744756843893396,0.2631578947368421,0.09090909090909091,0.006652508763400967,0.0,0.2631578947368421
NCMAPSS,0.2,0,False,0,cv1,32,27,20,8,0.9600696265549957,0.4,0.18181818181818182,0.011594555177442878,0.05,0.4
NCMAPSS,0.2,0,False,0,cv2,32,27,20,1,0.14232654743959258,0.05,0.18181818181818182,0.011594555177442878,0.05,0.4
NCMAPSS,0.2,0,False,0,cv3,32,27,20,5,0.7150218892673955,0.25,0.18181818181818182,0.011594555177442878,0.05,0.4
NCMAPSS,0.2,0,False,0,cv4,32,27,20,4,0.6103430655486514,0.2,0.18181818181818182,0.011594555177442878,0.05,0.4
NCMAPSS,0.2,0,False,0,cv5,32,27,19,4,0.593157994244275,0.21052631578947367,0.18181818181818182,0.01197451577412174,0.0,0.3684210526315789
NCMAPSS,0.2,0,False,1,cv1,32,27,20,2,0.19628756071952458,0.1,0.18181818181818182,0.011594555177442878,0.05,0.4
NCMAPSS,0.2,0,False,1,cv2,32,27,20,1,0.1184540001693191,0.05,0.18181818181818182,0.011594555177442878,0.05,0.4
NCMAPSS,0.2,0,False,1,cv3,32,27,20,6,0.8152374319079488,0.3,0.18181818181818182,0.011594555177442878,0.05,0.4
NCMAPSS,0.2,0,False,1,cv4,32,27,20,2,0.33047345773919035,0.1,0.18181818181818182,0.011594555177442878,0.05,0.4
NCMAPSS,0.2,0,False,1,cv5,32,27,19,7,0.9467975418290727,0.3684210526315789,0.18181818181818182,0.01197451577412174,0.0,0.3684210526315789
NCMAPSS,0.2,0,False,2,cv1,32,27,20,3,0.3825935717750856,0.15,0.18181818181818182,0.011594555177442878,0.05,0.4
NCMAPSS,0.2,0,False,2,cv2,32,27,20,1,0.11470184382994195,0.05,0.18181818181818182,0.011594555177442878,0.05,0.4
NCMAPSS,0.2,0,False,2,cv3,32,27,20,3,0.3425194929391822,0.15,0.18181818181818182,0.011594555177442878,0.05,0.4
NCMAPSS,0.2,0,False,2,cv4,32,27,20,4,0.6301224781861802,0.2,0.18181818181818182,0.011594555177442878,0.05,0.4
NCMAPSS,0.2,0,False,2,cv5,32,27,19,3,0.5225830975043076,0.15789473684210525,0.18181818181818182,0.01197451577412174,0.0,0.3684210526315789
NCMAPSS,0.2,5,False,0,cv1,32,27,20,8,0.9713013851567347,0.4,0.18181818181818182,0.011594555177442878,0.05,0.4
NCMAPSS,0.2,5,False,0,cv2,32,27,20,1,0.05949129129668751,0.05,0.18181818181818182,0.011594555177442878,0.05,0.4
NCMAPSS,0.2,5,False,0,cv3,32,27,20,4,0.5440530274118703,0.2,0.18181818181818182,0.011594555177442878,0.05,0.4
NCMAPSS,0.2,5,False,0,cv4,32,27,20,5,0.7694443922765649,0.25,0.18181818181818182,0.011594555177442878,0.05,0.4
NCMAPSS,0.2,5,False,0,cv5,32,27,19,3,0.4151578972252374,0.15789473684210525,0.18181818181818182,0.01197451577412174,0.0,0.3684210526315789
NCMAPSS,0.2,5,False,1,cv1,32,27,20,3,0.5062699252586317,0.15,0.18181818181818182,0.011594555177442878,0.05,0.4
NCMAPSS,0.2,5,False,1,cv2,32,27,20,1,0.1108093818204073,0.05,0.18181818181818182,0.011594555177442878,0.05,0.4
NCMAPSS,0.2,5,False,1,cv3,32,27,20,5,0.7574181520675894,0.25,0.18181818181818182,0.011594555177442878,0.05,0.4
NCMAPSS,0.2,5,False,1,cv4,32,27,20,2,0.2909522066611811,0.1,0.18181818181818182,0.011594555177442878,0.05,0.4
NCMAPSS,0.2,5,False,1,cv5,32,27,19,9,0.9919996926417374,0.47368421052631576,0.18181818181818182,0.01197451577412174,0.0,0.3684210526315789
NCMAPSS,0.2,5,False,2,cv1,32,27,20,3,0.41869118202929134,0.15,0.18181818181818182,0.011594555177442878,0.05,0.4
NCMAPSS,0.2,5,False,2,cv2,32,27,20,1,0.10975679274441513,0.05,0.18181818181818182,0.011594555177442878,0.05,0.4
NCMAPSS,0.2,5,False,2,cv3,32,27,20,3,0.34675436687513717,0.15,0.18181818181818182,0.011594555177442878,0.05,0.4
NCMAPSS,0.2,5,False,2,cv4,32,27,20,6,0.8914740225493196,0.3,0.18181818181818182,0.011594555177442878,0.05,0.4
NCMAPSS,0.2,5,False,2,cv5,32,27,19,2,0.34103393084125233,0.10526315789473684,0.18181818181818182,0.01197451577412174,0.0,0.3684210526315789
NCMAPSS,0.2,10,True,0,cv1,32,27,20,7,0.9007001619593652,0.35,0.18181818181818182,0.011594555177442878,0.05,0.4
NCMAPSS,0.2,10,True,0,cv2,32,27,20,1,0.0853259303364902,0.05,0.18181818181818182,0.011594555177442878,0.05,0.4
NCMAPSS,0.2,10,True,0,cv3,32,27,20,3,0.4993722902989214,0.15,0.18181818181818182,0.011594555177442878,0.05,0.4
NCMAPSS,0.2,10,True,0,cv4,32,27,20,4,0.6171056664236616,0.2,0.18181818181818182,0.011594555177442878,0.05,0.4
NCMAPSS,0.2,10,True,0,cv5,32,27,19,4,0.6054428890448263,0.21052631578947367,0.18181818181818182,0.01197451577412174,0.0,0.3684210526315789
NCMAPSS,0.2,10,True,1,cv1,32,27,20,6,0.8428628173597636,0.3,0.18181818181818182,0.011594555177442878,0.05,0.4
NCMAPSS,0.2,10,True,1,cv2,32,27,20,1,0.1216957196403495,0.05,0.18181818181818182,0.011594555177442878,0.05,0.4
NCMAPSS,0.2,10,True,1,cv3,32,27,20,3,0.4612523570442746,0.15,0.18181818181818182,0.011594555177442878,0.05,0.4
NCMAPSS,0.2,10,True,1,cv4,32,27,20,3,0.35991699644878233,0.15,0.18181818181818182,0.011594555177442878,0.05,0.4
NCMAPSS,0.2,10,True,1,cv5,32,27,19,6,0.8729502710360204,0.3157894736842105,0.18181818181818182,0.01197451577412174,0.0,0.3684210526315789
NCMAPSS,0.2,10,True,2,cv1,32,27,20,2,0.30387032723075935,0.1,0.18181818181818182,0.011594555177442878,0.05,0.4
NCMAPSS,0.2,10,True,2,cv2,32,27,20,1,0.14131337815085007,0.05,0.18181818181818182,0.011594555177442878,0.05,0.4
NCMAPSS,0.2,10,True,2,cv3,32,27,20,3,0.4630496559673347,0.15,0.18181818181818182,0.011594555177442878,0.05,0.4
NCMAPSS,0.2,10,True,2,cv4,32,27,20,4,0.6540341448189047,0.2,0.18181818181818182,0.011594555177442878,0.05,0.4
NCMAPSS,0.2,10,True,2,cv5,32,27,19,5,0.8005230218428516,0.2631578947368421,0.18181818181818182,0.01197451577412174,0.0,0.3684210526315789
NCMAPSS,0.2,15,False,0,cv1,32,27,20,7,0.9406046705892644,0.35,0.18181818181818182,0.011594555177442878,0.05,0.4
NCMAPSS,0.2,15,False,0,cv2,32,27,20,1,0.08580163727427104,0.05,0.18181818181818182,0.011594555177442878,0.05,0.4
NCMAPSS,0.2,15,False,0,cv3,32,27,20,4,0.5312521029878189,0.2,0.18181818181818182,0.011594555177442878,0.05,0.4
NCMAPSS,0.2,15,False,0,cv4,32,27,20,3,0.3500251121951131,0.15,0.18181818181818182,0.011594555177442878,0.05,0.4
NCMAPSS,0.2,15,False,0,cv5,32,27,19,6,0.8843009638263389,0.3157894736842105,0.18181818181818182,0.01197451577412174,0.0,0.3684210526315789
NCMAPSS,0.2,15,False,1,cv1,32,27,20,9,0.9767865933164412,0.45,0.18181818181818182,0.011594555177442878,0.05,0.4
NCMAPSS,0.2,15,False,1,cv2,32,27,20,1,0.14216948249283567,0.05,0.18181818181818182,0.011594555177442878,0.05,0.4
NCMAPSS,0.2,15,False,1,cv3,32,27,20,3,0.3677553290647938,0.15,0.18181818181818182,0.011594555177442878,0.05,0.4
NCMAPSS,0.2,15,False,1,cv4,32,27,20,6,0.8823175981339666,0.3,0.18181818181818182,0.011594555177442878,0.05,0.4
NCMAPSS,0.2,15,False,1,cv5,32,27,19,6,0.8658836081096543,0.3157894736842105,0.18181818181818182,0.01197451577412174,0.0,0.3684210526315789
NCMAPSS,0.2,15,False,2,cv1,32,27,20,2,0.17892110186053403,0.1,0.18181818181818182,0.011594555177442878,0.05,0.4
NCMAPSS,0.2,15,False,2,cv2,32,27,20,4,0.580997120389432,0.2,0.18181818181818182,0.011594555177442878,0.05,0.4
NCMAPSS,0.2,15,False,2,cv3,32,27,20,2,0.1621894328619198,0.1,0.18181818181818182,0.011594555177442878,0.05,0.4
NCMAPSS,0.2,15,False,2,cv4,32,27,20,7,0.9081581534193096,0.35,0.18181818181818182,0.011594555177442878,0.05,0.4
NCMAPSS,0.2,15,False,2,cv5,32,27,19,5,0.7353106605963023,0.2631578947368421,0.18181818181818182,0.01197451577412174,0.0,0.3684210526315789
PHM08,0.05,0,False,0,cv1,70,68,44,3,0.8426123708006585,0.06818181818181818,0.04225352112676056,0.0014690146856383716,0.0,0.11363636363636363
PHM08,0.05,0,False,0,cv2,70,68,44,2,0.5900328658632692,0.045454545454545456,0.04225352112676056,0.0014690146856383716,0.0,0.11363636363636363
PHM08,0.05,0,False,0,cv3,70,68,44,2,0.6145147904385041,0.045454545454545456,0.04225352112676056,0.0014690146856383716,0.0,0.11363636363636363
PHM08,0.05,0,False,0,cv4,70,68,43,0,0.013098923852282571,0.0,0.04225352112676056,0.0014901067064028457,0.0,0.11627906976744186
PHM08,0.05,0,False,0,cv5,70,68,43,0,0.013818944122457252,0.0,0.04225352112676056,0.0014901067064028457,0.0,0.11627906976744186
PHM08,0.05,0,False,1,cv1,70,68,44,1,0.3904620848973236,0.022727272727272728,0.04225352112676056,0.0014690146856383716,0.0,0.11363636363636363
PHM08,0.05,0,False,1,cv2,70,68,44,1,0.31910362442976825,0.022727272727272728,0.04225352112676056,0.0014690146856383716,0.0,0.11363636363636363
PHM08,0.05,0,False,1,cv3,70,68,44,2,0.5611662441366321,0.045454545454545456,0.04225352112676056,0.0014690146856383716,0.0,0.11363636363636363
PHM08,0.05,0,False,1,cv4,70,68,43,3,0.7410939373290696,0.06976744186046512,0.04225352112676056,0.0014901067064028457,0.0,0.11627906976744186
PHM08,0.05,0,False,1,cv5,70,68,43,1,0.4416890837735834,0.023255813953488372,0.04225352112676056,0.0014901067064028457,0.0,0.11627906976744186
PHM08,0.05,0,False,2,cv1,70,68,44,0,0.2144592075418626,0.0,0.04225352112676056,0.0014690146856383716,0.0,0.11363636363636363
PHM08,0.05,0,False,2,cv2,70,68,44,4,0.8744705412891786,0.09090909090909091,0.04225352112676056,0.0014690146856383716,0.0,0.11363636363636363
PHM08,0.05,0,False,2,cv3,70,68,44,0,0.08564469067486119,0.0,0.04225352112676056,0.0014690146856383716,0.0,0.11363636363636363
PHM08,0.05,0,False,2,cv4,70,68,43,0,0.06831746575121117,0.0,0.04225352112676056,0.0014901067064028457,0.0,0.11627906976744186
PHM08,0.05,0,False,2,cv5,70,68,43,1,0.2817677445486572,0.023255813953488372,0.04225352112676056,0.0014901067064028457,0.0,0.11627906976744186
PHM08,0.05,5,False,0,cv1,70,68,44,2,0.5649139458787176,0.045454545454545456,0.04225352112676056,0.0014690146856383716,0.0,0.11363636363636363
PHM08,0.05,5,False,0,cv2,70,68,44,2,0.6722582098474994,0.045454545454545456,0.04225352112676056,0.0014690146856383716,0.0,0.11363636363636363
PHM08,0.05,5,False,0,cv3,70,68,44,3,0.7213327558131779,0.06818181818181818,0.04225352112676056,0.0014690146856383716,0.0,0.11363636363636363
PHM08,0.05,5,False,0,cv4,70,68,43,1,0.4585393686769004,0.023255813953488372,0.04225352112676056,0.0014901067064028457,0.0,0.11627906976744186
PHM08,0.05,5,False,0,cv5,70,68,43,2,0.5196044264023796,0.046511627906976744,0.04225352112676056,0.0014901067064028457,0.0,0.11627906976744186
PHM08,0.05,5,False,1,cv1,70,68,44,5,0.9451017133321061,0.11363636363636363,0.04225352112676056,0.0014690146856383716,0.0,0.11363636363636363
PHM08,0.05,5,False,1,cv2,70,68,44,1,0.43514855173139855,0.022727272727272728,0.04225352112676056,0.0014690146856383716,0.0,0.11363636363636363
PHM08,0.05,5,False,1,cv3,70,68,44,0,0.07724294544250294,0.0,0.04225352112676056,0.0014690146856383716,0.0,0.11363636363636363
PHM08,0.05,5,False,1,cv4,70,68,43,1,0.4740469711957229,0.023255813953488372,0.04225352112676056,0.0014901067064028457,0.0,0.11627906976744186
PHM08,0.05,5,False,1,cv5,70,68,43,0,0.17824299162300752,0.0,0.04225352112676056,0.0014901067064028457,0.0,0.11627906976744186
PHM08,0.05,5,False,2,cv1,70,68,44,3,0.7971387845039072,0.06818181818181818,0.04225352112676056,0.0014690146856383716,0.0,0.11363636363636363
PHM08,0.05,5,False,2,cv2,70,68,44,2,0.574468521999913,0.045454545454545456,0.04225352112676056,0.0014690146856383716,0.0,0.11363636363636363
PHM08,0.05,5,False,2,cv3,70,68,44,0,0.031013417264010454,0.0,0.04225352112676056,0.0014690146856383716,0.0,0.11363636363636363
PHM08,0.05,5,False,2,cv4,70,68,43,0,0.1391542525035872,0.0,0.04225352112676056,0.0014901067064028457,0.0,0.11627906976744186
PHM08,0.05,5,False,2,cv5,70,68,43,1,0.28976637765518526,0.023255813953488372,0.04225352112676056,0.0014901067064028457,0.0,0.11627906976744186
PHM08,0.05,10,True,0,cv1,70,68,44,3,0.8295057536310133,0.06818181818181818,0.04225352112676056,0.0014690146856383716,0.0,0.11363636363636363
PHM08,0.05,10,True,0,cv2,70,68,44,1,0.4656474176604898,0.022727272727272728,0.04225352112676056,0.0014690146856383716,0.0,0.11363636363636363
PHM08,0.05,10,True,0,cv3,70,68,44,1,0.3616479711027311,0.022727272727272728,0.04225352112676056,0.0014690146856383716,0.0,0.11363636363636363
PHM08,0.05,10,True,0,cv4,70,68,43,1,0.42295393168969925,0.023255813953488372,0.04225352112676056,0.0014901067064028457,0.0,0.11627906976744186
PHM08,0.05,10,True,0,cv5,70,68,43,1,0.43311733086537996,0.023255813953488372,0.04225352112676056,0.0014901067064028457,0.0,0.11627906976744186
PHM08,0.05,10,True,1,cv1,70,68,44,2,0.5709753912690689,0.045454545454545456,0.04225352112676056,0.0014690146856383716,0.0,0.11363636363636363
PHM08,0.05,10,True,1,cv2,70,68,44,0,0.0349580308243523,0.0,0.04225352112676056,0.0014690146856383716,0.0,0.11363636363636363
PHM08,0.05,10,True,1,cv3,70,68,44,0,0.09760114091322566,0.0,0.04225352112676056,0.0014690146856383716,0.0,0.11363636363636363
PHM08,0.05,10,True,1,cv4,70,68,43,4,0.8906942202447891,0.09302325581395349,0.04225352112676056,0.0014901067064028457,0.0,0.11627906976744186
PHM08,0.05,10,True,1,cv5,70,68,43,0,0.1620711604053992,0.0,0.04225352112676056,0.0014901067064028457,0.0,0.11627906976744186
PHM08,0.05,10,True,2,cv1,70,68,44,1,0.4128677651392697,0.022727272727272728,0.04225352112676056,0.0014690146856383716,0.0,0.11363636363636363
PHM08,0.05,10,True,2,cv2,70,68,44,3,0.7175349026683869,0.06818181818181818,0.04225352112676056,0.0014690146856383716,0.0,0.11363636363636363
PHM08,0.05,10,True,2,cv3,70,68,44,0,0.20988423928474406,0.0,0.04225352112676056,0.0014690146856383716,0.0,0.11363636363636363
PHM08,0.05,10,True,2,cv4,70,68,43,3,0.7466904917799276,0.06976744186046512,0.04225352112676056,0.0014901067064028457,0.0,0.11627906976744186
PHM08,0.05,10,True,2,cv5,70,68,43,2,0.5573479118396073,0.046511627906976744,0.04225352112676056,0.0014901067064028457,0.0,0.11627906976744186
PHM08,0.05,15,False,0,cv1,70,68,44,0,0.02028288787962563,0.0,0.04225352112676056,0.0014690146856383716,0.0,0.11363636363636363
PHM08,0.05,15,False,0,cv2,70,68,44,3,0.7774259661069822,0.06818181818181818,0.04225352112676056,0.0014690146856383716,0.0,0.11363636363636363
PHM08,0.05,15,False,0,cv3,70,68,44,1,0.4778780012150121,0.022727272727272728,0.04225352112676056,0.0014690146856383716,0.0,0.11363636363636363
PHM08,0.05,15,False,0,cv4,70,68,43,4,0.9026332101022482,0.09302325581395349,0.04225352112676056,0.0014901067064028457,0.0,0.11627906976744186
PHM08,0.05,15,False,0,cv5,70,68,43,0,0.1148754476745902,0.0,0.04225352112676056,0.0014901067064028457,0.0,0.11627906976744186
PHM08,0.05,15,False,1,cv1,70,68,44,2,0.6802180935223283,0.045454545454545456,0.04225352112676056,0.0014690146856383716,0.0,0.11363636363636363
PHM08,0.05,15,False,1,cv2,70,68,44,2,0.6993262070335343,0.045454545454545456,0.04225352112676056,0.0014690146856383716,0.0,0.11363636363636363
PHM08,0.05,15,False,1,cv3,70,68,44,0,0.1277343800505288,0.0,0.04225352112676056,0.0014690146856383716,0.0,0.11363636363636363
PHM08,0.05,15,False,1,cv4,70,68,43,4,0.9124042213452608,0.09302325581395349,0.04225352112676056,0.0014901067064028457,0.0,0.11627906976744186
PHM08,0.05,15,False,1,cv5,70,68,43,0,0.2297707298692497,0.0,0.04225352112676056,0.0014901067064028457,0.0,0.11627906976744186
PHM08,0.05,15,False,2,cv1,70,68,44,2,0.5045788739191348,0.045454545454545456,0.04225352112676056,0.0014690146856383716,0.0,0.11363636363636363
PHM08,0.05,15,False,2,cv2,70,68,44,1,0.386032192201594,0.022727272727272728,0.04225352112676056,0.0014690146856383716,0.0,0.11363636363636363
PHM08,0.05,15,False,2,cv3,70,68,44,2,0.6440679230151642,0.045454545454545456,0.04225352112676056,0.0014690146856383716,0.0,0.11363636363636363
PHM08,0.05,15,False,2,cv4,70,68,43,4,0.8937728728202298,0.09302325581395349,0.04225352112676056,0.0014901067064028457,0.0,0.11627906976744186
PHM08,0.05,15,False,2,cv5,70,68,43,0,0.0709843459686836,0.0,0.04225352112676056,0.0014901067064028457,0.0,0.11627906976744186
PHM08,0.1,0,False,0,cv1,70,64,44,9,0.9447039942369827,0.20454545454545456,0.09859154929577464,0.003226071466499953,0.022727272727272728,0.20454545454545456
PHM08,0.1,0,False,0,cv2,70,64,44,5,0.6950154659726634,0.11363636363636363,0.09859154929577464,0.003226071466499953,0.022727272727272728,0.20454545454545456
PHM08,0.1,0,False,0,cv3,70,64,44,4,0.5541153962432388,0.09090909090909091,0.09859154929577464,0.003226071466499953,0.022727272727272728,0.20454545454545456
PHM08,0.1,0,False,0,cv4,70,64,43,3,0.28316658579570114,0.06976744186046512,0.09859154929577464,0.003272391198374877,0.023255813953488372,0.20930232558139536
PHM08,0.1,0,False,0,cv5,70,64,43,6,0.8014401793979901,0.13953488372093023,0.09859154929577464,0.003272391198374877,0.023255813953488372,0.20930232558139536
PHM08,0.1,0,False,1,cv1,70,64,44,8,0.9226861865761232,0.18181818181818182,0.09859154929577464,0.003226071466499953,0.022727272727272728,0.20454545454545456
PHM08,0.1,0,False,1,cv2,70,64,44,2,0.17585428022852928,0.045454545454545456,0.09859154929577464,0.003226071466499953,0.022727272727272728,0.20454545454545456
PHM08,0.1,0,False,1,cv3,70,64,44,2,0.1670890676963979,0.045454545454545456,0.09859154929577464,0.003226071466499953,0.022727272727272728,0.20454545454545456
PHM08,0.1,0,False,1,cv4,70,64,43,3,0.3142605852578799,0.06976744186046512,0.09859154929577464,0.003272391198374877,0.023255813953488372,0.20930232558139536
PHM08,0.1,0,False,1,cv5,70,64,43,7,0.8781735722608056,0.16279069767441862,0.09859154929577464,0.003272391198374877,0.023255813953488372,0.20930232558139536
PHM08,0.1,0,False,2,cv1,70,64,44,3,0.32296175811007366,0.06818181818181818,0.09859154929577464,0.003226071466499953,0.022727272727272728,0.20454545454545456
PHM08,0.1,0,False,2,cv2,70,64,44,6,0.7820752237001564,0.13636363636363635,0.09859154929577464,0.003226071466499953,0.022727272727272728,0.20454545454545456
PHM08,0.1,0,False,2,cv3,70,64,44,1,0.08774950995241579,0.022727272727272728,0.09859154929577464,0.003226071466499953,0.022727272727272728,0.20454545454545456
PHM08,0.1,0,False,2,cv4,70,64,43,5,0.7225876810005609,0.11627906976744186,0.09859154929577464,0.003272391198374877,0.023255813953488372,0.20930232558139536
PHM08,0.1,0,False,2,cv5,70,64,43,5,0.682042826972013,0.11627906976744186,0.09859154929577464,0.003272391198374877,0.023255813953488372,0.20930232558139536
PHM08,0.1,5,False,0,cv1,70,64,44,4,0.42506420702259107,0.09090909090909091,0.09859154929577464,0.003226071466499953,0.022727272727272728,0.20454545454545456
PHM08,0.1,5,False,0,cv2,70,64,44,6,0.7341191072163146,0.13636363636363635,0.09859154929577464,0.003226071466499953,0.022727272727272728,0.20454545454545456
PHM08,0.1,5,False,0,cv3,70,64,44,5,0.6542585616189152,0.11363636363636363,0.09859154929577464,0.003226071466499953,0.022727272727272728,0.20454545454545456
PHM08,0.1,5,False,0,cv4,70,64,43,3,0.26435957197320736,0.06976744186046512,0.09859154929577464,0.003272391198374877,0.023255813953488372,0.20930232558139536
PHM08,0.1,5,False,0,cv5,70,64,43,4,0.5004346321292324,0.09302325581395349,0.09859154929577464,0.003272391198374877,0.023255813953488372,0.20930232558139536
PHM08,0.1,5,False,1,cv1,70,64,44,6,0.7429904707356866,0.13636363636363635,0.09859154929577464,0.003226071466499953,0.022727272727272728,0.20454545454545456
PHM08,0.1,5,False,1,cv2,70,64,44,2,0.1373459043480892,0.045454545454545456,0.09859154929577464,0.003226071466499953,0.022727272727272728,0.20454545454545456
PHM08,0.1,5,False,1,cv3,70,64,44,1,0.03295940956376447,0.022727272727272728,0.09859154929577464,0.003226071466499953,0.022727272727272728,0.20454545454545456
PHM08,0.1,5,False,1,cv4,70,64,43,4,0.4297226788953685,0.09302325581395349,0.09859154929577464,0.003272391198374877,0.023255813953488372,0.20930232558139536
PHM08,0.1,5,False,1,cv5,70,64,43,2,0.1431416820763961,0.046511627906976744,0.09859154929577464,0.003272391198374877,0.023255813953488372,0.20930232558139536
PHM08,0.1,5,False,2,cv1,70,64,44,3,0.4023185961373648,0.06818181818181818,0.09859154929577464,0.003226071466499953,0.022727272727272728,0.20454545454545456
PHM08,0.1,5,False,2,cv2,70,64,44,2,0.15754457500374508,0.045454545454545456,0.09859154929577464,0.003226071466499953,0.022727272727272728,0.20454545454545456
PHM08,0.1,5,False,2,cv3,70,64,44,1,0.10774330942720158,0.022727272727272728,0.09859154929577464,0.003226071466499953,0.022727272727272728,0.20454545454545456
PHM08,0.1,5,False,2,cv4,70,64,43,4,0.4429030807142831,0.09302325581395349,0.09859154929577464,0.003272391198374877,0.023255813953488372,0.20930232558139536
PHM08,0.1,5,False,2,cv5,70,64,43,9,0.9590121782153943,0.20930232558139536,0.09859154929577464,0.003272391198374877,0.023255813953488372,0.20930232558139536
PHM08,0.1,10,True,0,cv1,70,64,44,3,0.33545675676715137,0.06818181818181818,0.09859154929577464,0.003226071466499953,0.022727272727272728,0.20454545454545456
PHM08,0.1,10,True,0,cv2,70,64,44,5,0.6605934836115468,0.11363636363636363,0.09859154929577464,0.003226071466499953,0.022727272727272728,0.20454545454545456
PHM08,0.1,10,True,0,cv3,70,64,44,2,0.22832069279092063,0.045454545454545456,0.09859154929577464,0.003226071466499953,0.022727272727272728,0.20454545454545456
PHM08,0.1,10,True,0,cv4,70,64,43,4,0.49013698339934253,0.09302325581395349,0.09859154929577464,0.003272391198374877,0.023255813953488372,0.20930232558139536
PHM08,0.1,10,True,0,cv5,70,64,43,4,0.5347397418941229,0.09302325581395349,0.09859154929577464,0.003272391198374877,0.023255813953488372,0.20930232558139536
PHM08,0.1,10,True,1,cv1,70,64,44,2,0.1417504736660392,0.045454545454545456,0.09859154929577464,0.003226071466499953,0.022727272727272728,0.20454545454545456
PHM08,0.1,10,True,1,cv2,70,64,44,3,0.3773897941055714,0.06818181818181818,0.09859154929577464,0.003226071466499953,0.022727272727272728,0.20454545454545456
PHM08,0.1,10,True,1,cv3,70,64,44,1,0.07395534538437448,0.022727272727272728,0.09859154929577464,0.003226071466499953,0.022727272727272728,0.20454545454545456
PHM08,0.1,10,True,1,cv4,70,64,43,9,0.9450422879370233,0.20930232558139536,0.09859154929577464,0.003272391198374877,0.023255813953488372,0.20930232558139536
PHM08,0.1,10,True,1,cv5,70,64,43,1,0.05686460891979678,0.023255813953488372,0.09859154929577464,0.003272391198374877,0.023255813953488372,0.20930232558139536
PHM08,0.1,10,True,2,cv1,70,64,44,5,0.5918473401323462,0.11363636363636363,0.09859154929577464,0.003226071466499953,0.022727272727272728,0.20454545454545456
PHM08,0.1,10,True,2,cv2,70,64,44,5,0.675775933157579,0.11363636363636363,0.09859154929577464,0.003226071466499953,0.022727272727272728,0.20454545454545456
PHM08,0.1,10,True,2,cv3,70,64,44,3,0.3150148907871891,0.06818181818181818,0.09859154929577464,0.003226071466499953,0.022727272727272728,0.20454545454545456
PHM08,0.1,10,True,2,cv4,70,64,43,4,0.5117485028200877,0.09302325581395349,0.09859154929577464,0.003272391198374877,0.023255813953488372,0.20930232558139536
PHM08,0.1,10,True,2,cv5,70,64,43,5,0.6719559180981437,0.11627906976744186,0.09859154929577464,0.003272391198374877,0.023255813953488372,0.20930232558139536
PHM08,0.1,15,False,0,cv1,70,64,44,6,0.7500080132841208,0.13636363636363635,0.09859154929577464,0.003226071466499953,0.022727272727272728,0.20454545454545456
PHM08,0.1,15,False,0,cv2,70,64,44,9,0.9654272190607516,0.20454545454545456,0.09859154929577464,0.003226071466499953,0.022727272727272728,0.20454545454545456
PHM08,0.1,15,False,0,cv3,70,64,44,5,0.6768440189702275,0.11363636363636363,0.09859154929577464,0.003226071466499953,0.022727272727272728,0.20454545454545456
PHM08,0.1,15,False,0,cv4,70,64,43,8,0.92714376365563,0.18604651162790697,0.09859154929577464,0.003272391198374877,0.023255813953488372,0.20930232558139536
PHM08,0.1,15,False,0,cv5,70,64,43,2,0.1406248498787751,0.046511627906976744,0.09859154929577464,0.003272391198374877,0.023255813953488372,0.20930232558139536
PHM08,0.1,15,False,1,cv1,70,64,44,6,0.7498194084621661,0.13636363636363635,0.09859154929577464,0.003226071466499953,0.022727272727272728,0.20454545454545456
PHM08,0.1,15,False,1,cv2,70,64,44,2,0.16459149504787624,0.045454545454545456,0.09859154929577464,0.003226071466499953,0.022727272727272728,0.20454545454545456
PHM08,0.1,15,False,1,cv3,70,64,44,1,0.08815167759917643,0.022727272727272728,0.09859154929577464,0.003226071466499953,0.022727272727272728,0.20454545454545456
PHM08,0.1,15,False,1,cv4,70,64,43,10,0.9707938563032786,0.23255813953488372,0.09859154929577464,0.003272391198374877,0.023255813953488372,0.20930232558139536
PHM08,0.1,15,False,1,cv5,70,64,43,0,0.004344370556153397,0.0,0.09859154929577464,0.003272391198374877,0.023255813953488372,0.20930232558139536
PHM08,0.1,15,False,2,cv1,70,64,44,5,0.6825009545767668,0.11363636363636363,0.09859154929577464,0.003226071466499953,0.022727272727272728,0.20454545454545456
PHM08,0.1,15,False,2,cv2,70,64,44,4,0.47390653036596825,0.09090909090909091,0.09859154929577464,0.003226071466499953,0.022727272727272728,0.20454545454545456
PHM08,0.1,15,False,2,cv3,70,64,44,4,0.4605569757703457,0.09090909090909091,0.09859154929577464,0.003226071466499953,0.022727272727272728,0.20454545454545456
PHM08,0.1,15,False,2,cv4,70,64,43,6,0.7359166451337978,0.13953488372093023,0.09859154929577464,0.003272391198374877,0.023255813953488372,0.20930232558139536
PHM08,0.1,15,False,2,cv5,70,64,43,0,0.0026260805474490213,0.0,0.09859154929577464,0.003272391198374877,0.023255813953488372,0.20930232558139536
PHM08,0.2,0,False,0,cv1,70,57,44,14,0.9308702718234606,0.3181818181818182,0.19718309859154928,0.0057464397997030415,0.09090909090909091,0.3409090909090909
PHM08,0.2,0,False,0,cv2,70,57,44,7,0.3245991562620611,0.1590909090909091,0.19718309859154928,0.0057464397997030415,0.09090909090909091,0.3409090909090909
PHM08,0.2,0,False,0,cv3,70,57,44,4,0.09458324665196682,0.09090909090909091,0.19718309859154928,0.0057464397997030415,0.09090909090909091,0.3409090909090909
PHM08,0.2,0,False,0,cv4,70,57,43,6,0.255174549409549,0.13953488372093023,0.19718309859154928,0.005828946822105249,0.09302325581395349,0.32558139534883723
PHM08,0.2,0,False,0,cv5,70,57,43,14,0.9340924380546937,0.32558139534883723,0.19718309859154928,0.005828946822105249,0.09302325581395349,0.32558139534883723
PHM08,0.2,0,False,1,cv1,70,57,44,11,0.7794048155234644,0.25,0.19718309859154928,0.0057464397997030415,0.09090909090909091,0.3409090909090909
PHM08,0.2,0,False,1,cv2,70,57,44,5,0.09709285429424651,0.11363636363636363,0.19718309859154928,0.0057464397997030415,0.09090909090909091,0.3409090909090909
PHM08,0.2,0,False,1,cv3,70,57,44,2,0.013661752797727068,0.045454545454545456,0.19718309859154928,0.0057464397997030415,0.09090909090909091,0.3409090909090909
PHM08,0.2,0,False,1,cv4,70,57,43,6,0.21858701418276993,0.13953488372093023,0.19718309859154928,0.005828946822105249,0.09302325581395349,0.32558139534883723
PHM08,0.2,0,False,1,cv5,70,57,43,11,0.797743317838666,0.2558139534883721,0.19718309859154928,0.005828946822105249,0.09302325581395349,0.32558139534883723
PHM08,0.2,0,False,2,cv1,70,57,44,11,0.8021418985841522,0.25,0.19718309859154928,0.0057464397997030415,0.09090909090909091,0.3409090909090909
PHM08,0.2,0,False,2,cv2,70,57,44,10,0.7212096279646509,0.22727272727272727,0.19718309859154928,0.0057464397997030415,0.09090909090909091,0.3409090909090909
PHM08,0.2,0,False,2,cv3,70,57,44,5,0.13851906332429637,0.11363636363636363,0.19718309859154928,0.0057464397997030415,0.09090909090909091,0.3409090909090909
PHM08,0.2,0,False,2,cv4,70,57,43,7,0.298339587254439,0.16279069767441862,0.19718309859154928,0.005828946822105249,0.09302325581395349,0.32558139534883723
PHM08,0.2,0,False,2,cv5,70,57,43,8,0.41583283829599593,0.18604651162790697,0.19718309859154928,0.005828946822105249,0.09302325581395349,0.32558139534883723
PHM08,0.2,5,False,0,cv1,70,57,44,14,0.9261052559837062,0.3181818181818182,0.19718309859154928,0.0057464397997030415,0.09090909090909091,0.3409090909090909
PHM08,0.2,5,False,0,cv2,70,57,44,10,0.6304982850700068,0.22727272727272727,0.19718309859154928,0.0057464397997030415,0.09090909090909091,0.3409090909090909
PHM08,0.2,5,False,0,cv3,70,57,44,5,0.1181079759857361,0.11363636363636363,0.19718309859154928,0.0057464397997030415,0.09090909090909091,0.3409090909090909
PHM08,0.2,5,False,0,cv4,70,57,43,4,0.0985073060686369,0.09302325581395349,0.19718309859154928,0.005828946822105249,0.09302325581395349,0.32558139534883723
PHM08,0.2,5,False,0,cv5,70,57,43,13,0.8976063265921365,0.3023255813953488,0.19718309859154928,0.005828946822105249,0.09302325581395349,0.32558139534883723
PHM08,0.2,5,False,1,cv1,70,57,44,11,0.7498382900000319,0.25,0.19718309859154928,0.0057464397997030415,0.09090909090909091,0.3409090909090909
PHM08,0.2,5,False,1,cv2,70,57,44,4,0.08750935147834166,0.09090909090909091,0.19718309859154928,0.0057464397997030415,0.09090909090909091,0.3409090909090909
PHM08,0.2,5,False,1,cv3,70,57,44,4,0.08393968093250624,0.09090909090909091,0.19718309859154928,0.0057464397997030415,0.09090909090909091,0.3409090909090909
PHM08,0.2,5,False,1,cv4,70,57,43,12,0.8430933141094523,0.27906976744186046,0.19718309859154928,0.005828946822105249,0.09302325581395349,0.32558139534883723
PHM08,0.2,5,False,1,cv5,70,57,43,11,0.7835294590900921,0.2558139534883721,0.19718309859154928,0.005828946822105249,0.09302325581395349,0.32558139534883723
PHM08,0.2,5,False,2,cv1,70,57,44,8,0.4536506090000227,0.18181818181818182,0.19718309859154928,0.0057464397997030415,0.09090909090909091,0.3409090909090909
PHM08,0.2,5,False,2,cv2,70,57,44,10,0.6942245076171969,0.22727272727272727,0.19718309859154928,0.0057464397997030415,0.09090909090909091,0.3409090909090909
PHM08,0.2,5,False,2,cv3,70,57,44,5,0.10634906418855064,0.11363636363636363,0.19718309859154928,0.0057464397997030415,0.09090909090909091,0.3409090909090909
PHM08,0.2,5,False,2,cv4,70,57,43,9,0.6158322558641081,0.20930232558139536,0.19718309859154928,0.005828946822105249,0.09302325581395349,0.32558139534883723
PHM08,0.2,5,False,2,cv5,70,57,43,11,0.750997042049815,0.2558139534883721,0.19718309859154928,0.005828946822105249,0.09302325581395349,0.32558139534883723
PHM08,0.2,10,True,0,cv1,70,57,44,9,0.5736299099361951,0.20454545454545456,0.19718309859154928,0.0057464397997030415,0.09090909090909091,0.3409090909090909
PHM08,0.2,10,True,0,cv2,70,57,44,6,0.2663912264288452,0.13636363636363635,0.19718309859154928,0.0057464397997030415,0.09090909090909091,0.3409090909090909
PHM08,0.2,10,True,0,cv3,70,57,44,4,0.05391526223827347,0.09090909090909091,0.19718309859154928,0.0057464397997030415,0.09090909090909091,0.3409090909090909
PHM08,0.2,10,True,0,cv4,70,57,43,8,0.5024088619975795,0.18604651162790697,0.19718309859154928,0.005828946822105249,0.09302325581395349,0.32558139534883723
PHM08,0.2,10,True,0,cv5,70,57,43,6,0.2267726962041357,0.13953488372093023,0.19718309859154928,0.005828946822105249,0.09302325581395349,0.32558139534883723
PHM08,0.2,10,True,1,cv1,70,57,44,9,0.533052360033678,0.20454545454545456,0.19718309859154928,0.0057464397997030415,0.09090909090909091,0.3409090909090909
PHM08,0.2,10,True,1,cv2,70,57,44,6,0.22353356880196928,0.13636363636363635,0.19718309859154928,0.0057464397997030415,0.09090909090909091,0.3409090909090909
PHM08,0.2,10,True,1,cv3,70,57,44,9,0.528186834471861,0.20454545454545456,0.19718309859154928,0.0057464397997030415,0.09090909090909091,0.3409090909090909
PHM08,0.2,10,True,1,cv4,70,57,43,12,0.8505465123669458,0.27906976744186046,0.19718309859154928,0.005828946822105249,0.09302325581395349,0.32558139534883723
PHM08,0.2,10,True,1,cv5,70,57,43,5,0.15241157299818042,0.11627906976744186,0.19718309859154928,0.005828946822105249,0.09302325581395349,0.32558139534883723
PHM08,0.2,10,True,2,cv1,70,57,44,12,0.8556202663830857,0.2727272727272727,0.19718309859154928,0.0057464397997030415,0.09090909090909091,0.3409090909090909
PHM08,0.2,10,True,2,cv2,70,57,44,7,0.3652078756793653,0.1590909090909091,0.19718309859154928,0.0057464397997030415,0.09090909090909091,0.3409090909090909
PHM08,0.2,10,True,2,cv3,70,57,44,7,0.37374392382765703,0.1590909090909091,0.19718309859154928,0.0057464397997030415,0.09090909090909091,0.3409090909090909
PHM08,0.2,10,True,2,cv4,70,57,43,9,0.5853025485376634,0.20930232558139536,0.19718309859154928,0.005828946822105249,0.09302325581395349,0.32558139534883723
PHM08,0.2,10,True,2,cv5,70,57,43,7,0.39821779848567185,0.16279069767441862,0.19718309859154928,0.005828946822105249,0.09302325581395349,0.32558139534883723
PHM08,0.2,15,False,0,cv1,70,57,44,11,0.7971932851502823,0.25,0.19718309859154928,0.0057464397997030415,0.09090909090909091,0.3409090909090909
PHM08,0.2,15,False,0,cv2,70,57,44,20,0.9983824234252723,0.45454545454545453,0.19718309859154928,0.0057464397997030415,0.09090909090909091,0.3409090909090909
PHM08,0.2,15,False,0,cv3,70,57,44,8,0.39966920608809625,0.18181818181818182,0.19718309859154928,0.0057464397997030415,0.09090909090909091,0.3409090909090909
PHM08,0.2,15,False,0,cv4,70,57,43,12,0.8456485756529175,0.27906976744186046,0.19718309859154928,0.005828946822105249,0.09302325581395349,0.32558139534883723
PHM08,0.2,15,False,0,cv5,70,57,43,9,0.6149565321541607,0.20930232558139536,0.19718309859154928,0.005828946822105249,0.09302325581395349,0.32558139534883723
PHM08,0.2,15,False,1,cv1,70,57,44,9,0.5705708320226338,0.20454545454545456,0.19718309859154928,0.0057464397997030415,0.09090909090909091,0.3409090909090909
PHM08,0.2,15,False,1,cv2,70,57,44,11,0.7379622346912742,0.25,0.19718309859154928,0.0057464397997030415,0.09090909090909091,0.3409090909090909
PHM08,0.2,15,False,1,cv3,70,57,44,7,0.37062046992283204,0.1590909090909091,0.19718309859154928,0.0057464397997030415,0.09090909090909091,0.3409090909090909
PHM08,0.2,15,False,1,cv4,70,57,43,12,0.8627514636138938,0.27906976744186046,0.19718309859154928,0.005828946822105249,0.09302325581395349,0.32558139534883723
PHM08,0.2,15,False,1,cv5,70,57,43,12,0.8312858821195965,0.27906976744186046,0.19718309859154928,0.005828946822105249,0.09302325581395349,0.32558139534883723
PHM08,0.2,15,False,2,cv1,70,57,44,9,0.6003300506916551,0.20454545454545456,0.19718309859154928,0.0057464397997030415,0.09090909090909091,0.3409090909090909
PHM08,0.2,15,False,2,cv2,70,57,44,14,0.9339560253818601,0.3181818181818182,0.19718309859154928,0.0057464397997030415,0.09090909090909091,0.3409090909090909
PHM08,0.2,15,False,2,cv3,70,57,44,6,0.2080253487452524,0.13636363636363635,0.19718309859154928,0.0057464397997030415,0.09090909090909091,0.3409090909090909
PHM08,0.2,15,False,2,cv4,70,57,43,9,0.5895893147216988,0.20930232558139536,0.19718309859154928,0.005828946822105249,0.09302325581395349,0.32558139534883723
PHM08,0.2,15,False,2,cv5,70,57,43,8,0.473944872591174,0.18604651162790697,0.19718309859154928,0.005828946822105249,0.09302325581395349,0.32558139534883723
