dataset,analysis,rep,lead,rho,policy,rel_cost,failures,n
BATTERY,cv,0,0,5,CNA_DA,1.079766412602742,1,123
BATTERY,cv,0,0,5,CNA_a0.05,1.0914110990849504,2,123
BATTERY,cv,0,0,5,CNA_a0.10,1.3717969087473934,11,123
BATTERY,cv,0,0,5,CNA_a0.20,1.6921308212184691,21,123
BATTERY,cv,0,0,5,CNAtrend_DA,1.071238633110439,2,123
BATTERY,cv,0,0,5,CNAtrend_a0.05,1.1674438584787374,5,123
BATTERY,cv,0,0,5,CNAtrend_a0.10,1.361684247766274,11,123
BATTERY,cv,0,0,5,CNAtrend_a0.20,1.7831841235258674,24,123
BATTERY,cv,0,0,5,KAM_P1_heur,4.993550484500188,123,123
BATTERY,cv,0,0,5,KAM_P1_opt,1.0841952955000473,1,123
BATTERY,cv,0,0,5,LBall_a0.05,1.919498128940568,28,123
BATTERY,cv,0,0,5,LBall_a0.10,4.411345312458413,105,123
BATTERY,cv,0,0,5,LBall_a0.20,4.993550484500188,123,123
BATTERY,cv,0,0,5,LBnear_a0.05,1.0633374945127907,1,123
BATTERY,cv,0,0,5,LBnear_a0.10,1.1506332861515332,4,123
BATTERY,cv,0,0,5,LBnear_a0.20,1.6932034306873098,21,123
BATTERY,cv,0,0,5,STW_cost_1se,1.0951608822650014,0,123
BATTERY,cv,0,0,5,STW_cost_plain,1.1211174745821597,3,123
BATTERY,cv,0,0,5,STW_window,1.106243224267201,2,123
BATTERY,cv,0,0,5,age,2.1561597541107074,6,123
BATTERY,cv,0,0,5,perfect,1.0,0,123
BATTERY,cv,0,0,5,trend_cost_1se,1.046527983823998,0,123
BATTERY,cv,0,0,5,trend_window,1.0168599312362525,0,123
BATTERY,cv,0,0,10,CNA_DA,1.1222769012878893,1,123
BATTERY,cv,0,0,10,CNA_a0.05,1.17472492344258,2,123
BATTERY,cv,0,0,10,CNA_a0.10,1.8235863098318643,11,123
BATTERY,cv,0,0,10,CNA_a0.20,2.5504580493727653,21,123
BATTERY,cv,0,0,10,CNAtrend_DA,1.1530125745692512,2,123
BATTERY,cv,0,0,10,CNAtrend_a0.05,1.3715424351358594,5,123
BATTERY,cv,0,0,10,CNAtrend_a0.10,1.8101431317611545,11,123
BATTERY,cv,0,0,10,CNAtrend_a0.20,2.7602713144989455,24,123
BATTERY,cv,0,0,10,KAM_P1_heur,1.1675261920257296,2,123
BATTERY,cv,0,0,10,KAM_P1_opt,1.1268801496535925,1,123
BATTERY,cv,0,0,10,LBall_a0.05,3.0630289291604806,28,123
BATTERY,cv,0,0,10,LBall_a0.10,8.67645818361986,105,123
BATTERY,cv,0,0,10,LBall_a0.20,9.987100969000377,123,123
BATTERY,cv,0,0,10,LBnear_a0.05,1.105201175399121,1,123
BATTERY,cv,0,0,10,LBnear_a0.10,1.3161920323603868,4,123
BATTERY,cv,0,0,10,LBnear_a0.20,2.552074736108409,21,123
BATTERY,cv,0,0,10,STW_cost_1se,1.0951608822650014,0,123
BATTERY,cv,0,0,10,STW_cost_plain,1.2456860828690661,3,123
BATTERY,cv,0,0,10,STW_window,1.190689271921186,2,123
BATTERY,cv,0,0,10,age,2.2272942653481533,3,123
BATTERY,cv,0,0,10,perfect,1.0,0,123
BATTERY,cv,0,0,10,trend_cost_1se,1.046527983823998,0,123
BATTERY,cv,0,0,10,trend_window,1.0168599312362525,0,123
BATTERY,cv,0,0,20,CNA_DA,1.2072978786581838,1,123
BATTERY,cv,0,0,20,CNA_a0.05,1.3413525721578397,2,123
BATTERY,cv,0,0,20,CNA_a0.10,2.727165112000806,11,123
BATTERY,cv,0,0,20,CNA_a0.20,4.267112505681357,21,123
BATTERY,cv,0,0,20,CNAtrend_DA,1.3165604574868754,2,123
BATTERY,cv,0,0,20,CNAtrend_a0.05,1.7797395884501033,5,123
BATTERY,cv,0,0,20,CNAtrend_a0.10,2.707060899750916,11,123
BATTERY,cv,0,0,20,CNAtrend_a0.20,4.714445696445102,24,123
BATTERY,cv,0,0,20,KAM_P1_heur,1.333132744086117,2,123
BATTERY,cv,0,0,20,KAM_P1_opt,1.212249857960683,1,123
BATTERY,cv,0,0,20,LBall_a0.05,5.350090529600306,28,123
BATTERY,cv,0,0,20,LBall_a0.10,17.20668392594276,105,123
BATTERY,cv,0,0,20,LBall_a0.20,19.974201938000753,123,123
BATTERY,cv,0,0,20,LBnear_a0.05,1.1889285371717817,1,123
BATTERY,cv,0,0,20,LBnear_a0.10,1.6473095247780942,4,123
BATTERY,cv,0,0,20,LBnear_a0.20,4.2698173469506076,21,123
BATTERY,cv,0,0,20,STW_cost_1se,1.0951608822650014,0,123
BATTERY,cv,0,0,20,STW_cost_plain,1.4948232994428794,3,123
BATTERY,cv,0,0,20,STW_window,1.3595813672291557,2,123
BATTERY,cv,0,0,20,age,2.672753118417784,3,123
BATTERY,cv,0,0,20,perfect,1.0,0,123
BATTERY,cv,0,0,20,trend_cost_1se,1.046527983823998,0,123
BATTERY,cv,0,0,20,trend_window,1.0168599312362525,0,123
BATTERY,cv,0,0,50,CNA_DA,1.4623608107690678,1,123
BATTERY,cv,0,0,50,CNA_a0.05,1.8412355183036184,2,123
BATTERY,cv,0,0,50,CNA_a0.10,5.437901518507631,11,123
BATTERY,cv,0,0,50,CNA_a0.20,9.417075874607132,21,123
BATTERY,cv,0,0,50,CNAtrend_DA,1.8072041062397484,2,123
BATTERY,cv,0,0,50,CNAtrend_a0.05,3.0043310483928347,5,123
BATTERY,cv,0,0,50,CNAtrend_a0.10,5.397814203720199,11,123
BATTERY,cv,0,0,50,CNAtrend_a0.20,10.57696884228357,24,123
BATTERY,cv,0,0,50,KAM_P1_heur,1.8299524002672785,2,123
BATTERY,cv,0,0,50,KAM_P1_opt,1.4683589828819539,1,123
BATTERY,cv,0,0,50,LBall_a0.05,12.211275330919783,28,123
BATTERY,cv,0,0,50,LBall_a0.10,42.797361152911456,105,123
BATTERY,cv,0,0,50,LBall_a0.20,49.93550484500189,123,123
BATTERY,cv,0,0,50,LBnear_a0.05,1.4401106224897637,1,123
BATTERY,cv,0,0,50,LBnear_a0.10,2.6406620020312164,4,123
BATTERY,cv,0,0,50,LBnear_a0.20,9.423045179477203,21,123
BATTERY,cv,0,0,50,STW_cost_1se,1.0951608822650014,0,123
BATTERY,cv,0,0,50,STW_cost_plain,2.2422349491643194,3,123
BATTERY,cv,0,0,50,STW_window,1.8662576531530644,2,123
BATTERY,cv,0,0,50,age,4.57121444718401,2,123
BATTERY,cv,0,0,50,perfect,1.0,0,123
BATTERY,cv,0,0,50,trend_cost_1se,1.046527983823998,0,123
BATTERY,cv,0,0,50,trend_window,1.0168599312362525,0,123
BATTERY,cv,0,15,5,CNA_DA,1.1557406029505402,3,123
BATTERY,cv,0,15,5,CNA_a0.05,1.2347043694997593,6,123
BATTERY,cv,0,15,5,CNA_a0.10,1.3447891364662639,10,123
BATTERY,cv,0,15,5,CNA_a0.20,1.696016537193457,21,123
BATTERY,cv,0,15,5,CNAtrend_DA,1.048931740290809,1,123
BATTERY,cv,0,15,5,CNAtrend_a0.05,1.1746150569219544,5,123
BATTERY,cv,0,15,5,CNAtrend_a0.10,1.4354861868550033,13,123
BATTERY,cv,0,15,5,CNAtrend_a0.20,1.7885824679010063,24,123
BATTERY,cv,0,15,5,KAM_P1_heur,1.444176737522057,13,123
BATTERY,cv,0,15,5,KAM_P1_opt,1.123670746478802,2,123
BATTERY,cv,0,15,5,LBall_a0.05,2.082749810566833,33,123
BATTERY,cv,0,15,5,LBall_a0.10,4.12000441327279,96,123
BATTERY,cv,0,15,5,LBall_a0.20,4.864198096173631,119,123
BATTERY,cv,0,15,5,LBnear_a0.05,1.0973030872108729,2,123
BATTERY,cv,0,15,5,LBnear_a0.10,1.249674593395997,7,123
BATTERY,cv,0,15,5,LBnear_a0.20,2.0194750895744398,31,123
BATTERY,cv,0,15,5,STW_cost_1se,1.098762013545164,0,123
BATTERY,cv,0,15,5,STW_cost_plain,1.1583737772215785,4,123
BATTERY,cv,0,15,5,STW_window,1.1038954327898325,2,123
BATTERY,cv,0,15,5,age,2.1561597541107074,6,123
BATTERY,cv,0,15,5,perfect,1.0,0,123
BATTERY,cv,0,15,5,trend_cost_1se,1.0538587521855565,0,123
BATTERY,cv,0,15,5,trend_window,1.0362789584217456,0,123
BATTERY,cv,0,15,10,CNA_DA,1.2841562255006003,3,123
BATTERY,cv,0,15,10,CNA_a0.05,1.4866848530711385,6,123
BATTERY,cv,0,15,10,CNA_a0.10,1.7573011415172652,10,123
BATTERY,cv,0,15,10,CNA_a0.20,2.556314780697385,21,123
BATTERY,cv,0,15,10,CNAtrend_DA,1.0902282654991085,1,123
BATTERY,cv,0,15,10,CNAtrend_a0.05,1.3799673396006178,5,123
BATTERY,cv,0,15,10,CNAtrend_a0.10,1.9686667705440046,13,123
BATTERY,cv,0,15,10,CNAtrend_a0.20,2.768627655791969,24,123
BATTERY,cv,0,15,10,KAM_P1_heur,1.1687386153794734,2,123
BATTERY,cv,0,15,10,KAM_P1_opt,1.2094471393397794,2,123
BATTERY,cv,0,15,10,LBall_a0.05,3.430411452698313,33,123
BATTERY,cv,0,15,10,LBall_a0.10,8.020600307495549,96,123
BATTERY,cv,0,15,10,LBall_a0.20,9.6959140681658,119,123
BATTERY,cv,0,15,10,LBnear_a0.05,1.1810666816544506,2,123
BATTERY,cv,0,15,10,LBnear_a0.10,1.5393342673619568,7,123
BATTERY,cv,0,15,10,LBnear_a0.20,3.286757028376214,31,123
BATTERY,cv,0,15,10,STW_cost_1se,1.098762013545164,0,123
BATTERY,cv,0,15,10,STW_cost_plain,1.3250462631527409,4,123
BATTERY,cv,0,15,10,STW_window,1.188162259720354,2,123
BATTERY,cv,0,15,10,age,2.2272942653481533,3,123
BATTERY,cv,0,15,10,perfect,1.0,0,123
BATTERY,cv,0,15,10,trend_cost_1se,1.0538587521855565,0,123
BATTERY,cv,0,15,10,trend_window,1.0362789584217456,0,123
BATTERY,cv,0,15,20,CNA_DA,1.5409874706007203,3,123
BATTERY,cv,0,15,20,CNA_a0.05,1.9906458202138975,6,123
BATTERY,cv,0,15,20,CNA_a0.10,2.582325151619268,10,123
BATTERY,cv,0,15,20,CNA_a0.20,4.27691126770524,21,123
BATTERY,cv,0,15,20,CNAtrend_DA,1.1728213159157077,1,123
BATTERY,cv,0,15,20,CNAtrend_a0.05,1.7906719049579445,5,123
BATTERY,cv,0,15,20,CNAtrend_a0.10,3.0350279379220066,13,123
BATTERY,cv,0,15,20,CNAtrend_a0.20,4.7287180315738935,24,123
BATTERY,cv,0,15,20,KAM_P1_heur,1.334517142383654,2,123
BATTERY,cv,0,15,20,KAM_P1_opt,1.380999925061734,2,123
BATTERY,cv,0,15,20,LBall_a0.05,6.125734736961273,33,123
BATTERY,cv,0,15,20,LBall_a0.10,15.821792095941067,96,123
BATTERY,cv,0,15,20,LBall_a0.20,19.35934601215014,119,123
BATTERY,cv,0,15,20,LBnear_a0.05,1.348593870541607,2,123
BATTERY,cv,0,15,20,LBnear_a0.10,2.1186536152938755,7,123
BATTERY,cv,0,15,20,LBnear_a0.20,5.821320905979762,31,123
BATTERY,cv,0,15,20,STW_cost_1se,1.098762013545164,0,123
BATTERY,cv,0,15,20,STW_cost_plain,1.6583912350150658,4,123
BATTERY,cv,0,15,20,STW_window,1.3566959135813972,2,123
BATTERY,cv,0,15,20,age,2.672753118417784,3,123
BATTERY,cv,0,15,20,perfect,1.0,0,123
BATTERY,cv,0,15,20,trend_cost_1se,1.0538587521855565,0,123
BATTERY,cv,0,15,20,trend_window,1.0362789584217456,0,123
BATTERY,cv,0,15,50,CNA_DA,2.3114812059010803,3,123
BATTERY,cv,0,15,50,CNA_a0.05,3.502528721642174,6,123
BATTERY,cv,0,15,50,CNA_a0.10,5.057397181925275,10,123
BATTERY,cv,0,15,50,CNA_a0.20,9.438700728728806,21,123
BATTERY,cv,0,15,50,CNAtrend_DA,1.420600467165505,1,123
BATTERY,cv,0,15,50,CNAtrend_a0.05,3.0227856010299248,5,123
BATTERY,cv,0,15,50,CNAtrend_a0.10,6.234111440056015,13,123
BATTERY,cv,0,15,50,CNAtrend_a0.20,10.608989158919668,24,123
BATTERY,cv,0,15,50,KAM_P1_heur,1.8392366062256607,2,123
BATTERY,cv,0,15,50,KAM_P1_opt,1.8956582822275976,2,123
BATTERY,cv,0,15,50,LBall_a0.05,14.211704589750154,33,123
BATTERY,cv,0,15,50,LBall_a0.10,39.22536746127763,96,123
BATTERY,cv,0,15,50,LBall_a0.20,48.34964184410316,119,123
BATTERY,cv,0,15,50,LBnear_a0.05,1.8511754372030755,2,123
BATTERY,cv,0,15,50,LBnear_a0.10,3.8566116590896327,7,123
BATTERY,cv,0,15,50,LBnear_a0.20,13.425012538790407,31,123
BATTERY,cv,0,15,50,STW_cost_1se,1.098762013545164,0,123
BATTERY,cv,0,15,50,STW_cost_plain,2.65842615060204,4,123
BATTERY,cv,0,15,50,STW_window,1.8622968751645266,2,123
BATTERY,cv,0,15,50,age,4.57121444718401,2,123
BATTERY,cv,0,15,50,perfect,1.0,0,123
BATTERY,cv,0,15,50,trend_cost_1se,1.0538587521855565,0,123
BATTERY,cv,0,15,50,trend_window,1.0362789584217456,0,123
BATTERY,cv,0,30,5,CNA_DA,1.122228549017068,2,123
BATTERY,cv,0,30,5,CNA_a0.05,1.2331792833823196,6,123
BATTERY,cv,0,30,5,CNA_a0.10,1.5137943326910779,15,123
BATTERY,cv,0,30,5,CNA_a0.20,1.8651131915795298,26,123
BATTERY,cv,0,30,5,CNAtrend_DA,1.0625216991926143,1,123
BATTERY,cv,0,30,5,CNAtrend_a0.05,1.1864342118560491,5,123
BATTERY,cv,0,30,5,CNAtrend_a0.10,1.4131853678842914,12,123
BATTERY,cv,0,30,5,CNAtrend_a0.20,1.76767993322647,23,123
BATTERY,cv,0,30,5,KAM_P1_heur,1.4460262504248291,13,123
BATTERY,cv,0,30,5,KAM_P1_opt,1.1318337323843928,2,123
BATTERY,cv,0,30,5,LBall_a0.05,2.379244764495334,42,123
BATTERY,cv,0,30,5,LBall_a0.10,4.120955955402335,96,123
BATTERY,cv,0,30,5,LBall_a0.20,4.76730172959732,116,123
BATTERY,cv,0,30,5,LBnear_a0.05,1.1664719225718627,4,123
BATTERY,cv,0,30,5,LBnear_a0.10,1.349823321862037,10,123
BATTERY,cv,0,30,5,LBnear_a0.20,2.2507802378812385,38,123
BATTERY,cv,0,30,5,STW_cost_1se,1.108352827531627,0,123
BATTERY,cv,0,30,5,STW_cost_plain,1.193146620511951,5,123
BATTERY,cv,0,30,5,STW_window,1.1554978486175231,3,123
BATTERY,cv,0,30,5,age,2.1561597541107074,6,123
BATTERY,cv,0,30,5,perfect,1.0,0,123
BATTERY,cv,0,30,5,trend_cost_1se,1.0622162734928335,0,123
BATTERY,cv,0,30,5,trend_window,1.0535090048232223,0,123
BATTERY,cv,0,30,10,CNA_DA,1.2078948504687523,2,123
BATTERY,cv,0,30,10,CNA_a0.05,1.4848485248889154,6,123
BATTERY,cv,0,30,10,CNA_a0.10,2.1342018460890606,15,123
BATTERY,cv,0,30,10,CNA_a0.20,2.933239688959877,26,123
BATTERY,cv,0,30,10,CNAtrend_DA,1.1043532621529535,1,123
BATTERY,cv,0,30,10,CNAtrend_a0.05,1.3938527803623513,5,123
BATTERY,cv,0,30,10,CNAtrend_a0.10,1.9090398829314112,12,123
BATTERY,cv,0,30,10,CNAtrend_a0.20,2.7131831533243496,23,123
BATTERY,cv,0,30,10,KAM_P1_heur,1.393225739202402,5,123
BATTERY,cv,0,30,10,KAM_P1_opt,1.2182332539404535,2,123
BATTERY,cv,0,30,10,LBall_a0.05,4.096225522378564,42,123
BATTERY,cv,0,30,10,LBall_a0.10,8.022452717913422,96,123
BATTERY,cv,0,30,10,LBall_a0.20,9.47775318303249,116,123
BATTERY,cv,0,30,10,LBnear_a0.05,1.3343096092728501,4,123
BATTERY,cv,0,30,10,LBnear_a0.10,1.7638795555620481,10,123
BATTERY,cv,0,30,10,LBnear_a0.20,3.805864765871913,38,123
BATTERY,cv,0,30,10,STW_cost_1se,1.108352827531627,0,123
BATTERY,cv,0,30,10,STW_cost_plain,1.4017386870350195,5,123
BATTERY,cv,0,30,10,STW_window,1.2838864984639144,3,123
BATTERY,cv,0,30,10,age,2.2272942653481533,3,123
BATTERY,cv,0,30,10,perfect,1.0,0,123
BATTERY,cv,0,30,10,trend_cost_1se,1.0622162734928335,0,123
BATTERY,cv,0,30,10,trend_window,1.0535090048232223,0,123
BATTERY,cv,0,30,20,CNA_DA,1.3792274533721218,2,123
BATTERY,cv,0,30,20,CNA_a0.05,1.9881870079021071,6,123
BATTERY,cv,0,30,20,CNA_a0.10,3.375016872885026,15,123
BATTERY,cv,0,30,20,CNA_a0.20,5.069492683720572,26,123
BATTERY,cv,0,30,20,CNAtrend_DA,1.1880163880736316,1,123
BATTERY,cv,0,30,20,CNAtrend_a0.05,1.8086899173749558,5,123
BATTERY,cv,0,30,20,CNAtrend_a0.10,2.9007489130256507,12,123
BATTERY,cv,0,30,20,CNAtrend_a0.20,4.6041895935201085,23,123
BATTERY,cv,0,30,20,KAM_P1_heur,1.807876256822164,5,123
BATTERY,cv,0,30,20,KAM_P1_opt,1.3910322970525744,2,123
BATTERY,cv,0,30,20,LBall_a0.05,7.530187038145026,42,123
BATTERY,cv,0,30,20,LBall_a0.10,15.825446242935596,96,123
BATTERY,cv,0,30,20,LBall_a0.20,18.898656089902833,116,123
BATTERY,cv,0,30,20,LBnear_a0.05,1.6699849826748252,4,123
BATTERY,cv,0,30,20,LBnear_a0.10,2.5919920229620708,10,123
BATTERY,cv,0,30,20,LBnear_a0.20,6.916033821853261,38,123
BATTERY,cv,0,30,20,STW_cost_1se,1.108352827531627,0,123
BATTERY,cv,0,30,20,STW_cost_plain,1.818922820081156,5,123
BATTERY,cv,0,30,20,STW_window,1.5406637981566973,3,123
BATTERY,cv,0,30,20,age,2.672753118417784,3,123
BATTERY,cv,0,30,20,perfect,1.0,0,123
BATTERY,cv,0,30,20,trend_cost_1se,1.0622162734928335,0,123
BATTERY,cv,0,30,20,trend_window,1.0535090048232223,0,123
BATTERY,cv,0,30,50,CNA_DA,1.893225262082229,2,123
BATTERY,cv,0,30,50,CNA_a0.05,3.498202456941682,6,123
BATTERY,cv,0,30,50,CNA_a0.10,7.097461953272923,15,123
BATTERY,cv,0,30,50,CNA_a0.20,11.478251668002656,26,123
BATTERY,cv,0,30,50,CNAtrend_DA,1.4390057658356665,1,123
BATTERY,cv,0,30,50,CNAtrend_a0.05,3.05320132841277,5,123
BATTERY,cv,0,30,50,CNAtrend_a0.10,5.8758760033083695,12,123
BATTERY,cv,0,30,50,CNAtrend_a0.20,10.277208914107383,23,123
BATTERY,cv,0,30,50,KAM_P1_heur,3.117236282917187,5,123
BATTERY,cv,0,30,50,KAM_P1_opt,1.9094294263889378,2,123
BATTERY,cv,0,30,50,LBall_a0.05,17.83207158544441,42,123
BATTERY,cv,0,30,50,LBall_a0.10,39.23442681800211,96,123
BATTERY,cv,0,30,50,LBall_a0.20,47.16136481051386,116,123
BATTERY,cv,0,30,50,LBnear_a0.05,2.67701110288075,4,123
BATTERY,cv,0,30,50,LBnear_a0.10,5.076329425162139,10,123
BATTERY,cv,0,30,50,LBnear_a0.20,16.246540989797307,38,123
BATTERY,cv,0,30,50,STW_cost_1se,1.108352827531627,0,123
BATTERY,cv,0,30,50,STW_cost_plain,3.0704752192195666,5,123
BATTERY,cv,0,30,50,STW_window,2.3109956972350463,3,123
BATTERY,cv,0,30,50,age,4.57121444718401,2,123
BATTERY,cv,0,30,50,perfect,1.0,0,123
BATTERY,cv,0,30,50,trend_cost_1se,1.0622162734928335,0,123
BATTERY,cv,0,30,50,trend_window,1.0535090048232223,0,123
BATTERY,cv,0,45,5,CNA_DA,1.0919247560307523,1,123
BATTERY,cv,0,45,5,CNA_a0.05,1.178349675035313,4,123
BATTERY,cv,0,45,5,CNA_a0.10,1.2631357640218364,7,123
BATTERY,cv,0,45,5,CNA_a0.20,1.6097745614247236,18,123
BATTERY,cv,0,45,5,CNAtrend_DA,1.0797071310305288,1,123
BATTERY,cv,0,45,5,CNAtrend_a0.05,1.2022938749514764,5,123
BATTERY,cv,0,45,5,CNAtrend_a0.10,1.4246357367699185,12,123
BATTERY,cv,0,45,5,CNAtrend_a0.20,1.7848324897805194,23,123
BATTERY,cv,0,45,5,KAM_P1_heur,1.7453199028000024,22,123
BATTERY,cv,0,45,5,KAM_P1_opt,1.105738506078933,1,123
BATTERY,cv,0,45,5,LBall_a0.05,2.6440909105756383,50,123
BATTERY,cv,0,45,5,LBall_a0.10,3.8022577337083114,86,123
BATTERY,cv,0,45,5,LBall_a0.20,4.44580065281663,106,123
BATTERY,cv,0,45,5,LBnear_a0.05,1.2008203797141763,5,123
BATTERY,cv,0,45,5,LBnear_a0.10,1.4181503396670445,12,123
BATTERY,cv,0,45,5,LBnear_a0.20,2.451591753842328,44,123
BATTERY,cv,0,45,5,STW_cost_1se,1.110096983261062,0,123
BATTERY,cv,0,45,5,STW_cost_plain,1.1673702695526158,4,123
BATTERY,cv,0,45,5,STW_window,1.0639251041771403,0,123
BATTERY,cv,0,45,5,age,2.1561597541107074,6,123
BATTERY,cv,0,45,5,perfect,1.0,0,123
BATTERY,cv,0,45,5,trend_cost_1se,1.074403754597351,0,123
BATTERY,cv,0,45,5,trend_window,1.0517985929337441,0,123
BATTERY,cv,0,45,10,CNA_DA,1.1349139196540103,1,123
BATTERY,cv,0,45,10,CNA_a0.05,1.3478963908677322,4,123
BATTERY,cv,0,45,10,CNA_a0.10,1.5559155768745798,7,123
BATTERY,cv,0,45,10,CNA_a0.20,2.3527474359284426,18,123
BATTERY,cv,0,45,10,CNAtrend_DA,1.1222152857955103,1,123
BATTERY,cv,0,45,10,CNAtrend_a0.05,1.412485111831105,5,123
BATTERY,cv,0,45,10,CNAtrend_a0.10,1.9245079251102408,12,123
BATTERY,cv,0,45,10,CNAtrend_a0.20,2.739510333151495,23,123
BATTERY,cv,0,45,10,KAM_P1_heur,1.843615402646218,11,123
BATTERY,cv,0,45,10,KAM_P1_opt,1.149271518129285,1,123
BATTERY,cv,0,45,10,LBall_a0.05,4.690600903281241,50,123
BATTERY,cv,0,45,10,LBall_a0.10,7.3032659253455146,86,123
BATTERY,cv,0,45,10,LBall_a0.20,8.753431998324517,106,123
BATTERY,cv,0,45,10,LBnear_a0.05,1.4107540125313403,5,123
BATTERY,cv,0,45,10,LBnear_a0.10,1.9157469500765338,12,123
BATTERY,cv,0,45,10,LBnear_a0.20,4.255438529244711,44,123
BATTERY,cv,0,45,10,STW_cost_1se,1.110096983261062,0,123
BATTERY,cv,0,45,10,STW_cost_plain,1.3353372148119849,4,123
BATTERY,cv,0,45,10,STW_window,1.0639251041771403,0,123
BATTERY,cv,0,45,10,age,2.2272942653481533,3,123
BATTERY,cv,0,45,10,perfect,1.0,0,123
BATTERY,cv,0,45,10,trend_cost_1se,1.074403754597351,0,123
BATTERY,cv,0,45,10,trend_window,1.0517985929337441,0,123
BATTERY,cv,0,45,20,CNA_DA,1.2208922469005261,1,123
BATTERY,cv,0,45,20,CNA_a0.05,1.6869898225325701,4,123
BATTERY,cv,0,45,20,CNA_a0.10,2.1414752025800667,7,123
BATTERY,cv,0,45,20,CNA_a0.20,3.8386931849358796,18,123
BATTERY,cv,0,45,20,CNAtrend_DA,1.2072315953254733,1,123
BATTERY,cv,0,45,20,CNAtrend_a0.05,1.8328675855903624,5,123
BATTERY,cv,0,45,20,CNAtrend_a0.10,2.9242523017908852,12,123
BATTERY,cv,0,45,20,CNAtrend_a0.20,4.648866019893446,23,123
BATTERY,cv,0,45,20,KAM_P1_heur,2.781462893836002,11,123
BATTERY,cv,0,45,20,KAM_P1_opt,1.2363375422299885,1,123
BATTERY,cv,0,45,20,LBall_a0.05,8.783620888692447,50,123
BATTERY,cv,0,45,20,LBall_a0.10,14.30528230861992,86,123
BATTERY,cv,0,45,20,LBall_a0.20,17.36869468934029,106,123
BATTERY,cv,0,45,20,LBnear_a0.05,1.8306212781656679,5,123
BATTERY,cv,0,45,20,LBnear_a0.10,2.910940170895512,12,123
BATTERY,cv,0,45,20,LBnear_a0.20,7.863132080049475,44,123
BATTERY,cv,0,45,20,STW_cost_1se,1.110096983261062,0,123
BATTERY,cv,0,45,20,STW_cost_plain,1.6712711053307234,4,123
BATTERY,cv,0,45,20,STW_window,1.0639251041771403,0,123
BATTERY,cv,0,45,20,age,2.672753118417784,3,123
BATTERY,cv,0,45,20,perfect,1.0,0,123
BATTERY,cv,0,45,20,trend_cost_1se,1.074403754597351,0,123
BATTERY,cv,0,45,20,trend_window,1.0517985929337441,0,123
BATTERY,cv,0,45,50,CNA_DA,1.4788272286400739,1,123
BATTERY,cv,0,45,50,CNA_a0.05,2.704270117527085,4,123
BATTERY,cv,0,45,50,CNA_a0.10,3.898154079696528,7,123
BATTERY,cv,0,45,50,CNA_a0.20,8.296530431958193,18,123
BATTERY,cv,0,45,50,CNAtrend_DA,1.462280523915362,1,123
BATTERY,cv,0,45,50,CNAtrend_a0.05,3.0940150068681347,5,123
BATTERY,cv,0,45,50,CNAtrend_a0.10,5.92348543183282,12,123
BATTERY,cv,0,45,50,CNAtrend_a0.20,10.376933080119299,23,123
BATTERY,cv,0,45,50,KAM_P1_heur,1.4698662221553398,1,123
BATTERY,cv,0,45,50,KAM_P1_opt,1.4975356145320986,1,123
BATTERY,cv,0,45,50,LBall_a0.05,21.06268084492606,50,123
BATTERY,cv,0,45,50,LBall_a0.10,35.311331458443135,86,123
BATTERY,cv,0,45,50,LBall_a0.20,43.21448276238761,106,123
BATTERY,cv,0,45,50,LBnear_a0.05,3.0902230750686503,5,123
BATTERY,cv,0,45,50,LBnear_a0.10,5.896519833352448,12,123
BATTERY,cv,0,45,50,LBnear_a0.20,18.686212732463765,44,123
BATTERY,cv,0,45,50,STW_cost_1se,1.110096983261062,0,123
BATTERY,cv,0,45,50,STW_cost_plain,2.6790727768869385,4,123
BATTERY,cv,0,45,50,STW_window,1.0639251041771403,0,123
BATTERY,cv,0,45,50,age,4.57121444718401,2,123
BATTERY,cv,0,45,50,perfect,1.0,0,123
BATTERY,cv,0,45,50,trend_cost_1se,1.074403754597351,0,123
BATTERY,cv,0,45,50,trend_window,1.0517985929337441,0,123
BATTERY,cv,1,0,5,CNA_DA,1.1617875998048794,4,123
BATTERY,cv,1,0,5,CNA_a0.05,1.147186770706887,4,123
BATTERY,cv,1,0,5,CNA_a0.10,1.564658550176504,17,123
BATTERY,cv,1,0,5,CNA_a0.20,2.144064992712092,35,123
BATTERY,cv,1,0,5,CNAtrend_DA,1.071238633110439,2,123
BATTERY,cv,1,0,5,CNAtrend_a0.05,1.1674438584787374,5,123
BATTERY,cv,1,0,5,CNAtrend_a0.10,1.361684247766274,11,123
BATTERY,cv,1,0,5,CNAtrend_a0.20,1.7831841235258674,24,123
BATTERY,cv,1,0,5,KAM_P1_heur,4.993550484500188,123,123
BATTERY,cv,1,0,5,KAM_P1_opt,1.0668678391407045,1,123
BATTERY,cv,1,0,5,LBall_a0.05,1.6280580155069284,19,123
BATTERY,cv,1,0,5,LBall_a0.10,3.957438048650787,91,123
BATTERY,cv,1,0,5,LBall_a0.20,4.993550484500188,123,123
BATTERY,cv,1,0,5,LBnear_a0.05,1.0945558329483904,2,123
BATTERY,cv,1,0,5,LBnear_a0.10,1.1814208955824672,5,123
BATTERY,cv,1,0,5,LBnear_a0.20,1.628470992364182,19,123
BATTERY,cv,1,0,5,STW_cost_1se,1.0949720028054684,0,123
BATTERY,cv,1,0,5,STW_cost_plain,1.0996825025767631,2,123
BATTERY,cv,1,0,5,STW_window,1.050545498670726,0,123
BATTERY,cv,1,0,5,age,2.1561597541107074,6,123
BATTERY,cv,1,0,5,perfect,1.0,0,123
BATTERY,cv,1,0,5,trend_cost_1se,1.0455628382903506,0,123
BATTERY,cv,1,0,5,trend_window,1.0168599312362525,0,123
BATTERY,cv,1,0,10,CNA_DA,1.2350193629205932,2,123
BATTERY,cv,1,0,10,CNA_a0.05,1.312249615412914,4,123
BATTERY,cv,1,0,10,CNA_a0.10,2.260972564652959,17,123
BATTERY,cv,1,0,10,CNA_a0.20,3.570724208395043,35,123
BATTERY,cv,1,0,10,CNAtrend_DA,1.1530125745692512,2,123
BATTERY,cv,1,0,10,CNAtrend_a0.05,1.3715424351358594,5,123
BATTERY,cv,1,0,10,CNAtrend_a0.10,1.8101431317611545,11,123
BATTERY,cv,1,0,10,CNAtrend_a0.20,2.7602713144989455,24,123
BATTERY,cv,1,0,10,KAM_P1_heur,1.1656935952821708,2,123
BATTERY,cv,1,0,10,KAM_P1_opt,1.1606658220260628,1,123
BATTERY,cv,1,0,10,LBall_a0.05,2.4052716410001858,19,123
BATTERY,cv,1,0,10,LBall_a0.10,7.654839100264973,91,123
BATTERY,cv,1,0,10,LBall_a0.20,9.987100969000377,123,123
BATTERY,cv,1,0,10,LBnear_a0.05,1.17810971332613,2,123
BATTERY,cv,1,0,10,LBnear_a0.10,1.3879630101947866,5,123
BATTERY,cv,1,0,10,LBnear_a0.20,2.4058817676134145,19,123
BATTERY,cv,1,0,10,STW_cost_1se,1.0949720028054684,0,123
BATTERY,cv,1,0,10,STW_cost_plain,1.1836277317810964,2,123
BATTERY,cv,1,0,10,STW_window,1.0711048126778464,0,123
BATTERY,cv,1,0,10,age,2.2272942653481533,3,123
BATTERY,cv,1,0,10,perfect,1.0,0,123
BATTERY,cv,1,0,10,trend_cost_1se,1.0455628382903506,0,123
BATTERY,cv,1,0,10,trend_window,1.0168599312362525,0,123
BATTERY,cv,1,0,20,CNA_DA,1.4101994143986918,2,123
BATTERY,cv,1,0,20,CNA_a0.05,1.6423753048249679,4,123
BATTERY,cv,1,0,20,CNA_a0.10,3.653600593605868,17,123
BATTERY,cv,1,0,20,CNA_a0.20,6.424042639760946,35,123
BATTERY,cv,1,0,20,CNAtrend_DA,1.3165604574868754,2,123
BATTERY,cv,1,0,20,CNAtrend_a0.05,1.7797395884501033,5,123
BATTERY,cv,1,0,20,CNAtrend_a0.10,2.707060899750916,11,123
BATTERY,cv,1,0,20,CNAtrend_a0.20,4.714445696445102,24,123
BATTERY,cv,1,0,20,KAM_P1_heur,1.331040204542053,2,123
BATTERY,cv,1,0,20,KAM_P1_opt,1.248595050967431,1,123
BATTERY,cv,1,0,20,LBall_a0.05,3.959698891986701,19,123
BATTERY,cv,1,0,20,LBall_a0.10,15.049641203493342,91,123
BATTERY,cv,1,0,20,LBall_a0.20,19.974201938000753,123,123
BATTERY,cv,1,0,20,LBnear_a0.05,1.3452174740816096,2,123
BATTERY,cv,1,0,20,LBnear_a0.10,1.8010472394194257,5,123
BATTERY,cv,1,0,20,LBnear_a0.20,3.9607033181118796,19,123
BATTERY,cv,1,0,20,STW_cost_1se,1.0949720028054684,0,123
BATTERY,cv,1,0,20,STW_cost_plain,1.3515181901897624,2,123
BATTERY,cv,1,0,20,STW_window,1.0711048126778464,0,123
BATTERY,cv,1,0,20,age,2.672753118417784,3,123
BATTERY,cv,1,0,20,perfect,1.0,0,123
BATTERY,cv,1,0,20,trend_cost_1se,1.0455628382903506,0,123
BATTERY,cv,1,0,20,trend_window,1.0168599312362525,0,123
BATTERY,cv,1,0,50,CNA_DA,1.9357395688329866,2,123
BATTERY,cv,1,0,50,CNA_a0.05,2.6327523730611295,4,123
BATTERY,cv,1,0,50,CNA_a0.10,7.831484680464597,17,123
BATTERY,cv,1,0,50,CNA_a0.20,14.983997933858651,35,123
BATTERY,cv,1,0,50,CNAtrend_DA,1.8072041062397484,2,123
BATTERY,cv,1,0,50,CNAtrend_a0.05,3.0043310483928347,5,123
BATTERY,cv,1,0,50,CNAtrend_a0.10,5.397814203720199,11,123
BATTERY,cv,1,0,50,CNAtrend_a0.20,10.57696884228357,24,123
BATTERY,cv,1,0,50,KAM_P1_heur,1.8270800323217002,2,123
BATTERY,cv,1,0,50,KAM_P1_opt,1.5123827377915364,1,123
BATTERY,cv,1,0,50,LBall_a0.05,8.622980644946244,19,123
BATTERY,cv,1,0,50,LBall_a0.10,37.23404751317845,91,123
BATTERY,cv,1,0,50,LBall_a0.20,49.93550484500189,123,123
BATTERY,cv,1,0,50,LBnear_a0.05,1.8465407563480478,2,123
BATTERY,cv,1,0,50,LBnear_a0.10,3.0402999270933426,5,123
BATTERY,cv,1,0,50,LBnear_a0.20,8.625167969607276,19,123
BATTERY,cv,1,0,50,STW_cost_1se,1.0949720028054684,0,123
BATTERY,cv,1,0,50,STW_cost_plain,1.8551895654157609,2,123
BATTERY,cv,1,0,50,STW_window,1.0711048126778464,0,123
BATTERY,cv,1,0,50,age,4.57121444718401,2,123
BATTERY,cv,1,0,50,perfect,1.0,0,123
BATTERY,cv,1,0,50,trend_cost_1se,1.0455628382903506,0,123
BATTERY,cv,1,0,50,trend_window,1.0168599312362525,0,123
BATTERY,cv,1,15,5,CNA_DA,1.139499655396868,3,123
BATTERY,cv,1,15,5,CNA_a0.05,1.1520374287645336,4,123
BATTERY,cv,1,15,5,CNA_a0.10,1.468515113336564,14,123
BATTERY,cv,1,15,5,CNA_a0.20,2.0510745249300957,32,123
BATTERY,cv,1,15,5,CNAtrend_DA,1.048931740290809,1,123
BATTERY,cv,1,15,5,CNAtrend_a0.05,1.1746150569219544,5,123
BATTERY,cv,1,15,5,CNAtrend_a0.10,1.4354861868550033,13,123
BATTERY,cv,1,15,5,CNAtrend_a0.20,1.7885824679010063,24,123
BATTERY,cv,1,15,5,KAM_P1_heur,3.190755967826547,67,123
BATTERY,cv,1,15,5,KAM_P1_opt,1.1405007900436581,2,123
BATTERY,cv,1,15,5,LBall_a0.05,1.7920417159550537,24,123
BATTERY,cv,1,15,5,LBall_a0.10,3.7320208235949517,84,123
BATTERY,cv,1,15,5,LBall_a0.20,4.896628863400206,120,123
BATTERY,cv,1,15,5,LBnear_a0.05,1.096650552073378,2,123
BATTERY,cv,1,15,5,LBnear_a0.10,1.2810395388675442,8,123
BATTERY,cv,1,15,5,LBnear_a0.20,1.792382692804,24,123
BATTERY,cv,1,15,5,STW_cost_1se,1.111729821858,0,123
BATTERY,cv,1,15,5,STW_cost_plain,1.0800510547887932,1,123
BATTERY,cv,1,15,5,STW_window,1.0938926257657282,1,123
BATTERY,cv,1,15,5,age,2.1561597541107074,6,123
BATTERY,cv,1,15,5,perfect,1.0,0,123
BATTERY,cv,1,15,5,trend_cost_1se,1.0541387173186336,0,123
BATTERY,cv,1,15,5,trend_window,1.0362789584217456,0,123
BATTERY,cv,1,15,10,CNA_DA,1.2492651834410822,2,123
BATTERY,cv,1,15,10,CNA_a0.05,1.3177982098817327,4,123
BATTERY,cv,1,15,10,CNA_a0.10,2.0427947665966726,14,123
BATTERY,cv,1,15,10,CNA_a0.20,3.3585323894273675,32,123
BATTERY,cv,1,15,10,CNAtrend_DA,1.0902282654991085,1,123
BATTERY,cv,1,15,10,CNAtrend_a0.05,1.3799673396006178,5,123
BATTERY,cv,1,15,10,CNAtrend_a0.10,1.9686667705440046,13,123
BATTERY,cv,1,15,10,CNAtrend_a0.20,2.768627655791969,24,123
BATTERY,cv,1,15,10,KAM_P1_heur,1.3906637315138306,5,123
BATTERY,cv,1,15,10,KAM_P1_opt,1.2597308660800803,2,123
BATTERY,cv,1,15,10,LBall_a0.05,2.7739823822317953,24,123
BATTERY,cv,1,15,10,LBall_a0.10,7.146941838649156,84,123
BATTERY,cv,1,15,10,LBall_a0.20,9.768896389171555,120,123
BATTERY,cv,1,15,10,LBnear_a0.05,1.1803643346743995,2,123
BATTERY,cv,1,15,10,LBnear_a0.10,1.6116303876075555,8,123
BATTERY,cv,1,15,10,LBnear_a0.20,2.7745101957103016,24,123
BATTERY,cv,1,15,10,STW_cost_1se,1.111729821858,0,123
BATTERY,cv,1,15,10,STW_cost_plain,1.122572749859218,1,123
BATTERY,cv,1,15,10,STW_window,1.1369592645754025,1,123
BATTERY,cv,1,15,10,age,2.2272942653481533,3,123
BATTERY,cv,1,15,10,perfect,1.0,0,123
BATTERY,cv,1,15,10,trend_cost_1se,1.0541387173186336,0,123
BATTERY,cv,1,15,10,trend_window,1.0362789584217456,0,123
BATTERY,cv,1,15,20,CNA_DA,1.426465918680952,2,123
BATTERY,cv,1,15,20,CNA_a0.05,1.649319772116131,4,123
BATTERY,cv,1,15,20,CNA_a0.10,3.19135407311689,14,123
BATTERY,cv,1,15,20,CNA_a0.20,5.973448118421912,32,123
BATTERY,cv,1,15,20,CNAtrend_DA,1.1728213159157077,1,123
BATTERY,cv,1,15,20,CNAtrend_a0.05,1.7906719049579445,5,123
BATTERY,cv,1,15,20,CNAtrend_a0.10,3.0350279379220066,13,123
BATTERY,cv,1,15,20,CNAtrend_a0.20,4.7287180315738935,24,123
BATTERY,cv,1,15,20,KAM_P1_heur,1.8045517468453278,5,123
BATTERY,cv,1,15,20,KAM_P1_opt,1.4384160953112974,2,123
BATTERY,cv,1,15,20,LBall_a0.05,4.737863714785279,24,123
BATTERY,cv,1,15,20,LBall_a0.10,13.976783868757563,84,123
BATTERY,cv,1,15,20,LBall_a0.20,19.513431440714257,120,123
BATTERY,cv,1,15,20,LBnear_a0.05,1.3477918998764418,2,123
BATTERY,cv,1,15,20,LBnear_a0.10,2.2728120850875784,8,123
BATTERY,cv,1,15,20,LBnear_a0.20,4.738765201522905,24,123
BATTERY,cv,1,15,20,STW_cost_1se,1.111729821858,0,123
BATTERY,cv,1,15,20,STW_cost_plain,1.207616140000068,1,123
BATTERY,cv,1,15,20,STW_window,1.2230925421947512,1,123
BATTERY,cv,1,15,20,age,2.672753118417784,3,123
BATTERY,cv,1,15,20,perfect,1.0,0,123
BATTERY,cv,1,15,20,trend_cost_1se,1.0541387173186336,0,123
BATTERY,cv,1,15,20,trend_window,1.0362789584217456,0,123
BATTERY,cv,1,15,50,CNA_DA,1.9580681244005615,2,123
BATTERY,cv,1,15,50,CNA_a0.05,2.6438844588193255,4,123
BATTERY,cv,1,15,50,CNA_a0.10,6.637031992677542,14,123
BATTERY,cv,1,15,50,CNA_a0.20,13.818195305405546,32,123
BATTERY,cv,1,15,50,CNAtrend_DA,1.420600467165505,1,123
BATTERY,cv,1,15,50,CNAtrend_a0.05,3.0227856010299248,5,123
BATTERY,cv,1,15,50,CNAtrend_a0.10,6.234111440056015,13,123
BATTERY,cv,1,15,50,CNAtrend_a0.20,10.608989158919668,24,123
BATTERY,cv,1,15,50,KAM_P1_heur,3.0462157928398192,5,123
BATTERY,cv,1,15,50,KAM_P1_opt,1.9744717830049487,2,123
BATTERY,cv,1,15,50,LBall_a0.05,10.62950771244573,24,123
BATTERY,cv,1,15,50,LBall_a0.10,34.466309959082785,84,123
BATTERY,cv,1,15,50,LBall_a0.20,48.74703659534235,120,123
BATTERY,cv,1,15,50,LBnear_a0.05,1.850074595482569,2,123
BATTERY,cv,1,15,50,LBnear_a0.10,4.256357177527647,8,123
BATTERY,cv,1,15,50,LBnear_a0.20,10.631530218960712,24,123
BATTERY,cv,1,15,50,STW_cost_1se,1.111729821858,0,123
BATTERY,cv,1,15,50,STW_cost_plain,1.4627463104226173,1,123
BATTERY,cv,1,15,50,STW_window,1.481492375052797,1,123
BATTERY,cv,1,15,50,age,4.57121444718401,2,123
BATTERY,cv,1,15,50,perfect,1.0,0,123
BATTERY,cv,1,15,50,trend_cost_1se,1.0541387173186336,0,123
BATTERY,cv,1,15,50,trend_window,1.0362789584217456,0,123
BATTERY,cv,1,30,5,CNA_DA,1.179511984835111,4,123
BATTERY,cv,1,30,5,CNA_a0.05,1.1595719528970188,4,123
BATTERY,cv,1,30,5,CNA_a0.10,1.5780659496898135,17,123
BATTERY,cv,1,30,5,CNA_a0.20,1.866460058218168,26,123
BATTERY,cv,1,30,5,CNAtrend_DA,1.0625216991926143,1,123
BATTERY,cv,1,30,5,CNAtrend_a0.05,1.1864342118560491,5,123
BATTERY,cv,1,30,5,CNAtrend_a0.10,1.4131853678842914,12,123
BATTERY,cv,1,30,5,CNAtrend_a0.20,1.76767993322647,23,123
BATTERY,cv,1,30,5,KAM_P1_heur,2.587246623850619,48,123
BATTERY,cv,1,30,5,KAM_P1_opt,1.1181212657659692,2,123
BATTERY,cv,1,30,5,LBall_a0.05,2.025185077278863,31,123
BATTERY,cv,1,30,5,LBall_a0.10,3.7348055039917316,84,123
BATTERY,cv,1,30,5,LBall_a0.20,4.7033660343213235,114,123
BATTERY,cv,1,30,5,LBnear_a0.05,1.0973980661094143,2,123
BATTERY,cv,1,30,5,LBnear_a0.10,1.3496356639554803,10,123
BATTERY,cv,1,30,5,LBnear_a0.20,1.993190638102815,30,123
BATTERY,cv,1,30,5,STW_cost_1se,1.1075021223644885,0,123
BATTERY,cv,1,30,5,STW_cost_plain,1.0742105173873002,1,123
BATTERY,cv,1,30,5,STW_window,1.1353532297474977,3,123
BATTERY,cv,1,30,5,age,2.1561597541107074,6,123
BATTERY,cv,1,30,5,perfect,1.0,0,123
BATTERY,cv,1,30,5,trend_cost_1se,1.0619320019179517,0,123
BATTERY,cv,1,30,5,trend_window,1.0535090048232223,0,123
BATTERY,cv,1,30,10,CNA_DA,1.1697925794943507,1,123
BATTERY,cv,1,30,10,CNA_a0.05,1.3264168382059423,4,123
BATTERY,cv,1,30,10,CNA_a0.10,2.2803466079287356,17,123
BATTERY,cv,1,30,10,CNA_a0.20,2.9353578889157976,26,123
BATTERY,cv,1,30,10,CNAtrend_DA,1.1043532621529535,1,123
BATTERY,cv,1,30,10,CNAtrend_a0.05,1.3938527803623513,5,123
BATTERY,cv,1,30,10,CNAtrend_a0.10,1.9090398829314112,12,123
BATTERY,cv,1,30,10,CNAtrend_a0.20,2.7131831533243496,23,123
BATTERY,cv,1,30,10,KAM_P1_heur,1.543326453712068,7,123
BATTERY,cv,1,30,10,KAM_P1_opt,1.1889813312782314,1,123
BATTERY,cv,1,30,10,LBall_a0.05,3.296050206745356,31,123
BATTERY,cv,1,30,10,LBall_a0.10,7.152274592611618,84,123
BATTERY,cv,1,30,10,LBall_a0.20,9.333622752046978,114,123
BATTERY,cv,1,30,10,LBnear_a0.05,1.1811689108505907,2,123
BATTERY,cv,1,30,10,LBnear_a0.10,1.7636343338804743,10,123
BATTERY,cv,1,30,10,LBnear_a0.20,3.223555229524306,30,123
BATTERY,cv,1,30,10,STW_cost_1se,1.1075021223644885,0,123
BATTERY,cv,1,30,10,STW_cost_plain,1.1165022700403435,1,123
BATTERY,cv,1,30,10,STW_window,1.1348383074538955,1,123
BATTERY,cv,1,30,10,age,2.2272942653481533,3,123
BATTERY,cv,1,30,10,perfect,1.0,0,123
BATTERY,cv,1,30,10,trend_cost_1se,1.0619320019179517,0,123
BATTERY,cv,1,30,10,trend_window,1.0535090048232223,0,123
BATTERY,cv,1,30,20,CNA_DA,1.258413229456044,1,123
BATTERY,cv,1,30,20,CNA_a0.05,1.6601066088237895,4,123
BATTERY,cv,1,30,20,CNA_a0.10,3.6849079244065797,17,123
BATTERY,cv,1,30,20,CNA_a0.20,5.073153550311057,26,123
BATTERY,cv,1,30,20,CNAtrend_DA,1.1880163880736316,1,123
BATTERY,cv,1,30,20,CNAtrend_a0.05,1.8086899173749558,5,123
BATTERY,cv,1,30,20,CNAtrend_a0.10,2.9007489130256507,12,123
BATTERY,cv,1,30,20,CNAtrend_a0.20,4.6041895935201085,23,123
BATTERY,cv,1,30,20,KAM_P1_heur,2.124148237367147,7,123
BATTERY,cv,1,30,20,KAM_P1_opt,1.279055674556885,1,123
BATTERY,cv,1,30,20,LBall_a0.05,5.837780465678342,31,123
BATTERY,cv,1,30,20,LBall_a0.10,13.987212769851388,84,123
BATTERY,cv,1,30,20,LBall_a0.20,18.59413618749829,114,123
BATTERY,cv,1,30,20,LBnear_a0.05,1.348710600332944,2,123
BATTERY,cv,1,30,20,LBnear_a0.10,2.591631673730462,10,123
BATTERY,cv,1,30,20,LBnear_a0.20,5.684284412367288,30,123
BATTERY,cv,1,30,20,STW_cost_1se,1.1075021223644885,0,123
BATTERY,cv,1,30,20,STW_cost_plain,1.2010857753464301,1,123
BATTERY,cv,1,30,20,STW_window,1.220810906503433,1,123
BATTERY,cv,1,30,20,age,2.672753118417784,3,123
BATTERY,cv,1,30,20,perfect,1.0,0,123
BATTERY,cv,1,30,20,trend_cost_1se,1.0619320019179517,0,123
BATTERY,cv,1,30,20,trend_window,1.0535090048232223,0,123
BATTERY,cv,1,30,50,CNA_DA,1.5242751793411233,1,123
BATTERY,cv,1,30,50,CNA_a0.05,2.6611759206773304,4,123
BATTERY,cv,1,30,50,CNA_a0.10,7.898591873840114,17,123
BATTERY,cv,1,30,50,CNA_a0.20,11.486540534496834,26,123
BATTERY,cv,1,30,50,CNAtrend_DA,1.4390057658356665,1,123
BATTERY,cv,1,30,50,CNAtrend_a0.05,3.05320132841277,5,123
BATTERY,cv,1,30,50,CNAtrend_a0.10,5.8758760033083695,12,123
BATTERY,cv,1,30,50,CNAtrend_a0.20,10.277208914107383,23,123
BATTERY,cv,1,30,50,KAM_P1_heur,2.2594171047251796,3,123
BATTERY,cv,1,30,50,KAM_P1_opt,1.5492787043928467,1,123
BATTERY,cv,1,30,50,LBall_a0.05,13.462971242477302,31,123
BATTERY,cv,1,30,50,LBall_a0.10,34.4920273015707,84,123
BATTERY,cv,1,30,50,LBall_a0.20,46.37567649385222,114,123
BATTERY,cv,1,30,50,LBnear_a0.05,1.851335668780004,2,123
BATTERY,cv,1,30,50,LBnear_a0.10,5.075623693280426,10,123
BATTERY,cv,1,30,50,LBnear_a0.20,13.066471960896232,30,123
BATTERY,cv,1,30,50,STW_cost_1se,1.1075021223644885,0,123
BATTERY,cv,1,30,50,STW_cost_plain,1.4548362912646902,1,123
BATTERY,cv,1,30,50,STW_window,1.4787287036520458,1,123
BATTERY,cv,1,30,50,age,4.57121444718401,2,123
BATTERY,cv,1,30,50,perfect,1.0,0,123
BATTERY,cv,1,30,50,trend_cost_1se,1.0619320019179517,0,123
BATTERY,cv,1,30,50,trend_window,1.0535090048232223,0,123
BATTERY,cv,1,45,5,CNA_DA,1.1539924968009616,3,123
BATTERY,cv,1,45,5,CNA_a0.05,1.1985974326957716,5,123
BATTERY,cv,1,45,5,CNA_a0.10,1.6181596126755131,18,123
BATTERY,cv,1,45,5,CNA_a0.20,1.90424304496444,27,123
BATTERY,cv,1,45,5,CNAtrend_DA,1.0797071310305288,1,123
BATTERY,cv,1,45,5,CNAtrend_a0.05,1.2022938749514764,5,123
BATTERY,cv,1,45,5,CNAtrend_a0.10,1.4246357367699185,12,123
BATTERY,cv,1,45,5,CNAtrend_a0.20,1.7848324897805194,23,123
BATTERY,cv,1,45,5,KAM_P1_heur,2.071384141575374,32,123
BATTERY,cv,1,45,5,KAM_P1_opt,1.1439223181395641,2,123
BATTERY,cv,1,45,5,LBall_a0.05,2.2254285012622304,37,123
BATTERY,cv,1,45,5,LBall_a0.10,3.6465141559012255,81,123
BATTERY,cv,1,45,5,LBall_a0.20,4.354623355007453,103,123
BATTERY,cv,1,45,5,LBnear_a0.05,1.165814854955101,4,123
BATTERY,cv,1,45,5,LBnear_a0.10,1.5823209986345042,17,123
BATTERY,cv,1,45,5,LBnear_a0.20,2.1934183503408753,36,123
BATTERY,cv,1,45,5,STW_cost_1se,1.097774089059492,0,123
BATTERY,cv,1,45,5,STW_cost_plain,1.1693489707211953,4,123
BATTERY,cv,1,45,5,STW_window,1.0975678725075768,1,123
BATTERY,cv,1,45,5,age,2.1561597541107074,6,123
BATTERY,cv,1,45,5,perfect,1.0,0,123
BATTERY,cv,1,45,5,trend_cost_1se,1.0786385774153358,0,123
BATTERY,cv,1,45,5,trend_window,1.0517985929337441,0,123
BATTERY,cv,1,45,10,CNA_DA,1.1697524126437326,1,123
BATTERY,cv,1,45,10,CNA_a0.05,1.4081424384118155,5,123
BATTERY,cv,1,45,10,CNA_a0.10,2.3650025108334427,18,123
BATTERY,cv,1,45,10,CNA_a0.20,3.0171123569566456,27,123
BATTERY,cv,1,45,10,CNAtrend_DA,1.1222152857955103,1,123
BATTERY,cv,1,45,10,CNAtrend_a0.05,1.412485111831105,5,123
BATTERY,cv,1,45,10,CNAtrend_a0.10,1.9245079251102408,12,123
BATTERY,cv,1,45,10,CNAtrend_a0.20,2.739510333151495,23,123
BATTERY,cv,1,45,10,KAM_P1_heur,1.5451976743181846,7,123
BATTERY,cv,1,45,10,KAM_P1_opt,1.1815995131764392,1,123
BATTERY,cv,1,45,10,LBall_a0.05,3.7446324596884764,37,123
BATTERY,cv,1,45,10,LBall_a0.10,6.950402820643948,81,123
BATTERY,cv,1,45,10,LBall_a0.20,8.546457051883786,103,123
BATTERY,cv,1,45,10,LBnear_a0.05,1.3335579995529574,4,123
BATTERY,cv,1,45,10,LBnear_a0.10,2.2864952650425296,17,123
BATTERY,cv,1,45,10,LBnear_a0.20,3.672127350570679,36,123
BATTERY,cv,1,45,10,STW_cost_1se,1.097774089059492,0,123
BATTERY,cv,1,45,10,STW_cost_plain,1.3376006211846765,4,123
BATTERY,cv,1,45,10,STW_window,1.1407792060708672,1,123
BATTERY,cv,1,45,10,age,2.2272942653481533,3,123
BATTERY,cv,1,45,10,perfect,1.0,0,123
BATTERY,cv,1,45,10,trend_cost_1se,1.0786385774153358,0,123
BATTERY,cv,1,45,10,trend_window,1.0517985929337441,0,123
BATTERY,cv,1,45,20,CNA_DA,1.2583700196621972,1,123
BATTERY,cv,1,45,20,CNA_a0.05,1.8272324498439034,5,123
BATTERY,cv,1,45,20,CNA_a0.10,3.858688307149301,18,123
BATTERY,cv,1,45,20,CNA_a0.20,5.242850980941056,27,123
BATTERY,cv,1,45,20,CNAtrend_DA,1.2072315953254733,1,123
BATTERY,cv,1,45,20,CNAtrend_a0.05,1.8328675855903624,5,123
BATTERY,cv,1,45,20,CNAtrend_a0.10,2.9242523017908852,12,123
BATTERY,cv,1,45,20,CNAtrend_a0.20,4.648866019893446,23,123
BATTERY,cv,1,45,20,KAM_P1_heur,1.8276281559822734,5,123
BATTERY,cv,1,45,20,KAM_P1_opt,1.2711146278110177,1,123
BATTERY,cv,1,45,20,LBall_a0.05,6.783040376540968,37,123
BATTERY,cv,1,45,20,LBall_a0.10,13.558180150129392,81,123
BATTERY,cv,1,45,20,LBall_a0.20,16.93012444563645,103,123
BATTERY,cv,1,45,20,LBnear_a0.05,1.66904428874867,4,123
BATTERY,cv,1,45,20,LBnear_a0.10,3.69484379785858,17,123
BATTERY,cv,1,45,20,LBnear_a0.20,6.629545351030286,36,123
BATTERY,cv,1,45,20,STW_cost_1se,1.097774089059492,0,123
BATTERY,cv,1,45,20,STW_cost_plain,1.674103922111639,4,123
BATTERY,cv,1,45,20,STW_window,1.2272018731974481,1,123
BATTERY,cv,1,45,20,age,2.672753118417784,3,123
BATTERY,cv,1,45,20,perfect,1.0,0,123
BATTERY,cv,1,45,20,trend_cost_1se,1.0786385774153358,0,123
BATTERY,cv,1,45,20,trend_window,1.0517985929337441,0,123
BATTERY,cv,1,45,50,CNA_DA,1.524222840717591,1,123
BATTERY,cv,1,45,50,CNA_a0.05,3.0845024841401676,5,123
BATTERY,cv,1,45,50,CNA_a0.10,8.339745696096877,18,123
BATTERY,cv,1,45,50,CNA_a0.20,11.920066852894289,27,123
BATTERY,cv,1,45,50,CNAtrend_DA,1.462280523915362,1,123
BATTERY,cv,1,45,50,CNAtrend_a0.05,3.0940150068681347,5,123
BATTERY,cv,1,45,50,CNAtrend_a0.10,5.92348543183282,12,123
BATTERY,cv,1,45,50,CNAtrend_a0.20,10.376933080119299,23,123
BATTERY,cv,1,45,50,KAM_P1_heur,2.3091832316770073,3,123
BATTERY,cv,1,45,50,KAM_P1_opt,1.539659971714754,1,123
BATTERY,cv,1,45,50,LBall_a0.05,15.898264127098443,37,123
BATTERY,cv,1,45,50,LBall_a0.10,33.38151213858572,81,123
BATTERY,cv,1,45,50,LBall_a0.20,42.08112662689445,103,123
BATTERY,cv,1,45,50,LBnear_a0.05,2.6755031563358074,4,123
BATTERY,cv,1,45,50,LBnear_a0.10,7.919889396306732,17,123
BATTERY,cv,1,45,50,LBnear_a0.20,15.501799352409106,36,123
BATTERY,cv,1,45,50,STW_cost_1se,1.097774089059492,0,123
BATTERY,cv,1,45,50,STW_cost_plain,2.683613824892527,4,123
BATTERY,cv,1,45,50,STW_window,1.4864698745771907,1,123
BATTERY,cv,1,45,50,age,4.57121444718401,2,123
BATTERY,cv,1,45,50,perfect,1.0,0,123
BATTERY,cv,1,45,50,trend_cost_1se,1.0786385774153358,0,123
BATTERY,cv,1,45,50,trend_window,1.0517985929337441,0,123
BATTERY,cv,2,0,5,CNA_DA,1.1234189700265893,3,123
BATTERY,cv,2,0,5,CNA_a0.05,1.120961171003742,3,123
BATTERY,cv,2,0,5,CNA_a0.10,1.3384141060398227,10,123
BATTERY,cv,2,0,5,CNA_a0.20,1.7247561615070746,22,123
BATTERY,cv,2,0,5,CNAtrend_DA,1.071238633110439,2,123
BATTERY,cv,2,0,5,CNAtrend_a0.05,1.1674438584787374,5,123
BATTERY,cv,2,0,5,CNAtrend_a0.10,1.361684247766274,11,123
BATTERY,cv,2,0,5,CNAtrend_a0.20,1.7831841235258674,24,123
BATTERY,cv,2,0,5,KAM_P1_heur,4.993550484500188,123,123
BATTERY,cv,2,0,5,KAM_P1_opt,1.1067465966963206,1,123
BATTERY,cv,2,0,5,LBall_a0.05,1.4006273081868208,12,123
BATTERY,cv,2,0,5,LBall_a0.10,3.7957515293937716,86,123
BATTERY,cv,2,0,5,LBall_a0.20,4.993550484500188,123,123
BATTERY,cv,2,0,5,LBnear_a0.05,1.0972556039265944,2,123
BATTERY,cv,2,0,5,LBnear_a0.10,1.151297979421096,4,123
BATTERY,cv,2,0,5,LBnear_a0.20,1.3365147817977168,10,123
BATTERY,cv,2,0,5,STW_cost_1se,1.0965984984570034,0,123
BATTERY,cv,2,0,5,STW_cost_plain,1.092127965243861,2,123
BATTERY,cv,2,0,5,STW_window,1.073506862998584,1,123
BATTERY,cv,2,0,5,age,2.1561597541107074,6,123
BATTERY,cv,2,0,5,perfect,1.0,0,123
BATTERY,cv,2,0,5,trend_cost_1se,1.0458728694429802,0,123
BATTERY,cv,2,0,5,trend_window,1.0168599312362525,0,123
BATTERY,cv,2,0,10,CNA_DA,1.2434737748065454,2,123
BATTERY,cv,2,0,10,CNA_a0.05,1.2455124122263797,3,123
BATTERY,cv,2,0,10,CNA_a0.10,1.7489705802851672,10,123
BATTERY,cv,2,0,10,CNA_a0.20,2.623918141439673,22,123
BATTERY,cv,2,0,10,CNAtrend_DA,1.1530125745692512,2,123
BATTERY,cv,2,0,10,CNAtrend_a0.05,1.3715424351358594,5,123
BATTERY,cv,2,0,10,CNAtrend_a0.10,1.8101431317611545,11,123
BATTERY,cv,2,0,10,CNAtrend_a0.20,2.7602713144989455,24,123
BATTERY,cv,2,0,10,KAM_P1_heur,1.3168537537651144,4,123
BATTERY,cv,2,0,10,KAM_P1_opt,1.175605547738919,1,123
BATTERY,cv,2,0,10,LBall_a0.05,1.8920754864979858,12,123
BATTERY,cv,2,0,10,LBall_a0.10,7.290768997572191,86,123
BATTERY,cv,2,0,10,LBall_a0.20,9.987100969000377,123,123
BATTERY,cv,2,0,10,LBnear_a0.05,1.1810155736919832,2,123
BATTERY,cv,2,0,10,LBnear_a0.10,1.3169523649493111,4,123
BATTERY,cv,2,0,10,LBnear_a0.20,1.7464886412448692,10,123
BATTERY,cv,2,0,10,STW_cost_1se,1.0965984984570034,0,123
BATTERY,cv,2,0,10,STW_cost_plain,1.175496512209041,2,123
BATTERY,cv,2,0,10,STW_window,1.1157709127229376,1,123
BATTERY,cv,2,0,10,age,2.2272942653481533,3,123
BATTERY,cv,2,0,10,perfect,1.0,0,123
BATTERY,cv,2,0,10,trend_cost_1se,1.0458728694429802,0,123
BATTERY,cv,2,0,10,trend_window,1.0168599312362525,0,123
BATTERY,cv,2,0,20,CNA_DA,1.4198530336443533,2,123
BATTERY,cv,2,0,20,CNA_a0.05,1.4946148946716558,3,123
BATTERY,cv,2,0,20,CNA_a0.10,2.570083528775856,10,123
BATTERY,cv,2,0,20,CNA_a0.20,4.422242101304869,22,123
BATTERY,cv,2,0,20,CNAtrend_DA,1.3165604574868754,2,123
BATTERY,cv,2,0,20,CNAtrend_a0.05,1.7797395884501033,5,123
BATTERY,cv,2,0,20,CNAtrend_a0.10,2.707060899750916,11,123
BATTERY,cv,2,0,20,CNAtrend_a0.20,4.714445696445102,24,123
BATTERY,cv,2,0,20,KAM_P1_heur,1.6481377169764637,4,123
BATTERY,cv,2,0,20,KAM_P1_opt,1.2646665740827765,1,123
BATTERY,cv,2,0,20,LBall_a0.05,2.874971843120316,12,123
BATTERY,cv,2,0,20,LBall_a0.10,14.280803933929029,86,123
BATTERY,cv,2,0,20,LBall_a0.20,19.974201938000753,123,123
BATTERY,cv,2,0,20,LBnear_a0.05,1.348535513222761,2,123
BATTERY,cv,2,0,20,LBnear_a0.10,1.6482611360057415,4,123
BATTERY,cv,2,0,20,LBnear_a0.20,2.566436360139174,10,123
BATTERY,cv,2,0,20,STW_cost_1se,1.0965984984570034,0,123
BATTERY,cv,2,0,20,STW_cost_plain,1.3422336061394013,2,123
BATTERY,cv,2,0,20,STW_window,1.200299012171645,1,123
BATTERY,cv,2,0,20,age,2.672753118417784,3,123
BATTERY,cv,2,0,20,perfect,1.0,0,123
BATTERY,cv,2,0,20,trend_cost_1se,1.0458728694429802,0,123
BATTERY,cv,2,0,20,trend_window,1.0168599312362525,0,123
BATTERY,cv,2,0,50,CNA_DA,1.9489908101577769,2,123
BATTERY,cv,2,0,50,CNA_a0.05,2.241922342007484,3,123
BATTERY,cv,2,0,50,CNA_a0.10,5.033422374247922,10,123
BATTERY,cv,2,0,50,CNA_a0.20,9.817213980900458,22,123
BATTERY,cv,2,0,50,CNAtrend_DA,1.8072041062397484,2,123
BATTERY,cv,2,0,50,CNAtrend_a0.05,3.0043310483928347,5,123
BATTERY,cv,2,0,50,CNAtrend_a0.10,5.397814203720199,11,123
BATTERY,cv,2,0,50,CNAtrend_a0.20,10.57696884228357,24,123
BATTERY,cv,2,0,50,KAM_P1_heur,2.641989606610512,4,123
BATTERY,cv,2,0,50,KAM_P1_opt,1.531849653114349,1,123
BATTERY,cv,2,0,50,LBall_a0.05,5.823660912987307,12,123
BATTERY,cv,2,0,50,LBall_a0.10,35.25090874299954,86,123
BATTERY,cv,2,0,50,LBall_a0.20,49.93550484500189,123,123
BATTERY,cv,2,0,50,LBnear_a0.05,1.8510953318150942,2,123
BATTERY,cv,2,0,50,LBnear_a0.10,2.642187449175033,4,123
BATTERY,cv,2,0,50,LBnear_a0.20,5.026279516822089,10,123
BATTERY,cv,2,0,50,STW_cost_1se,1.0965984984570034,0,123
BATTERY,cv,2,0,50,STW_cost_plain,1.8424448879304829,2,123
BATTERY,cv,2,0,50,STW_window,1.4538833105177673,1,123
BATTERY,cv,2,0,50,age,4.57121444718401,2,123
BATTERY,cv,2,0,50,perfect,1.0,0,123
BATTERY,cv,2,0,50,trend_cost_1se,1.0458728694429802,0,123
BATTERY,cv,2,0,50,trend_window,1.0168599312362525,0,123
BATTERY,cv,2,15,5,CNA_DA,1.0998971562127917,2,123
BATTERY,cv,2,15,5,CNA_a0.05,1.0981822698401087,2,123
BATTERY,cv,2,15,5,CNA_a0.10,1.2775484105373858,8,123
BATTERY,cv,2,15,5,CNA_a0.20,1.534195842848523,16,123
BATTERY,cv,2,15,5,CNAtrend_DA,1.048931740290809,1,123
BATTERY,cv,2,15,5,CNAtrend_a0.05,1.1746150569219544,5,123
BATTERY,cv,2,15,5,CNAtrend_a0.10,1.4354861868550033,13,123
BATTERY,cv,2,15,5,CNAtrend_a0.20,1.7885824679010063,24,123
BATTERY,cv,2,15,5,KAM_P1_heur,2.5090290278641683,46,123
BATTERY,cv,2,15,5,KAM_P1_opt,1.144115873032031,2,123
BATTERY,cv,2,15,5,LBall_a0.05,1.6619066826149471,20,123
BATTERY,cv,2,15,5,LBall_a0.10,3.6348333617243647,81,123
BATTERY,cv,2,15,5,LBall_a0.20,4.896834297683666,120,123
BATTERY,cv,2,15,5,LBnear_a0.05,1.0974693110741578,2,123
BATTERY,cv,2,15,5,LBnear_a0.10,1.0853845589008069,2,123
BATTERY,cv,2,15,5,LBnear_a0.20,1.4673179373770615,14,123
BATTERY,cv,2,15,5,STW_cost_1se,1.111068332691657,0,123
BATTERY,cv,2,15,5,STW_cost_plain,1.0701770545926437,1,123
BATTERY,cv,2,15,5,STW_window,1.0718568982328074,1,123
BATTERY,cv,2,15,5,age,2.1561597541107074,6,123
BATTERY,cv,2,15,5,perfect,1.0,0,123
BATTERY,cv,2,15,5,trend_cost_1se,1.0546290143964563,0,123
BATTERY,cv,2,15,5,trend_window,1.0362789584217456,0,123
BATTERY,cv,2,15,10,CNA_DA,1.1713612411768817,1,123
BATTERY,cv,2,15,10,CNA_a0.05,1.1820129774614911,2,123
BATTERY,cv,2,15,10,CNA_a0.10,1.6072383229341303,8,123
BATTERY,cv,2,15,10,CNA_a0.20,2.190536310377303,16,123
BATTERY,cv,2,15,10,CNAtrend_DA,1.0902282654991085,1,123
BATTERY,cv,2,15,10,CNAtrend_a0.05,1.3799673396006178,5,123
BATTERY,cv,2,15,10,CNAtrend_a0.10,1.9686667705440046,13,123
BATTERY,cv,2,15,10,CNAtrend_a0.20,2.768627655791969,24,123
BATTERY,cv,2,15,10,KAM_P1_heur,1.1692894111795322,2,123
BATTERY,cv,2,15,10,KAM_P1_opt,1.1771084987178997,1,123
BATTERY,cv,2,15,10,LBall_a0.05,2.4805799252824086,20,123
BATTERY,cv,2,15,10,LBall_a0.10,6.928138756575298,81,123
BATTERY,cv,2,15,10,LBall_a0.20,9.769306235677362,120,123
BATTERY,cv,2,15,10,LBnear_a0.05,1.1812455943622615,2,123
BATTERY,cv,2,15,10,LBnear_a0.10,1.1682383420230058,2,123
BATTERY,cv,2,15,10,LBnear_a0.20,2.041129421267532,14,123
BATTERY,cv,2,15,10,STW_cost_1se,1.111068332691657,0,123
BATTERY,cv,2,15,10,STW_cost_plain,1.112310009497866,1,123
BATTERY,cv,2,15,10,STW_window,1.138060736196819,1,123
BATTERY,cv,2,15,10,age,2.2272942653481533,3,123
BATTERY,cv,2,15,10,perfect,1.0,0,123
BATTERY,cv,2,15,10,trend_cost_1se,1.0546290143964563,0,123
BATTERY,cv,2,15,10,trend_window,1.0362789584217456,0,123
BATTERY,cv,2,15,20,CNA_DA,1.2601007291448272,1,123
BATTERY,cv,2,15,20,CNA_a0.05,1.3496743927042558,2,123
BATTERY,cv,2,15,20,CNA_a0.10,2.26661814772762,8,123
BATTERY,cv,2,15,20,CNA_a0.20,3.5032172454348625,16,123
BATTERY,cv,2,15,20,CNAtrend_DA,1.1728213159157077,1,123
BATTERY,cv,2,15,20,CNAtrend_a0.05,1.7906719049579445,5,123
BATTERY,cv,2,15,20,CNAtrend_a0.10,3.0350279379220066,13,123
BATTERY,cv,2,15,20,CNAtrend_a0.20,4.7287180315738935,24,123
BATTERY,cv,2,15,20,KAM_P1_heur,1.335146065247551,2,123
BATTERY,cv,2,15,20,KAM_P1_opt,1.2662833849844073,1,123
BATTERY,cv,2,15,20,LBall_a0.05,4.117926410617332,20,123
BATTERY,cv,2,15,20,LBall_a0.10,13.514749546277168,81,123
BATTERY,cv,2,15,20,LBall_a0.20,19.514250111664758,120,123
BATTERY,cv,2,15,20,LBnear_a0.05,1.3487981609384687,2,123
BATTERY,cv,2,15,20,LBnear_a0.10,1.333945908267404,2,123
BATTERY,cv,2,15,20,LBnear_a0.20,3.1887523890484744,14,123
BATTERY,cv,2,15,20,STW_cost_1se,1.111068332691657,0,123
BATTERY,cv,2,15,20,STW_cost_plain,1.1965759193083103,1,123
BATTERY,cv,2,15,20,STW_window,1.2242774586359717,1,123
BATTERY,cv,2,15,20,age,2.672753118417784,3,123
BATTERY,cv,2,15,20,perfect,1.0,0,123
BATTERY,cv,2,15,20,trend_cost_1se,1.0546290143964563,0,123
BATTERY,cv,2,15,20,trend_window,1.0362789584217456,0,123
BATTERY,cv,2,15,50,CNA_DA,1.526319193048664,1,123
BATTERY,cv,2,15,50,CNA_a0.05,1.8526586384325496,2,123
BATTERY,cv,2,15,50,CNA_a0.10,4.244757622108088,8,123
BATTERY,cv,2,15,50,CNA_a0.20,7.441260050607542,16,123
BATTERY,cv,2,15,50,CNAtrend_DA,1.420600467165505,1,123
BATTERY,cv,2,15,50,CNAtrend_a0.05,3.0227856010299248,5,123
BATTERY,cv,2,15,50,CNAtrend_a0.10,6.234111440056015,13,123
BATTERY,cv,2,15,50,CNAtrend_a0.20,10.608989158919668,24,123
BATTERY,cv,2,15,50,KAM_P1_heur,1.8327160274516074,2,123
BATTERY,cv,2,15,50,KAM_P1_opt,1.53380804378393,1,123
BATTERY,cv,2,15,50,LBall_a0.05,9.029965866622103,20,123
BATTERY,cv,2,15,50,LBall_a0.10,33.274581915382775,81,123
BATTERY,cv,2,15,50,LBall_a0.20,48.749081739626945,120,123
BATTERY,cv,2,15,50,LBnear_a0.05,1.8514558606670908,2,123
BATTERY,cv,2,15,50,LBnear_a0.10,1.8310686070005977,2,123
BATTERY,cv,2,15,50,LBnear_a0.20,6.6316212923913,14,123
BATTERY,cv,2,15,50,STW_cost_1se,1.111068332691657,0,123
BATTERY,cv,2,15,50,STW_cost_plain,1.4493736487396436,1,123
BATTERY,cv,2,15,50,STW_window,1.4829276259534308,1,123
BATTERY,cv,2,15,50,age,4.57121444718401,2,123
BATTERY,cv,2,15,50,perfect,1.0,0,123
BATTERY,cv,2,15,50,trend_cost_1se,1.0546290143964563,0,123
BATTERY,cv,2,15,50,trend_window,1.0362789584217456,0,123
BATTERY,cv,2,30,5,CNA_DA,1.108618293159571,1,123
BATTERY,cv,2,30,5,CNA_a0.05,1.1152566524840573,2,123
BATTERY,cv,2,30,5,CNA_a0.10,1.2505033255312659,7,123
BATTERY,cv,2,30,5,CNA_a0.20,1.7013457329112684,21,123
BATTERY,cv,2,30,5,CNAtrend_DA,1.0625216991926143,1,123
BATTERY,cv,2,30,5,CNAtrend_a0.05,1.1864342118560491,5,123
BATTERY,cv,2,30,5,CNAtrend_a0.10,1.4131853678842914,12,123
BATTERY,cv,2,30,5,CNAtrend_a0.20,1.76767993322647,23,123
BATTERY,cv,2,30,5,KAM_P1_heur,1.9024403215780443,27,123
BATTERY,cv,2,30,5,KAM_P1_opt,1.1487418880123519,2,123
BATTERY,cv,2,30,5,LBall_a0.05,1.8930167179529542,27,123
BATTERY,cv,2,30,5,LBall_a0.10,3.5068268145217445,77,123
BATTERY,cv,2,30,5,LBall_a0.20,4.799636565231885,117,123
BATTERY,cv,2,30,5,LBnear_a0.05,1.0981822698401087,2,123
BATTERY,cv,2,30,5,LBnear_a0.10,1.2177160548272934,6,123
BATTERY,cv,2,30,5,LBnear_a0.20,1.8942196516860317,27,123
BATTERY,cv,2,30,5,STW_cost_1se,1.1141490008891384,0,123
BATTERY,cv,2,30,5,STW_cost_plain,1.07632702617294,1,123
BATTERY,cv,2,30,5,STW_window,1.1458831620229113,3,123
BATTERY,cv,2,30,5,age,2.1561597541107074,6,123
BATTERY,cv,2,30,5,perfect,1.0,0,123
BATTERY,cv,2,30,5,trend_cost_1se,1.0628208562117762,0,123
BATTERY,cv,2,30,5,trend_window,1.0535090048232223,0,123
BATTERY,cv,2,30,10,CNA_DA,1.1765799971527915,1,123
BATTERY,cv,2,30,10,CNA_a0.05,1.2003907480935274,2,123
BATTERY,cv,2,30,10,CNA_a0.10,1.5403550897272547,7,123
BATTERY,cv,2,30,10,CNA_a0.20,2.5643471916343756,21,123
BATTERY,cv,2,30,10,CNAtrend_DA,1.1043532621529535,1,123
BATTERY,cv,2,30,10,CNAtrend_a0.05,1.3938527803623513,5,123
BATTERY,cv,2,30,10,CNAtrend_a0.10,1.9090398829314112,12,123
BATTERY,cv,2,30,10,CNAtrend_a0.20,2.7131831533243496,23,123
BATTERY,cv,2,30,10,KAM_P1_heur,1.2444180663478819,3,123
BATTERY,cv,2,30,10,KAM_P1_opt,1.1832411176127413,1,123
BATTERY,cv,2,30,10,LBall_a0.05,2.9993251894839013,27,123
BATTERY,cv,2,30,10,LBall_a0.10,6.6393751291177345,77,123
BATTERY,cv,2,30,10,LBall_a0.20,9.550545855689842,117,123
BATTERY,cv,2,30,10,LBnear_a0.05,1.1820129774614911,2,123
BATTERY,cv,2,30,10,LBnear_a0.10,1.466229535404292,6,123
BATTERY,cv,2,30,10,LBnear_a0.20,3.0012311364376085,27,123
BATTERY,cv,2,30,10,STW_cost_1se,1.1141490008891384,0,123
BATTERY,cv,2,30,10,STW_cost_plain,1.1187021059435285,1,123
BATTERY,cv,2,30,10,STW_window,1.2732035133587902,3,123
BATTERY,cv,2,30,10,age,2.2272942653481533,3,123
BATTERY,cv,2,30,10,perfect,1.0,0,123
BATTERY,cv,2,30,10,trend_cost_1se,1.0628208562117762,0,123
BATTERY,cv,2,30,10,trend_window,1.0535090048232223,0,123
BATTERY,cv,2,30,20,CNA_DA,1.2657148454219422,1,123
BATTERY,cv,2,30,20,CNA_a0.05,1.3706589393124675,2,123
BATTERY,cv,2,30,20,CNA_a0.10,2.120058618119232,7,123
BATTERY,cv,2,30,20,CNA_a0.20,4.29035010908059,21,123
BATTERY,cv,2,30,20,CNAtrend_DA,1.1880163880736316,1,123
BATTERY,cv,2,30,20,CNAtrend_a0.05,1.8086899173749558,5,123
BATTERY,cv,2,30,20,CNAtrend_a0.10,2.9007489130256507,12,123
BATTERY,cv,2,30,20,CNAtrend_a0.20,4.6041895935201085,23,123
BATTERY,cv,2,30,20,KAM_P1_heur,1.4933016796174583,3,123
BATTERY,cv,2,30,20,KAM_P1_opt,1.2728805962197671,1,123
BATTERY,cv,2,30,20,LBall_a0.05,5.211942132545796,27,123
BATTERY,cv,2,30,20,LBall_a0.10,12.904471758309713,77,123
BATTERY,cv,2,30,20,LBall_a0.20,19.052364436605757,117,123
BATTERY,cv,2,30,20,LBnear_a0.05,1.3496743927042558,2,123
BATTERY,cv,2,30,20,LBnear_a0.10,1.9632564965582893,6,123
BATTERY,cv,2,30,20,LBnear_a0.20,5.215254105940763,27,123
BATTERY,cv,2,30,20,STW_cost_1se,1.1141490008891384,0,123
BATTERY,cv,2,30,20,STW_cost_plain,1.2034522654847049,1,123
BATTERY,cv,2,30,20,STW_window,1.5278442160305483,3,123
BATTERY,cv,2,30,20,age,2.672753118417784,3,123
BATTERY,cv,2,30,20,perfect,1.0,0,123
BATTERY,cv,2,30,20,trend_cost_1se,1.0628208562117762,0,123
BATTERY,cv,2,30,20,trend_window,1.0535090048232223,0,123
BATTERY,cv,2,30,50,CNA_DA,1.5331193902293951,1,123
BATTERY,cv,2,30,50,CNA_a0.05,1.8814635129692878,2,123
BATTERY,cv,2,30,50,CNA_a0.10,3.8591692032951648,7,123
BATTERY,cv,2,30,50,CNA_a0.20,9.468358861419233,21,123
BATTERY,cv,2,30,50,CNAtrend_DA,1.4390057658356665,1,123
BATTERY,cv,2,30,50,CNAtrend_a0.05,3.05320132841277,5,123
BATTERY,cv,2,30,50,CNAtrend_a0.10,5.8758760033083695,12,123
BATTERY,cv,2,30,50,CNAtrend_a0.20,10.277208914107383,23,123
BATTERY,cv,2,30,50,KAM_P1_heur,1.8415922163182283,2,123
BATTERY,cv,2,30,50,KAM_P1_opt,1.5417990320408448,1,123
BATTERY,cv,2,30,50,LBall_a0.05,11.849792961731481,27,123
BATTERY,cv,2,30,50,LBall_a0.10,31.69976164588565,77,123
BATTERY,cv,2,30,50,LBall_a0.20,47.5578201793535,117,123
BATTERY,cv,2,30,50,LBnear_a0.05,1.8526586384325496,2,123
BATTERY,cv,2,30,50,LBnear_a0.10,3.454337380020281,6,123
BATTERY,cv,2,30,50,LBnear_a0.20,11.857323014450225,27,123
BATTERY,cv,2,30,50,STW_cost_1se,1.1141490008891384,0,123
BATTERY,cv,2,30,50,STW_cost_plain,1.457702744108234,1,123
BATTERY,cv,2,30,50,STW_window,2.2917663240458226,3,123
BATTERY,cv,2,30,50,age,4.57121444718401,2,123
BATTERY,cv,2,30,50,perfect,1.0,0,123
BATTERY,cv,2,30,50,trend_cost_1se,1.0628208562117762,0,123
BATTERY,cv,2,30,50,trend_window,1.0535090048232223,0,123
BATTERY,cv,2,45,5,CNA_DA,1.127301585881289,1,123
BATTERY,cv,2,45,5,CNA_a0.05,1.154311099714458,3,123
BATTERY,cv,2,45,5,CNA_a0.10,1.389636195332355,11,123
BATTERY,cv,2,45,5,CNA_a0.20,1.9674467409398615,29,123
BATTERY,cv,2,45,5,CNAtrend_DA,1.0797071310305288,1,123
BATTERY,cv,2,45,5,CNAtrend_a0.05,1.2022938749514764,5,123
BATTERY,cv,2,45,5,CNAtrend_a0.10,1.4246357367699185,12,123
BATTERY,cv,2,45,5,CNAtrend_a0.20,1.7848324897805194,23,123
BATTERY,cv,2,45,5,KAM_P1_heur,2.3595469427484295,41,123
BATTERY,cv,2,45,5,KAM_P1_opt,1.1247098508479223,1,123
BATTERY,cv,2,45,5,LBall_a0.05,2.223895333421744,37,123
BATTERY,cv,2,45,5,LBall_a0.10,3.6417178780090005,81,123
BATTERY,cv,2,45,5,LBall_a0.20,4.510442721200593,108,123
BATTERY,cv,2,45,5,LBnear_a0.05,1.1995194107430662,5,123
BATTERY,cv,2,45,5,LBnear_a0.10,1.451836633853984,13,123
BATTERY,cv,2,45,5,LBnear_a0.20,2.1600310228261663,35,123
BATTERY,cv,2,45,5,STW_cost_1se,1.1553149196940617,1,123
BATTERY,cv,2,45,5,STW_cost_plain,1.143213654054948,3,123
BATTERY,cv,2,45,5,STW_window,1.1077939673518093,1,123
BATTERY,cv,2,45,5,age,2.1561597541107074,6,123
BATTERY,cv,2,45,5,perfect,1.0,0,123
BATTERY,cv,2,45,5,trend_cost_1se,1.0773207538632095,0,123
BATTERY,cv,2,45,5,trend_window,1.0517985929337441,0,123
BATTERY,cv,2,45,10,CNA_DA,1.1716835380813397,1,123
BATTERY,cv,2,45,10,CNA_a0.05,1.2825678885716203,3,123
BATTERY,cv,2,45,10,CNA_a0.10,1.8473008105615738,11,123
BATTERY,cv,2,45,10,CNA_a0.20,3.1610859770749236,29,123
BATTERY,cv,2,45,10,CNAtrend_DA,1.1222152857955103,1,123
BATTERY,cv,2,45,10,CNAtrend_a0.05,1.412485111831105,5,123
BATTERY,cv,2,45,10,CNAtrend_a0.10,1.9245079251102408,12,123
BATTERY,cv,2,45,10,CNAtrend_a0.20,2.739510333151495,23,123
BATTERY,cv,2,45,10,KAM_P1_heur,1.6949329810077085,9,123
BATTERY,cv,2,45,10,KAM_P1_opt,1.191393030002249,1,123
BATTERY,cv,2,45,10,LBall_a0.05,3.742052664355407,37,123
BATTERY,cv,2,45,10,LBall_a0.10,6.941260921842659,81,123
BATTERY,cv,2,45,10,LBall_a0.20,8.89898158507144,108,123
BATTERY,cv,2,45,10,LBnear_a0.05,1.4092256014324134,5,123
BATTERY,cv,2,45,10,LBnear_a0.10,1.991090240714035,13,123
BATTERY,cv,2,45,10,LBnear_a0.20,3.5973140228055547,35,123
BATTERY,cv,2,45,10,STW_cost_1se,1.2007997590520958,1,123
BATTERY,cv,2,45,10,STW_cost_plain,1.2702373933943867,3,123
BATTERY,cv,2,45,10,STW_window,1.1514079030743216,1,123
BATTERY,cv,2,45,10,age,2.2272942653481533,3,123
BATTERY,cv,2,45,10,perfect,1.0,0,123
BATTERY,cv,2,45,10,trend_cost_1se,1.0773207538632095,0,123
BATTERY,cv,2,45,10,trend_window,1.0517985929337441,0,123
BATTERY,cv,2,45,20,CNA_DA,1.260447442481441,1,123
BATTERY,cv,2,45,20,CNA_a0.05,1.5390814662859442,3,123
BATTERY,cv,2,45,20,CNA_a0.10,2.762630041020011,11,123
BATTERY,cv,2,45,20,CNA_a0.20,5.548364449345048,29,123
BATTERY,cv,2,45,20,CNAtrend_DA,1.2072315953254733,1,123
BATTERY,cv,2,45,20,CNAtrend_a0.05,1.8328675855903624,5,123
BATTERY,cv,2,45,20,CNAtrend_a0.10,2.9242523017908852,12,123
BATTERY,cv,2,45,20,CNAtrend_a0.20,4.648866019893446,23,123
BATTERY,cv,2,45,20,KAM_P1_heur,2.4426975314522856,9,123
BATTERY,cv,2,45,20,KAM_P1_opt,1.281650077729692,1,123
BATTERY,cv,2,45,20,LBall_a0.05,6.7783673262227335,37,123
BATTERY,cv,2,45,20,LBall_a0.10,13.540347009509976,81,123
BATTERY,cv,2,45,20,LBall_a0.20,17.676059312813134,108,123
BATTERY,cv,2,45,20,LBnear_a0.05,1.8286379828111081,5,123
BATTERY,cv,2,45,20,LBnear_a0.10,3.069597454434138,13,123
BATTERY,cv,2,45,20,LBnear_a0.20,6.471880022764331,35,123
BATTERY,cv,2,45,20,STW_cost_1se,1.2917694377681637,1,123
BATTERY,cv,2,45,20,STW_cost_plain,1.524284872073264,3,123
BATTERY,cv,2,45,20,STW_window,1.2386357745193457,1,123
BATTERY,cv,2,45,20,age,2.672753118417784,3,123
BATTERY,cv,2,45,20,perfect,1.0,0,123
BATTERY,cv,2,45,20,trend_cost_1se,1.0773207538632095,0,123
BATTERY,cv,2,45,20,trend_window,1.0517985929337441,0,123
BATTERY,cv,2,45,50,CNA_DA,1.5267391556817453,1,123
BATTERY,cv,2,45,50,CNA_a0.05,2.308622199428916,3,123
BATTERY,cv,2,45,50,CNA_a0.10,5.508617732395323,11,123
BATTERY,cv,2,45,50,CNA_a0.20,12.710199866155422,29,123
BATTERY,cv,2,45,50,CNAtrend_DA,1.462280523915362,1,123
BATTERY,cv,2,45,50,CNAtrend_a0.05,3.0940150068681347,5,123
BATTERY,cv,2,45,50,CNAtrend_a0.10,5.92348543183282,12,123
BATTERY,cv,2,45,50,CNAtrend_a0.20,10.376933080119299,23,123
BATTERY,cv,2,45,50,KAM_P1_heur,1.5232290893373435,1,123
BATTERY,cv,2,45,50,KAM_P1_opt,1.5524212209120216,1,123
BATTERY,cv,2,45,50,LBall_a0.05,15.887311311824709,37,123
BATTERY,cv,2,45,50,LBall_a0.10,33.33760527251193,81,123
BATTERY,cv,2,45,50,LBall_a0.20,44.00729249603822,108,123
BATTERY,cv,2,45,50,LBnear_a0.05,3.086875126947191,5,123
BATTERY,cv,2,45,50,LBnear_a0.10,6.305119095594445,13,123
BATTERY,cv,2,45,50,LBnear_a0.20,15.09557802264066,35,123
BATTERY,cv,2,45,50,STW_cost_1se,1.5646784739163673,1,123
BATTERY,cv,2,45,50,STW_cost_plain,2.286427308109896,3,123
BATTERY,cv,2,45,50,STW_window,1.5003193888544188,1,123
BATTERY,cv,2,45,50,age,4.57121444718401,2,123
BATTERY,cv,2,45,50,perfect,1.0,0,123
BATTERY,cv,2,45,50,trend_cost_1se,1.0773207538632095,0,123
BATTERY,cv,2,45,50,trend_window,1.0517985929337441,0,123
BATTERY,group,0,0,5,CNA_DA,2.9115544161172364,58,123
BATTERY,group,0,0,5,CNA_a0.05,2.9115544161172364,58,123
BATTERY,group,0,0,5,CNA_a0.10,3.2284680810050617,68,123
BATTERY,group,0,0,5,CNA_a0.20,3.4522558687449676,75,123
BATTERY,group,0,0,5,CNAtrend_DA,1.136189783895073,4,123
BATTERY,group,0,0,5,CNAtrend_a0.05,1.3632778684263198,11,123
BATTERY,group,0,0,5,CNAtrend_a0.10,1.4917679716910877,15,123
BATTERY,group,0,0,5,CNAtrend_a0.20,1.8483232695907394,26,123
BATTERY,group,0,0,5,KAM_P1_heur,4.993550484500188,123,123
BATTERY,group,0,0,5,KAM_P1_opt,1.4448389354758782,13,123
BATTERY,group,0,0,5,LBall_a0.05,2.94143178804403,59,123
BATTERY,group,0,0,5,LBall_a0.10,3.9635115032365045,91,123
BATTERY,group,0,0,5,LBall_a0.20,4.896474798999004,120,123
BATTERY,group,0,0,5,LBnear_a0.05,1.8877502484572335,26,123
BATTERY,group,0,0,5,LBnear_a0.10,2.505830592000283,45,123
BATTERY,group,0,0,5,LBnear_a0.20,2.6199337913058356,49,123
BATTERY,group,0,0,5,STW_cost_1se,1.2649911504616695,6,123
BATTERY,group,0,0,5,STW_cost_plain,2.8722675172765086,57,123
BATTERY,group,0,0,5,STW_window,1.4576938999156213,13,123
BATTERY,group,0,0,5,age,4.029448034191254,40,123
BATTERY,group,0,0,5,perfect,1.0,0,123
BATTERY,group,0,0,5,trend_cost_1se,1.043569260440295,0,123
BATTERY,group,0,0,5,trend_window,1.0175770397914263,0,123
BATTERY,group,0,0,10,CNA_DA,5.290007319424274,58,123
BATTERY,group,0,0,10,CNA_a0.05,5.290007319424274,58,123
BATTERY,group,0,0,10,CNA_a0.10,6.007402631743595,68,123
BATTERY,group,0,0,10,CNA_a0.20,6.512766390681995,75,123
BATTERY,group,0,0,10,CNAtrend_DA,1.2996703283404072,4,123
BATTERY,group,0,0,10,CNAtrend_a0.05,1.8122615975487606,11,123
BATTERY,group,0,0,10,CNAtrend_a0.10,2.103148287957927,15,123
BATTERY,group,0,0,10,CNAtrend_a0.20,2.906834393144907,26,123
BATTERY,group,0,0,10,KAM_P1_heur,1.9814933972240616,13,123
BATTERY,group,0,0,10,KAM_P1_opt,1.9814933972240616,13,123
BATTERY,group,0,0,10,LBall_a0.05,5.358485764291911,59,123
BATTERY,group,0,0,10,LBall_a0.10,7.6665869323383715,91,123
BATTERY,group,0,0,10,LBall_a0.20,9.768589026858711,120,123
BATTERY,group,0,0,10,LBnear_a0.05,2.968840699115561,26,123
BATTERY,group,0,0,10,LBnear_a0.10,4.366595883089603,45,123
BATTERY,group,0,0,10,LBnear_a0.20,4.632108646697464,49,123
BATTERY,group,0,0,10,STW_cost_1se,1.5231526097395613,6,123
BATTERY,group,0,0,10,STW_cost_plain,5.204450544124956,57,123
BATTERY,group,0,0,10,STW_window,1.9991230627414234,13,123
BATTERY,group,0,0,10,age,6.877114489450091,40,123
BATTERY,group,0,0,10,perfect,1.0,0,123
BATTERY,group,0,0,10,trend_cost_1se,1.043569260440295,0,123
BATTERY,group,0,0,10,trend_window,1.0175770397914263,0,123
BATTERY,group,0,0,20,CNA_DA,10.04691312603835,58,123
BATTERY,group,0,0,20,CNA_a0.05,10.04691312603835,58,123
BATTERY,group,0,0,20,CNA_a0.10,11.565271733220662,68,123
BATTERY,group,0,0,20,CNA_a0.20,12.63378743455605,75,123
BATTERY,group,0,0,20,CNAtrend_DA,1.6266314172310756,4,123
BATTERY,group,0,0,20,CNAtrend_a0.05,2.7102290557936417,11,123
BATTERY,group,0,0,20,CNAtrend_a0.10,3.3259089204916052,15,123
BATTERY,group,0,0,20,CNAtrend_a0.20,5.023856640253243,26,123
BATTERY,group,0,0,20,KAM_P1_heur,3.054802320720428,13,123
BATTERY,group,0,0,20,KAM_P1_opt,3.054802320720428,13,123
BATTERY,group,0,0,20,LBall_a0.05,10.19259371678767,59,123
BATTERY,group,0,0,20,LBall_a0.10,15.072737790542106,91,123
BATTERY,group,0,0,20,LBall_a0.20,19.51281748257812,120,123
BATTERY,group,0,0,20,LBnear_a0.05,5.1310216004322164,26,123
BATTERY,group,0,0,20,LBnear_a0.10,8.08812646526824,45,123
BATTERY,group,0,0,20,LBnear_a0.20,8.656458357480723,49,123
BATTERY,group,0,0,20,STW_cost_1se,2.0394755282953447,6,123
BATTERY,group,0,0,20,STW_cost_plain,9.86881659782185,57,123
BATTERY,group,0,0,20,STW_window,3.0819813883930274,13,123
BATTERY,group,0,0,20,age,12.572447399967766,40,123
BATTERY,group,0,0,20,perfect,1.0,0,123
BATTERY,group,0,0,20,trend_cost_1se,1.043569260440295,0,123
BATTERY,group,0,0,20,trend_window,1.0175770397914263,0,123
BATTERY,group,0,0,50,CNA_DA,24.317630545880576,58,123
BATTERY,group,0,0,50,CNA_a0.05,24.317630545880576,58,123
BATTERY,group,0,0,50,CNA_a0.10,28.238879037651863,68,123
BATTERY,group,0,0,50,CNA_a0.20,30.996850566178217,75,123
BATTERY,group,0,0,50,CNAtrend_DA,2.607514683903081,4,123
BATTERY,group,0,0,50,CNAtrend_a0.05,5.4041314305282855,11,123
BATTERY,group,0,0,50,CNAtrend_a0.10,6.99419081809264,15,123
BATTERY,group,0,0,50,CNAtrend_a0.20,11.37492338157825,26,123
BATTERY,group,0,0,50,KAM_P1_heur,6.274729091209529,13,123
BATTERY,group,0,0,50,KAM_P1_opt,6.274729091209529,13,123
BATTERY,group,0,0,50,LBall_a0.05,24.69491757427495,59,123
BATTERY,group,0,0,50,LBall_a0.10,37.29119036515331,91,123
BATTERY,group,0,0,50,LBall_a0.20,48.74550284973636,120,123
BATTERY,group,0,0,50,LBnear_a0.05,11.617564304382181,26,123
BATTERY,group,0,0,50,LBnear_a0.10,19.252718211804158,45,123
BATTERY,group,0,0,50,LBnear_a0.20,20.7295074898305,49,123
BATTERY,group,0,0,50,STW_cost_1se,3.5884442839626955,6,123
BATTERY,group,0,0,50,STW_cost_plain,23.861914758912533,57,123
BATTERY,group,0,0,50,STW_window,6.330556365347841,13,123
BATTERY,group,0,0,50,age,36.605542324659254,40,123
BATTERY,group,0,0,50,perfect,1.0,0,123
BATTERY,group,0,0,50,trend_cost_1se,1.043569260440295,0,123
BATTERY,group,0,0,50,trend_window,1.0175770397914263,0,123
BATTERY,group,0,15,5,CNA_DA,2.6263414046275466,49,123
BATTERY,group,0,15,5,CNA_a0.05,2.6263414046275466,49,123
BATTERY,group,0,15,5,CNA_a0.10,3.30526439170453,70,123
BATTERY,group,0,15,5,CNA_a0.20,3.6545232258725826,81,123
BATTERY,group,0,15,5,CNAtrend_DA,1.2126819185169284,6,123
BATTERY,group,0,15,5,CNAtrend_a0.05,1.470728023316017,14,123
BATTERY,group,0,15,5,CNAtrend_a0.10,1.6319206311727574,19,123
BATTERY,group,0,15,5,CNAtrend_a0.20,2.01981635403266,31,123
BATTERY,group,0,15,5,KAM_P1_heur,3.873747516269968,88,123
BATTERY,group,0,15,5,KAM_P1_opt,1.4206611751934202,12,123
BATTERY,group,0,15,5,LBall_a0.05,3.66311027240247,81,123
BATTERY,group,0,15,5,LBall_a0.10,3.9997237965561903,92,123
BATTERY,group,0,15,5,LBall_a0.20,4.252791684256113,100,123
BATTERY,group,0,15,5,LBnear_a0.05,2.119166523116619,33,123
BATTERY,group,0,15,5,LBnear_a0.10,2.5714418055533486,47,123
BATTERY,group,0,15,5,LBnear_a0.20,3.50719373984171,76,123
BATTERY,group,0,15,5,STW_cost_1se,1.197878883389081,4,123
BATTERY,group,0,15,5,STW_cost_plain,2.786291430286199,54,123
BATTERY,group,0,15,5,STW_window,1.3920149152291958,11,123
BATTERY,group,0,15,5,age,4.029448034191254,40,123
BATTERY,group,0,15,5,perfect,1.0,0,123
BATTERY,group,0,15,5,trend_cost_1se,1.054453855948624,0,123
BATTERY,group,0,15,5,trend_window,1.1309675869967961,3,123
BATTERY,group,0,15,10,CNA_DA,4.643437467742746,49,123
BATTERY,group,0,15,10,CNA_a0.05,4.643437467742746,49,123
BATTERY,group,0,15,10,CNA_a0.10,6.175841406832534,70,123
BATTERY,group,0,15,10,CNA_a0.20,6.965668430522239,81,123
BATTERY,group,0,15,10,CNAtrend_DA,1.4601680243367097,6,123
BATTERY,group,0,15,10,CNAtrend_a0.05,2.045873060366973,14,123
BATTERY,group,0,15,10,CNAtrend_a0.10,2.410978218918546,19,123
BATTERY,group,0,15,10,CNAtrend_a0.20,3.2873124466442483,31,123
BATTERY,group,0,15,10,KAM_P1_heur,7.375160066803284,86,123
BATTERY,group,0,15,10,KAM_P1_opt,1.9191387805244446,12,123
BATTERY,group,0,15,10,LBall_a0.05,6.982035686995311,81,123
BATTERY,group,0,15,10,LBall_a0.10,7.746919206771766,92,123
BATTERY,group,0,15,10,LBall_a0.20,8.318558112799243,100,123
BATTERY,group,0,15,10,LBnear_a0.05,3.4903919204273723,33,123
BATTERY,group,0,15,10,LBnear_a0.10,4.514492687563114,47,123
BATTERY,group,0,15,10,LBnear_a0.20,6.628349761246512,76,123
BATTERY,group,0,15,10,STW_cost_1se,1.3702355572580134,4,123
BATTERY,group,0,15,10,STW_cost_plain,5.00546159600087,54,123
BATTERY,group,0,15,10,STW_window,1.850462941202883,11,123
BATTERY,group,0,15,10,age,6.877114489450091,40,123
BATTERY,group,0,15,10,perfect,1.0,0,123
BATTERY,group,0,15,10,trend_cost_1se,1.054453855948624,0,123
BATTERY,group,0,15,10,trend_window,1.2566306522186623,3,123
BATTERY,group,0,15,20,CNA_DA,8.677629593973148,49,123
BATTERY,group,0,15,20,CNA_a0.05,8.677629593973148,49,123
BATTERY,group,0,15,20,CNA_a0.10,11.916995437088541,70,123
BATTERY,group,0,15,20,CNA_a0.20,13.587958839821551,81,123
BATTERY,group,0,15,20,CNAtrend_DA,1.9551402359762724,6,123
BATTERY,group,0,15,20,CNAtrend_a0.05,3.1961631344688857,14,123
BATTERY,group,0,15,20,CNAtrend_a0.10,3.9690933944101237,19,123
BATTERY,group,0,15,20,CNAtrend_a0.20,5.822304631867425,31,123
BATTERY,group,0,15,20,KAM_P1_heur,2.9160939911864943,12,123
BATTERY,group,0,15,20,KAM_P1_opt,2.9160939911864943,12,123
BATTERY,group,0,15,20,LBall_a0.05,13.619886516180994,81,123
BATTERY,group,0,15,20,LBall_a0.10,15.241310027202918,92,123
BATTERY,group,0,15,20,LBall_a0.20,16.4500909698855,100,123
BATTERY,group,0,15,20,LBnear_a0.05,6.232842715048879,33,123
BATTERY,group,0,15,20,LBnear_a0.10,8.400594451582645,47,123
BATTERY,group,0,15,20,LBnear_a0.20,12.870661804056114,76,123
BATTERY,group,0,15,20,STW_cost_1se,1.7149489049958786,4,123
BATTERY,group,0,15,20,STW_cost_plain,9.443801927430215,54,123
BATTERY,group,0,15,20,STW_window,2.7673589931502574,11,123
BATTERY,group,0,15,20,age,12.572447399967766,40,123
BATTERY,group,0,15,20,perfect,1.0,0,123
BATTERY,group,0,15,20,trend_cost_1se,1.054453855948624,0,123
BATTERY,group,0,15,20,trend_window,1.5079567826623947,3,123
BATTERY,group,0,15,50,CNA_DA,20.780205972664348,49,123
BATTERY,group,0,15,50,CNA_a0.05,20.780205972664348,49,123
BATTERY,group,0,15,50,CNA_a0.10,29.140457527856565,70,123
BATTERY,group,0,15,50,CNA_a0.20,33.454830067719485,81,123
BATTERY,group,0,15,50,CNAtrend_DA,3.4400568708949604,6,123
BATTERY,group,0,15,50,CNAtrend_a0.05,6.647033356774624,14,123
BATTERY,group,0,15,50,CNAtrend_a0.10,8.643438920884856,19,123
BATTERY,group,0,15,50,CNAtrend_a0.20,13.427281187536954,31,123
BATTERY,group,0,15,50,KAM_P1_heur,5.906959623172642,12,123
BATTERY,group,0,15,50,KAM_P1_opt,5.906959623172642,12,123
BATTERY,group,0,15,50,LBall_a0.05,33.533439003738046,81,123
BATTERY,group,0,15,50,LBall_a0.10,37.72448248849637,92,123
BATTERY,group,0,15,50,LBall_a0.20,40.84468954114428,100,123
BATTERY,group,0,15,50,LBnear_a0.05,14.4601950989134,33,123
BATTERY,group,0,15,50,LBnear_a0.10,20.058899743641234,47,123
BATTERY,group,0,15,50,LBnear_a0.20,31.59759793248492,76,123
BATTERY,group,0,15,50,STW_cost_1se,2.7490889482094736,4,123
BATTERY,group,0,15,50,STW_cost_plain,22.758822921718245,54,123
BATTERY,group,0,15,50,STW_window,5.518047148992381,11,123
BATTERY,group,0,15,50,age,36.605542324659254,40,123
BATTERY,group,0,15,50,perfect,1.0,0,123
BATTERY,group,0,15,50,trend_cost_1se,1.054453855948624,0,123
BATTERY,group,0,15,50,trend_window,2.2619351739935922,3,123
BATTERY,group,0,30,5,CNA_DA,2.2759217656632007,38,123
BATTERY,group,0,30,5,CNA_a0.05,2.2759217656632007,38,123
BATTERY,group,0,30,5,CNA_a0.10,2.9545635986989036,59,123
BATTERY,group,0,30,5,CNA_a0.20,3.2737409100366635,69,123
BATTERY,group,0,30,5,CNAtrend_DA,1.2269047795581118,6,123
BATTERY,group,0,30,5,CNAtrend_a0.05,1.585119495480761,17,123
BATTERY,group,0,30,5,CNAtrend_a0.10,1.842532609645304,25,123
BATTERY,group,0,30,5,CNAtrend_a0.20,2.2954818242725756,39,123
BATTERY,group,0,30,5,KAM_P1_heur,3.202265194743298,67,123
BATTERY,group,0,30,5,KAM_P1_opt,1.4223400107534658,12,123
BATTERY,group,0,30,5,LBall_a0.05,3.407040616441007,73,123
BATTERY,group,0,30,5,LBall_a0.10,3.809428328068944,86,123
BATTERY,group,0,30,5,LBall_a0.20,4.25721808938602,100,123
BATTERY,group,0,30,5,LBnear_a0.05,2.14901756907145,34,123
BATTERY,group,0,30,5,LBnear_a0.10,2.7677529360313824,53,123
BATTERY,group,0,30,5,LBnear_a0.20,3.4115261824699785,73,123
BATTERY,group,0,30,5,STW_cost_1se,1.1094814010412324,1,123
BATTERY,group,0,30,5,STW_cost_plain,2.570782919060707,47,123
BATTERY,group,0,30,5,STW_window,1.8978404822705794,26,123
BATTERY,group,0,30,5,age,4.029448034191254,40,123
BATTERY,group,0,30,5,perfect,1.0,0,123
BATTERY,group,0,30,5,trend_cost_1se,1.0564892779090536,0,123
BATTERY,group,0,30,5,trend_window,1.0500937258793692,0,123
BATTERY,group,0,30,10,CNA_DA,3.848376803757776,38,123
BATTERY,group,0,30,10,CNA_a0.05,3.848376803757776,38,123
BATTERY,group,0,30,10,CNA_a0.10,5.382408338576832,59,123
BATTERY,group,0,30,10,CNA_a0.20,6.104419140519494,69,123
BATTERY,group,0,30,10,CNAtrend_DA,1.4772935100801754,6,123
BATTERY,group,0,30,10,CNAtrend_a0.05,2.2905391662444505,17,123
BATTERY,group,0,30,10,CNAtrend_a0.10,2.8753423684150934,25,123
BATTERY,group,0,30,10,CNAtrend_a0.20,3.8998508412372788,39,123
BATTERY,group,0,30,10,KAM_P1_heur,5.945893942157632,67,123
BATTERY,group,0,30,10,KAM_P1_opt,1.9214066811932782,12,123
BATTERY,group,0,30,10,LBall_a0.05,6.403594411624061,73,123
BATTERY,group,0,30,10,LBall_a0.10,7.317038994170969,86,123
BATTERY,group,0,30,10,LBall_a0.20,8.327216262795217,100,123
BATTERY,group,0,30,10,LBnear_a0.05,3.55956964143495,34,123
BATTERY,group,0,30,10,LBnear_a0.10,4.957169437668147,53,123
BATTERY,group,0,30,10,LBnear_a0.20,6.4120251140399604,73,123
BATTERY,group,0,30,10,STW_cost_1se,1.1531617711609659,1,123
BATTERY,group,0,30,10,STW_cost_plain,4.513335928640341,47,123
BATTERY,group,0,30,10,STW_window,2.9847094809277395,26,123
BATTERY,group,0,30,10,age,6.877114489450091,40,123
BATTERY,group,0,30,10,perfect,1.0,0,123
BATTERY,group,0,30,10,trend_cost_1se,1.0564892779090536,0,123
BATTERY,group,0,30,10,trend_window,1.0500937258793692,0,123
BATTERY,group,0,30,20,CNA_DA,6.993286879946926,38,123
BATTERY,group,0,30,20,CNA_a0.05,6.993286879946926,38,123
BATTERY,group,0,30,20,CNA_a0.10,10.23809781833269,59,123
BATTERY,group,0,30,20,CNA_a0.20,11.765775601485151,69,123
BATTERY,group,0,30,20,CNAtrend_DA,1.9780709711243027,6,123
BATTERY,group,0,30,20,CNAtrend_a0.05,3.7013785077718295,17,123
BATTERY,group,0,30,20,CNAtrend_a0.10,4.940961885954672,25,123
BATTERY,group,0,30,20,CNAtrend_a0.20,7.108588875166686,39,123
BATTERY,group,0,30,20,KAM_P1_heur,5.5812392504673705,29,123
BATTERY,group,0,30,20,KAM_P1_opt,2.919540022072903,12,123
BATTERY,group,0,30,20,LBall_a0.05,12.396702001990171,73,123
BATTERY,group,0,30,20,LBall_a0.10,14.332260326375021,86,123
BATTERY,group,0,30,20,LBall_a0.20,16.46721260961361,100,123
BATTERY,group,0,30,20,LBnear_a0.05,6.3806737861619505,34,123
BATTERY,group,0,30,20,LBnear_a0.10,9.336002440941678,53,123
BATTERY,group,0,30,20,LBnear_a0.20,12.413022977179923,73,123
BATTERY,group,0,30,20,STW_cost_1se,1.240522511400433,1,123
BATTERY,group,0,30,20,STW_cost_plain,8.39844194779961,47,123
BATTERY,group,0,30,20,STW_window,5.158447478242059,26,123
BATTERY,group,0,30,20,age,12.572447399967766,40,123
BATTERY,group,0,30,20,perfect,1.0,0,123
BATTERY,group,0,30,20,trend_cost_1se,1.0564892779090536,0,123
BATTERY,group,0,30,20,trend_window,1.0500937258793692,0,123
BATTERY,group,0,30,50,CNA_DA,16.42801710851438,38,123
BATTERY,group,0,30,50,CNA_a0.05,16.42801710851438,38,123
BATTERY,group,0,30,50,CNA_a0.10,24.805166257600263,59,123
BATTERY,group,0,30,50,CNA_a0.20,28.74984498438213,69,123
BATTERY,group,0,30,50,CNAtrend_DA,3.4804033542566843,6,123
BATTERY,group,0,30,50,CNAtrend_a0.05,7.933896532353965,17,123
BATTERY,group,0,30,50,CNAtrend_a0.10,11.137820438573408,25,123
BATTERY,group,0,30,50,CNAtrend_a0.20,16.734802976954906,39,123
BATTERY,group,0,30,50,KAM_P1_heur,5.9139400447117785,12,123
BATTERY,group,0,30,50,KAM_P1_opt,5.9139400447117785,12,123
BATTERY,group,0,30,50,LBall_a0.05,30.3760247730885,73,123
BATTERY,group,0,30,50,LBall_a0.10,35.37792432298717,86,123
BATTERY,group,0,30,50,LBall_a0.20,40.88720165006879,100,123
BATTERY,group,0,30,50,LBnear_a0.05,14.84398622034295,34,123
BATTERY,group,0,30,50,LBnear_a0.10,22.47250145076227,53,123
BATTERY,group,0,30,50,LBnear_a0.20,30.416016566599808,73,123
BATTERY,group,0,30,50,STW_cost_1se,1.5026047321188343,1,123
BATTERY,group,0,30,50,STW_cost_plain,20.05376000527741,47,123
BATTERY,group,0,30,50,STW_window,11.67966147018502,26,123
BATTERY,group,0,30,50,age,36.605542324659254,40,123
BATTERY,group,0,30,50,perfect,1.0,0,123
BATTERY,group,0,30,50,trend_cost_1se,1.0564892779090536,0,123
BATTERY,group,0,30,50,trend_window,1.0500937258793692,0,123
BATTERY,group,0,45,5,CNA_DA,2.0903897099250446,32,123
BATTERY,group,0,45,5,CNA_a0.05,2.0903897099250446,32,123
BATTERY,group,0,45,5,CNA_a0.10,2.766099999939308,53,123
BATTERY,group,0,45,5,CNA_a0.20,3.17838126065115,66,123
BATTERY,group,0,45,5,CNAtrend_DA,1.1458077939800697,3,123
BATTERY,group,0,45,5,CNAtrend_a0.05,1.468516091421075,13,123
BATTERY,group,0,45,5,CNAtrend_a0.10,1.8949553243928647,26,123
BATTERY,group,0,45,5,CNAtrend_a0.20,2.448011292292726,43,123
BATTERY,group,0,45,5,KAM_P1_heur,3.2081699894603517,67,123
BATTERY,group,0,45,5,KAM_P1_opt,1.3722797697063371,10,123
BATTERY,group,0,45,5,LBall_a0.05,3.4371461436897808,74,123
BATTERY,group,0,45,5,LBall_a0.10,3.8792227777770627,88,123
BATTERY,group,0,45,5,LBall_a0.20,4.198807947643526,98,123
BATTERY,group,0,45,5,LBnear_a0.05,2.644082585284214,49,123
BATTERY,group,0,45,5,LBnear_a0.10,3.0628299201902296,62,123
BATTERY,group,0,45,5,LBnear_a0.20,3.5070821263438163,76,123
BATTERY,group,0,45,5,STW_cost_1se,1.1178945899281638,1,123
BATTERY,group,0,45,5,STW_cost_plain,2.702955274310825,51,123
BATTERY,group,0,45,5,STW_window,1.1524402345172318,3,123
BATTERY,group,0,45,5,age,4.029448034191254,40,123
BATTERY,group,0,45,5,perfect,1.0,0,123
BATTERY,group,0,45,5,trend_cost_1se,1.0595925542686115,0,123
BATTERY,group,0,45,5,trend_window,1.0519031524068305,0,123
BATTERY,group,0,45,10,CNA_DA,3.422909046929057,32,123
BATTERY,group,0,45,10,CNA_a0.05,3.422909046929057,32,123
BATTERY,group,0,45,10,CNA_a0.10,4.9542089551151784,53,123
BATTERY,group,0,45,10,CNA_a0.20,5.888628847252906,66,123
BATTERY,group,0,45,10,CNAtrend_DA,1.2731197710889663,3,123
BATTERY,group,0,45,10,CNAtrend_a0.05,2.0139649253774743,13,123
BATTERY,group,0,45,10,CNAtrend_a0.10,2.980172029992303,26,123
BATTERY,group,0,45,10,CNAtrend_a0.20,4.232155115489119,43,123
BATTERY,group,0,45,10,KAM_P1_heur,5.956857832092622,67,123
BATTERY,group,0,45,10,KAM_P1_opt,1.7932244843401828,10,123
BATTERY,group,0,45,10,LBall_a0.05,6.472334862461186,74,123
BATTERY,group,0,45,10,LBall_a0.10,7.472608087717921,88,123
BATTERY,group,0,45,10,LBall_a0.20,8.193790266760669,98,123
BATTERY,group,0,45,10,LBnear_a0.05,4.674804320063626,49,123
BATTERY,group,0,45,10,LBnear_a0.10,5.622067858893655,62,123
BATTERY,group,0,45,10,LBnear_a0.20,6.628138819577189,76,123
BATTERY,group,0,45,10,STW_cost_1se,1.1619061879568318,1,123
BATTERY,group,0,45,10,STW_cost_plain,4.810764433177064,51,123
BATTERY,group,0,45,10,STW_window,1.280489149463591,3,123
BATTERY,group,0,45,10,age,6.877114489450091,40,123
BATTERY,group,0,45,10,perfect,1.0,0,123
BATTERY,group,0,45,10,trend_cost_1se,1.0595925542686115,0,123
BATTERY,group,0,45,10,trend_window,1.0519031524068305,0,123
BATTERY,group,0,45,20,CNA_DA,6.087947720937082,32,123
BATTERY,group,0,45,20,CNA_a0.05,6.087947720937082,32,123
BATTERY,group,0,45,20,CNA_a0.10,9.330426865466919,53,123
BATTERY,group,0,45,20,CNA_a0.20,11.309124020456416,66,123
BATTERY,group,0,45,20,CNAtrend_DA,1.5277437253067596,3,123
BATTERY,group,0,45,20,CNAtrend_a0.05,3.104862593290273,13,123
BATTERY,group,0,45,20,CNAtrend_a0.10,5.150605441191178,26,123
BATTERY,group,0,45,20,CNAtrend_a0.20,7.800442761881906,43,123
BATTERY,group,0,45,20,KAM_P1_heur,6.21423323227828,33,123
BATTERY,group,0,45,20,KAM_P1_opt,2.6351139136078747,10,123
BATTERY,group,0,45,20,LBall_a0.05,12.542712300003995,74,123
BATTERY,group,0,45,20,LBall_a0.10,14.659378707599638,88,123
BATTERY,group,0,45,20,LBall_a0.20,16.183754904994952,98,123
BATTERY,group,0,45,20,LBnear_a0.05,8.73624778962245,49,123
BATTERY,group,0,45,20,LBnear_a0.10,10.740543736300507,62,123
BATTERY,group,0,45,20,LBnear_a0.20,12.870252206043933,76,123
BATTERY,group,0,45,20,STW_cost_1se,1.2499293840141674,1,123
BATTERY,group,0,45,20,STW_cost_plain,9.026382750909542,51,123
BATTERY,group,0,45,20,STW_window,1.5365869793563094,3,123
BATTERY,group,0,45,20,age,12.572447399967766,40,123
BATTERY,group,0,45,20,perfect,1.0,0,123
BATTERY,group,0,45,20,trend_cost_1se,1.0595925542686115,0,123
BATTERY,group,0,45,20,trend_window,1.0519031524068305,0,123
BATTERY,group,0,45,50,CNA_DA,14.083063742961157,32,123
BATTERY,group,0,45,50,CNA_a0.05,14.083063742961157,32,123
BATTERY,group,0,45,50,CNA_a0.10,22.45908059652214,53,123
BATTERY,group,0,45,50,CNA_a0.20,27.570609540066947,66,123
BATTERY,group,0,45,50,CNAtrend_DA,2.2916155879601394,3,123
BATTERY,group,0,45,50,CNAtrend_a0.05,6.377555597028669,13,123
BATTERY,group,0,45,50,CNAtrend_a0.10,11.661905674787807,26,123
BATTERY,group,0,45,50,CNAtrend_a0.20,18.505305701060266,43,123
BATTERY,group,0,45,50,KAM_P1_heur,5.121189679585651,10,123
BATTERY,group,0,45,50,KAM_P1_opt,5.1607822014109495,10,123
BATTERY,group,0,45,50,LBall_a0.05,30.75384461263243,74,123
BATTERY,group,0,45,50,LBall_a0.10,36.21969056724479,88,123
BATTERY,group,0,45,50,LBall_a0.20,40.1536488196978,98,123
BATTERY,group,0,45,50,LBnear_a0.05,20.920578198298923,49,123
BATTERY,group,0,45,50,LBnear_a0.10,26.095971368521063,62,123
BATTERY,group,0,45,50,LBnear_a0.20,31.59659236544417,76,123
BATTERY,group,0,45,50,STW_cost_1se,1.5139989721861749,1,123
BATTERY,group,0,45,50,STW_cost_plain,21.67323770410698,51,123
BATTERY,group,0,45,50,STW_window,2.3048804690344635,3,123
BATTERY,group,0,45,50,age,36.605542324659254,40,123
BATTERY,group,0,45,50,perfect,1.0,0,123
BATTERY,group,0,45,50,trend_cost_1se,1.0595925542686115,0,123
BATTERY,group,0,45,50,trend_window,1.0519031524068305,0,123
BATTERY,group,1,0,5,CNA_DA,2.060862365057971,32,123
BATTERY,group,1,0,5,CNA_a0.05,2.0935122665001296,31,123
BATTERY,group,1,0,5,CNA_a0.10,2.287145488238721,39,123
BATTERY,group,1,0,5,CNA_a0.20,3.1607457524379567,66,123
BATTERY,group,1,0,5,CNAtrend_DA,1.136189783895073,4,123
BATTERY,group,1,0,5,CNAtrend_a0.05,1.3632778684263198,11,123
BATTERY,group,1,0,5,CNAtrend_a0.10,1.4917679716910877,15,123
BATTERY,group,1,0,5,CNAtrend_a0.20,1.8483232695907394,26,123
BATTERY,group,1,0,5,KAM_P1_heur,4.993550484500188,123,123
BATTERY,group,1,0,5,KAM_P1_opt,1.4280517481295552,11,123
BATTERY,group,1,0,5,LBall_a0.05,2.655517987831856,50,123
BATTERY,group,1,0,5,LBall_a0.10,3.8440012155529066,87,123
BATTERY,group,1,0,5,LBall_a0.20,4.864198096173631,119,123
BATTERY,group,1,0,5,LBnear_a0.05,1.6993714128342399,20,123
BATTERY,group,1,0,5,LBnear_a0.10,2.18311946043748,35,123
BATTERY,group,1,0,5,LBnear_a0.20,2.561566584900546,47,123
BATTERY,group,1,0,5,STW_cost_1se,1.2920754342920955,6,123
BATTERY,group,1,0,5,STW_cost_plain,2.1938447774445207,35,123
BATTERY,group,1,0,5,STW_window,1.7771596595281922,22,123
BATTERY,group,1,0,5,age,4.029448034191254,40,123
BATTERY,group,1,0,5,perfect,1.0,0,123
BATTERY,group,1,0,5,trend_cost_1se,1.0460107200913844,0,123
BATTERY,group,1,0,5,trend_window,1.0175770397914263,0,123
BATTERY,group,1,0,10,CNA_DA,3.40725478191519,31,123
BATTERY,group,1,0,10,CNA_a0.05,3.40725478191519,31,123
BATTERY,group,1,0,10,CNA_a0.10,3.8856880337819133,39,123
BATTERY,group,1,0,10,CNA_a0.20,5.8559553087804,66,123
BATTERY,group,1,0,10,CNAtrend_DA,1.2996703283404072,4,123
BATTERY,group,1,0,10,CNAtrend_a0.05,1.8122615975487606,11,123
BATTERY,group,1,0,10,CNAtrend_a0.10,2.103148287957927,15,123
BATTERY,group,1,0,10,CNAtrend_a0.20,2.906834393144907,26,123
BATTERY,group,1,0,10,KAM_P1_heur,1.9126329470564438,12,123
BATTERY,group,1,0,10,KAM_P1_opt,1.8983681921243187,11,123
BATTERY,group,1,0,10,LBall_a0.05,4.710872467577874,50,123
BATTERY,group,1,0,10,LBall_a0.10,7.3941934209998585,87,123
BATTERY,group,1,0,10,LBall_a0.20,9.6959140681658,119,123
BATTERY,group,1,0,10,LBnear_a0.05,2.536500187629432,20,123
BATTERY,group,1,0,10,LBnear_a0.10,3.6357654892456894,35,123
BATTERY,group,1,0,10,LBnear_a0.20,4.497155483458837,47,123
BATTERY,group,1,0,10,STW_cost_1se,1.555764298433339,6,123
BATTERY,group,1,0,10,STW_cost_plain,3.65362742403308,35,123
BATTERY,group,1,0,10,STW_window,2.7036409986187193,22,123
BATTERY,group,1,0,10,age,6.877114489450091,40,123
BATTERY,group,1,0,10,perfect,1.0,0,123
BATTERY,group,1,0,10,trend_cost_1se,1.0460107200913844,0,123
BATTERY,group,1,0,10,trend_window,1.0175770397914263,0,123
BATTERY,group,1,0,20,CNA_DA,6.034739812745312,31,123
BATTERY,group,1,0,20,CNA_a0.05,6.034739812745312,31,123
BATTERY,group,1,0,20,CNA_a0.10,7.0827731248682975,39,123
BATTERY,group,1,0,20,CNA_a0.20,11.246374421465287,66,123
BATTERY,group,1,0,20,CNAtrend_DA,1.6266314172310756,4,123
BATTERY,group,1,0,20,CNAtrend_a0.05,2.7102290557936417,11,123
BATTERY,group,1,0,20,CNAtrend_a0.10,3.3259089204916052,15,123
BATTERY,group,1,0,20,CNAtrend_a0.20,5.023856640253243,26,123
BATTERY,group,1,0,20,KAM_P1_heur,2.906208503968882,12,123
BATTERY,group,1,0,20,KAM_P1_opt,2.839001080113846,11,123
BATTERY,group,1,0,20,LBall_a0.05,8.821581427069912,50,123
BATTERY,group,1,0,20,LBall_a0.10,14.494577831893764,87,123
BATTERY,group,1,0,20,LBall_a0.20,19.35934601215014,119,123
BATTERY,group,1,0,20,LBnear_a0.05,4.210757737219816,20,123
BATTERY,group,1,0,20,LBnear_a0.10,6.541057546862108,35,123
BATTERY,group,1,0,20,LBnear_a0.20,8.368333280575417,47,123
BATTERY,group,1,0,20,STW_cost_1se,2.0831420267158274,6,123
BATTERY,group,1,0,20,STW_cost_plain,6.573192717210199,35,123
BATTERY,group,1,0,20,STW_window,4.556603676799773,22,123
BATTERY,group,1,0,20,age,12.572447399967766,40,123
BATTERY,group,1,0,20,perfect,1.0,0,123
BATTERY,group,1,0,20,trend_cost_1se,1.0460107200913844,0,123
BATTERY,group,1,0,20,trend_window,1.0175770397914263,0,123
BATTERY,group,1,0,50,CNA_DA,13.917194905235679,31,123
BATTERY,group,1,0,50,CNA_a0.05,13.917194905235679,31,123
BATTERY,group,1,0,50,CNA_a0.10,16.67402839812745,39,123
BATTERY,group,1,0,50,CNA_a0.20,27.41763175951995,66,123
BATTERY,group,1,0,50,CNAtrend_DA,2.607514683903081,4,123
BATTERY,group,1,0,50,CNAtrend_a0.05,5.4041314305282855,11,123
BATTERY,group,1,0,50,CNAtrend_a0.10,6.99419081809264,15,123
BATTERY,group,1,0,50,CNAtrend_a0.20,11.37492338157825,26,123
BATTERY,group,1,0,50,KAM_P1_heur,5.886935174706197,12,123
BATTERY,group,1,0,50,KAM_P1_opt,5.660899744082428,11,123
BATTERY,group,1,0,50,LBall_a0.05,21.153708305546022,50,123
BATTERY,group,1,0,50,LBall_a0.10,35.79573106457547,87,123
BATTERY,group,1,0,50,LBall_a0.20,48.34964184410316,119,123
BATTERY,group,1,0,50,LBnear_a0.05,9.233530385990967,20,123
BATTERY,group,1,0,50,LBnear_a0.10,15.256933719711363,35,123
BATTERY,group,1,0,50,LBnear_a0.20,19.98186667192516,47,123
BATTERY,group,1,0,50,STW_cost_1se,3.6652752115632907,6,123
BATTERY,group,1,0,50,STW_cost_plain,15.331888596741555,35,123
BATTERY,group,1,0,50,STW_window,10.115491711342933,22,123
BATTERY,group,1,0,50,age,36.605542324659254,40,123
BATTERY,group,1,0,50,perfect,1.0,0,123
BATTERY,group,1,0,50,trend_cost_1se,1.0460107200913844,0,123
BATTERY,group,1,0,50,trend_window,1.0175770397914263,0,123
BATTERY,group,1,15,5,CNA_DA,1.8471847230909322,25,123
BATTERY,group,1,15,5,CNA_a0.05,1.897864284166337,25,123
BATTERY,group,1,15,5,CNA_a0.10,2.7961461081335717,54,123
BATTERY,group,1,15,5,CNA_a0.20,3.395124614285027,73,123
BATTERY,group,1,15,5,CNAtrend_DA,1.2126819185169284,6,123
BATTERY,group,1,15,5,CNAtrend_a0.05,1.470728023316017,14,123
BATTERY,group,1,15,5,CNAtrend_a0.10,1.6319206311727574,19,123
BATTERY,group,1,15,5,CNAtrend_a0.20,2.01981635403266,31,123
BATTERY,group,1,15,5,KAM_P1_heur,3.5832909070214085,79,123
BATTERY,group,1,15,5,KAM_P1_opt,1.42833570208113,11,123
BATTERY,group,1,15,5,LBall_a0.05,3.610966251382919,79,123
BATTERY,group,1,15,5,LBall_a0.10,3.8803278761648743,88,123
BATTERY,group,1,15,5,LBall_a0.20,4.317254505122312,102,123
BATTERY,group,1,15,5,LBnear_a0.05,2.19382114171501,35,123
BATTERY,group,1,15,5,LBnear_a0.10,2.4780440984744034,44,123
BATTERY,group,1,15,5,LBnear_a0.20,2.956889457515151,59,123
BATTERY,group,1,15,5,STW_cost_1se,1.1186831114482845,1,123
BATTERY,group,1,15,5,STW_cost_plain,3.093073007548786,62,123
BATTERY,group,1,15,5,STW_window,1.1737360539237789,4,123
BATTERY,group,1,15,5,age,4.029448034191254,40,123
BATTERY,group,1,15,5,perfect,1.0,0,123
BATTERY,group,1,15,5,trend_cost_1se,1.052182079328251,0,123
BATTERY,group,1,15,5,trend_window,1.1309675869967961,3,123
BATTERY,group,1,15,10,CNA_DA,2.961689555560024,25,123
BATTERY,group,1,15,10,CNA_a0.05,2.961689555560024,25,123
BATTERY,group,1,15,10,CNA_a0.10,5.023165132310752,54,123
BATTERY,group,1,15,10,CNA_a0.20,6.38119807022246,73,123
BATTERY,group,1,15,10,CNAtrend_DA,1.4601680243367097,6,123
BATTERY,group,1,15,10,CNAtrend_a0.05,2.045873060366973,14,123
BATTERY,group,1,15,10,CNAtrend_a0.10,2.410978218918546,19,123
BATTERY,group,1,15,10,CNAtrend_a0.20,3.2873124466442483,31,123
BATTERY,group,1,15,10,KAM_P1_heur,6.8074364839541115,79,123
BATTERY,group,1,15,10,KAM_P1_opt,1.8987456638443765,11,123
BATTERY,group,1,15,10,LBall_a0.05,6.860013334062311,79,123
BATTERY,group,1,15,10,LBall_a0.10,7.474736856191285,88,123
BATTERY,group,1,15,10,LBall_a0.20,8.463770131510975,102,123
BATTERY,group,1,15,10,LBnear_a0.05,3.653588061107127,35,123
BATTERY,group,1,15,10,LBnear_a0.10,4.30135413748567,44,123
BATTERY,group,1,15,10,LBnear_a0.20,5.386645418425929,59,123
BATTERY,group,1,15,10,STW_cost_1se,1.1627257536312878,1,123
BATTERY,group,1,15,10,STW_cost_plain,5.6775814505140785,62,123
BATTERY,group,1,15,10,STW_window,1.4006835040474652,4,123
BATTERY,group,1,15,10,age,6.877114489450091,40,123
BATTERY,group,1,15,10,perfect,1.0,0,123
BATTERY,group,1,15,10,trend_cost_1se,1.052182079328251,0,123
BATTERY,group,1,15,10,trend_window,1.2566306522186623,3,123
BATTERY,group,1,15,20,CNA_DA,5.089340098347397,25,123
BATTERY,group,1,15,20,CNA_a0.05,5.089340098347397,25,123
BATTERY,group,1,15,20,CNA_a0.10,9.477203180665114,54,123
BATTERY,group,1,15,20,CNA_a0.20,12.353344982097328,73,123
BATTERY,group,1,15,20,CNAtrend_DA,1.9551402359762724,6,123
BATTERY,group,1,15,20,CNAtrend_a0.05,3.1961631344688857,14,123
BATTERY,group,1,15,20,CNAtrend_a0.10,3.9690933944101237,19,123
BATTERY,group,1,15,20,CNAtrend_a0.20,5.822304631867425,31,123
BATTERY,group,1,15,20,KAM_P1_heur,2.7583907413616195,11,123
BATTERY,group,1,15,20,KAM_P1_opt,2.8395655873708696,11,123
BATTERY,group,1,15,20,LBall_a0.05,13.358107499421095,79,123
BATTERY,group,1,15,20,LBall_a0.10,14.663554816244105,88,123
BATTERY,group,1,15,20,LBall_a0.20,16.7568013842883,102,123
BATTERY,group,1,15,20,LBnear_a0.05,6.573121899891361,35,123
BATTERY,group,1,15,20,LBnear_a0.10,7.947974215508204,44,123
BATTERY,group,1,15,20,LBnear_a0.20,10.246157340247487,59,123
BATTERY,group,1,15,20,STW_cost_1se,1.2508110379972943,1,123
BATTERY,group,1,15,20,STW_cost_plain,10.846598336444664,62,123
BATTERY,group,1,15,20,STW_window,1.7530567126128653,4,123
BATTERY,group,1,15,20,age,12.572447399967766,40,123
BATTERY,group,1,15,20,perfect,1.0,0,123
BATTERY,group,1,15,20,trend_cost_1se,1.052182079328251,0,123
BATTERY,group,1,15,20,trend_window,1.5079567826623947,3,123
BATTERY,group,1,15,50,CNA_DA,11.472291726709518,25,123
BATTERY,group,1,15,50,CNA_a0.05,11.472291726709518,25,123
BATTERY,group,1,15,50,CNA_a0.10,22.8393173257282,54,123
BATTERY,group,1,15,50,CNA_a0.20,30.269785717721927,73,123
BATTERY,group,1,15,50,CNAtrend_DA,3.4400568708949604,6,123
BATTERY,group,1,15,50,CNAtrend_a0.05,6.647033356774624,14,123
BATTERY,group,1,15,50,CNAtrend_a0.10,8.643438920884856,19,123
BATTERY,group,1,15,50,CNAtrend_a0.20,13.427281187536954,31,123
BATTERY,group,1,15,50,KAM_P1_heur,5.50016467102829,11,123
BATTERY,group,1,15,50,KAM_P1_opt,5.6620253579503474,11,123
BATTERY,group,1,15,50,LBall_a0.05,32.85238999549745,79,123
BATTERY,group,1,15,50,LBall_a0.10,36.230008696402564,88,123
BATTERY,group,1,15,50,LBall_a0.20,41.635895142620264,102,123
BATTERY,group,1,15,50,LBnear_a0.05,15.331723416244063,35,123
BATTERY,group,1,15,50,LBnear_a0.10,18.887834449575806,44,123
BATTERY,group,1,15,50,LBnear_a0.20,24.82469310571216,59,123
BATTERY,group,1,15,50,STW_cost_1se,1.5150668910953144,1,123
BATTERY,group,1,15,50,STW_cost_plain,26.35364899423642,62,123
BATTERY,group,1,15,50,STW_window,2.8101763383090654,4,123
BATTERY,group,1,15,50,age,36.605542324659254,40,123
BATTERY,group,1,15,50,perfect,1.0,0,123
BATTERY,group,1,15,50,trend_cost_1se,1.052182079328251,0,123
BATTERY,group,1,15,50,trend_window,2.2619351739935922,3,123
BATTERY,group,1,30,5,CNA_DA,2.1888257147113994,33,123
BATTERY,group,1,30,5,CNA_a0.05,2.1888257147113994,33,123
BATTERY,group,1,30,5,CNA_a0.10,3.2015422058249814,66,123
BATTERY,group,1,30,5,CNA_a0.20,3.377568172433834,72,123
BATTERY,group,1,30,5,CNAtrend_DA,1.2269047795581118,6,123
BATTERY,group,1,30,5,CNAtrend_a0.05,1.585119495480761,17,123
BATTERY,group,1,30,5,CNAtrend_a0.10,1.842532609645304,25,123
BATTERY,group,1,30,5,CNAtrend_a0.20,2.2954818242725756,39,123
BATTERY,group,1,30,5,KAM_P1_heur,3.4339444663605754,74,123
BATTERY,group,1,30,5,KAM_P1_opt,1.5897031788377545,17,123
BATTERY,group,1,30,5,LBall_a0.05,3.645533346156751,80,123
BATTERY,group,1,30,5,LBall_a0.10,3.8544837471416673,87,123
BATTERY,group,1,30,5,LBall_a0.20,4.255875781770629,100,123
BATTERY,group,1,30,5,LBnear_a0.05,2.357578278494212,40,123
BATTERY,group,1,30,5,LBnear_a0.10,3.0693754775342272,62,123
BATTERY,group,1,30,5,LBnear_a0.20,3.5155476641696586,76,123
BATTERY,group,1,30,5,STW_cost_1se,1.0942171360288626,0,123
BATTERY,group,1,30,5,STW_cost_plain,2.754989870937592,52,123
BATTERY,group,1,30,5,STW_window,1.688635341577378,19,123
BATTERY,group,1,30,5,age,4.029448034191254,40,123
BATTERY,group,1,30,5,perfect,1.0,0,123
BATTERY,group,1,30,5,trend_cost_1se,1.059875574549542,0,123
BATTERY,group,1,30,5,trend_window,1.0500937258793692,0,123
BATTERY,group,1,30,10,CNA_DA,3.605124706583481,33,123
BATTERY,group,1,30,10,CNA_a0.05,3.605124706583481,33,123
BATTERY,group,1,30,10,CNA_a0.10,5.931539435598221,66,123
BATTERY,group,1,30,10,CNA_a0.20,6.336022046098505,72,123
BATTERY,group,1,30,10,CNAtrend_DA,1.4772935100801754,6,123
BATTERY,group,1,30,10,CNAtrend_a0.05,2.2905391662444505,17,123
BATTERY,group,1,30,10,CNAtrend_a0.10,2.8753423684150934,25,123
BATTERY,group,1,30,10,CNAtrend_a0.20,3.8998508412372788,39,123
BATTERY,group,1,30,10,KAM_P1_heur,6.4417081990149825,73,123
BATTERY,group,1,30,10,KAM_P1_opt,2.400592706737025,17,123
BATTERY,group,1,30,10,LBall_a0.05,6.93721131108384,80,123
BATTERY,group,1,30,10,LBall_a0.10,7.414357271571871,87,123
BATTERY,group,1,30,10,LBall_a0.20,8.324590678300869,100,123
BATTERY,group,1,30,10,LBnear_a0.05,4.023711337500721,40,123
BATTERY,group,1,30,10,LBnear_a0.10,5.634082749867408,62,123
BATTERY,group,1,30,10,LBnear_a0.20,6.644138091299566,76,123
BATTERY,group,1,30,10,STW_cost_1se,1.0942171360288626,0,123
BATTERY,group,1,30,10,STW_cost_plain,4.919030252942952,52,123
BATTERY,group,1,30,10,STW_window,2.4947677910741164,19,123
BATTERY,group,1,30,10,age,6.877114489450091,40,123
BATTERY,group,1,30,10,perfect,1.0,0,123
BATTERY,group,1,30,10,trend_cost_1se,1.059875574549542,0,123
BATTERY,group,1,30,10,trend_window,1.0500937258793692,0,123
BATTERY,group,1,30,20,CNA_DA,6.437722690327646,33,123
BATTERY,group,1,30,20,CNA_a0.05,6.437722690327646,33,123
BATTERY,group,1,30,20,CNA_a0.10,11.391533895144702,66,123
BATTERY,group,1,30,20,CNA_a0.20,12.25292979342785,72,123
BATTERY,group,1,30,20,CNAtrend_DA,1.9780709711243027,6,123
BATTERY,group,1,30,20,CNAtrend_a0.05,3.7013785077718295,17,123
BATTERY,group,1,30,20,CNAtrend_a0.10,4.940961885954672,25,123
BATTERY,group,1,30,20,CNAtrend_a0.20,7.108588875166686,39,123
BATTERY,group,1,30,20,KAM_P1_heur,7.942108238175119,44,123
BATTERY,group,1,30,20,KAM_P1_opt,3.8792186492924388,17,123
BATTERY,group,1,30,20,LBall_a0.05,13.520567240938016,80,123
BATTERY,group,1,30,20,LBall_a0.10,14.534104320432276,87,123
BATTERY,group,1,30,20,LBall_a0.20,16.462020471361345,100,123
BATTERY,group,1,30,20,LBnear_a0.05,7.355977455513742,40,123
BATTERY,group,1,30,20,LBnear_a0.10,10.763497294533773,62,123
BATTERY,group,1,30,20,LBnear_a0.20,12.90131894555938,76,123
BATTERY,group,1,30,20,STW_cost_1se,1.0942171360288626,0,123
BATTERY,group,1,30,20,STW_cost_plain,9.24711101695367,52,123
BATTERY,group,1,30,20,STW_window,4.107032690067593,19,123
BATTERY,group,1,30,20,age,12.572447399967766,40,123
BATTERY,group,1,30,20,perfect,1.0,0,123
BATTERY,group,1,30,20,trend_cost_1se,1.059875574549542,0,123
BATTERY,group,1,30,20,trend_window,1.0500937258793692,0,123
BATTERY,group,1,30,50,CNA_DA,14.935516641560136,33,123
BATTERY,group,1,30,50,CNA_a0.05,14.935516641560136,33,123
BATTERY,group,1,30,50,CNA_a0.10,27.77151727378414,66,123
BATTERY,group,1,30,50,CNA_a0.20,30.00365303541588,72,123
BATTERY,group,1,30,50,CNAtrend_DA,3.4804033542566843,6,123
BATTERY,group,1,30,50,CNAtrend_a0.05,7.933896532353965,17,123
BATTERY,group,1,30,50,CNAtrend_a0.10,11.137820438573408,25,123
BATTERY,group,1,30,50,CNAtrend_a0.20,16.734802976954906,39,123
BATTERY,group,1,30,50,KAM_P1_heur,7.956838947481116,17,123
BATTERY,group,1,30,50,KAM_P1_opt,8.315096476958681,17,123
BATTERY,group,1,30,50,LBall_a0.05,33.27063503050055,80,123
BATTERY,group,1,30,50,LBall_a0.10,35.89334546701349,87,123
BATTERY,group,1,30,50,LBall_a0.20,40.87430985054277,100,123
BATTERY,group,1,30,50,LBnear_a0.05,17.352775809552803,40,123
BATTERY,group,1,30,50,LBnear_a0.10,26.151740928532863,62,123
BATTERY,group,1,30,50,LBnear_a0.20,31.672861508338823,76,123
BATTERY,group,1,30,50,STW_cost_1se,1.0942171360288626,0,123
BATTERY,group,1,30,50,STW_cost_plain,22.231353308985828,52,123
BATTERY,group,1,30,50,STW_window,8.943827387048023,19,123
BATTERY,group,1,30,50,age,36.605542324659254,40,123
BATTERY,group,1,30,50,perfect,1.0,0,123
BATTERY,group,1,30,50,trend_cost_1se,1.059875574549542,0,123
BATTERY,group,1,30,50,trend_window,1.0500937258793692,0,123
BATTERY,group,1,45,5,CNA_DA,1.643098355718563,17,123
BATTERY,group,1,45,5,CNA_a0.05,1.643098355718563,17,123
BATTERY,group,1,45,5,CNA_a0.10,2.9807026087890525,59,123
BATTERY,group,1,45,5,CNA_a0.20,3.255410642881776,68,123
BATTERY,group,1,45,5,CNAtrend_DA,1.1458077939800697,3,123
BATTERY,group,1,45,5,CNAtrend_a0.05,1.468516091421075,13,123
BATTERY,group,1,45,5,CNAtrend_a0.10,1.8949553243928647,26,123
BATTERY,group,1,45,5,CNAtrend_a0.20,2.448011292292726,43,123
BATTERY,group,1,45,5,KAM_P1_heur,3.311613855782586,70,123
BATTERY,group,1,45,5,KAM_P1_opt,1.3230883617641898,7,123
BATTERY,group,1,45,5,LBall_a0.05,3.645455854163167,80,123
BATTERY,group,1,45,5,LBall_a0.10,3.8549726983347767,87,123
BATTERY,group,1,45,5,LBall_a0.20,4.198675309030068,98,123
BATTERY,group,1,45,5,LBnear_a0.05,2.7541904649567717,52,123
BATTERY,group,1,45,5,LBnear_a0.10,3.3020143973792417,69,123
BATTERY,group,1,45,5,LBnear_a0.20,3.581374642673927,78,123
BATTERY,group,1,45,5,STW_cost_1se,1.0941417065912982,0,123
BATTERY,group,1,45,5,STW_cost_plain,2.7225749748276358,51,123
BATTERY,group,1,45,5,STW_window,1.5082941233826503,14,123
BATTERY,group,1,45,5,age,4.029448034191254,40,123
BATTERY,group,1,45,5,perfect,1.0,0,123
BATTERY,group,1,45,5,trend_cost_1se,1.0643174858624465,0,123
BATTERY,group,1,45,5,trend_window,1.0519031524068305,0,123
BATTERY,group,1,45,10,CNA_DA,2.374320137059285,17,123
BATTERY,group,1,45,10,CNA_a0.05,2.374320137059285,17,123
BATTERY,group,1,45,10,CNA_a0.10,5.430026479521004,59,123
BATTERY,group,1,45,10,CNA_a0.20,6.057536259539507,68,123
BATTERY,group,1,45,10,CNAtrend_DA,1.2731197710889663,3,123
BATTERY,group,1,45,10,CNAtrend_a0.05,2.0139649253774743,13,123
BATTERY,group,1,45,10,CNAtrend_a0.10,2.980172029992303,26,123
BATTERY,group,1,45,10,CNAtrend_a0.20,4.232155115489119,43,123
BATTERY,group,1,45,10,KAM_P1_heur,6.1877052938071655,70,123
BATTERY,group,1,45,10,KAM_P1_opt,1.629764472106883,7,123
BATTERY,group,1,45,10,LBall_a0.05,6.937063848892889,80,123
BATTERY,group,1,45,10,LBall_a0.10,7.415297801892372,87,123
BATTERY,group,1,45,10,LBall_a0.20,8.193531428301394,98,123
BATTERY,group,1,45,10,LBnear_a0.05,4.917602914771759,52,123
BATTERY,group,1,45,10,LBnear_a0.10,6.157139628195879,69,123
BATTERY,group,1,45,10,LBnear_a0.20,6.792262253347103,78,123
BATTERY,group,1,45,10,STW_cost_1se,1.0941417065912982,0,123
BATTERY,group,1,45,10,STW_cost_plain,4.845683900151939,51,123
BATTERY,group,1,45,10,STW_window,2.098129814090949,14,123
BATTERY,group,1,45,10,age,6.877114489450091,40,123
BATTERY,group,1,45,10,perfect,1.0,0,123
BATTERY,group,1,45,10,trend_cost_1se,1.0643174858624465,0,123
BATTERY,group,1,45,10,trend_window,1.0519031524068305,0,123
BATTERY,group,1,45,20,CNA_DA,3.836763699740728,17,123
BATTERY,group,1,45,20,CNA_a0.05,3.836763699740728,17,123
BATTERY,group,1,45,20,CNA_a0.10,10.328674220984906,59,123
BATTERY,group,1,45,20,CNA_a0.20,11.66178749285497,68,123
BATTERY,group,1,45,20,CNAtrend_DA,1.5277437253067596,3,123
BATTERY,group,1,45,20,CNAtrend_a0.05,3.104862593290273,13,123
BATTERY,group,1,45,20,CNAtrend_a0.10,5.150605441191178,26,123
BATTERY,group,1,45,20,CNAtrend_a0.20,7.800442761881906,43,123
BATTERY,group,1,45,20,KAM_P1_heur,7.50239381796957,41,123
BATTERY,group,1,45,20,KAM_P1_opt,2.243116692792269,7,123
BATTERY,group,1,45,20,LBall_a0.05,13.520279838352332,80,123
BATTERY,group,1,45,20,LBall_a0.10,14.535948009007564,87,123
BATTERY,group,1,45,20,LBall_a0.20,16.183243666844046,98,123
BATTERY,group,1,45,20,LBnear_a0.05,9.244427814401734,52,123
BATTERY,group,1,45,20,LBnear_a0.10,11.867390089829156,69,123
BATTERY,group,1,45,20,LBnear_a0.20,13.214037474693454,78,123
BATTERY,group,1,45,20,STW_cost_1se,1.0941417065912982,0,123
BATTERY,group,1,45,20,STW_cost_plain,9.091901750800545,51,123
BATTERY,group,1,45,20,STW_window,3.2778011955075472,14,123
BATTERY,group,1,45,20,age,12.572447399967766,40,123
BATTERY,group,1,45,20,perfect,1.0,0,123
BATTERY,group,1,45,20,trend_cost_1se,1.0643174858624465,0,123
BATTERY,group,1,45,20,trend_window,1.0519031524068305,0,123
BATTERY,group,1,45,50,CNA_DA,8.22409438778506,17,123
BATTERY,group,1,45,50,CNA_a0.05,8.22409438778506,17,123
BATTERY,group,1,45,50,CNA_a0.10,25.024617445376613,59,123
BATTERY,group,1,45,50,CNA_a0.20,28.474541192801354,68,123
BATTERY,group,1,45,50,CNAtrend_DA,2.2916155879601394,3,123
BATTERY,group,1,45,50,CNAtrend_a0.05,6.377555597028669,13,123
BATTERY,group,1,45,50,CNAtrend_a0.10,11.661905674787807,26,123
BATTERY,group,1,45,50,CNAtrend_a0.20,18.505305701060266,43,123
BATTERY,group,1,45,50,KAM_P1_heur,8.72218191143486,18,123
BATTERY,group,1,45,50,KAM_P1_opt,4.083173354848427,7,123
BATTERY,group,1,45,50,LBall_a0.05,33.269927806730664,80,123
BATTERY,group,1,45,50,LBall_a0.10,35.89789863035314,87,123
BATTERY,group,1,45,50,LBall_a0.20,40.15238038247201,98,123
BATTERY,group,1,45,50,LBnear_a0.05,22.224902513291656,52,123
BATTERY,group,1,45,50,LBnear_a0.10,28.998141474728985,69,123
BATTERY,group,1,45,50,LBnear_a0.20,32.47936313873251,78,123
BATTERY,group,1,45,50,STW_cost_1se,1.0941417065912982,0,123
BATTERY,group,1,45,50,STW_cost_plain,21.830555302746365,51,123
BATTERY,group,1,45,50,STW_window,6.816815339757341,14,123
BATTERY,group,1,45,50,age,36.605542324659254,40,123
BATTERY,group,1,45,50,perfect,1.0,0,123
BATTERY,group,1,45,50,trend_cost_1se,1.0643174858624465,0,123
BATTERY,group,1,45,50,trend_window,1.0519031524068305,0,123
BATTERY,group,2,0,5,CNA_DA,2.576831703528928,48,123
BATTERY,group,2,0,5,CNA_a0.05,2.576831703528928,48,123
BATTERY,group,2,0,5,CNA_a0.10,2.834053685002509,56,123
BATTERY,group,2,0,5,CNA_a0.20,2.995598548694435,61,123
BATTERY,group,2,0,5,CNAtrend_DA,1.136189783895073,4,123
BATTERY,group,2,0,5,CNAtrend_a0.05,1.3632778684263198,11,123
BATTERY,group,2,0,5,CNAtrend_a0.10,1.4917679716910877,15,123
BATTERY,group,2,0,5,CNAtrend_a0.20,1.8483232695907394,26,123
BATTERY,group,2,0,5,KAM_P1_heur,4.993550484500188,123,123
BATTERY,group,2,0,5,KAM_P1_opt,1.3157559416727949,9,123
BATTERY,group,2,0,5,LBall_a0.05,2.246529315583838,38,123
BATTERY,group,2,0,5,LBall_a0.10,4.154471544715447,97,123
BATTERY,group,2,0,5,LBall_a0.20,4.993550484500188,123,123
BATTERY,group,2,0,5,LBnear_a0.05,1.350747937546162,10,123
BATTERY,group,2,0,5,LBnear_a0.10,1.5381564669899903,16,123
BATTERY,group,2,0,5,LBnear_a0.20,2.1485896252397363,35,123
BATTERY,group,2,0,5,STW_cost_1se,1.2550315787322086,6,123
BATTERY,group,2,0,5,STW_cost_plain,2.5443788593660104,47,123
BATTERY,group,2,0,5,STW_window,1.3896959376506772,11,123
BATTERY,group,2,0,5,age,4.029448034191254,40,123
BATTERY,group,2,0,5,perfect,1.0,0,123
BATTERY,group,2,0,5,trend_cost_1se,1.043329170227218,0,123
BATTERY,group,2,0,5,trend_window,1.0175770397914263,0,123
BATTERY,group,2,0,10,CNA_DA,4.540132049074777,48,123
BATTERY,group,2,0,10,CNA_a0.05,4.540132049074777,48,123
BATTERY,group,2,0,10,CNA_a0.10,5.120898157050643,56,123
BATTERY,group,2,0,10,CNA_a0.20,5.485128677718421,61,123
BATTERY,group,2,0,10,CNAtrend_DA,1.2996703283404072,4,123
BATTERY,group,2,0,10,CNAtrend_a0.05,1.8122615975487606,11,123
BATTERY,group,2,0,10,CNAtrend_a0.10,2.103148287957927,15,123
BATTERY,group,2,0,10,CNAtrend_a0.20,2.906834393144907,26,123
BATTERY,group,2,0,10,KAM_P1_heur,1.6881396987500008,9,123
BATTERY,group,2,0,10,KAM_P1_opt,1.6881396987500008,9,123
BATTERY,group,2,0,10,LBall_a0.05,3.7986768427144897,38,123
BATTERY,group,2,0,10,LBall_a0.10,8.097560975609756,97,123
BATTERY,group,2,0,10,LBall_a0.20,9.987100969000377,123,123
BATTERY,group,2,0,10,LBnear_a0.05,1.7650877956891564,10,123
BATTERY,group,2,0,10,LBnear_a0.10,2.1961913191782214,16,123
BATTERY,group,2,0,10,LBnear_a0.20,3.5782595279657965,35,123
BATTERY,group,2,0,10,STW_cost_1se,1.5111604723510268,6,123
BATTERY,group,2,0,10,STW_cost_plain,4.466980248276019,47,123
BATTERY,group,2,0,10,STW_window,1.8473802284937144,11,123
BATTERY,group,2,0,10,age,6.877114489450091,40,123
BATTERY,group,2,0,10,perfect,1.0,0,123
BATTERY,group,2,0,10,trend_cost_1se,1.043329170227218,0,123
BATTERY,group,2,0,10,trend_window,1.0175770397914263,0,123
BATTERY,group,2,0,20,CNA_DA,8.466732740166478,48,123
BATTERY,group,2,0,20,CNA_a0.05,8.466732740166478,48,123
BATTERY,group,2,0,20,CNA_a0.10,9.694587101146912,56,123
BATTERY,group,2,0,20,CNA_a0.20,10.464188935766392,61,123
BATTERY,group,2,0,20,CNAtrend_DA,1.6266314172310756,4,123
BATTERY,group,2,0,20,CNAtrend_a0.05,2.7102290557936417,11,123
BATTERY,group,2,0,20,CNAtrend_a0.10,3.3259089204916052,15,123
BATTERY,group,2,0,20,CNAtrend_a0.20,5.023856640253243,26,123
BATTERY,group,2,0,20,KAM_P1_heur,2.432907212904413,9,123
BATTERY,group,2,0,20,KAM_P1_opt,2.432907212904413,9,123
BATTERY,group,2,0,20,LBall_a0.05,6.902971896975793,38,123
BATTERY,group,2,0,20,LBall_a0.10,15.983739837398375,97,123
BATTERY,group,2,0,20,LBall_a0.20,19.974201938000753,123,123
BATTERY,group,2,0,20,LBnear_a0.05,2.593767511975145,10,123
BATTERY,group,2,0,20,LBnear_a0.10,3.5122610235546845,16,123
BATTERY,group,2,0,20,LBnear_a0.20,6.437599333417916,35,123
BATTERY,group,2,0,20,STW_cost_1se,2.023418259588663,6,123
BATTERY,group,2,0,20,STW_cost_plain,8.312183026096035,47,123
BATTERY,group,2,0,20,STW_window,2.7627488101797897,11,123
BATTERY,group,2,0,20,age,12.572447399967766,40,123
BATTERY,group,2,0,20,perfect,1.0,0,123
BATTERY,group,2,0,20,trend_cost_1se,1.043329170227218,0,123
BATTERY,group,2,0,20,trend_window,1.0175770397914263,0,123
BATTERY,group,2,0,50,CNA_DA,20.246534813441578,48,123
BATTERY,group,2,0,50,CNA_a0.05,20.246534813441578,48,123
BATTERY,group,2,0,50,CNA_a0.10,23.415653933435713,56,123
BATTERY,group,2,0,50,CNA_a0.20,25.40136970991031,61,123
BATTERY,group,2,0,50,CNAtrend_DA,2.607514683903081,4,123
BATTERY,group,2,0,50,CNAtrend_a0.05,5.4041314305282855,11,123
BATTERY,group,2,0,50,CNAtrend_a0.10,6.99419081809264,15,123
BATTERY,group,2,0,50,CNAtrend_a0.20,11.37492338157825,26,123
BATTERY,group,2,0,50,KAM_P1_heur,4.66720975536765,9,123
BATTERY,group,2,0,50,KAM_P1_opt,4.66720975536765,9,123
BATTERY,group,2,0,50,LBall_a0.05,16.215857059759703,38,123
BATTERY,group,2,0,50,LBall_a0.10,39.642276422764226,97,123
BATTERY,group,2,0,50,LBall_a0.20,49.93550484500189,123,123
BATTERY,group,2,0,50,LBnear_a0.05,5.079806660833112,10,123
BATTERY,group,2,0,50,LBnear_a0.10,7.460470136684071,16,123
BATTERY,group,2,0,50,LBnear_a0.20,15.015618749774278,35,123
BATTERY,group,2,0,50,STW_cost_1se,3.560191621301571,6,123
BATTERY,group,2,0,50,STW_cost_plain,19.847791359556084,47,123
BATTERY,group,2,0,50,STW_window,5.508854555238013,11,123
BATTERY,group,2,0,50,age,36.605542324659254,40,123
BATTERY,group,2,0,50,perfect,1.0,0,123
BATTERY,group,2,0,50,trend_cost_1se,1.043329170227218,0,123
BATTERY,group,2,0,50,trend_window,1.0175770397914263,0,123
BATTERY,group,2,15,5,CNA_DA,2.288478140043973,39,123
BATTERY,group,2,15,5,CNA_a0.05,2.288478140043973,39,123
BATTERY,group,2,15,5,CNA_a0.10,2.8383951579917683,56,123
BATTERY,group,2,15,5,CNA_a0.20,3.1296281709650935,65,123
BATTERY,group,2,15,5,CNAtrend_DA,1.2126819185169284,6,123
BATTERY,group,2,15,5,CNAtrend_a0.05,1.470728023316017,14,123
BATTERY,group,2,15,5,CNAtrend_a0.10,1.6319206311727574,19,123
BATTERY,group,2,15,5,CNAtrend_a0.20,2.01981635403266,31,123
BATTERY,group,2,15,5,KAM_P1_heur,3.4165492572748226,74,123
BATTERY,group,2,15,5,KAM_P1_opt,1.2865741658338559,8,123
BATTERY,group,2,15,5,LBall_a0.05,3.1943921569636715,67,123
BATTERY,group,2,15,5,LBall_a0.10,3.933603295578128,90,123
BATTERY,group,2,15,5,LBall_a0.20,4.219910998047223,99,123
BATTERY,group,2,15,5,LBnear_a0.05,1.547974277052782,16,123
BATTERY,group,2,15,5,LBnear_a0.10,2.096394787452302,33,123
BATTERY,group,2,15,5,LBnear_a0.20,3.1611792520558506,66,123
BATTERY,group,2,15,5,STW_cost_1se,1.1566614404621587,3,123
BATTERY,group,2,15,5,STW_cost_plain,2.22179949610335,37,123
BATTERY,group,2,15,5,STW_window,1.4811648496952858,14,123
BATTERY,group,2,15,5,age,4.029448034191254,40,123
BATTERY,group,2,15,5,perfect,1.0,0,123
BATTERY,group,2,15,5,trend_cost_1se,1.049711759972664,0,123
BATTERY,group,2,15,5,trend_window,1.1309675869967961,3,123
BATTERY,group,2,15,10,CNA_DA,3.8879521088919105,39,123
BATTERY,group,2,15,10,CNA_a0.05,3.8879521088919105,39,123
BATTERY,group,2,15,10,CNA_a0.10,5.128742835910198,56,123
BATTERY,group,2,15,10,CNA_a0.20,5.785317872175682,65,123
BATTERY,group,2,15,10,CNAtrend_DA,1.4601680243367097,6,123
BATTERY,group,2,15,10,CNAtrend_a0.05,2.045873060366973,14,123
BATTERY,group,2,15,10,CNAtrend_a0.10,2.410978218918546,19,123
BATTERY,group,2,15,10,CNAtrend_a0.20,3.2873124466442483,31,123
BATTERY,group,2,15,10,KAM_P1_heur,6.412705976807578,73,123
BATTERY,group,2,15,10,KAM_P1_opt,1.618593305403883,8,123
BATTERY,group,2,15,10,LBall_a0.05,5.931275462802112,67,123
BATTERY,group,2,15,10,LBall_a0.10,7.598451086489427,90,123
BATTERY,group,2,15,10,LBall_a0.20,8.244681603121165,99,123
BATTERY,group,2,15,10,LBnear_a0.05,2.2102092618881968,16,123
BATTERY,group,2,15,10,LBnear_a0.10,3.4528855322743803,33,123
BATTERY,group,2,15,10,LBnear_a0.20,5.856758459235258,66,123
BATTERY,group,2,15,10,STW_cost_1se,1.2851793782912875,3,123
BATTERY,group,2,15,10,STW_cost_plain,3.7385260893842336,37,123
BATTERY,group,2,15,10,STW_window,2.0603913272297554,14,123
BATTERY,group,2,15,10,age,6.877114489450091,40,123
BATTERY,group,2,15,10,perfect,1.0,0,123
BATTERY,group,2,15,10,trend_cost_1se,1.049711759972664,0,123
BATTERY,group,2,15,10,trend_window,1.2566306522186623,3,123
BATTERY,group,2,15,20,CNA_DA,7.086900046587787,39,123
BATTERY,group,2,15,20,CNA_a0.05,7.086900046587787,39,123
BATTERY,group,2,15,20,CNA_a0.10,9.709438191747058,56,123
BATTERY,group,2,15,20,CNA_a0.20,11.09669727459686,65,123
BATTERY,group,2,15,20,CNAtrend_DA,1.9551402359762724,6,123
BATTERY,group,2,15,20,CNAtrend_a0.05,3.1961631344688857,14,123
BATTERY,group,2,15,20,CNAtrend_a0.10,3.9690933944101237,19,123
BATTERY,group,2,15,20,CNAtrend_a0.20,5.822304631867425,31,123
BATTERY,group,2,15,20,KAM_P1_heur,2.282631584543938,8,123
BATTERY,group,2,15,20,KAM_P1_opt,2.282631584543938,8,123
BATTERY,group,2,15,20,LBall_a0.05,11.40504207447899,67,123
BATTERY,group,2,15,20,LBall_a0.10,14.928146668312026,90,123
BATTERY,group,2,15,20,LBall_a0.20,16.294222813269045,99,123
BATTERY,group,2,15,20,LBnear_a0.05,3.5346792315590267,16,123
BATTERY,group,2,15,20,LBnear_a0.10,6.165867021918536,33,123
BATTERY,group,2,15,20,LBnear_a0.20,11.247916873594074,66,123
BATTERY,group,2,15,20,STW_cost_1se,1.542215253949545,3,123
BATTERY,group,2,15,20,STW_cost_plain,6.771979275946002,37,123
BATTERY,group,2,15,20,STW_window,3.2188442822986945,14,123
BATTERY,group,2,15,20,age,12.572447399967766,40,123
BATTERY,group,2,15,20,perfect,1.0,0,123
BATTERY,group,2,15,20,trend_cost_1se,1.049711759972664,0,123
BATTERY,group,2,15,20,trend_window,1.5079567826623947,3,123
BATTERY,group,2,15,50,CNA_DA,16.683743859675413,39,123
BATTERY,group,2,15,50,CNA_a0.05,16.683743859675413,39,123
BATTERY,group,2,15,50,CNA_a0.10,23.451524259257635,56,123
BATTERY,group,2,15,50,CNA_a0.20,27.03083548186039,65,123
BATTERY,group,2,15,50,CNAtrend_DA,3.4400568708949604,6,123
BATTERY,group,2,15,50,CNAtrend_a0.05,6.647033356774624,14,123
BATTERY,group,2,15,50,CNAtrend_a0.10,8.643438920884856,19,123
BATTERY,group,2,15,50,CNAtrend_a0.20,13.427281187536954,31,123
BATTERY,group,2,15,50,KAM_P1_heur,4.274746421964101,8,123
BATTERY,group,2,15,50,KAM_P1_opt,4.274746421964101,8,123
BATTERY,group,2,15,50,LBall_a0.05,27.82634190950963,67,123
BATTERY,group,2,15,50,LBall_a0.10,36.917233413779826,90,123
BATTERY,group,2,15,50,LBall_a0.20,40.44284644371269,99,123
BATTERY,group,2,15,50,LBnear_a0.05,7.508089140571515,16,123
BATTERY,group,2,15,50,LBnear_a0.10,14.304811490851003,33,123
BATTERY,group,2,15,50,LBnear_a0.20,27.421392116670518,66,123
BATTERY,group,2,15,50,STW_cost_1se,2.3133228809243174,3,123
BATTERY,group,2,15,50,STW_cost_plain,15.872338835631309,37,123
BATTERY,group,2,15,50,STW_window,6.69420314750551,14,123
BATTERY,group,2,15,50,age,36.605542324659254,40,123
BATTERY,group,2,15,50,perfect,1.0,0,123
BATTERY,group,2,15,50,trend_cost_1se,1.049711759972664,0,123
BATTERY,group,2,15,50,trend_window,2.2619351739935922,3,123
BATTERY,group,2,30,5,CNA_DA,2.1780056747868346,35,123
BATTERY,group,2,30,5,CNA_a0.05,2.1780056747868346,35,123
BATTERY,group,2,30,5,CNA_a0.10,2.6907179483723334,51,123
BATTERY,group,2,30,5,CNA_a0.20,2.9127268748446506,58,123
BATTERY,group,2,30,5,CNAtrend_DA,1.2269047795581118,6,123
BATTERY,group,2,30,5,CNAtrend_a0.05,1.585119495480761,17,123
BATTERY,group,2,30,5,CNAtrend_a0.10,1.842532609645304,25,123
BATTERY,group,2,30,5,CNAtrend_a0.20,2.2954818242725756,39,123
BATTERY,group,2,30,5,KAM_P1_heur,3.2306507457405425,68,123
BATTERY,group,2,30,5,KAM_P1_opt,1.3251318411075415,9,123
BATTERY,group,2,30,5,LBall_a0.05,3.36261370507274,72,123
BATTERY,group,2,30,5,LBall_a0.10,3.9733265172859107,91,123
BATTERY,group,2,30,5,LBall_a0.20,4.193950005237628,98,123
BATTERY,group,2,30,5,LBnear_a0.05,1.8788708014721982,26,123
BATTERY,group,2,30,5,LBnear_a0.10,2.622799417791245,49,123
BATTERY,group,2,30,5,LBnear_a0.20,3.3286212869522798,71,123
BATTERY,group,2,30,5,STW_cost_1se,1.0890706199060927,1,123
BATTERY,group,2,30,5,STW_cost_plain,2.590544369850046,48,123
BATTERY,group,2,30,5,STW_window,1.329327909796965,8,123
BATTERY,group,2,30,5,age,4.029448034191254,40,123
BATTERY,group,2,30,5,perfect,1.0,0,123
BATTERY,group,2,30,5,trend_cost_1se,1.0582149921105852,0,123
BATTERY,group,2,30,5,trend_window,1.0500937258793692,0,123
BATTERY,group,2,30,10,CNA_DA,3.627248994511915,35,123
BATTERY,group,2,30,10,CNA_a0.05,3.627248994511915,35,123
BATTERY,group,2,30,10,CNA_a0.10,4.788984238387456,51,123
BATTERY,group,2,30,10,CNA_a0.20,5.292137561337463,58,123
BATTERY,group,2,30,10,CNAtrend_DA,1.4772935100801754,6,123
BATTERY,group,2,30,10,CNAtrend_a0.05,2.2905391662444505,17,123
BATTERY,group,2,30,10,CNAtrend_a0.10,2.8753423684150934,25,123
BATTERY,group,2,30,10,CNAtrend_a0.20,3.8998508412372788,39,123
BATTERY,group,2,30,10,KAM_P1_heur,6.011464045871642,68,123
BATTERY,group,2,30,10,KAM_P1_opt,1.7001691546285438,9,123
BATTERY,group,2,30,10,LBall_a0.05,6.307968775209446,72,123
BATTERY,group,2,30,10,LBall_a0.10,7.685572031382603,91,123
BATTERY,group,2,30,10,LBall_a0.20,8.184310204395759,98,123
BATTERY,group,2,30,10,LBnear_a0.05,2.954876106280065,26,123
BATTERY,group,2,30,10,LBnear_a0.10,4.637175146188909,49,123
BATTERY,group,2,30,10,LBnear_a0.20,6.231964178519994,71,123
BATTERY,group,2,30,10,STW_cost_1se,1.1319474159653877,1,123
BATTERY,group,2,30,10,STW_cost_plain,4.564292461164366,48,123
BATTERY,group,2,30,10,STW_window,1.6723802736155366,8,123
BATTERY,group,2,30,10,age,6.877114489450091,40,123
BATTERY,group,2,30,10,perfect,1.0,0,123
BATTERY,group,2,30,10,trend_cost_1se,1.0582149921105852,0,123
BATTERY,group,2,30,10,trend_window,1.0500937258793692,0,123
BATTERY,group,2,30,20,CNA_DA,6.525735633962075,35,123
BATTERY,group,2,30,20,CNA_a0.05,6.525735633962075,35,123
BATTERY,group,2,30,20,CNA_a0.10,8.9855168184177,51,123
BATTERY,group,2,30,20,CNA_a0.20,10.05095893432309,58,123
BATTERY,group,2,30,20,CNAtrend_DA,1.9780709711243027,6,123
BATTERY,group,2,30,20,CNAtrend_a0.05,3.7013785077718295,17,123
BATTERY,group,2,30,20,CNAtrend_a0.10,4.940961885954672,25,123
BATTERY,group,2,30,20,CNAtrend_a0.20,7.108588875166686,39,123
BATTERY,group,2,30,20,KAM_P1_heur,6.84518751189995,37,123
BATTERY,group,2,30,20,KAM_P1_opt,2.4502437816705482,9,123
BATTERY,group,2,30,20,LBall_a0.05,12.198678915482859,72,123
BATTERY,group,2,30,20,LBall_a0.10,15.110063059575989,91,123
BATTERY,group,2,30,20,LBall_a0.20,16.165030602712022,98,123
BATTERY,group,2,30,20,LBnear_a0.05,5.106886715895798,26,123
BATTERY,group,2,30,20,LBnear_a0.10,8.665926602984237,49,123
BATTERY,group,2,30,20,LBnear_a0.20,12.038649961655421,71,123
BATTERY,group,2,30,20,STW_cost_1se,1.2177010080839776,1,123
BATTERY,group,2,30,20,STW_cost_plain,8.51178864379301,48,123
BATTERY,group,2,30,20,STW_window,2.3584850012526797,8,123
BATTERY,group,2,30,20,age,12.572447399967766,40,123
BATTERY,group,2,30,20,perfect,1.0,0,123
BATTERY,group,2,30,20,trend_cost_1se,1.0582149921105852,0,123
BATTERY,group,2,30,20,trend_window,1.0500937258793692,0,123
BATTERY,group,2,30,50,CNA_DA,15.221195552312556,35,123
BATTERY,group,2,30,50,CNA_a0.05,15.221195552312556,35,123
BATTERY,group,2,30,50,CNA_a0.10,21.57511455850843,51,123
BATTERY,group,2,30,50,CNA_a0.20,24.32742305327997,58,123
BATTERY,group,2,30,50,CNAtrend_DA,3.4804033542566843,6,123
BATTERY,group,2,30,50,CNAtrend_a0.05,7.933896532353965,17,123
BATTERY,group,2,30,50,CNAtrend_a0.10,11.137820438573408,25,123
BATTERY,group,2,30,50,CNAtrend_a0.20,16.734802976954906,39,123
BATTERY,group,2,30,50,KAM_P1_heur,4.700467662796562,9,123
BATTERY,group,2,30,50,KAM_P1_opt,4.700467662796562,9,123
BATTERY,group,2,30,50,LBall_a0.05,29.870809336303093,72,123
BATTERY,group,2,30,50,LBall_a0.10,37.383536144156146,91,123
BATTERY,group,2,30,50,LBall_a0.20,40.10719179766081,98,123
BATTERY,group,2,30,50,LBnear_a0.05,11.562918544742997,26,123
BATTERY,group,2,30,50,LBnear_a0.10,20.752180973370226,49,123
BATTERY,group,2,30,50,LBnear_a0.20,29.458707311061705,71,123
BATTERY,group,2,30,50,STW_cost_1se,1.4749617844397476,1,123
BATTERY,group,2,30,50,STW_cost_plain,20.354277191678932,48,123
BATTERY,group,2,30,50,STW_window,4.416799184164109,8,123
BATTERY,group,2,30,50,age,36.605542324659254,40,123
BATTERY,group,2,30,50,perfect,1.0,0,123
BATTERY,group,2,30,50,trend_cost_1se,1.0582149921105852,0,123
BATTERY,group,2,30,50,trend_window,1.0500937258793692,0,123
BATTERY,group,2,45,5,CNA_DA,2.1471997218473127,34,123
BATTERY,group,2,45,5,CNA_a0.05,2.1471997218473127,34,123
BATTERY,group,2,45,5,CNA_a0.10,2.6015423288379744,48,123
BATTERY,group,2,45,5,CNA_a0.20,2.821414350492654,55,123
BATTERY,group,2,45,5,CNAtrend_DA,1.1458077939800697,3,123
BATTERY,group,2,45,5,CNAtrend_a0.05,1.468516091421075,13,123
BATTERY,group,2,45,5,CNAtrend_a0.10,1.8949553243928647,26,123
BATTERY,group,2,45,5,CNAtrend_a0.20,2.448011292292726,43,123
BATTERY,group,2,45,5,KAM_P1_heur,2.9462644386889902,59,123
BATTERY,group,2,45,5,KAM_P1_opt,1.3304881080196236,9,123
BATTERY,group,2,45,5,LBall_a0.05,3.2674390617958236,69,123
BATTERY,group,2,45,5,LBall_a0.10,3.8779956286935673,88,123
BATTERY,group,2,45,5,LBall_a0.20,4.198586887943219,98,123
BATTERY,group,2,45,5,LBnear_a0.05,2.1141515231529326,33,123
BATTERY,group,2,45,5,LBnear_a0.10,2.7587154955786954,53,123
BATTERY,group,2,45,5,LBnear_a0.20,3.333127892743673,71,123
BATTERY,group,2,45,5,STW_cost_1se,1.0790418890286322,0,123
BATTERY,group,2,45,5,STW_cost_plain,2.2496467294922016,37,123
BATTERY,group,2,45,5,STW_window,1.0716833777837795,0,123
BATTERY,group,2,45,5,age,4.029448034191254,40,123
BATTERY,group,2,45,5,perfect,1.0,0,123
BATTERY,group,2,45,5,trend_cost_1se,1.0660688898590636,0,123
BATTERY,group,2,45,5,trend_window,1.0519031524068305,0,123
BATTERY,group,2,45,10,CNA_DA,3.556558612635124,34,123
BATTERY,group,2,45,10,CNA_a0.05,3.556558612635124,34,123
BATTERY,group,2,45,10,CNA_a0.10,4.583669817476432,48,123
BATTERY,group,2,45,10,CNA_a0.20,5.083481249575685,55,123
BATTERY,group,2,45,10,CNAtrend_DA,1.2731197710889663,3,123
BATTERY,group,2,45,10,CNAtrend_a0.05,2.0139649253774743,13,123
BATTERY,group,2,45,10,CNAtrend_a0.10,2.980172029992303,26,123
BATTERY,group,2,45,10,CNAtrend_a0.20,4.232155115489119,43,123
BATTERY,group,2,45,10,KAM_P1_heur,5.3672895345476315,59,123
BATTERY,group,2,45,10,KAM_P1_opt,1.7070413461383849,9,123
BATTERY,group,2,45,10,LBall_a0.05,6.092668325754619,69,123
BATTERY,group,2,45,10,LBall_a0.10,7.4702442110623455,88,123
BATTERY,group,2,45,10,LBall_a0.20,8.193358878413465,98,123
BATTERY,group,2,45,10,LBnear_a0.05,3.4821319204871832,33,123
BATTERY,group,2,45,10,LBnear_a0.10,4.940982977155873,53,123
BATTERY,group,2,45,10,LBnear_a0.20,6.2404016075446656,71,123
BATTERY,group,2,45,10,STW_cost_1se,1.0790418890286322,0,123
BATTERY,group,2,45,10,STW_cost_plain,3.7853834267470248,37,123
BATTERY,group,2,45,10,STW_window,1.0716833777837795,0,123
BATTERY,group,2,45,10,age,6.877114489450091,40,123
BATTERY,group,2,45,10,perfect,1.0,0,123
BATTERY,group,2,45,10,trend_cost_1se,1.0660688898590636,0,123
BATTERY,group,2,45,10,trend_window,1.0519031524068305,0,123
BATTERY,group,2,45,20,CNA_DA,6.375276394210747,34,123
BATTERY,group,2,45,20,CNA_a0.05,6.375276394210747,34,123
BATTERY,group,2,45,20,CNA_a0.10,8.547924794753344,48,123
BATTERY,group,2,45,20,CNA_a0.20,9.607615047741747,55,123
BATTERY,group,2,45,20,CNAtrend_DA,1.5277437253067596,3,123
BATTERY,group,2,45,20,CNAtrend_a0.05,3.104862593290273,13,123
BATTERY,group,2,45,20,CNAtrend_a0.10,5.150605441191178,26,123
BATTERY,group,2,45,20,CNAtrend_a0.20,7.800442761881906,43,123
BATTERY,group,2,45,20,KAM_P1_heur,2.460147822375908,9,123
BATTERY,group,2,45,20,KAM_P1_opt,2.460147822375908,9,123
BATTERY,group,2,45,20,LBall_a0.05,11.743126853672209,69,123
BATTERY,group,2,45,20,LBall_a0.10,14.654741375799901,88,123
BATTERY,group,2,45,20,LBall_a0.20,16.18290285935396,98,123
BATTERY,group,2,45,20,LBnear_a0.05,6.218092715155684,33,123
BATTERY,group,2,45,20,LBnear_a0.10,9.305517940310226,53,123
BATTERY,group,2,45,20,LBnear_a0.20,12.05494903714665,71,123
BATTERY,group,2,45,20,STW_cost_1se,1.0790418890286322,0,123
BATTERY,group,2,45,20,STW_cost_plain,6.856856821256672,37,123
BATTERY,group,2,45,20,STW_window,1.0716833777837795,0,123
BATTERY,group,2,45,20,age,12.572447399967766,40,123
BATTERY,group,2,45,20,perfect,1.0,0,123
BATTERY,group,2,45,20,trend_cost_1se,1.0660688898590636,0,123
BATTERY,group,2,45,20,trend_window,1.0519031524068305,0,123
BATTERY,group,2,45,50,CNA_DA,14.831429738937615,34,123
BATTERY,group,2,45,50,CNA_a0.05,14.831429738937615,34,123
BATTERY,group,2,45,50,CNA_a0.10,20.440689726584086,48,123
BATTERY,group,2,45,50,CNA_a0.20,23.18001644223994,55,123
BATTERY,group,2,45,50,CNAtrend_DA,2.2916155879601394,3,123
BATTERY,group,2,45,50,CNAtrend_a0.05,6.377555597028669,13,123
BATTERY,group,2,45,50,CNAtrend_a0.10,11.661905674787807,26,123
BATTERY,group,2,45,50,CNAtrend_a0.20,18.505305701060266,43,123
BATTERY,group,2,45,50,KAM_P1_heur,4.719467251088476,9,123
BATTERY,group,2,45,50,KAM_P1_opt,4.719467251088476,9,123
BATTERY,group,2,45,50,LBall_a0.05,28.69450243742498,69,123
BATTERY,group,2,45,50,LBall_a0.10,36.20823287001257,88,123
BATTERY,group,2,45,50,LBall_a0.20,40.15153480217544,98,123
BATTERY,group,2,45,50,LBnear_a0.05,14.425975099161189,33,123
BATTERY,group,2,45,50,LBnear_a0.10,22.399122829773287,53,123
BATTERY,group,2,45,50,LBnear_a0.20,29.498591325952606,71,123
BATTERY,group,2,45,50,STW_cost_1se,1.0790418890286322,0,123
BATTERY,group,2,45,50,STW_cost_plain,16.071277004785617,37,123
BATTERY,group,2,45,50,STW_window,1.0716833777837795,0,123
BATTERY,group,2,45,50,age,36.605542324659254,40,123
BATTERY,group,2,45,50,perfect,1.0,0,123
BATTERY,group,2,45,50,trend_cost_1se,1.0660688898590636,0,123
BATTERY,group,2,45,50,trend_window,1.0519031524068305,0,123
FD001,cv,0,0,5,CNA_DA,1.2463172804532578,5,100
FD001,cv,0,0,5,CNA_a0.05,1.2463172804532578,5,100
FD001,cv,0,0,5,CNA_a0.10,1.4746927374301675,11,100
FD001,cv,0,0,5,CNA_a0.20,1.9874924680199537,24,100
FD001,cv,0,0,5,KAM_P1_heur,4.975764626048179,100,100
FD001,cv,0,0,5,KAM_P1_opt,1.2234016540812658,4,100
FD001,cv,0,0,5,LBall_a0.05,1.5063394804679755,12,100
FD001,cv,0,0,5,LBall_a0.10,3.0472727272727274,51,100
FD001,cv,0,0,5,LBall_a0.20,4.936197770237518,99,100
FD001,cv,0,0,5,LBnear_a0.05,1.1297437203851837,2,100
FD001,cv,0,0,5,LBnear_a0.10,1.2804124126137908,6,100
FD001,cv,0,0,5,LBnear_a0.20,1.98406271570851,24,100
FD001,cv,0,0,5,STW_cost_1se,1.0733479715600167,0,100
FD001,cv,0,0,5,STW_cost_plain,1.3629511164755583,8,100
FD001,cv,0,0,5,STW_window,1.1336714555958893,2,100
FD001,cv,0,0,5,age,1.6890495078595564,3,100
FD001,cv,0,0,5,perfect,1.0,0,100
FD001,cv,0,0,10,CNA_DA,1.5059667138810198,5,100
FD001,cv,0,0,10,CNA_a0.05,1.5059667138810198,5,100
FD001,cv,0,0,10,CNA_a0.10,2.03794343575419,11,100
FD001,cv,0,0,10,CNA_a0.20,3.2043245912974765,24,100
FD001,cv,0,0,10,KAM_P1_heur,1.7680528713763584,8,100
FD001,cv,0,0,10,KAM_P1_opt,1.4343329737504495,4,100
FD001,cv,0,0,10,LBall_a0.05,2.1170176482252625,12,100
FD001,cv,0,0,10,LBall_a0.10,5.603373205741627,51,100
FD001,cv,0,0,10,LBall_a0.20,9.862443528841492,99,100
FD001,cv,0,0,10,LBnear_a0.05,1.2343496204208488,2,100
FD001,cv,0,0,10,LBnear_a0.10,1.5901896092139014,6,100
FD001,cv,0,0,10,LBnear_a0.20,3.1987949906320874,24,100
FD001,cv,0,0,10,STW_cost_1se,1.0733479715600167,0,100
FD001,cv,0,0,10,STW_cost_plain,1.7759666063166364,8,100
FD001,cv,0,0,10,STW_window,1.238641034817731,2,100
FD001,cv,0,0,10,age,1.7437112357799596,1,100
FD001,cv,0,0,10,perfect,1.0,0,100
FD001,cv,0,0,20,CNA_DA,2.025265580736544,5,100
FD001,cv,0,0,20,CNA_a0.05,2.025265580736544,5,100
FD001,cv,0,0,20,CNA_a0.10,3.1644448324022347,11,100
FD001,cv,0,0,20,CNA_a0.20,5.637988837852522,24,100
FD001,cv,0,0,20,KAM_P1_heur,2.590403044109548,8,100
FD001,cv,0,0,20,KAM_P1_opt,1.856195613088817,4,100
FD001,cv,0,0,20,LBall_a0.05,3.338373983739838,12,100
FD001,cv,0,0,20,LBall_a0.10,10.715574162679426,51,100
FD001,cv,0,0,20,LBall_a0.20,19.714935046049444,99,100
FD001,cv,0,0,20,LBnear_a0.05,1.4435614204921792,2,100
FD001,cv,0,0,20,LBnear_a0.10,2.209744002414123,6,100
FD001,cv,0,0,20,LBnear_a0.20,5.628259540479243,24,100
FD001,cv,0,0,20,STW_cost_1se,1.0733479715600167,0,100
FD001,cv,0,0,20,STW_cost_plain,2.601997585998793,8,100
FD001,cv,0,0,20,STW_window,1.4485801932614142,2,100
FD001,cv,0,0,20,age,1.9036847436496807,1,100
FD001,cv,0,0,20,perfect,1.0,0,100
FD001,cv,0,0,50,CNA_DA,3.5831621813031167,5,100
FD001,cv,0,0,50,CNA_a0.05,3.5831621813031167,5,100
FD001,cv,0,0,50,CNA_a0.10,6.543949022346369,11,100
FD001,cv,0,0,50,CNA_a0.20,12.938981577517657,24,100
FD001,cv,0,0,50,KAM_P1_heur,5.090074074074074,8,100
FD001,cv,0,0,50,KAM_P1_opt,3.1217835311039197,4,100
FD001,cv,0,0,50,LBall_a0.05,7.002442990283561,12,100
FD001,cv,0,0,50,LBall_a0.10,26.052177033492825,51,100
FD001,cv,0,0,50,LBall_a0.20,49.27240959767329,99,100
FD001,cv,0,0,50,LBnear_a0.05,2.07119682070617,2,100
FD001,cv,0,0,50,LBnear_a0.10,4.068407182014786,6,100
FD001,cv,0,0,50,LBnear_a0.20,12.916653190020709,24,100
FD001,cv,0,0,50,STW_cost_1se,1.0733479715600167,0,100
FD001,cv,0,0,50,STW_cost_plain,5.080090525045263,8,100
FD001,cv,0,0,50,STW_window,2.078397668592464,2,100
FD001,cv,0,0,50,age,2.3836052672588437,1,100
FD001,cv,0,0,50,perfect,1.0,0,100
FD001,cv,0,5,5,CNA_DA,1.1638771068482057,3,100
FD001,cv,0,5,5,CNA_a0.05,1.1638771068482057,3,100
FD001,cv,0,5,5,CNA_a0.10,1.351936545944328,8,100
FD001,cv,0,5,5,CNA_a0.20,1.702808056872038,17,100
FD001,cv,0,5,5,KAM_P1_heur,2.10512077294686,27,100
FD001,cv,0,5,5,KAM_P1_opt,1.1842570942988102,3,100
FD001,cv,0,5,5,LBall_a0.05,1.3472320540862996,8,100
FD001,cv,0,5,5,LBall_a0.10,2.3749220664640722,34,100
FD001,cv,0,5,5,LBall_a0.20,4.268772407092543,82,100
FD001,cv,0,5,5,LBnear_a0.05,1.1737389617681588,3,100
FD001,cv,0,5,5,LBnear_a0.10,1.2817661866881482,6,100
FD001,cv,0,5,5,LBnear_a0.20,1.5032840251323407,12,100
FD001,cv,0,5,5,STW_cost_1se,1.1139524207011686,1,100
FD001,cv,0,5,5,STW_cost_plain,1.320719670318625,7,100
FD001,cv,0,5,5,STW_window,1.2210182004614203,4,100
FD001,cv,0,5,5,age,1.6890495078595564,3,100
FD001,cv,0,5,5,perfect,1.0,0,100
FD001,cv,0,5,10,CNA_DA,1.3197535050868048,3,100
FD001,cv,0,5,10,CNA_a0.05,1.3197535050868048,3,100
FD001,cv,0,5,10,CNA_a0.10,1.7616142871395792,8,100
FD001,cv,0,5,10,CNA_a0.20,2.564347847551343,17,100
FD001,cv,0,5,10,KAM_P1_heur,1.501864090404601,5,100
FD001,cv,0,5,10,KAM_P1_opt,1.342862955142401,3,100
FD001,cv,0,5,10,LBall_a0.05,1.7554841916882085,8,100
FD001,cv,0,5,10,LBall_a0.10,4.085671012645819,34,100
FD001,cv,0,5,10,LBall_a0.20,8.358017002671849,82,100
FD001,cv,0,5,10,LBnear_a0.05,1.3309361441478231,3,100
FD001,cv,0,5,10,LBnear_a0.10,1.5918709092739904,6,100
FD001,cv,0,5,10,LBnear_a0.20,2.1127234947805866,12,100
FD001,cv,0,5,10,STW_cost_1se,1.167507825542571,1,100
FD001,cv,0,5,10,STW_cost_plain,1.681853955171374,7,100
FD001,cv,0,5,10,STW_window,1.4315385798513203,4,100
FD001,cv,0,5,10,age,1.7437112357799596,1,100
FD001,cv,0,5,10,perfect,1.0,0,100
FD001,cv,0,5,20,CNA_DA,1.6315063015640028,3,100
FD001,cv,0,5,20,CNA_a0.05,1.6315063015640028,3,100
FD001,cv,0,5,20,CNA_a0.10,2.580969769530081,8,100
FD001,cv,0,5,20,CNA_a0.20,4.287427428909953,17,100
FD001,cv,0,5,20,KAM_P1_heur,2.019748259509636,5,100
FD001,cv,0,5,20,KAM_P1_opt,1.6600746768295824,3,100
FD001,cv,0,5,20,LBall_a0.05,2.571988466892026,8,100
FD001,cv,0,5,20,LBall_a0.10,7.507168905009314,34,100
FD001,cv,0,5,20,LBall_a0.20,16.53650619383046,82,100
FD001,cv,0,5,20,LBnear_a0.05,1.6453305089071515,3,100
FD001,cv,0,5,20,LBnear_a0.10,2.2120803544456753,6,100
FD001,cv,0,5,20,LBnear_a0.20,3.3316024340770793,12,100
FD001,cv,0,5,20,STW_cost_1se,1.2746186352253757,1,100
FD001,cv,0,5,20,STW_cost_plain,2.404122524876872,7,100
FD001,cv,0,5,20,STW_window,1.8525793386311205,4,100
FD001,cv,0,5,20,age,1.9036847436496807,1,100
FD001,cv,0,5,20,perfect,1.0,0,100
FD001,cv,0,5,50,CNA_DA,2.566764690995597,3,100
FD001,cv,0,5,50,CNA_a0.05,2.566764690995597,3,100
FD001,cv,0,5,50,CNA_a0.10,5.039036216701587,8,100
FD001,cv,0,5,50,CNA_a0.20,9.456666172985782,17,100
FD001,cv,0,5,50,KAM_P1_heur,3.6244153917003534,5,100
FD001,cv,0,5,50,KAM_P1_opt,2.6117098418911264,3,100
FD001,cv,0,5,50,LBall_a0.05,5.02150129250348,8,100
FD001,cv,0,5,50,LBall_a0.10,17.771662582099793,34,100
FD001,cv,0,5,50,LBall_a0.20,41.07197376730629,82,100
FD001,cv,0,5,50,LBnear_a0.05,2.588513603185136,3,100
FD001,cv,0,5,50,LBnear_a0.10,4.072708689960729,6,100
FD001,cv,0,5,50,LBnear_a0.20,6.988239251966557,12,100
FD001,cv,0,5,50,STW_cost_1se,1.5959510642737897,1,100
FD001,cv,0,5,50,STW_cost_plain,4.570928233993366,7,100
FD001,cv,0,5,50,STW_window,3.115701614970521,4,100
FD001,cv,0,5,50,age,2.3836052672588437,1,100
FD001,cv,0,5,50,perfect,1.0,0,100
FD001,cv,0,10,5,CNA_DA,1.1323399039934634,2,100
FD001,cv,0,10,5,CNA_a0.05,1.1323399039934634,2,100
FD001,cv,0,10,5,CNA_a0.10,1.3187314331593738,7,100
FD001,cv,0,10,5,CNA_a0.20,1.5508955372229403,13,100
FD001,cv,0,10,5,KAM_P1_heur,2.064434148264984,26,100
FD001,cv,0,10,5,KAM_P1_opt,1.1508527534125708,2,100
FD001,cv,0,10,5,LBall_a0.05,1.5947995817357965,14,100
FD001,cv,0,10,5,LBall_a0.10,2.3377629447852764,33,100
FD001,cv,0,10,5,LBall_a0.20,4.1934639887176,80,100
FD001,cv,0,10,5,LBnear_a0.05,1.1723028294672446,3,100
FD001,cv,0,10,5,LBnear_a0.10,1.3236466203283972,7,100
FD001,cv,0,10,5,LBnear_a0.20,1.79123382739305,19,100
FD001,cv,0,10,5,STW_cost_1se,1.0767254038179148,0,100
FD001,cv,0,10,5,STW_cost_plain,1.1641127929934694,3,100
FD001,cv,0,10,5,STW_window,1.1176257524208322,1,100
FD001,cv,0,10,5,age,1.6890495078595564,3,100
FD001,cv,0,10,5,perfect,1.0,0,100
FD001,cv,0,10,10,CNA_DA,1.2371861914002658,2,100
FD001,cv,0,10,10,CNA_a0.05,1.2371861914002658,2,100
FD001,cv,0,10,10,CNA_a0.10,1.6793220594138902,7,100
FD001,cv,0,10,10,CNA_a0.20,2.214107444588013,13,100
FD001,cv,0,10,10,KAM_P1_heur,1.6017903642535083,6,100
FD001,cv,0,10,10,KAM_P1_opt,1.2574131935433643,2,100
FD001,cv,0,10,10,LBall_a0.05,2.3104147786685254,14,100
FD001,cv,0,10,10,LBall_a0.10,4.0003960736196325,33,100
FD001,cv,0,10,10,LBall_a0.20,8.187239216067695,80,100
FD001,cv,0,10,10,LBnear_a0.05,1.3293076726994646,3,100
FD001,cv,0,10,10,LBnear_a0.10,1.6855812430744432,7,100
FD001,cv,0,10,10,LBnear_a0.20,2.758092995588162,19,100
FD001,cv,0,10,10,STW_cost_1se,1.0767254038179148,0,100
FD001,cv,0,10,10,STW_cost_plain,1.320020756340809,3,100
FD001,cv,0,10,10,STW_window,1.1713577597487568,1,100
FD001,cv,0,10,10,age,1.7437112357799596,1,100
FD001,cv,0,10,10,perfect,1.0,0,100
FD001,cv,0,10,20,CNA_DA,1.44687876621387,2,100
FD001,cv,0,10,20,CNA_a0.05,1.44687876621387,2,100
FD001,cv,0,10,20,CNA_a0.10,2.4005033119229227,7,100
FD001,cv,0,10,20,CNA_a0.20,3.540531259318159,13,100
FD001,cv,0,10,20,KAM_P1_heur,1.444591852342834,2,100
FD001,cv,0,10,20,KAM_P1_opt,1.4705340738049515,2,100
FD001,cv,0,10,20,LBall_a0.05,3.741645172533984,14,100
FD001,cv,0,10,20,LBall_a0.10,7.325662331288344,33,100
FD001,cv,0,10,20,LBall_a0.20,16.174789670767886,80,100
FD001,cv,0,10,20,LBnear_a0.05,1.6433173591639052,3,100
FD001,cv,0,10,20,LBnear_a0.10,2.4094504885665358,7,100
FD001,cv,0,10,20,LBnear_a0.20,4.6918113319783865,19,100
FD001,cv,0,10,20,STW_cost_1se,1.0767254038179148,0,100
FD001,cv,0,10,20,STW_cost_plain,1.6318366830354885,3,100
FD001,cv,0,10,20,STW_window,1.2788217744046062,1,100
FD001,cv,0,10,20,age,1.9036847436496807,1,100
FD001,cv,0,10,20,perfect,1.0,0,100
FD001,cv,0,10,50,CNA_DA,2.075956490654683,2,100
FD001,cv,0,10,50,CNA_a0.05,2.075956490654683,2,100
FD001,cv,0,10,50,CNA_a0.10,4.56404706945002,7,100
FD001,cv,0,10,50,CNA_a0.20,7.5198027035085975,13,100
FD001,cv,0,10,50,KAM_P1_heur,2.0726752664049357,2,100
FD001,cv,0,10,50,KAM_P1_opt,2.109896714589713,2,100
FD001,cv,0,10,50,LBall_a0.05,8.035336354130358,14,100
FD001,cv,0,10,50,LBall_a0.10,17.30146110429448,33,100
FD001,cv,0,10,50,LBall_a0.20,40.13744103486845,80,100
FD001,cv,0,10,50,LBnear_a0.05,2.5853464185572266,3,100
FD001,cv,0,10,50,LBnear_a0.10,4.5810582250428125,7,100
FD001,cv,0,10,50,LBnear_a0.20,10.492966341149062,19,100
FD001,cv,0,10,50,STW_cost_1se,1.0767254038179148,0,100
FD001,cv,0,10,50,STW_cost_plain,2.567284463119526,3,100
FD001,cv,0,10,50,STW_window,1.601213818372154,1,100
FD001,cv,0,10,50,age,2.3836052672588437,1,100
FD001,cv,0,10,50,perfect,1.0,0,100
FD001,cv,0,15,5,CNA_DA,1.2616991857428177,5,100
FD001,cv,0,15,5,CNA_a0.05,1.2616991857428177,5,100
FD001,cv,0,15,5,CNA_a0.10,1.3650793330982722,8,100
FD001,cv,0,15,5,CNA_a0.20,1.4335860349127183,10,100
FD001,cv,0,15,5,KAM_P1_heur,1.5536751966543862,13,100
FD001,cv,0,15,5,KAM_P1_opt,1.1948412574694727,3,100
FD001,cv,0,15,5,LBall_a0.05,1.6352847471127039,15,100
FD001,cv,0,15,5,LBall_a0.10,2.54216391509434,38,100
FD001,cv,0,15,5,LBall_a0.20,3.960771666585473,74,100
FD001,cv,0,15,5,LBnear_a0.05,1.2971792520126362,6,100
FD001,cv,0,15,5,LBnear_a0.10,1.3630882205009558,8,100
FD001,cv,0,15,5,LBnear_a0.20,1.79123382739305,19,100
FD001,cv,0,15,5,STW_cost_1se,1.0828015400031643,0,100
FD001,cv,0,15,5,STW_cost_plain,1.2971792520126362,6,100
FD001,cv,0,15,5,STW_window,1.1696107184302142,2,100
FD001,cv,0,15,5,age,1.6890495078595564,3,100
FD001,cv,0,15,5,perfect,1.0,0,100
FD001,cv,0,15,10,CNA_DA,1.5245531827725713,5,100
FD001,cv,0,15,10,CNA_a0.05,1.5245531827725713,5,100
FD001,cv,0,15,10,CNA_a0.10,1.7787397370674458,8,100
FD001,cv,0,15,10,CNA_a0.20,1.945581047381546,10,100
FD001,cv,0,15,10,KAM_P1_heur,1.9635022902300296,10,100
FD001,cv,0,15,10,KAM_P1_opt,1.354864640166277,3,100
FD001,cv,0,15,10,LBall_a0.05,2.401824472321784,15,100
FD001,cv,0,15,10,LBall_a0.10,4.4588748034591195,38,100
FD001,cv,0,15,10,LBall_a0.20,7.6614926681931115,74,100
FD001,cv,0,15,10,LBnear_a0.05,1.6110129420156936,6,100
FD001,cv,0,15,10,LBnear_a0.10,1.776145257016397,8,100
FD001,cv,0,15,10,LBnear_a0.20,2.758092995588162,19,100
FD001,cv,0,15,10,STW_cost_1se,1.0828015400031643,0,100
FD001,cv,0,15,10,STW_cost_plain,1.6110129420156936,6,100
FD001,cv,0,15,10,STW_window,1.2779080071737525,2,100
FD001,cv,0,15,10,age,1.7437112357799596,1,100
FD001,cv,0,15,10,perfect,1.0,0,100
FD001,cv,0,15,20,CNA_DA,2.0502611768320786,5,100
FD001,cv,0,15,20,CNA_a0.05,2.0502611768320786,5,100
FD001,cv,0,15,20,CNA_a0.10,2.6060605450057928,8,100
FD001,cv,0,15,20,CNA_a0.20,2.9695710723192024,10,100
FD001,cv,0,15,20,KAM_P1_heur,1.6505540478263097,3,100
FD001,cv,0,15,20,KAM_P1_opt,1.6749114055598857,3,100
FD001,cv,0,15,20,LBall_a0.05,3.9349039227399447,15,100
FD001,cv,0,15,20,LBall_a0.10,8.29229658018868,38,100
FD001,cv,0,15,20,LBall_a0.20,15.06293467140839,74,100
FD001,cv,0,15,20,LBnear_a0.05,2.238680322021808,6,100
FD001,cv,0,15,20,LBnear_a0.10,2.602259330047279,8,100
FD001,cv,0,15,20,LBnear_a0.20,4.6918113319783865,19,100
FD001,cv,0,15,20,STW_cost_1se,1.0828015400031643,0,100
FD001,cv,0,15,20,STW_cost_plain,2.238680322021808,6,100
FD001,cv,0,15,20,STW_window,1.4945025846608293,2,100
FD001,cv,0,15,20,age,1.9036847436496807,1,100
FD001,cv,0,15,20,perfect,1.0,0,100
FD001,cv,0,15,50,CNA_DA,3.627385159010601,5,100
FD001,cv,0,15,50,CNA_a0.05,3.627385159010601,5,100
FD001,cv,0,15,50,CNA_a0.10,5.088022968820833,8,100
FD001,cv,0,15,50,CNA_a0.20,6.04154114713217,10,100
FD001,cv,0,15,50,KAM_P1_heur,2.0917659771534427,2,100
FD001,cv,0,15,50,KAM_P1_opt,2.635051701740712,3,100
FD001,cv,0,15,50,LBall_a0.05,8.534142273994425,15,100
FD001,cv,0,15,50,LBall_a0.10,19.79256191037736,38,100
FD001,cv,0,15,50,LBall_a0.20,37.267260681054225,74,100
FD001,cv,0,15,50,LBnear_a0.05,4.121682462040151,6,100
FD001,cv,0,15,50,LBnear_a0.10,5.080601549139925,8,100
FD001,cv,0,15,50,LBnear_a0.20,10.492966341149062,19,100
FD001,cv,0,15,50,STW_cost_1se,1.0828015400031643,0,100
FD001,cv,0,15,50,STW_cost_plain,4.121682462040151,6,100
FD001,cv,0,15,50,STW_window,2.1442863171220594,2,100
FD001,cv,0,15,50,age,2.3836052672588437,1,100
FD001,cv,0,15,50,perfect,1.0,0,100
FD001,cv,1,0,5,CNA_DA,1.1793373679351729,3,100
FD001,cv,1,0,5,CNA_a0.05,1.1793373679351729,3,100
FD001,cv,1,0,5,CNA_a0.10,1.2721587047771337,6,100
FD001,cv,1,0,5,CNA_a0.20,1.6643191142306362,16,100
FD001,cv,1,0,5,KAM_P1_heur,4.975764626048179,100,100
FD001,cv,1,0,5,KAM_P1_opt,1.1859061371841155,3,100
FD001,cv,1,0,5,LBall_a0.05,1.4702924209269943,11,100
FD001,cv,1,0,5,LBall_a0.10,2.890135392736693,47,100
FD001,cv,1,0,5,LBall_a0.20,4.738995247793619,94,100
FD001,cv,1,0,5,LBnear_a0.05,1.174758352917135,3,100
FD001,cv,1,0,5,LBnear_a0.10,1.2008854376764824,4,100
FD001,cv,1,0,5,LBnear_a0.20,1.6254131618010887,15,100
FD001,cv,1,0,5,STW_cost_1se,1.1679473268369767,2,100
FD001,cv,1,0,5,STW_cost_plain,1.1618189167340338,3,100
FD001,cv,1,0,5,STW_window,1.10748132780083,1,100
FD001,cv,1,0,5,age,1.6890495078595564,3,100
FD001,cv,1,0,5,perfect,1.0,0,100
FD001,cv,1,0,10,CNA_DA,1.3372843368550622,3,100
FD001,cv,1,0,10,CNA_a0.05,1.3372843368550622,3,100
FD001,cv,1,0,10,CNA_a0.10,1.5799390365780532,6,100
FD001,cv,1,0,10,CNA_a0.20,2.476182096782166,16,100
FD001,cv,1,0,10,KAM_P1_heur,1.6767137632145899,7,100
FD001,cv,1,0,10,KAM_P1_opt,1.3447328519855597,3,100
FD001,cv,1,0,10,LBall_a0.05,2.0318624428088325,11,100
FD001,cv,1,0,10,LBall_a0.10,5.248405591671148,47,100
FD001,cv,1,0,10,LBall_a0.20,9.418255261371351,94,100
FD001,cv,1,0,10,LBnear_a0.05,1.3320920608971085,3,100
FD001,cv,1,0,10,LBnear_a0.10,1.4079346510689794,4,100
FD001,cv,1,0,10,LBnear_a0.20,2.387325581395349,15,100
FD001,cv,1,0,10,STW_cost_1se,1.2760905978404002,2,100
FD001,cv,1,0,10,STW_cost_plain,1.3174196645109135,3,100
FD001,cv,1,0,10,STW_window,1.160725622406639,1,100
FD001,cv,1,0,10,age,1.7437112357799596,1,100
FD001,cv,1,0,10,perfect,1.0,0,100
FD001,cv,1,0,20,CNA_DA,1.6531782746948407,3,100
FD001,cv,1,0,20,CNA_a0.05,1.6531782746948407,3,100
FD001,cv,1,0,20,CNA_a0.10,2.195499700179892,6,100
FD001,cv,1,0,20,CNA_a0.20,4.099908061885226,16,100
FD001,cv,1,0,20,KAM_P1_heur,2.396774888521469,7,100
FD001,cv,1,0,20,KAM_P1_opt,1.6623862815884476,3,100
FD001,cv,1,0,20,LBall_a0.05,3.1550024865725086,11,100
FD001,cv,1,0,20,LBall_a0.10,9.964945989540055,47,100
FD001,cv,1,0,20,LBall_a0.20,18.776775288526817,94,100
FD001,cv,1,0,20,LBnear_a0.05,1.6467594768570553,3,100
FD001,cv,1,0,20,LBnear_a0.10,1.8220330778539733,4,100
FD001,cv,1,0,20,LBnear_a0.20,3.9111504205838696,15,100
FD001,cv,1,0,20,STW_cost_1se,1.4923771398472478,2,100
FD001,cv,1,0,20,STW_cost_plain,1.6286211600646725,3,100
FD001,cv,1,0,20,STW_window,1.2672142116182572,1,100
FD001,cv,1,0,20,age,1.9036847436496807,1,100
FD001,cv,1,0,20,perfect,1.0,0,100
FD001,cv,1,0,50,CNA_DA,2.600860088214176,3,100
FD001,cv,1,0,50,CNA_a0.05,2.600860088214176,3,100
FD001,cv,1,0,50,CNA_a0.10,4.042181690985409,6,100
FD001,cv,1,0,50,CNA_a0.20,8.971085957194404,16,100
FD001,cv,1,0,50,KAM_P1_heur,3.576468063620298,5,100
FD001,cv,1,0,50,KAM_P1_opt,2.615346570397112,3,100
FD001,cv,1,0,50,LBall_a0.05,6.524422617863537,11,100
FD001,cv,1,0,50,LBall_a0.10,24.114567183146782,47,100
FD001,cv,1,0,50,LBall_a0.20,46.85233536999321,94,100
FD001,cv,1,0,50,LBnear_a0.05,2.590761724736896,3,100
FD001,cv,1,0,50,LBnear_a0.10,3.064328358208955,4,100
FD001,cv,1,0,50,LBnear_a0.20,8.482624938149431,15,100
FD001,cv,1,0,50,STW_cost_1se,2.14123676586779,2,100
FD001,cv,1,0,50,STW_cost_plain,2.56222564672595,3,100
FD001,cv,1,0,50,STW_window,1.586679979253112,1,100
FD001,cv,1,0,50,age,2.3836052672588437,1,100
FD001,cv,1,0,50,perfect,1.0,0,100
FD001,cv,1,5,5,CNA_DA,1.2132429954151809,4,100
FD001,cv,1,5,5,CNA_a0.05,1.2132429954151809,4,100
FD001,cv,1,5,5,CNA_a0.10,1.353151587777112,8,100
FD001,cv,1,5,5,CNA_a0.20,1.58564087331056,14,100
FD001,cv,1,5,5,KAM_P1_heur,2.067491361437457,26,100
FD001,cv,1,5,5,KAM_P1_opt,1.0749214659685864,0,100
FD001,cv,1,5,5,LBall_a0.05,1.3116885450461693,7,100
FD001,cv,1,5,5,LBall_a0.10,2.4180194327215627,35,100
FD001,cv,1,5,5,LBall_a0.20,4.227234497159229,81,100
FD001,cv,1,5,5,LBnear_a0.05,1.1338453671507467,2,100
FD001,cv,1,5,5,LBnear_a0.10,1.160821848654652,3,100
FD001,cv,1,5,5,LBnear_a0.20,1.3474330035300552,8,100
FD001,cv,1,5,5,STW_cost_1se,1.0772338527729681,0,100
FD001,cv,1,5,5,STW_cost_plain,1.1183477076713573,2,100
FD001,cv,1,5,5,STW_window,1.1243938915218537,1,100
FD001,cv,1,5,5,age,1.6890495078595564,3,100
FD001,cv,1,5,5,perfect,1.0,0,100
FD001,cv,1,5,10,CNA_DA,1.4224228222109017,4,100
FD001,cv,1,5,10,CNA_a0.05,1.4224228222109017,4,100
FD001,cv,1,5,10,CNA_a0.10,1.7631975234671462,8,100
FD001,cv,1,5,10,CNA_a0.20,2.297146393385811,14,100
FD001,cv,1,5,10,KAM_P1_heur,1.4127073109031116,4,100
FD001,cv,1,5,10,KAM_P1_opt,1.0749214659685864,0,100
FD001,cv,1,5,10,LBall_a0.05,1.6703533815822311,7,100
FD001,cv,1,5,10,LBall_a0.10,4.181158602414368,35,100
FD001,cv,1,5,10,LBall_a0.20,8.265041033360852,81,100
FD001,cv,1,5,10,LBnear_a0.05,1.2388310492943342,2,100
FD001,cv,1,5,10,LBnear_a0.10,1.3162890605280428,3,100
FD001,cv,1,5,10,LBnear_a0.20,1.7557460349027991,8,100
FD001,cv,1,5,10,STW_cost_1se,1.0772338527729681,0,100
FD001,cv,1,5,10,STW_cost_plain,1.2218984213446311,2,100
FD001,cv,1,5,10,STW_window,1.178451290152712,1,100
FD001,cv,1,5,10,age,1.7437112357799596,1,100
FD001,cv,1,5,10,perfect,1.0,0,100
FD001,cv,1,5,20,CNA_DA,1.8407824758023434,4,100
FD001,cv,1,5,20,CNA_a0.05,1.8407824758023434,4,100
FD001,cv,1,5,20,CNA_a0.10,2.583289394847214,8,100
FD001,cv,1,5,20,CNA_a0.20,3.720157433536314,14,100
FD001,cv,1,5,20,KAM_P1_heur,1.8282094611687327,4,100
FD001,cv,1,5,20,KAM_P1_opt,1.0749214659685864,0,100
FD001,cv,1,5,20,LBall_a0.05,2.3876830546543553,7,100
FD001,cv,1,5,20,LBall_a0.10,7.707436941799981,35,100
FD001,cv,1,5,20,LBall_a0.20,16.340654105764095,81,100
FD001,cv,1,5,20,LBnear_a0.05,1.4488024135815096,2,100
FD001,cv,1,5,20,LBnear_a0.10,1.6272234842748248,3,100
FD001,cv,1,5,20,LBnear_a0.20,2.5723720976482873,8,100
FD001,cv,1,5,20,STW_cost_1se,1.0772338527729681,0,100
FD001,cv,1,5,20,STW_cost_plain,1.4289998486911788,2,100
FD001,cv,1,5,20,STW_window,1.2865660874144287,1,100
FD001,cv,1,5,20,age,1.9036847436496807,1,100
FD001,cv,1,5,20,perfect,1.0,0,100
FD001,cv,1,5,50,CNA_DA,3.0958614365766683,4,100
FD001,cv,1,5,50,CNA_a0.05,3.0958614365766683,4,100
FD001,cv,1,5,50,CNA_a0.10,5.043565008987418,8,100
FD001,cv,1,5,50,CNA_a0.20,7.989190553987821,14,100
FD001,cv,1,5,50,KAM_P1_heur,3.1126695349313667,4,100
FD001,cv,1,5,50,KAM_P1_opt,1.0749214659685864,0,100
FD001,cv,1,5,50,LBall_a0.05,4.539672073870727,7,100
FD001,cv,1,5,50,LBall_a0.10,18.286271959956817,35,100
FD001,cv,1,5,50,LBall_a0.20,40.567493322973824,81,100
FD001,cv,1,5,50,LBnear_a0.05,2.0787165064430355,2,100
FD001,cv,1,5,50,LBnear_a0.10,2.56002675551517,3,100
FD001,cv,1,5,50,LBnear_a0.20,5.022250285884751,8,100
FD001,cv,1,5,50,STW_cost_1se,1.0772338527729681,0,100
FD001,cv,1,5,50,STW_cost_plain,2.050304130730822,2,100
FD001,cv,1,5,50,STW_window,1.6109104791995785,1,100
FD001,cv,1,5,50,age,2.3836052672588437,1,100
FD001,cv,1,5,50,perfect,1.0,0,100
FD001,cv,1,10,5,CNA_DA,1.100120562625586,1,100
FD001,cv,1,10,5,CNA_a0.05,1.100120562625586,1,100
FD001,cv,1,10,5,CNA_a0.10,1.2385481600643475,5,100
FD001,cv,1,10,5,CNA_a0.20,1.5914713043478261,14,100
FD001,cv,1,10,5,KAM_P1_heur,2.029356528615202,25,100
FD001,cv,1,10,5,KAM_P1_opt,1.1591552093679753,2,100
FD001,cv,1,10,5,LBall_a0.05,1.5164884962818785,12,100
FD001,cv,1,10,5,LBall_a0.10,2.302202331185757,32,100
FD001,cv,1,10,5,LBall_a0.20,3.5978970939005985,65,100
FD001,cv,1,10,5,LBnear_a0.05,1.1312422835569615,2,100
FD001,cv,1,10,5,LBnear_a0.10,1.2019763803371355,4,100
FD001,cv,1,10,5,LBnear_a0.20,1.5917085776761752,14,100
FD001,cv,1,10,5,STW_cost_1se,1.0864112604508414,0,100
FD001,cv,1,10,5,STW_cost_plain,1.1265294924554183,2,100
FD001,cv,1,10,5,STW_window,1.0936451286421989,0,100
FD001,cv,1,10,5,age,1.6890495078595564,3,100
FD001,cv,1,10,5,perfect,1.0,0,100
FD001,cv,1,10,10,CNA_DA,1.1530109742902777,1,100
FD001,cv,1,10,10,CNA_a0.05,1.1530109742902777,1,100
FD001,cv,1,10,10,CNA_a0.10,1.49657902674442,5,100
FD001,cv,1,10,10,CNA_a0.20,2.305593043478261,14,100
FD001,cv,1,10,10,KAM_P1_heur,1.7887407557491644,8,100
FD001,cv,1,10,10,KAM_P1_opt,1.2664843954205656,2,100
FD001,cv,1,10,10,LBall_a0.05,2.1312811299096674,12,100
FD001,cv,1,10,10,LBall_a0.10,3.9177829144740084,32,100
FD001,cv,1,10,10,LBall_a0.20,6.845998637005306,65,100
FD001,cv,1,10,10,LBnear_a0.05,1.2359869394418652,2,100
FD001,cv,1,10,10,LBnear_a0.10,1.4092136872918137,4,100
FD001,cv,1,10,10,LBnear_a0.20,2.305936785607792,14,100
FD001,cv,1,10,10,STW_cost_1se,1.0864112604508414,0,100
FD001,cv,1,10,10,STW_cost_plain,1.2308377787938831,2,100
FD001,cv,1,10,10,STW_window,1.0936451286421989,0,100
FD001,cv,1,10,10,age,1.7437112357799596,1,100
FD001,cv,1,10,10,perfect,1.0,0,100
FD001,cv,1,10,20,CNA_DA,1.258791797619661,1,100
FD001,cv,1,10,20,CNA_a0.05,1.258791797619661,1,100
FD001,cv,1,10,20,CNA_a0.10,2.0126407601045644,5,100
FD001,cv,1,10,20,CNA_a0.20,3.7338365217391307,14,100
FD001,cv,1,10,20,KAM_P1_heur,1.4461402613311556,2,100
FD001,cv,1,10,20,KAM_P1_opt,1.4811427675257463,2,100
FD001,cv,1,10,20,LBall_a0.05,3.3608663971652444,12,100
FD001,cv,1,10,20,LBall_a0.10,7.148944081050509,32,100
FD001,cv,1,10,20,LBall_a0.20,13.342201723214721,65,100
FD001,cv,1,10,20,LBnear_a0.05,1.445476251211673,2,100
FD001,cv,1,10,20,LBnear_a0.10,1.8236883012011709,4,100
FD001,cv,1,10,20,LBnear_a0.20,3.7343932014710273,14,100
FD001,cv,1,10,20,STW_cost_1se,1.0864112604508414,0,100
FD001,cv,1,10,20,STW_cost_plain,1.4394543514708125,2,100
FD001,cv,1,10,20,STW_window,1.0936451286421989,0,100
FD001,cv,1,10,20,age,1.9036847436496807,1,100
FD001,cv,1,10,20,perfect,1.0,0,100
FD001,cv,1,10,50,CNA_DA,1.576134267607811,1,100
FD001,cv,1,10,50,CNA_a0.05,1.576134267607811,1,100
FD001,cv,1,10,50,CNA_a0.10,3.5608259601849994,5,100
FD001,cv,1,10,50,CNA_a0.20,8.01856695652174,14,100
FD001,cv,1,10,50,KAM_P1_heur,2.08415175596001,2,100
FD001,cv,1,10,50,KAM_P1_opt,2.125117883841288,2,100
FD001,cv,1,10,50,LBall_a0.05,7.049622198931976,12,100
FD001,cv,1,10,50,LBall_a0.10,16.842427580780015,32,100
FD001,cv,1,10,50,LBall_a0.20,32.830810981842966,65,100
FD001,cv,1,10,50,LBnear_a0.05,2.073944186521096,2,100
FD001,cv,1,10,50,LBnear_a0.10,3.067112142929242,4,100
FD001,cv,1,10,50,LBnear_a0.20,8.01976244906073,14,100
FD001,cv,1,10,50,STW_cost_1se,1.0864112604508414,0,100
FD001,cv,1,10,50,STW_cost_plain,2.0653040695016007,2,100
FD001,cv,1,10,50,STW_window,1.0936451286421989,0,100
FD001,cv,1,10,50,age,2.3836052672588437,1,100
FD001,cv,1,10,50,perfect,1.0,0,100
FD001,cv,1,15,5,CNA_DA,1.1086889246586011,1,100
FD001,cv,1,15,5,CNA_a0.05,1.1086889246586011,1,100
FD001,cv,1,15,5,CNA_a0.10,1.2891654851124164,6,100
FD001,cv,1,15,5,CNA_a0.20,1.5953556485355649,14,100
FD001,cv,1,15,5,KAM_P1_heur,1.678171850079745,16,100
FD001,cv,1,15,5,KAM_P1_opt,1.128196132304766,1,100
FD001,cv,1,15,5,LBall_a0.05,1.597663490796628,14,100
FD001,cv,1,15,5,LBall_a0.10,2.4258763292634895,35,100
FD001,cv,1,15,5,LBall_a0.20,3.641241473396999,66,100
FD001,cv,1,15,5,LBnear_a0.05,1.1764412155939834,3,100
FD001,cv,1,15,5,LBnear_a0.10,1.32611797951254,7,100
FD001,cv,1,15,5,LBnear_a0.20,1.7532181511269982,18,100
FD001,cv,1,15,5,STW_cost_1se,1.093237486687966,0,100
FD001,cv,1,15,5,STW_cost_plain,1.100120562625586,1,100
FD001,cv,1,15,5,STW_window,1.1068521214081621,0,100
FD001,cv,1,15,5,age,1.6890495078595564,3,100
FD001,cv,1,15,5,perfect,1.0,0,100
FD001,cv,1,15,10,CNA_DA,1.1619912768056493,1,100
FD001,cv,1,15,10,CNA_a0.05,1.1619912768056493,1,100
FD001,cv,1,15,10,CNA_a0.10,1.60106036054284,6,100
FD001,cv,1,15,10,CNA_a0.20,2.3112203626220365,14,100
FD001,cv,1,15,10,KAM_P1_heur,2.4150490539593554,15,100
FD001,cv,1,15,10,KAM_P1_opt,1.1824363309732644,1,100
FD001,cv,1,15,10,LBall_a0.05,2.3145637751284482,14,100
FD001,cv,1,15,10,LBall_a0.10,4.194744486018117,35,100
FD001,cv,1,15,10,LBall_a0.20,6.942366984993179,66,100
FD001,cv,1,15,10,LBnear_a0.05,1.3340003069681776,3,100
FD001,cv,1,15,10,LBnear_a0.10,1.6887283645355,7,100
FD001,cv,1,15,10,LBnear_a0.20,2.670599741832986,18,100
FD001,cv,1,15,10,STW_cost_1se,1.093237486687966,0,100
FD001,cv,1,15,10,STW_cost_plain,1.1530109742902777,1,100
FD001,cv,1,15,10,STW_window,1.1068521214081621,0,100
FD001,cv,1,15,10,age,1.7437112357799596,1,100
FD001,cv,1,15,10,perfect,1.0,0,100
FD001,cv,1,15,20,CNA_DA,1.2685959810997456,1,100
FD001,cv,1,15,20,CNA_a0.05,1.2685959810997456,1,100
FD001,cv,1,15,20,CNA_a0.10,2.2248501114036867,6,100
FD001,cv,1,15,20,CNA_a0.20,3.7429497907949796,14,100
FD001,cv,1,15,20,KAM_P1_heur,1.4649834539813857,2,100
FD001,cv,1,15,20,KAM_P1_opt,1.290916728310261,1,100
FD001,cv,1,15,20,LBall_a0.05,3.7483643437920886,14,100
FD001,cv,1,15,20,LBall_a0.10,7.732480799527373,35,100
FD001,cv,1,15,20,LBall_a0.20,13.54461800818554,66,100
FD001,cv,1,15,20,LBnear_a0.05,1.649118489716566,3,100
FD001,cv,1,15,20,LBnear_a0.10,2.41394913458142,7,100
FD001,cv,1,15,20,LBnear_a0.20,4.505362923244961,18,100
FD001,cv,1,15,20,STW_cost_1se,1.093237486687966,0,100
FD001,cv,1,15,20,STW_cost_plain,1.258791797619661,1,100
FD001,cv,1,15,20,STW_window,1.1068521214081621,0,100
FD001,cv,1,15,20,age,1.9036847436496807,1,100
FD001,cv,1,15,20,perfect,1.0,0,100
FD001,cv,1,15,50,CNA_DA,1.5884100939820343,1,100
FD001,cv,1,15,50,CNA_a0.05,1.5884100939820343,1,100
FD001,cv,1,15,50,CNA_a0.10,4.0962193639862265,6,100
FD001,cv,1,15,50,CNA_a0.20,8.038138075313807,14,100
FD001,cv,1,15,50,KAM_P1_heur,2.1184730835374435,2,100
FD001,cv,1,15,50,KAM_P1_opt,1.6163579203212513,1,100
FD001,cv,1,15,50,LBall_a0.05,8.049766049783011,14,100
FD001,cv,1,15,50,LBall_a0.10,18.34568974005514,35,100
FD001,cv,1,15,50,LBall_a0.20,33.35137107776262,66,100
FD001,cv,1,15,50,LBnear_a0.05,2.5944730379617313,3,100
FD001,cv,1,15,50,LBnear_a0.10,4.58961144471918,7,100
FD001,cv,1,15,50,LBnear_a0.20,10.009652467480885,18,100
FD001,cv,1,15,50,STW_cost_1se,1.093237486687966,0,100
FD001,cv,1,15,50,STW_cost_plain,1.576134267607811,1,100
FD001,cv,1,15,50,STW_window,1.1068521214081621,0,100
FD001,cv,1,15,50,age,2.3836052672588437,1,100
FD001,cv,1,15,50,perfect,1.0,0,100
FD001,cv,2,0,5,CNA_DA,1.1688466426066182,3,100
FD001,cv,2,0,5,CNA_a0.05,1.1688466426066182,3,100
FD001,cv,2,0,5,CNA_a0.10,1.395201119272473,9,100
FD001,cv,2,0,5,CNA_a0.20,1.7475785618844955,18,100
FD001,cv,2,0,5,KAM_P1_heur,4.975764626048179,100,100
FD001,cv,2,0,5,KAM_P1_opt,1.0651068686449472,0,100
FD001,cv,2,0,5,LBall_a0.05,1.5504332273449921,13,100
FD001,cv,2,0,5,LBall_a0.10,2.4920164447924824,37,100
FD001,cv,2,0,5,LBall_a0.20,4.857052549932131,97,100
FD001,cv,2,0,5,LBnear_a0.05,1.0912930593887356,1,100
FD001,cv,2,0,5,LBnear_a0.10,1.1973836098541981,4,100
FD001,cv,2,0,5,LBnear_a0.20,1.6658012170385397,16,100
FD001,cv,2,0,5,STW_cost_1se,1.0663792655690023,0,100
FD001,cv,2,0,5,STW_cost_plain,1.1573164225678192,3,100
FD001,cv,2,0,5,STW_window,1.056284406029737,0,100
FD001,cv,2,0,5,age,1.6890495078595564,3,100
FD001,cv,2,0,5,perfect,1.0,0,100
FD001,cv,2,0,10,CNA_DA,1.3253886036700047,3,100
FD001,cv,2,0,10,CNA_a0.05,1.3253886036700047,3,100
FD001,cv,2,0,10,CNA_a0.10,1.8568485484435118,9,100
FD001,cv,2,0,10,CNA_a0.20,2.662009204731034,18,100
FD001,cv,2,0,10,KAM_P1_heur,1.7707125307125307,8,100
FD001,cv,2,0,10,KAM_P1_opt,1.0651068686449472,0,100
FD001,cv,2,0,10,LBall_a0.05,2.2134474364069954,13,100
FD001,cv,2,0,10,LBall_a0.10,4.350980324980423,37,100
FD001,cv,2,0,10,LBall_a0.20,9.684246170254024,97,100
FD001,cv,2,0,10,LBnear_a0.05,1.1437590718593478,1,100
FD001,cv,2,0,10,LBnear_a0.10,1.40382905982906,4,100
FD001,cv,2,0,10,LBnear_a0.20,2.4783871765695342,16,100
FD001,cv,2,0,10,STW_cost_1se,1.0663792655690023,0,100
FD001,cv,2,0,10,STW_cost_plain,1.3123141577331523,3,100
FD001,cv,2,0,10,STW_window,1.056284406029737,0,100
FD001,cv,2,0,10,age,1.7437112357799596,1,100
FD001,cv,2,0,10,perfect,1.0,0,100
FD001,cv,2,0,20,CNA_DA,1.6384725257967774,3,100
FD001,cv,2,0,20,CNA_a0.05,1.6384725257967774,3,100
FD001,cv,2,0,20,CNA_a0.10,2.7801434067855895,9,100
FD001,cv,2,0,20,CNA_a0.20,4.49087049042411,18,100
FD001,cv,2,0,20,KAM_P1_heur,2.594299754299754,8,100
FD001,cv,2,0,20,KAM_P1_opt,1.0651068686449472,0,100
FD001,cv,2,0,20,LBall_a0.05,3.539475854531002,13,100
FD001,cv,2,0,20,LBall_a0.10,8.068908085356304,37,100
FD001,cv,2,0,20,LBall_a0.20,19.338633410897806,97,100
FD001,cv,2,0,20,LBnear_a0.05,1.2486910968005724,1,100
FD001,cv,2,0,20,LBnear_a0.10,1.8167199597787833,4,100
FD001,cv,2,0,20,LBnear_a0.20,4.103559095631525,16,100
FD001,cv,2,0,20,STW_cost_1se,1.0663792655690023,0,100
FD001,cv,2,0,20,STW_cost_plain,1.6223096280638178,3,100
FD001,cv,2,0,20,STW_window,1.056284406029737,0,100
FD001,cv,2,0,20,age,1.9036847436496807,1,100
FD001,cv,2,0,20,perfect,1.0,0,100
FD001,cv,2,0,50,CNA_DA,2.5777242921770958,3,100
FD001,cv,2,0,50,CNA_a0.05,2.5777242921770958,3,100
FD001,cv,2,0,50,CNA_a0.10,5.550027981811823,9,100
FD001,cv,2,0,50,CNA_a0.20,9.977454347503341,18,100
FD001,cv,2,0,50,KAM_P1_heur,3.067421764587119,4,100
FD001,cv,2,0,50,KAM_P1_opt,1.0651068686449472,0,100
FD001,cv,2,0,50,LBall_a0.05,7.5175611089030205,13,100
FD001,cv,2,0,50,LBall_a0.10,19.222691366483946,37,100
FD001,cv,2,0,50,LBall_a0.20,48.30179513282916,97,100
FD001,cv,2,0,50,LBnear_a0.05,1.5634871716242462,1,100
FD001,cv,2,0,50,LBnear_a0.10,3.0553926596279535,4,100
FD001,cv,2,0,50,LBnear_a0.20,8.979074852817494,16,100
FD001,cv,2,0,50,STW_cost_1se,1.0663792655690023,0,100
FD001,cv,2,0,50,STW_cost_plain,2.5522960390558156,3,100
FD001,cv,2,0,50,STW_window,1.056284406029737,0,100
FD001,cv,2,0,50,age,2.3836052672588437,1,100
FD001,cv,2,0,50,perfect,1.0,0,100
FD001,cv,2,5,5,CNA_DA,1.0860752797558495,1,100
FD001,cv,2,5,5,CNA_a0.05,1.0860752797558495,1,100
FD001,cv,2,5,5,CNA_a0.10,1.4326571300403728,10,100
FD001,cv,2,5,5,CNA_a0.20,1.7451603657029897,18,100
FD001,cv,2,5,5,KAM_P1_heur,2.337877687248454,33,100
FD001,cv,2,5,5,KAM_P1_opt,1.0651621271076523,0,100
FD001,cv,2,5,5,LBall_a0.05,1.3900612336336935,9,100
FD001,cv,2,5,5,LBall_a0.10,2.339255475886455,33,100
FD001,cv,2,5,5,LBall_a0.20,4.346662134602312,84,100
FD001,cv,2,5,5,LBnear_a0.05,1.0516852781477308,0,100
FD001,cv,2,5,5,LBnear_a0.10,1.1157029284492301,2,100
FD001,cv,2,5,5,LBnear_a0.20,1.5885507390139868,14,100
FD001,cv,2,5,5,STW_cost_1se,1.0659363480608484,0,100
FD001,cv,2,5,5,STW_cost_plain,1.2388595564941922,5,100
FD001,cv,2,5,5,STW_window,1.0663792655690023,0,100
FD001,cv,2,5,5,age,1.6890495078595564,3,100
FD001,cv,2,5,5,perfect,1.0,0,100
FD001,cv,2,5,10,CNA_DA,1.1382904374364193,1,100
FD001,cv,2,5,10,CNA_a0.05,1.1382904374364193,1,100
FD001,cv,2,5,10,CNA_a0.10,1.9443203907690776,10,100
FD001,cv,2,5,10,CNA_a0.20,2.6583256733382754,18,100
FD001,cv,2,5,10,KAM_P1_heur,1.1317852627320084,1,100
FD001,cv,2,5,10,KAM_P1_opt,1.0651621271076523,0,100
FD001,cv,2,5,10,LBall_a0.05,1.8500079653507244,9,100
FD001,cv,2,5,10,LBall_a0.10,4.002950103133287,33,100
FD001,cv,2,5,10,LBall_a0.20,8.533813732154997,84,100
FD001,cv,2,5,10,LBnear_a0.05,1.0516852781477308,0,100
FD001,cv,2,5,10,LBnear_a0.10,1.2190087551574922,2,100
FD001,cv,2,5,10,LBnear_a0.20,2.3013619680587243,14,100
FD001,cv,2,5,10,STW_cost_1se,1.0659363480608484,0,100
FD001,cv,2,5,10,STW_cost_plain,1.4969552974304823,5,100
FD001,cv,2,5,10,STW_window,1.0663792655690023,0,100
FD001,cv,2,5,10,age,1.7437112357799596,1,100
FD001,cv,2,5,10,perfect,1.0,0,100
FD001,cv,2,5,20,CNA_DA,1.2427207527975586,1,100
FD001,cv,2,5,20,CNA_a0.05,1.2427207527975586,1,100
FD001,cv,2,5,20,CNA_a0.10,2.9676469122264866,10,100
FD001,cv,2,5,20,CNA_a0.20,4.484656288608846,18,100
FD001,cv,2,5,20,KAM_P1_heur,1.2356187730743944,1,100
FD001,cv,2,5,20,KAM_P1_opt,1.0651621271076523,0,100
FD001,cv,2,5,20,LBall_a0.05,2.7699014287847863,9,100
FD001,cv,2,5,20,LBall_a0.10,7.3303393576269515,33,100
FD001,cv,2,5,20,LBall_a0.20,16.908116927260366,84,100
FD001,cv,2,5,20,LBnear_a0.05,1.0516852781477308,0,100
FD001,cv,2,5,20,LBnear_a0.10,1.4256204085740163,2,100
FD001,cv,2,5,20,LBnear_a0.20,3.7269844261481992,14,100
FD001,cv,2,5,20,STW_cost_1se,1.0659363480608484,0,100
FD001,cv,2,5,20,STW_cost_plain,2.0131467793030624,5,100
FD001,cv,2,5,20,STW_window,1.0663792655690023,0,100
FD001,cv,2,5,20,age,1.9036847436496807,1,100
FD001,cv,2,5,20,perfect,1.0,0,100
FD001,cv,2,5,50,CNA_DA,1.5560116988809767,1,100
FD001,cv,2,5,50,CNA_a0.05,1.5560116988809767,1,100
FD001,cv,2,5,50,CNA_a0.10,6.037626476598715,10,100
FD001,cv,2,5,50,CNA_a0.20,9.96364813442056,18,100
FD001,cv,2,5,50,KAM_P1_heur,1.050071603927987,0,100
FD001,cv,2,5,50,KAM_P1_opt,1.0651621271076523,0,100
FD001,cv,2,5,50,LBall_a0.05,5.529581819086972,9,100
FD001,cv,2,5,50,LBall_a0.10,17.312507121107945,33,100
FD001,cv,2,5,50,LBall_a0.20,42.031026512576474,84,100
FD001,cv,2,5,50,LBnear_a0.05,1.0516852781477308,0,100
FD001,cv,2,5,50,LBnear_a0.10,2.0454553688235886,2,100
FD001,cv,2,5,50,LBnear_a0.20,8.003851800416625,14,100
FD001,cv,2,5,50,STW_cost_1se,1.0659363480608484,0,100
FD001,cv,2,5,50,STW_cost_plain,3.561721224920803,5,100
FD001,cv,2,5,50,STW_window,1.0663792655690023,0,100
FD001,cv,2,5,50,age,2.3836052672588437,1,100
FD001,cv,2,5,50,perfect,1.0,0,100
FD001,cv,2,10,5,CNA_DA,1.0904013890307425,1,100
FD001,cv,2,10,5,CNA_a0.05,1.0904013890307425,1,100
FD001,cv,2,10,5,CNA_a0.10,1.2754090476429036,6,100
FD001,cv,2,10,5,CNA_a0.20,1.673584174163726,16,100
FD001,cv,2,10,5,KAM_P1_heur,1.8652565052091048,21,100
FD001,cv,2,10,5,KAM_P1_opt,1.0721708705415427,0,100
FD001,cv,2,10,5,LBall_a0.05,1.5547588680749305,13,100
FD001,cv,2,10,5,LBall_a0.10,2.4214654282765737,35,100
FD001,cv,2,10,5,LBall_a0.20,3.756158038147139,69,100
FD001,cv,2,10,5,LBnear_a0.05,1.0521703479731461,0,100
FD001,cv,2,10,5,LBnear_a0.10,1.1178402903811253,2,100
FD001,cv,2,10,5,LBnear_a0.20,1.6718391261171797,16,100
FD001,cv,2,10,5,STW_cost_1se,1.069211540464535,0,100
FD001,cv,2,10,5,STW_cost_plain,1.0761132950307428,1,100
FD001,cv,2,10,5,STW_window,1.1143012211668928,1,100
FD001,cv,2,10,5,age,1.6890495078595564,3,100
FD001,cv,2,10,5,perfect,1.0,0,100
FD001,cv,2,10,10,CNA_DA,1.1428245327341435,1,100
FD001,cv,2,10,10,CNA_a0.05,1.1428245327341435,1,100
FD001,cv,2,10,10,CNA_a0.10,1.5839757527177998,6,100
FD001,cv,2,10,10,CNA_a0.20,2.489966698146031,16,100
FD001,cv,2,10,10,KAM_P1_heur,1.7738255977496484,8,100
FD001,cv,2,10,10,KAM_P1_opt,1.0721708705415427,0,100
FD001,cv,2,10,10,LBall_a0.05,2.219622857712236,13,100
FD001,cv,2,10,10,LBall_a0.10,4.187117303061576,35,100
FD001,cv,2,10,10,LBall_a0.20,7.202632833787465,69,100
FD001,cv,2,10,10,LBnear_a0.05,1.0521703479731461,0,100
FD001,cv,2,10,10,LBnear_a0.10,1.2213440209719701,2,100
FD001,cv,2,10,10,LBnear_a0.20,2.4873704071499505,16,100
FD001,cv,2,10,10,STW_cost_1se,1.069211540464535,0,100
FD001,cv,2,10,10,STW_cost_plain,1.12784951113799,1,100
FD001,cv,2,10,10,STW_window,1.1678733952614548,1,100
FD001,cv,2,10,10,age,1.7437112357799596,1,100
FD001,cv,2,10,10,perfect,1.0,0,100
FD001,cv,2,10,20,CNA_DA,1.2476708201409459,1,100
FD001,cv,2,10,20,CNA_a0.05,1.2476708201409459,1,100
FD001,cv,2,10,20,CNA_a0.10,2.201109162867592,6,100
FD001,cv,2,10,20,CNA_a0.20,4.122731746110642,16,100
FD001,cv,2,10,20,KAM_P1_heur,2.0251631342000103,5,100
FD001,cv,2,10,20,KAM_P1_opt,1.0721708705415427,0,100
FD001,cv,2,10,20,LBall_a0.05,3.549350836986848,13,100
FD001,cv,2,10,20,LBall_a0.10,7.718421052631578,35,100
FD001,cv,2,10,20,LBall_a0.20,14.09558242506812,69,100
FD001,cv,2,10,20,LBnear_a0.05,1.0521703479731461,0,100
FD001,cv,2,10,20,LBnear_a0.10,1.42835148215366,2,100
FD001,cv,2,10,20,LBnear_a0.20,4.118432969215491,16,100
FD001,cv,2,10,20,STW_cost_1se,1.069211540464535,0,100
FD001,cv,2,10,20,STW_cost_plain,1.2313219433524847,1,100
FD001,cv,2,10,20,STW_window,1.2750177434505794,1,100
FD001,cv,2,10,20,age,1.9036847436496807,1,100
FD001,cv,2,10,20,perfect,1.0,0,100
FD001,cv,2,10,50,CNA_DA,1.5622096823613523,1,100
FD001,cv,2,10,50,CNA_a0.05,1.5622096823613523,1,100
FD001,cv,2,10,50,CNA_a0.10,4.052509393316968,6,100
FD001,cv,2,10,50,CNA_a0.20,9.021026890004475,16,100
FD001,cv,2,10,50,KAM_P1_heur,1.0523860782203085,0,100
FD001,cv,2,10,50,KAM_P1_opt,1.0721708705415427,0,100
FD001,cv,2,10,50,LBall_a0.05,7.538534774810682,13,100
FD001,cv,2,10,50,LBall_a0.10,18.31233230134159,35,100
FD001,cv,2,10,50,LBall_a0.20,34.77443119891008,69,100
FD001,cv,2,10,50,LBnear_a0.05,1.0521703479731461,0,100
FD001,cv,2,10,50,LBnear_a0.10,2.0493738656987297,2,100
FD001,cv,2,10,50,LBnear_a0.20,9.011620655412116,16,100
FD001,cv,2,10,50,STW_cost_1se,1.069211540464535,0,100
FD001,cv,2,10,50,STW_cost_plain,1.5417392399959682,1,100
FD001,cv,2,10,50,STW_window,1.5964507880179521,1,100
FD001,cv,2,10,50,age,2.3836052672588437,1,100
FD001,cv,2,10,50,perfect,1.0,0,100
FD001,cv,2,15,5,CNA_DA,1.146212457999483,2,100
FD001,cv,2,15,5,CNA_a0.05,1.146212457999483,2,100
FD001,cv,2,15,5,CNA_a0.10,1.207644642766594,4,100
FD001,cv,2,15,5,CNA_a0.20,1.4786016504126032,11,100
FD001,cv,2,15,5,KAM_P1_heur,1.756182613885021,18,100
FD001,cv,2,15,5,KAM_P1_opt,1.0659916926272068,0,100
FD001,cv,2,15,5,LBall_a0.05,1.4350891207748764,10,100
FD001,cv,2,15,5,LBall_a0.10,2.3037885722722575,32,100
FD001,cv,2,15,5,LBall_a0.20,3.763115920834552,69,100
FD001,cv,2,15,5,LBnear_a0.05,1.1347737973387924,2,100
FD001,cv,2,15,5,LBnear_a0.10,1.3276588865312722,7,100
FD001,cv,2,15,5,LBnear_a0.20,1.5917876845087222,14,100
FD001,cv,2,15,5,STW_cost_1se,1.0886579352033512,0,100
FD001,cv,2,15,5,STW_cost_plain,1.2550789607743251,5,100
FD001,cv,2,15,5,STW_window,1.1146036916395223,0,100
FD001,cv,2,15,5,age,1.6890495078595564,3,100
FD001,cv,2,15,5,perfect,1.0,0,100
FD001,cv,2,15,10,CNA_DA,1.2523432411475834,2,100
FD001,cv,2,15,10,CNA_a0.05,1.2523432411475834,2,100
FD001,cv,2,15,10,CNA_a0.10,1.4158592363470413,4,100
FD001,cv,2,15,10,CNA_a0.20,2.0433453363340837,11,100
FD001,cv,2,15,10,KAM_P1_heur,2.506912875944553,16,100
FD001,cv,2,15,10,KAM_P1_opt,1.0659916926272068,0,100
FD001,cv,2,15,10,LBall_a0.05,1.9476209496230468,10,100
FD001,cv,2,15,10,LBall_a0.10,3.920482307200157,32,100
FD001,cv,2,15,10,LBall_a0.20,7.215974943940723,69,100
FD001,cv,2,15,10,LBnear_a0.05,1.2398454452405323,2,100
FD001,cv,2,15,10,LBnear_a0.10,1.6906906133171669,7,100
FD001,cv,2,15,10,LBnear_a0.20,2.3060513890959693,14,100
FD001,cv,2,15,10,STW_cost_1se,1.0886579352033512,0,100
FD001,cv,2,15,10,STW_cost_plain,1.5165537442689763,5,100
FD001,cv,2,15,10,STW_window,1.1146036916395223,0,100
FD001,cv,2,15,10,age,1.7437112357799596,1,100
FD001,cv,2,15,10,perfect,1.0,0,100
FD001,cv,2,15,20,CNA_DA,1.464604807443784,2,100
FD001,cv,2,15,20,CNA_a0.05,1.464604807443784,2,100
FD001,cv,2,15,20,CNA_a0.10,1.8322884235079357,4,100
FD001,cv,2,15,20,CNA_a0.20,3.172832708177044,11,100
FD001,cv,2,15,20,KAM_P1_heur,1.0659916926272068,0,100
FD001,cv,2,15,20,KAM_P1_opt,1.0659916926272068,0,100
FD001,cv,2,15,20,LBall_a0.05,2.9726846073193873,10,100
FD001,cv,2,15,20,LBall_a0.10,7.153869777055958,32,100
FD001,cv,2,15,20,LBall_a0.20,14.121692990153068,69,100
FD001,cv,2,15,20,LBnear_a0.05,1.4499887410440124,2,100
FD001,cv,2,15,20,LBnear_a0.10,2.416754066888956,7,100
FD001,cv,2,15,20,LBnear_a0.20,3.734578798270464,14,100
FD001,cv,2,15,20,STW_cost_1se,1.0886579352033512,0,100
FD001,cv,2,15,20,STW_cost_plain,2.039503311258278,5,100
FD001,cv,2,15,20,STW_window,1.1146036916395223,0,100
FD001,cv,2,15,20,age,1.9036847436496807,1,100
FD001,cv,2,15,20,perfect,1.0,0,100
FD001,cv,2,15,50,CNA_DA,2.1013895063323855,2,100
FD001,cv,2,15,50,CNA_a0.05,2.1013895063323855,2,100
FD001,cv,2,15,50,CNA_a0.10,3.0815759849906192,4,100
FD001,cv,2,15,50,CNA_a0.20,6.561294823705927,11,100
FD001,cv,2,15,50,KAM_P1_heur,1.0659916926272068,0,100
FD001,cv,2,15,50,KAM_P1_opt,1.0659916926272068,0,100
FD001,cv,2,15,50,LBall_a0.05,6.047875580408408,10,100
FD001,cv,2,15,50,LBall_a0.10,16.854032186623357,32,100
FD001,cv,2,15,50,LBall_a0.20,34.83884712879009,69,100
FD001,cv,2,15,50,LBnear_a0.05,2.0804186284544524,2,100
FD001,cv,2,15,50,LBnear_a0.10,4.594944427604324,7,100
FD001,cv,2,15,50,LBnear_a0.20,8.020161025793946,14,100
FD001,cv,2,15,50,STW_cost_1se,1.0886579352033512,0,100
FD001,cv,2,15,50,STW_cost_plain,3.6083520122261845,5,100
FD001,cv,2,15,50,STW_window,1.1146036916395223,0,100
FD001,cv,2,15,50,age,2.3836052672588437,1,100
FD001,cv,2,15,50,perfect,1.0,0,100
FD002,cv,0,0,5,CNA_DA,1.0777688910003336,2,260
FD002,cv,0,0,5,CNA_a0.05,1.0807589814889085,3,260
FD002,cv,0,0,5,CNA_a0.10,1.3665073919611046,22,260
FD002,cv,0,0,5,CNA_a0.20,1.636615122402453,40,260
FD002,cv,0,0,5,KAM_P1_heur,2.2945939249215006,83,260
FD002,cv,0,0,5,KAM_P1_opt,1.0833373883056612,2,260
FD002,cv,0,0,5,LBall_a0.05,1.3951789753747699,24,260
FD002,cv,0,0,5,LBall_a0.10,2.840165842933931,119,260
FD002,cv,0,0,5,LBall_a0.20,4.824241461340936,250,260
FD002,cv,0,0,5,LBnear_a0.05,1.046046457062412,0,260
FD002,cv,0,0,5,LBnear_a0.10,1.126742426939095,6,260
FD002,cv,0,0,5,LBnear_a0.20,1.6080604423744467,38,260
FD002,cv,0,0,5,STW_cost_1se,1.0796824188273713,1,260
FD002,cv,0,0,5,STW_cost_plain,1.0868030722627018,3,260
FD002,cv,0,0,5,STW_window,1.0709224117223155,0,260
FD002,cv,0,0,5,age,1.6050602846410111,7,260
FD002,cv,0,0,5,perfect,1.0,0,260
FD002,cv,0,0,10,CNA_DA,1.117984148127212,2,260
FD002,cv,0,0,10,CNA_a0.05,1.1403596606151352,3,260
FD002,cv,0,0,10,CNA_a0.10,1.798449383672948,22,260
FD002,cv,0,0,10,CNA_a0.20,2.4159556568798117,40,260
FD002,cv,0,0,10,KAM_P1_heur,3.0821750758567843,59,260
FD002,cv,0,0,10,KAM_P1_opt,1.1237604251827382,2,260
FD002,cv,0,0,10,LBall_a0.05,1.8654640232539057,24,260
FD002,cv,0,0,10,LBall_a0.10,5.136223827371008,119,260
FD002,cv,0,0,10,LBall_a0.20,9.61019529203631,250,260
FD002,cv,0,0,10,LBnear_a0.05,1.046046457062412,0,260
FD002,cv,0,0,10,LBnear_a0.10,1.2457645142918163,6,260
FD002,cv,0,0,10,LBnear_a0.20,2.3496417143432446,38,260
FD002,cv,0,0,10,STW_cost_1se,1.1001309494869809,1,260
FD002,cv,0,0,10,STW_cost_plain,1.1467370652183655,3,260
FD002,cv,0,0,10,STW_window,1.0709224117223155,0,260
FD002,cv,0,0,10,age,1.673648054594172,1,260
FD002,cv,0,0,10,perfect,1.0,0,260
FD002,cv,0,0,20,CNA_DA,1.1984146623809682,2,260
FD002,cv,0,0,20,CNA_a0.05,1.259561018867588,3,260
FD002,cv,0,0,20,CNA_a0.10,2.6623333670966347,22,260
FD002,cv,0,0,20,CNA_a0.20,3.9746367258345288,40,260
FD002,cv,0,0,20,KAM_P1_heur,2.668240045313776,22,260
FD002,cv,0,0,20,KAM_P1_opt,1.2046064989368919,2,260
FD002,cv,0,0,20,LBall_a0.05,2.806034119012178,24,260
FD002,cv,0,0,20,LBall_a0.10,9.728339796245164,119,260
FD002,cv,0,0,20,LBall_a0.20,19.18210295342706,250,260
FD002,cv,0,0,20,LBnear_a0.05,1.046046457062412,0,260
FD002,cv,0,0,20,LBnear_a0.10,1.483808688997259,6,260
FD002,cv,0,0,20,LBnear_a0.20,3.832804258280842,38,260
FD002,cv,0,0,20,STW_cost_1se,1.1410280108061992,1,260
FD002,cv,0,0,20,STW_cost_plain,1.266605051129693,3,260
FD002,cv,0,0,20,STW_window,1.0709224117223155,0,260
FD002,cv,0,0,20,age,1.7358654543932122,1,260
FD002,cv,0,0,20,perfect,1.0,0,260
FD002,cv,0,0,50,CNA_DA,1.4397062051422367,2,260
FD002,cv,0,0,50,CNA_a0.05,1.6171650936249478,3,260
FD002,cv,0,0,50,CNA_a0.10,5.253985317367696,22,260
FD002,cv,0,0,50,CNA_a0.20,8.65067993269868,40,260
FD002,cv,0,0,50,KAM_P1_heur,2.3885674916851523,7,260
FD002,cv,0,0,50,KAM_P1_opt,1.4471447201993535,2,260
FD002,cv,0,0,50,LBall_a0.05,5.627744406286993,24,260
FD002,cv,0,0,50,LBall_a0.10,23.504687702867628,119,260
FD002,cv,0,0,50,LBall_a0.20,47.89782593759929,250,260
FD002,cv,0,0,50,LBnear_a0.05,1.046046457062412,0,260
FD002,cv,0,0,50,LBnear_a0.10,2.197941213113587,6,260
FD002,cv,0,0,50,LBnear_a0.20,8.282291890093632,38,260
FD002,cv,0,0,50,STW_cost_1se,1.263719194763855,1,260
FD002,cv,0,0,50,STW_cost_plain,1.626209008863675,3,260
FD002,cv,0,0,50,STW_window,1.0709224117223155,0,260
FD002,cv,0,0,50,age,1.9225176537903315,1,260
FD002,cv,0,0,50,perfect,1.0,0,260
FD002,cv,0,5,5,CNA_DA,1.098190577964536,3,260
FD002,cv,0,5,5,CNA_a0.05,1.2221014782972435,12,260
FD002,cv,0,5,5,CNA_a0.10,1.2891041190687833,17,260
FD002,cv,0,5,5,CNA_a0.20,1.8086180541692107,51,260
FD002,cv,0,5,5,KAM_P1_heur,2.0387448764977787,66,260
FD002,cv,0,5,5,KAM_P1_opt,1.0743016224357074,1,260
FD002,cv,0,5,5,LBall_a0.05,1.3825309775833738,23,260
FD002,cv,0,5,5,LBall_a0.10,2.432480498813349,92,260
FD002,cv,0,5,5,LBall_a0.20,4.145864247315686,205,260
FD002,cv,0,5,5,LBnear_a0.05,1.078759816837635,2,260
FD002,cv,0,5,5,LBnear_a0.10,1.1438912629662736,7,260
FD002,cv,0,5,5,LBnear_a0.20,1.4712060663152164,29,260
FD002,cv,0,5,5,STW_cost_1se,1.063281327635894,0,260
FD002,cv,0,5,5,STW_cost_plain,1.1350367918960713,6,260
FD002,cv,0,5,5,STW_window,1.060835597152545,0,260
FD002,cv,0,5,5,age,1.6050602846410111,7,260
FD002,cv,0,5,5,perfect,1.0,0,260
FD002,cv,0,5,10,CNA_DA,1.158752558366992,3,260
FD002,cv,0,5,10,CNA_a0.05,1.4601731948486547,12,260
FD002,cv,0,5,10,CNA_a0.10,1.6231707352908766,17,260
FD002,cv,0,5,10,CNA_a0.20,2.8025784072147895,51,260
FD002,cv,0,5,10,KAM_P1_heur,1.8363132224079308,23,260
FD002,cv,0,5,10,KAM_P1_opt,1.0946482440727472,1,260
FD002,cv,0,5,10,LBall_a0.05,1.8342101321915787,23,260
FD002,cv,0,5,10,LBall_a0.10,4.214233730428223,92,260
FD002,cv,0,5,10,LBall_a0.20,8.080596519073628,205,260
FD002,cv,0,5,10,LBnear_a0.05,1.1190120488091888,2,260
FD002,cv,0,5,10,LBnear_a0.10,1.2829058261739803,7,260
FD002,cv,0,5,10,LBnear_a0.20,2.0385594695484786,29,260
FD002,cv,0,5,10,STW_cost_1se,1.063281327635894,0,260
FD002,cv,0,5,10,STW_cost_plain,1.2549350445611493,6,260
FD002,cv,0,5,10,STW_window,1.060835597152545,0,260
FD002,cv,0,5,10,age,1.673648054594172,1,260
FD002,cv,0,5,10,perfect,1.0,0,260
FD002,cv,0,5,20,CNA_DA,1.2798765191719041,3,260
FD002,cv,0,5,20,CNA_a0.05,1.9363166279514767,12,260
FD002,cv,0,5,20,CNA_a0.10,2.291303967735063,17,260
FD002,cv,0,5,20,CNA_a0.20,4.790499113305948,51,260
FD002,cv,0,5,20,KAM_P1_heur,1.6399771431632613,8,260
FD002,cv,0,5,20,KAM_P1_opt,1.1353414873468268,1,260
FD002,cv,0,5,20,LBall_a0.05,2.7375684414079875,23,260
FD002,cv,0,5,20,LBall_a0.10,7.777740193657969,92,260
FD002,cv,0,5,20,LBall_a0.20,15.950061062589512,205,260
FD002,cv,0,5,20,LBnear_a0.05,1.1995165127522958,2,260
FD002,cv,0,5,20,LBnear_a0.10,1.560934952589394,7,260
FD002,cv,0,5,20,LBnear_a0.20,3.173266276015002,29,260
FD002,cv,0,5,20,STW_cost_1se,1.063281327635894,0,260
FD002,cv,0,5,20,STW_cost_plain,1.4947315498913052,6,260
FD002,cv,0,5,20,STW_window,1.060835597152545,0,260
FD002,cv,0,5,20,age,1.7358654543932122,1,260
FD002,cv,0,5,20,perfect,1.0,0,260
FD002,cv,0,5,50,CNA_DA,1.6432484015866404,3,260
FD002,cv,0,5,50,CNA_a0.05,3.3647469272599433,12,260
FD002,cv,0,5,50,CNA_a0.10,4.295703665067623,17,260
FD002,cv,0,5,50,CNA_a0.20,10.754261231579424,51,260
FD002,cv,0,5,50,KAM_P1_heur,1.8398928443754612,4,260
FD002,cv,0,5,50,KAM_P1_opt,1.2574212171690664,1,260
FD002,cv,0,5,50,LBall_a0.05,5.447643369057215,23,260
FD002,cv,0,5,50,LBall_a0.10,18.46825958334721,92,260
FD002,cv,0,5,50,LBall_a0.20,39.558454693137165,205,260
FD002,cv,0,5,50,LBnear_a0.05,1.4410299045816173,2,260
FD002,cv,0,5,50,LBnear_a0.10,2.395022331835635,7,260
FD002,cv,0,5,50,LBnear_a0.20,6.577386695414572,29,260
FD002,cv,0,5,50,STW_cost_1se,1.063281327635894,0,260
FD002,cv,0,5,50,STW_cost_plain,2.214121065881773,6,260
FD002,cv,0,5,50,STW_window,1.060835597152545,0,260
FD002,cv,0,5,50,age,1.9225176537903315,1,260
FD002,cv,0,5,50,perfect,1.0,0,260
FD002,cv,0,10,5,CNA_DA,1.086838981393466,2,260
FD002,cv,0,10,5,CNA_a0.05,1.1781676308835083,9,260
FD002,cv,0,10,5,CNA_a0.10,1.340927889314986,20,260
FD002,cv,0,10,5,CNA_a0.20,1.7033493647555047,44,260
FD002,cv,0,10,5,KAM_P1_heur,1.3196382819715071,19,260
FD002,cv,0,10,5,KAM_P1_opt,1.0791462024407315,1,260
FD002,cv,0,10,5,LBall_a0.05,1.4303725913335752,26,260
FD002,cv,0,10,5,LBall_a0.10,2.436378851737651,92,260
FD002,cv,0,10,5,LBall_a0.20,3.797799364842144,182,260
FD002,cv,0,10,5,LBnear_a0.05,1.0948178755381275,3,260
FD002,cv,0,10,5,LBnear_a0.10,1.160988798649179,8,260
FD002,cv,0,10,5,LBnear_a0.20,1.5967490903451493,37,260
FD002,cv,0,10,5,STW_cost_1se,1.0877465266011521,1,260
FD002,cv,0,10,5,STW_cost_plain,1.0944967266775776,3,260
FD002,cv,0,10,5,STW_window,1.0949965861861972,2,260
FD002,cv,0,10,5,age,1.6050602846410111,7,260
FD002,cv,0,10,5,perfect,1.0,0,260
FD002,cv,0,10,10,CNA_DA,1.1606057768392664,2,260
FD002,cv,0,10,10,CNA_a0.05,1.3572809531462038,9,260
FD002,cv,0,10,10,CNA_a0.10,1.7353184449958643,20,260
FD002,cv,0,10,10,CNA_a0.20,2.5628375763293834,44,260
FD002,cv,0,10,10,KAM_P1_heur,1.6304580465868619,17,260
FD002,cv,0,10,10,KAM_P1_opt,1.0995845774869575,1,260
FD002,cv,0,10,10,LBall_a0.05,1.9412199453812806,26,260
FD002,cv,0,10,10,LBall_a0.10,4.220987564793892,92,260
FD002,cv,0,10,10,LBall_a0.20,7.295772464038857,182,260
FD002,cv,0,10,10,LBnear_a0.05,1.15519386132148,3,260
FD002,cv,0,10,10,LBnear_a0.10,1.3200283601079705,8,260
FD002,cv,0,10,10,LBnear_a0.20,2.320765221996749,37,260
FD002,cv,0,10,10,STW_cost_1se,1.108347786574659,1,260
FD002,cv,0,10,10,STW_cost_plain,1.1548550020458264,3,260
FD002,cv,0,10,10,STW_window,1.1805096772964527,2,260
FD002,cv,0,10,10,age,1.673648054594172,1,260
FD002,cv,0,10,10,perfect,1.0,0,260
FD002,cv,0,10,20,CNA_DA,1.2441025953169114,2,260
FD002,cv,0,10,20,CNA_a0.05,1.7155075976715948,9,260
FD002,cv,0,10,20,CNA_a0.10,2.524099556357621,20,260
FD002,cv,0,10,20,CNA_a0.20,4.281813999477141,44,260
FD002,cv,0,10,20,KAM_P1_heur,1.7179667732600592,9,260
FD002,cv,0,10,20,KAM_P1_opt,1.1404613275794093,1,260
FD002,cv,0,10,20,LBall_a0.05,2.9629146534766915,26,260
FD002,cv,0,10,20,LBall_a0.10,7.790204990906375,92,260
FD002,cv,0,10,20,LBall_a0.20,14.291718662432281,182,260
FD002,cv,0,10,20,LBnear_a0.05,1.2759458328881854,3,260
FD002,cv,0,10,20,LBnear_a0.10,1.638107483025554,8,260
FD002,cv,0,10,20,LBnear_a0.20,3.768797485299948,37,260
FD002,cv,0,10,20,STW_cost_1se,1.1495503065216721,1,260
FD002,cv,0,10,20,STW_cost_plain,1.2755715527823241,3,260
FD002,cv,0,10,20,STW_window,1.2654384310587876,2,260
FD002,cv,0,10,20,age,1.7358654543932122,1,260
FD002,cv,0,10,20,perfect,1.0,0,260
FD002,cv,0,10,50,CNA_DA,1.4945930507498466,2,260
FD002,cv,0,10,50,CNA_a0.05,2.790187531247768,9,260
FD002,cv,0,10,50,CNA_a0.10,4.89044289044289,20,260
FD002,cv,0,10,50,CNA_a0.20,9.438743268920412,44,260
FD002,cv,0,10,50,KAM_P1_heur,2.2304972523709683,6,260
FD002,cv,0,10,50,KAM_P1_opt,1.263091577856765,1,260
FD002,cv,0,10,50,LBall_a0.05,6.027998777762924,26,260
FD002,cv,0,10,50,LBall_a0.10,18.497857269243823,92,260
FD002,cv,0,10,50,LBall_a0.20,35.27955725761255,182,260
FD002,cv,0,10,50,LBnear_a0.05,1.638201747588301,3,260
FD002,cv,0,10,50,LBnear_a0.10,2.5923448517783036,8,260
FD002,cv,0,10,50,LBnear_a0.20,8.112894275209547,37,260
FD002,cv,0,10,50,STW_cost_1se,1.273157866362712,1,260
FD002,cv,0,10,50,STW_cost_plain,1.6377212049918166,3,260
FD002,cv,0,10,50,STW_window,1.5202246923457918,2,260
FD002,cv,0,10,50,age,1.9225176537903315,1,260
FD002,cv,0,10,50,perfect,1.0,0,260
FD002,cv,0,15,5,CNA_DA,1.097459064578154,2,260
FD002,cv,0,15,5,CNA_a0.05,1.2193979672321908,11,260
FD002,cv,0,15,5,CNA_a0.10,1.2996542683197796,17,260
FD002,cv,0,15,5,CNA_a0.20,1.7089952889286157,44,260
FD002,cv,0,15,5,KAM_P1_heur,1.5562087912087912,34,260
FD002,cv,0,15,5,KAM_P1_opt,1.10329964941225,2,260
FD002,cv,0,15,5,LBall_a0.05,1.556149350821059,34,260
FD002,cv,0,15,5,LBall_a0.10,2.4864968497006563,95,260
FD002,cv,0,15,5,LBall_a0.20,3.814956761769209,183,260
FD002,cv,0,15,5,LBnear_a0.05,1.1721549836651572,8,260
FD002,cv,0,15,5,LBnear_a0.10,1.3024382206110916,17,260
FD002,cv,0,15,5,LBnear_a0.20,1.7705976592703672,48,260
FD002,cv,0,15,5,STW_cost_1se,1.118811967719432,2,260
FD002,cv,0,15,5,STW_cost_plain,1.1072722790207852,3,260
FD002,cv,0,15,5,STW_window,1.1335989469628869,1,260
FD002,cv,0,15,5,age,1.6050602846410111,7,260
FD002,cv,0,15,5,perfect,1.0,0,260
FD002,cv,0,15,10,CNA_DA,1.1560086680895847,2,260
FD002,cv,0,15,10,CNA_a0.05,1.4400127310406463,11,260
FD002,cv,0,15,10,CNA_a0.10,1.6364549171221614,17,260
FD002,cv,0,15,10,CNA_a0.20,2.571332361323789,44,260
FD002,cv,0,15,10,KAM_P1_heur,1.7769099836963436,21,260
FD002,cv,0,15,10,KAM_P1_opt,1.1900386311699451,2,260
FD002,cv,0,15,10,LBall_a0.05,2.224193264052322,34,260
FD002,cv,0,15,10,LBall_a0.10,4.331943730337862,95,260
FD002,cv,0,15,10,LBall_a0.20,7.3337928877962515,183,260
FD002,cv,0,15,10,LBnear_a0.05,1.3327241595096995,8,260
FD002,cv,0,15,10,LBnear_a0.10,1.6399603204645754,17,260
FD002,cv,0,15,10,LBnear_a0.20,2.710738009325429,48,260
FD002,cv,0,15,10,STW_cost_1se,1.1605586829328434,2,260
FD002,cv,0,15,10,STW_cost_plain,1.168335088525608,3,260
FD002,cv,0,15,10,STW_window,1.155068623988699,1,260
FD002,cv,0,15,10,age,1.673648054594172,1,260
FD002,cv,0,15,10,perfect,1.0,0,260
FD002,cv,0,15,20,CNA_DA,1.262000588939339,2,260
FD002,cv,0,15,20,CNA_a0.05,1.8812422586575572,11,260
FD002,cv,0,15,20,CNA_a0.10,2.3100562147269255,17,260
FD002,cv,0,15,20,CNA_a0.20,4.296006506114136,44,260
FD002,cv,0,15,20,KAM_P1_heur,1.5009411344623547,6,260
FD002,cv,0,15,20,KAM_P1_opt,1.2756529211821714,2,260
FD002,cv,0,15,20,LBall_a0.05,3.5602810905148474,34,260
FD002,cv,0,15,20,LBall_a0.10,8.022837491612274,95,260
FD002,cv,0,15,20,LBall_a0.20,14.371465139850336,183,260
FD002,cv,0,15,20,LBnear_a0.05,1.6538625111987837,8,260
FD002,cv,0,15,20,LBnear_a0.10,2.3150045201715437,17,260
FD002,cv,0,15,20,LBnear_a0.20,4.591018709435554,48,260
FD002,cv,0,15,20,STW_cost_1se,1.2440521133596667,2,260
FD002,cv,0,15,20,STW_cost_plain,1.2904607075352534,3,260
FD002,cv,0,15,20,STW_window,1.1980079780403234,1,260
FD002,cv,0,15,20,age,1.7358654543932122,1,260
FD002,cv,0,15,20,perfect,1.0,0,260
FD002,cv,0,15,50,CNA_DA,1.5160946672492732,2,260
FD002,cv,0,15,50,CNA_a0.05,3.2049308415082907,11,260
FD002,cv,0,15,50,CNA_a0.10,4.330860107541217,17,260
FD002,cv,0,15,50,CNA_a0.20,9.470028940485173,44,260
FD002,cv,0,15,50,KAM_P1_heur,1.8420601013922175,4,260
FD002,cv,0,15,50,KAM_P1_opt,1.5324957912188502,2,260
FD002,cv,0,15,50,LBall_a0.05,7.568544569902425,34,260
FD002,cv,0,15,50,LBall_a0.10,19.095518775435508,95,260
FD002,cv,0,15,50,LBall_a0.20,35.484481896012596,183,260
FD002,cv,0,15,50,LBnear_a0.05,2.617277566266037,8,260
FD002,cv,0,15,50,LBnear_a0.10,4.340137119292448,17,260
FD002,cv,0,15,50,LBnear_a0.20,10.231860809765926,48,260
FD002,cv,0,15,50,STW_cost_1se,1.4945324046401365,2,260
FD002,cv,0,15,50,STW_cost_plain,1.6568375645641895,3,260
FD002,cv,0,15,50,STW_window,1.326826040195197,1,260
FD002,cv,0,15,50,age,1.9225176537903315,1,260
FD002,cv,0,15,50,perfect,1.0,0,260
FD002,cv,1,0,5,CNA_DA,1.1539369247245792,7,260
FD002,cv,1,0,5,CNA_a0.05,1.2800826523182085,16,260
FD002,cv,1,0,5,CNA_a0.10,1.5186792701306682,32,260
FD002,cv,1,0,5,CNA_a0.20,1.8358712626831033,53,260
FD002,cv,1,0,5,KAM_P1_heur,2.3392552524551995,86,260
FD002,cv,1,0,5,KAM_P1_opt,1.0859828487548608,2,260
FD002,cv,1,0,5,LBall_a0.05,1.456081018792883,28,260
FD002,cv,1,0,5,LBall_a0.10,2.73273105060387,112,260
FD002,cv,1,0,5,LBall_a0.20,4.808568508855041,249,260
FD002,cv,1,0,5,LBnear_a0.05,1.0763804473165808,2,260
FD002,cv,1,0,5,LBnear_a0.10,1.1726329196410057,9,260
FD002,cv,1,0,5,LBnear_a0.20,1.6536738139604057,41,260
FD002,cv,1,0,5,STW_cost_1se,1.0769425970631339,1,260
FD002,cv,1,0,5,STW_cost_plain,1.1780309049196134,9,260
FD002,cv,1,0,5,STW_window,1.0720119499232637,1,260
FD002,cv,1,0,5,age,1.6050602846410111,7,260
FD002,cv,1,0,5,perfect,1.0,0,260
FD002,cv,1,0,10,CNA_DA,1.29417231488208,7,260
FD002,cv,1,0,10,CNA_a0.05,1.5961524430140623,16,260
FD002,cv,1,0,10,CNA_a0.10,2.1449387629680574,32,260
FD002,cv,1,0,10,CNA_a0.20,2.866604069062388,53,260
FD002,cv,1,0,10,KAM_P1_heur,4.004619091123637,86,260
FD002,cv,1,0,10,KAM_P1_opt,1.1265045968427287,2,260
FD002,cv,1,0,10,LBall_a0.05,2.004068498983753,28,260
FD002,cv,1,0,10,LBall_a0.10,4.894213237522185,112,260
FD002,cv,1,0,10,LBall_a0.20,9.57502375847648,249,260
FD002,cv,1,0,10,LBnear_a0.05,1.116543896843319,2,260
FD002,cv,1,0,10,LBnear_a0.10,1.3509048162080506,9,260
FD002,cv,1,0,10,LBnear_a0.20,2.453209502313903,41,260
FD002,cv,1,0,10,STW_cost_1se,1.0973392371590265,1,260
FD002,cv,1,0,10,STW_cost_plain,1.3571234411405004,9,260
FD002,cv,1,0,10,STW_window,1.092315206550598,1,260
FD002,cv,1,0,10,age,1.673648054594172,1,260
FD002,cv,1,0,10,perfect,1.0,0,260
FD002,cv,1,0,20,CNA_DA,1.574643095197082,7,260
FD002,cv,1,0,20,CNA_a0.05,2.2282920244057705,16,260
FD002,cv,1,0,20,CNA_a0.10,3.397457748642835,32,260
FD002,cv,1,0,20,CNA_a0.20,4.928069681820958,53,260
FD002,cv,1,0,20,KAM_P1_heur,3.177495847577534,29,260
FD002,cv,1,0,20,KAM_P1_opt,1.2075480930184646,2,260
FD002,cv,1,0,20,LBall_a0.05,3.100043459365493,28,260
FD002,cv,1,0,20,LBall_a0.10,9.217177611358816,112,260
FD002,cv,1,0,20,LBall_a0.20,19.107934257719357,249,260
FD002,cv,1,0,20,LBnear_a0.05,1.1968707958967952,2,260
FD002,cv,1,0,20,LBnear_a0.10,1.7074486093421402,9,260
FD002,cv,1,0,20,LBnear_a0.20,4.052280879020899,41,260
FD002,cv,1,0,20,STW_cost_1se,1.138132517350812,1,260
FD002,cv,1,0,20,STW_cost_plain,1.7153085135822745,9,260
FD002,cv,1,0,20,STW_window,1.132921719805267,1,260
FD002,cv,1,0,20,age,1.7358654543932122,1,260
FD002,cv,1,0,20,perfect,1.0,0,260
FD002,cv,1,0,50,CNA_DA,2.416055436142088,7,260
FD002,cv,1,0,50,CNA_a0.05,4.1247107685808935,16,260
FD002,cv,1,0,50,CNA_a0.10,7.155014705667169,32,260
FD002,cv,1,0,50,CNA_a0.20,11.112466520096666,53,260
FD002,cv,1,0,50,KAM_P1_heur,3.946880991889956,15,260
FD002,cv,1,0,50,KAM_P1_opt,1.4506785815456722,2,260
FD002,cv,1,0,50,LBall_a0.05,6.387968340510713,28,260
FD002,cv,1,0,50,LBall_a0.10,22.186070732868703,112,260
FD002,cv,1,0,50,LBall_a0.20,47.706665755447986,249,260
FD002,cv,1,0,50,LBnear_a0.05,1.437851493057224,2,260
FD002,cv,1,0,50,LBnear_a0.10,2.777079988744409,9,260
FD002,cv,1,0,50,LBnear_a0.20,8.849495009141886,41,260
FD002,cv,1,0,50,STW_cost_1se,1.2605123579261681,1,260
FD002,cv,1,0,50,STW_cost_plain,2.7898637309075975,9,260
FD002,cv,1,0,50,STW_window,1.2547412595692744,1,260
FD002,cv,1,0,50,age,1.9225176537903315,1,260
FD002,cv,1,0,50,perfect,1.0,0,260
FD002,cv,1,5,5,CNA_DA,1.229594087570107,12,260
FD002,cv,1,5,5,CNA_a0.05,1.328156166185174,19,260
FD002,cv,1,5,5,CNA_a0.10,1.4444358685779435,27,260
FD002,cv,1,5,5,CNA_a0.20,1.7306603794205375,46,260
FD002,cv,1,5,5,KAM_P1_heur,1.8239331780214785,52,260
FD002,cv,1,5,5,KAM_P1_opt,1.1095507610551374,4,260
FD002,cv,1,5,5,LBall_a0.05,1.365100635709729,22,260
FD002,cv,1,5,5,LBall_a0.10,2.4784944602007446,95,260
FD002,cv,1,5,5,LBall_a0.20,4.294367479162038,215,260
FD002,cv,1,5,5,LBnear_a0.05,1.0916361344916055,3,260
FD002,cv,1,5,5,LBnear_a0.10,1.125830717658252,6,260
FD002,cv,1,5,5,LBnear_a0.20,1.5490787686107166,34,260
FD002,cv,1,5,5,STW_cost_1se,1.078974725667611,1,260
FD002,cv,1,5,5,STW_cost_plain,1.2098461776507536,11,260
FD002,cv,1,5,5,STW_window,1.073876871374153,1,260
FD002,cv,1,5,5,age,1.6050602846410111,7,260
FD002,cv,1,5,5,perfect,1.0,0,260
FD002,cv,1,5,10,CNA_DA,1.4820359254391313,12,260
FD002,cv,1,5,10,CNA_a0.05,1.703676510791101,19,260
FD002,cv,1,5,10,CNA_a0.10,1.9743240268877869,27,260
FD002,cv,1,5,10,CNA_a0.20,2.627173639030276,46,260
FD002,cv,1,5,10,KAM_P1_heur,1.6915879369262168,19,260
FD002,cv,1,5,10,KAM_P1_opt,1.2009337062495828,4,260
FD002,cv,1,5,10,LBall_a0.05,1.7965979630892412,22,260
FD002,cv,1,5,10,LBall_a0.10,4.318002067380984,95,260
FD002,cv,1,5,10,LBall_a0.20,8.416193407822028,215,260
FD002,cv,1,5,10,LBnear_a0.05,1.1518366566143043,3,260
FD002,cv,1,5,10,LBnear_a0.10,1.2447564976925745,6,260
FD002,cv,1,5,10,LBnear_a0.20,2.214087330893095,34,260
FD002,cv,1,5,10,STW_cost_1se,1.0994098530476792,1,260
FD002,cv,1,5,10,STW_cost_plain,1.4287328216336204,11,260
FD002,cv,1,5,10,STW_window,1.094215448483512,1,260
FD002,cv,1,5,10,age,1.673648054594172,1,260
FD002,cv,1,5,10,perfect,1.0,0,260
FD002,cv,1,5,20,CNA_DA,1.9653085098214567,12,260
FD002,cv,1,5,20,CNA_a0.05,2.454717200002955,19,260
FD002,cv,1,5,20,CNA_a0.10,3.0341003435074736,27,260
FD002,cv,1,5,20,CNA_a0.20,4.420200158249751,46,260
FD002,cv,1,5,20,KAM_P1_heur,2.0090328730718126,13,260
FD002,cv,1,5,20,KAM_P1_opt,1.3632220449319588,4,260
FD002,cv,1,5,20,LBall_a0.05,2.6595926178482654,22,260
FD002,cv,1,5,20,LBall_a0.10,7.997017281741464,95,260
FD002,cv,1,5,20,LBall_a0.20,16.65984526514201,215,260
FD002,cv,1,5,20,LBnear_a0.05,1.2722377008597021,3,260
FD002,cv,1,5,20,LBnear_a0.10,1.4826080577612193,6,260
FD002,cv,1,5,20,LBnear_a0.20,3.5441044554578514,34,260
FD002,cv,1,5,20,STW_cost_1se,1.140280107807816,1,260
FD002,cv,1,5,20,STW_cost_plain,1.8665061095993534,11,260
FD002,cv,1,5,20,STW_window,1.13489260270223,1,260
FD002,cv,1,5,20,age,1.7358654543932122,1,260
FD002,cv,1,5,20,perfect,1.0,0,260
FD002,cv,1,5,50,CNA_DA,3.4151262629684327,12,260
FD002,cv,1,5,50,CNA_a0.05,4.707839267638518,19,260
FD002,cv,1,5,50,CNA_a0.10,6.213429293366534,27,260
FD002,cv,1,5,50,CNA_a0.20,9.79927971590818,46,260
FD002,cv,1,5,50,KAM_P1_heur,2.215799538874219,6,260
FD002,cv,1,5,50,KAM_P1_opt,1.8500870609790872,4,260
FD002,cv,1,5,50,LBall_a0.05,5.248576582125338,22,260
FD002,cv,1,5,50,LBall_a0.10,19.0340629248229,95,260
FD002,cv,1,5,50,LBall_a0.20,41.39080083710196,215,260
FD002,cv,1,5,50,LBnear_a0.05,1.6334408335958948,3,260
FD002,cv,1,5,50,LBnear_a0.10,2.1961627379671538,6,260
FD002,cv,1,5,50,LBnear_a0.20,7.534155829152121,34,260
FD002,cv,1,5,50,STW_cost_1se,1.2628908720882264,1,260
FD002,cv,1,5,50,STW_cost_plain,3.1798259734965533,11,260
FD002,cv,1,5,50,STW_window,1.2569240653583837,1,260
FD002,cv,1,5,50,age,1.9225176537903315,1,260
FD002,cv,1,5,50,perfect,1.0,0,260
FD002,cv,1,10,5,CNA_DA,1.0793721486968697,2,260
FD002,cv,1,10,5,CNA_a0.05,1.2329089128305581,13,260
FD002,cv,1,10,5,CNA_a0.10,1.3835609433546396,23,260
FD002,cv,1,10,5,CNA_a0.20,1.7343400491529655,46,260
FD002,cv,1,10,5,KAM_P1_heur,1.4909682160411524,30,260
FD002,cv,1,10,5,KAM_P1_opt,1.0767291339807246,1,260
FD002,cv,1,10,5,LBall_a0.05,1.5057151401080053,31,260
FD002,cv,1,10,5,LBall_a0.10,2.588536288570187,102,260
FD002,cv,1,10,5,LBall_a0.20,3.8729414738825803,187,260
FD002,cv,1,10,5,LBnear_a0.05,1.0922326336869093,3,260
FD002,cv,1,10,5,LBnear_a0.10,1.172181559779712,9,260
FD002,cv,1,10,5,LBnear_a0.20,1.6421506363361305,40,260
FD002,cv,1,10,5,STW_cost_1se,1.0645296084049665,0,260
FD002,cv,1,10,5,STW_cost_plain,1.0899778884354718,3,260
FD002,cv,1,10,5,STW_window,1.1232952255972828,3,260
FD002,cv,1,10,5,age,1.6050602846410111,7,260
FD002,cv,1,10,5,perfect,1.0,0,260
FD002,cv,1,10,10,CNA_DA,1.1196472288721262,2,260
FD002,cv,1,10,10,CNA_a0.05,1.4897649363369245,13,260
FD002,cv,1,10,10,CNA_a0.10,1.8355765924619794,23,260
FD002,cv,1,10,10,CNA_a0.20,2.632759443984457,46,260
FD002,cv,1,10,10,KAM_P1_heur,1.6328703375250528,17,260
FD002,cv,1,10,10,KAM_P1_opt,1.097121731215208,1,260
FD002,cv,1,10,10,LBall_a0.05,2.113490782599518,31,260
FD002,cv,1,10,10,LBall_a0.10,4.564813993915688,102,260
FD002,cv,1,10,10,LBall_a0.20,7.465402067216124,187,260
FD002,cv,1,10,10,LBnear_a0.05,1.15246605098582,3,260
FD002,cv,1,10,10,LBnear_a0.10,1.3503848374489251,9,260
FD002,cv,1,10,10,LBnear_a0.20,2.4241271298295257,40,260
FD002,cv,1,10,10,STW_cost_1se,1.0645296084049665,0,260
FD002,cv,1,10,10,STW_cost_plain,1.1500869631653694,3,260
FD002,cv,1,10,10,STW_window,1.1218258707243303,1,260
FD002,cv,1,10,10,age,1.673648054594172,1,260
FD002,cv,1,10,10,perfect,1.0,0,260
FD002,cv,1,10,20,CNA_DA,1.2001973892226387,2,260
FD002,cv,1,10,20,CNA_a0.05,2.0034769833496573,13,260
FD002,cv,1,10,20,CNA_a0.10,2.739607890676658,23,260
FD002,cv,1,10,20,CNA_a0.20,4.429598233647439,46,260
FD002,cv,1,10,20,KAM_P1_heur,1.6357369413922946,8,260
FD002,cv,1,10,20,KAM_P1_opt,1.137906925684175,1,260
FD002,cv,1,10,20,LBall_a0.05,3.329042067582543,31,260
FD002,cv,1,10,20,LBall_a0.10,8.517369404606693,102,260
FD002,cv,1,10,20,LBall_a0.20,14.650323253883212,187,260
FD002,cv,1,10,20,LBnear_a0.05,1.2729328855836408,3,260
FD002,cv,1,10,20,LBnear_a0.10,1.706791392787351,9,260
FD002,cv,1,10,20,LBnear_a0.20,3.9880801168163167,40,260
FD002,cv,1,10,20,STW_cost_1se,1.0645296084049665,0,260
FD002,cv,1,10,20,STW_cost_plain,1.270305112625164,3,260
FD002,cv,1,10,20,STW_window,1.1635294346917777,1,260
FD002,cv,1,10,20,age,1.7358654543932122,1,260
FD002,cv,1,10,20,perfect,1.0,0,260
FD002,cv,1,10,50,CNA_DA,1.4418478702741766,2,260
FD002,cv,1,10,50,CNA_a0.05,3.5446131243878547,13,260
FD002,cv,1,10,50,CNA_a0.10,5.4517017853206955,23,260
FD002,cv,1,10,50,CNA_a0.20,9.820114602636385,46,260
FD002,cv,1,10,50,KAM_P1_heur,1.4380199057569922,2,260
FD002,cv,1,10,50,KAM_P1_opt,1.2602625090910753,1,260
FD002,cv,1,10,50,LBall_a0.05,6.975695922531618,31,260
FD002,cv,1,10,50,LBall_a0.10,20.3750356366797,102,260
FD002,cv,1,10,50,LBall_a0.20,36.20508681388448,187,260
FD002,cv,1,10,50,LBnear_a0.05,1.6343333893771035,3,260
FD002,cv,1,10,50,LBnear_a0.10,2.776011058802629,9,260
FD002,cv,1,10,50,LBnear_a0.20,8.67993907777669,40,260
FD002,cv,1,10,50,STW_cost_1se,1.0645296084049665,0,260
FD002,cv,1,10,50,STW_cost_plain,1.6309595610045482,3,260
FD002,cv,1,10,50,STW_window,1.2886401265941192,1,260
FD002,cv,1,10,50,age,1.9225176537903315,1,260
FD002,cv,1,10,50,perfect,1.0,0,260
FD002,cv,1,15,5,CNA_DA,1.1400195435574754,5,260
FD002,cv,1,15,5,CNA_a0.05,1.2432712977128801,13,260
FD002,cv,1,15,5,CNA_a0.10,1.4996326458351774,30,260
FD002,cv,1,15,5,CNA_a0.20,1.7093860429531027,44,260
FD002,cv,1,15,5,KAM_P1_heur,1.588314711769945,36,260
FD002,cv,1,15,5,KAM_P1_opt,1.1092473564171677,3,260
FD002,cv,1,15,5,LBall_a0.05,1.633214401556925,39,260
FD002,cv,1,15,5,LBall_a0.10,2.5890726312998344,102,260
FD002,cv,1,15,5,LBall_a0.20,3.9197066450218,190,260
FD002,cv,1,15,5,LBnear_a0.05,1.1378878656976639,6,260
FD002,cv,1,15,5,LBnear_a0.10,1.3790342579904447,22,260
FD002,cv,1,15,5,LBnear_a0.20,1.7854169197689074,49,260
FD002,cv,1,15,5,STW_cost_1se,1.1023953596730118,2,260
FD002,cv,1,15,5,STW_cost_plain,1.1401968553572395,6,260
FD002,cv,1,15,5,STW_window,1.1120434587695471,2,260
FD002,cv,1,15,5,age,1.6050602846410111,7,260
FD002,cv,1,15,5,perfect,1.0,0,260
FD002,cv,1,15,10,CNA_DA,1.2418070028036785,5,260
FD002,cv,1,15,10,CNA_a0.05,1.5022861514030637,13,260
FD002,cv,1,15,10,CNA_a0.10,2.0915929007701157,30,260
FD002,cv,1,15,10,CNA_a0.20,2.5719202848101728,44,260
FD002,cv,1,15,10,KAM_P1_heur,1.6060513018666032,16,260
FD002,cv,1,15,10,KAM_P1_opt,1.1704190856313497,3,260
FD002,cv,1,15,10,LBall_a0.05,2.398783652286734,39,260
FD002,cv,1,15,10,LBall_a0.10,4.565759819867074,102,260
FD002,cv,1,15,10,LBall_a0.20,7.5704138144048505,190,260
FD002,cv,1,15,10,LBnear_a0.05,1.2580872881305156,6,260
FD002,cv,1,15,10,LBnear_a0.10,1.8149358912632862,22,260
FD002,cv,1,15,10,LBnear_a0.20,2.7446869753465,49,260
FD002,cv,1,15,10,STW_cost_1se,1.1435295148846916,2,260
FD002,cv,1,15,10,STW_cost_plain,1.260640185148497,6,260
FD002,cv,1,15,10,STW_window,1.1670463515878184,2,260
FD002,cv,1,15,10,age,1.673648054594172,1,260
FD002,cv,1,15,10,perfect,1.0,0,260
FD002,cv,1,15,20,CNA_DA,1.4453819212960848,5,260
FD002,cv,1,15,20,CNA_a0.05,2.0203158587834307,13,260
FD002,cv,1,15,20,CNA_a0.10,3.275513410639993,30,260
FD002,cv,1,15,20,CNA_a0.20,4.296988768524313,44,260
FD002,cv,1,15,20,KAM_P1_heur,1.873390510834457,11,260
FD002,cv,1,15,20,KAM_P1_opt,1.292762544059714,3,260
FD002,cv,1,15,20,LBall_a0.05,3.929922153746351,39,260
FD002,cv,1,15,20,LBall_a0.10,8.519134197001552,102,260
FD002,cv,1,15,20,LBall_a0.20,14.871828153170949,190,260
FD002,cv,1,15,20,LBnear_a0.05,1.4984861329962194,6,260
FD002,cv,1,15,20,LBnear_a0.10,2.68673915780897,22,260
FD002,cv,1,15,20,LBnear_a0.20,4.663227086501685,49,260
FD002,cv,1,15,20,STW_cost_1se,1.2257978253080506,2,260
FD002,cv,1,15,20,STW_cost_plain,1.5015268447310124,6,260
FD002,cv,1,15,20,STW_window,1.2510065207667982,2,260
FD002,cv,1,15,20,age,1.7358654543932122,1,260
FD002,cv,1,15,20,perfect,1.0,0,260
FD002,cv,1,15,50,CNA_DA,2.056106676773304,5,260
FD002,cv,1,15,50,CNA_a0.05,3.574404980924531,13,260
FD002,cv,1,15,50,CNA_a0.10,6.827274940249623,30,260
FD002,cv,1,15,50,CNA_a0.20,9.472194219666735,44,260
FD002,cv,1,15,50,KAM_P1_heur,2.0372410938079684,5,260
FD002,cv,1,15,50,KAM_P1_opt,1.6597929193448062,3,260
FD002,cv,1,15,50,LBall_a0.05,8.523337658125202,39,260
FD002,cv,1,15,50,LBall_a0.10,20.379257328404986,102,260
FD002,cv,1,15,50,LBall_a0.20,36.77607116946924,190,260
FD002,cv,1,15,50,LBnear_a0.05,2.21968266759333,6,260
FD002,cv,1,15,50,LBnear_a0.10,5.30214895744602,22,260
FD002,cv,1,15,50,LBnear_a0.20,10.418847419967241,49,260
FD002,cv,1,15,50,STW_cost_1se,1.472602756578128,2,260
FD002,cv,1,15,50,STW_cost_plain,2.2241868234785587,6,260
FD002,cv,1,15,50,STW_window,1.5028870283037374,2,260
FD002,cv,1,15,50,age,1.9225176537903315,1,260
FD002,cv,1,15,50,perfect,1.0,0,260
FD002,cv,2,0,5,CNA_DA,1.1065457232399927,4,260
FD002,cv,2,0,5,CNA_a0.05,1.2779233762461348,16,260
FD002,cv,2,0,5,CNA_a0.10,1.3951524030678395,24,260
FD002,cv,2,0,5,CNA_a0.20,1.820967040447781,52,260
FD002,cv,2,0,5,KAM_P1_heur,2.217408014468999,78,260
FD002,cv,2,0,5,KAM_P1_opt,1.0851707711380654,2,260
FD002,cv,2,0,5,LBall_a0.05,1.501309285432409,31,260
FD002,cv,2,0,5,LBall_a0.10,3.111880337081078,137,260
FD002,cv,2,0,5,LBall_a0.20,4.839646566938578,251,260
FD002,cv,2,0,5,LBnear_a0.05,1.1057700919769884,4,260
FD002,cv,2,0,5,LBnear_a0.10,1.1694806806097129,9,260
FD002,cv,2,0,5,LBnear_a0.20,1.63711116972213,40,260
FD002,cv,2,0,5,STW_cost_1se,1.0622468429830831,0,260
FD002,cv,2,0,5,STW_cost_plain,1.113750390340377,5,260
FD002,cv,2,0,5,STW_window,1.0698794961685416,1,260
FD002,cv,2,0,5,age,1.6050602846410111,7,260
FD002,cv,2,0,5,perfect,1.0,0,260
FD002,cv,2,0,10,CNA_DA,1.186730195938543,4,260
FD002,cv,2,0,10,CNA_a0.05,1.5934600123562916,16,260
FD002,cv,2,0,10,CNA_a0.10,1.8654284939895833,24,260
FD002,cv,2,0,10,CNA_a0.20,2.8326153962521032,52,260
FD002,cv,2,0,10,KAM_P1_heur,3.0450301983087784,58,260
FD002,cv,2,0,10,KAM_P1_opt,1.1256622178223217,2,260
FD002,cv,2,0,10,LBall_a0.05,2.1073065230418453,31,260
FD002,cv,2,0,10,LBall_a0.10,5.750046216908477,137,260
FD002,cv,2,0,10,LBall_a0.20,9.644833625093575,251,260
FD002,cv,2,0,10,LBnear_a0.05,1.1858983595115529,4,260
FD002,cv,2,0,10,LBnear_a0.10,1.3472733516483517,9,260
FD002,cv,2,0,10,LBnear_a0.20,2.416687917208859,40,260
FD002,cv,2,0,10,STW_cost_1se,1.0622468429830831,0,260
FD002,cv,2,0,10,STW_cost_plain,1.2131923894779104,5,260
FD002,cv,2,0,10,STW_window,1.090142365414158,1,260
FD002,cv,2,0,10,age,1.673648054594172,1,260
FD002,cv,2,0,10,perfect,1.0,0,260
FD002,cv,2,0,20,CNA_DA,1.3470991413356432,4,260
FD002,cv,2,0,20,CNA_a0.05,2.224533284576605,16,260
FD002,cv,2,0,20,CNA_a0.10,2.8059806758330708,24,260
FD002,cv,2,0,20,CNA_a0.20,4.855912107860749,52,260
FD002,cv,2,0,20,KAM_P1_heur,2.8830218020570304,25,260
FD002,cv,2,0,20,KAM_P1_opt,1.206645111190834,2,260
FD002,cv,2,0,20,LBall_a0.05,3.3193009982607173,31,260
FD002,cv,2,0,20,LBall_a0.10,11.026377976563277,137,260
FD002,cv,2,0,20,LBall_a0.20,19.25520774140357,251,260
FD002,cv,2,0,20,LBnear_a0.05,1.3461548945806816,4,260
FD002,cv,2,0,20,LBnear_a0.10,1.7028586937256291,9,260
FD002,cv,2,0,20,LBnear_a0.20,3.9758414121823162,40,260
FD002,cv,2,0,20,STW_cost_1se,1.0622468429830831,0,260
FD002,cv,2,0,20,STW_cost_plain,1.4120763877529776,5,260
FD002,cv,2,0,20,STW_window,1.1306681039053907,1,260
FD002,cv,2,0,20,age,1.7358654543932122,1,260
FD002,cv,2,0,20,perfect,1.0,0,260
FD002,cv,2,0,50,CNA_DA,1.8282059775269448,4,260
FD002,cv,2,0,50,CNA_a0.05,4.117753101237546,16,260
FD002,cv,2,0,50,CNA_a0.10,5.627637221363533,24,260
FD002,cv,2,0,50,CNA_a0.20,10.925802242686684,52,260
FD002,cv,2,0,50,KAM_P1_heur,2.9669711704836863,10,260
FD002,cv,2,0,50,KAM_P1_opt,1.449593791296371,2,260
FD002,cv,2,0,50,LBall_a0.05,6.955284423917332,31,260
FD002,cv,2,0,50,LBall_a0.10,26.85537325552767,137,260
FD002,cv,2,0,50,LBall_a0.20,48.08633009033355,251,260
FD002,cv,2,0,50,LBnear_a0.05,1.826924499788068,4,260
FD002,cv,2,0,50,LBnear_a0.10,2.769614719957462,9,260
FD002,cv,2,0,50,LBnear_a0.20,8.653301897102688,40,260
FD002,cv,2,0,50,STW_cost_1se,1.0622468429830831,0,260
FD002,cv,2,0,50,STW_cost_plain,2.0087283825781794,5,260
FD002,cv,2,0,50,STW_window,1.2522453193790886,1,260
FD002,cv,2,0,50,age,1.9225176537903315,1,260
FD002,cv,2,0,50,perfect,1.0,0,260
FD002,cv,2,5,5,CNA_DA,1.0491440001568841,0,260
FD002,cv,2,5,5,CNA_a0.05,1.1452618809761665,7,260
FD002,cv,2,5,5,CNA_a0.10,1.3043266385166146,18,260
FD002,cv,2,5,5,CNA_a0.20,1.9138794848527152,58,260
FD002,cv,2,5,5,KAM_P1_heur,1.8995763926582487,57,260
FD002,cv,2,5,5,KAM_P1_opt,1.0530884610842093,0,260
FD002,cv,2,5,5,LBall_a0.05,1.380081082744853,23,260
FD002,cv,2,5,5,LBall_a0.10,2.7364782445985365,112,260
FD002,cv,2,5,5,LBall_a0.20,4.098499240366862,202,260
FD002,cv,2,5,5,LBnear_a0.05,1.0579403185865102,1,260
FD002,cv,2,5,5,LBnear_a0.10,1.1723620620217479,9,260
FD002,cv,2,5,5,LBnear_a0.20,1.5476664762425174,34,260
FD002,cv,2,5,5,STW_cost_1se,1.0783963936724343,1,260
FD002,cv,2,5,5,STW_cost_plain,1.1012671596084112,4,260
FD002,cv,2,5,5,STW_window,1.0883404661020166,2,260
FD002,cv,2,5,5,age,1.6050602846410111,7,260
FD002,cv,2,5,5,perfect,1.0,0,260
FD002,cv,2,5,10,CNA_DA,1.0491440001568841,0,260
FD002,cv,2,5,10,CNA_a0.05,1.284443012344798,7,260
FD002,cv,2,5,10,CNA_a0.10,1.6579091610060583,18,260
FD002,cv,2,5,10,CNA_a0.20,3.0419791812089905,58,260
FD002,cv,2,5,10,KAM_P1_heur,1.935453835754679,26,260
FD002,cv,2,5,10,KAM_P1_opt,1.0530884610842093,0,260
FD002,cv,2,5,10,LBall_a0.05,1.830959845573427,23,260
FD002,cv,2,5,10,LBall_a0.10,4.900924313772521,112,260
FD002,cv,2,5,10,LBall_a0.20,7.974420806631403,202,260
FD002,cv,2,5,10,LBnear_a0.05,1.077977067044588,1,260
FD002,cv,2,5,10,LBnear_a0.10,1.3505927809101892,9,260
FD002,cv,2,5,10,LBnear_a0.20,2.2120687513971333,34,260
FD002,cv,2,5,10,STW_cost_1se,1.0988205677950185,1,260
FD002,cv,2,5,10,STW_cost_plain,1.181069127695977,4,260
FD002,cv,2,5,10,STW_window,1.1409293919276566,2,260
FD002,cv,2,5,10,age,1.673648054594172,1,260
FD002,cv,2,5,10,perfect,1.0,0,260
FD002,cv,2,5,20,CNA_DA,1.0491440001568841,0,260
FD002,cv,2,5,20,CNA_a0.05,1.5628052750820607,7,260
FD002,cv,2,5,20,CNA_a0.10,2.365074205984946,18,260
FD002,cv,2,5,20,CNA_a0.20,5.298178573921541,58,260
FD002,cv,2,5,20,KAM_P1_heur,1.635326745014245,8,260
FD002,cv,2,5,20,KAM_P1_opt,1.0530884610842093,0,260
FD002,cv,2,5,20,LBall_a0.05,2.7327173712305757,23,260
FD002,cv,2,5,20,LBall_a0.10,9.229816452120488,112,260
FD002,cv,2,5,20,LBall_a0.20,15.726263939160487,202,260
FD002,cv,2,5,20,LBnear_a0.05,1.1180505639607436,1,260
FD002,cv,2,5,20,LBnear_a0.10,1.707054218687072,9,260
FD002,cv,2,5,20,LBnear_a0.20,3.540873301706366,34,260
FD002,cv,2,5,20,STW_cost_1se,1.1396689160401865,1,260
FD002,cv,2,5,20,STW_cost_plain,1.340673063871109,4,260
FD002,cv,2,5,20,STW_window,1.2230106431454737,2,260
FD002,cv,2,5,20,age,1.7358654543932122,1,260
FD002,cv,2,5,20,perfect,1.0,0,260
FD002,cv,2,5,50,CNA_DA,1.0491440001568841,0,260
FD002,cv,2,5,50,CNA_a0.05,2.397892063293849,7,260
FD002,cv,2,5,50,CNA_a0.10,4.486569340921608,18,260
FD002,cv,2,5,50,CNA_a0.20,12.066776752059193,58,260
FD002,cv,2,5,50,KAM_P1_heur,1.6400946210187914,3,260
FD002,cv,2,5,50,KAM_P1_opt,1.0530884610842093,0,260
FD002,cv,2,5,50,LBall_a0.05,5.43798994820202,23,260
FD002,cv,2,5,50,LBall_a0.10,22.216492867164394,112,260
FD002,cv,2,5,50,LBall_a0.20,38.981793336747735,202,260
FD002,cv,2,5,50,LBnear_a0.05,1.2382710547092108,1,260
FD002,cv,2,5,50,LBnear_a0.10,2.7764385320177207,9,260
FD002,cv,2,5,50,LBnear_a0.20,7.5272869526340624,34,260
FD002,cv,2,5,50,STW_cost_1se,1.2622139607756904,1,260
FD002,cv,2,5,50,STW_cost_plain,1.8194848723965054,4,260
FD002,cv,2,5,50,STW_window,1.4692543967989247,2,260
FD002,cv,2,5,50,age,1.9225176537903315,1,260
FD002,cv,2,5,50,perfect,1.0,0,260
FD002,cv,2,10,5,CNA_DA,1.093650181007141,2,260
FD002,cv,2,10,5,CNA_a0.05,1.2075573236631902,11,260
FD002,cv,2,10,5,CNA_a0.10,1.430973806385052,26,260
FD002,cv,2,10,5,CNA_a0.20,1.9336800069956568,59,260
FD002,cv,2,10,5,KAM_P1_heur,1.520472484778876,32,260
FD002,cv,2,10,5,KAM_P1_opt,1.100782483978141,3,260
FD002,cv,2,10,5,LBall_a0.05,1.5363815384615385,33,260
FD002,cv,2,10,5,LBall_a0.10,2.6020763730059926,103,260
FD002,cv,2,10,5,LBall_a0.20,3.874750279144159,187,260
FD002,cv,2,10,5,LBnear_a0.05,1.073676974298068,2,260
FD002,cv,2,10,5,LBnear_a0.10,1.251166301804182,14,260
FD002,cv,2,10,5,LBnear_a0.20,1.6420882315541154,40,260
FD002,cv,2,10,5,STW_cost_1se,1.0844242017539685,1,260
FD002,cv,2,10,5,STW_cost_plain,1.1050385490990242,4,260
FD002,cv,2,10,5,STW_window,1.1198557796589859,4,260
FD002,cv,2,10,5,age,1.6050602846410111,7,260
FD002,cv,2,10,5,perfect,1.0,0,260
FD002,cv,2,10,10,CNA_DA,1.1344580235820343,2,260
FD002,cv,2,10,10,CNA_a0.05,1.426029865773307,11,260
FD002,cv,2,10,10,CNA_a0.10,1.9420358800939987,26,260
FD002,cv,2,10,10,CNA_a0.20,3.0837517853499286,59,260
FD002,cv,2,10,10,KAM_P1_heur,1.5602650488189533,15,260
FD002,cv,2,10,10,KAM_P1_opt,1.1614874003739946,3,260
FD002,cv,2,10,10,LBall_a0.05,2.1830727472527474,33,260
FD002,cv,2,10,10,LBall_a0.10,4.596227164818622,103,260
FD002,cv,2,10,10,LBall_a0.20,7.46888868291379,187,260
FD002,cv,2,10,10,LBnear_a0.05,1.1137395479659065,2,260
FD002,cv,2,10,10,LBnear_a0.10,1.5283233939759946,14,260
FD002,cv,2,10,10,LBnear_a0.20,2.4240350084846463,40,260
FD002,cv,2,10,10,STW_cost_1se,1.1049625389083995,1,260
FD002,cv,2,10,10,STW_cost_plain,1.185113806280113,4,260
FD002,cv,2,10,10,STW_window,1.1250866610065342,1,260
FD002,cv,2,10,10,age,1.673648054594172,1,260
FD002,cv,2,10,10,perfect,1.0,0,260
FD002,cv,2,10,20,CNA_DA,1.2160737087318212,2,260
FD002,cv,2,10,20,CNA_a0.05,1.8629749499935404,11,260
FD002,cv,2,10,20,CNA_a0.10,2.964160027511893,26,260
FD002,cv,2,10,20,CNA_a0.20,5.383895342058471,59,260
FD002,cv,2,10,20,KAM_P1_heur,1.5633491117396696,7,260
FD002,cv,2,10,20,KAM_P1_opt,1.2828972331657014,3,260
FD002,cv,2,10,20,LBall_a0.05,3.4764551648351647,33,260
FD002,cv,2,10,20,LBall_a0.10,8.584528748443878,103,260
FD002,cv,2,10,20,LBall_a0.20,14.657165490453052,187,260
FD002,cv,2,10,20,LBnear_a0.05,1.1938646953015832,2,260
FD002,cv,2,10,20,LBnear_a0.10,2.08263757831962,14,260
FD002,cv,2,10,20,LBnear_a0.20,3.9879285623457084,40,260
FD002,cv,2,10,20,STW_cost_1se,1.1460392132172619,1,260
FD002,cv,2,10,20,STW_cost_plain,1.3452643206422903,4,260
FD002,cv,2,10,20,STW_window,1.1669114439435802,1,260
FD002,cv,2,10,20,age,1.7358654543932122,1,260
FD002,cv,2,10,20,perfect,1.0,0,260
FD002,cv,2,10,50,CNA_DA,1.460920764181181,2,260
FD002,cv,2,10,50,CNA_a0.05,3.17381020265424,11,260
FD002,cv,2,10,50,CNA_a0.10,6.030532469765576,26,260
FD002,cv,2,10,50,CNA_a0.20,12.284326012184101,59,260
FD002,cv,2,10,50,KAM_P1_heur,1.6387787710792232,3,260
FD002,cv,2,10,50,KAM_P1_opt,1.6471267315408216,3,260
FD002,cv,2,10,50,LBall_a0.05,7.356602417582417,33,260
FD002,cv,2,10,50,LBall_a0.10,20.549433499319647,103,260
FD002,cv,2,10,50,LBall_a0.20,36.22199591307084,187,260
FD002,cv,2,10,50,LBnear_a0.05,1.4342401373086133,2,260
FD002,cv,2,10,50,LBnear_a0.10,3.7455801313504944,14,260
FD002,cv,2,10,50,LBnear_a0.20,8.679609223928894,40,260
FD002,cv,2,10,50,STW_cost_1se,1.2692692361438493,1,260
FD002,cv,2,10,50,STW_cost_plain,1.8257158637288224,4,260
FD002,cv,2,10,50,STW_window,1.2923857927547178,1,260
FD002,cv,2,10,50,age,1.9225176537903315,1,260
FD002,cv,2,10,50,perfect,1.0,0,260
FD002,cv,2,15,5,CNA_DA,1.1246904872531172,4,260
FD002,cv,2,15,5,CNA_a0.05,1.1723379506291058,8,260
FD002,cv,2,15,5,CNA_a0.10,1.3603538582763306,21,260
FD002,cv,2,15,5,CNA_a0.20,1.8621655812484188,54,260
FD002,cv,2,15,5,KAM_P1_heur,1.6792690224884563,42,260
FD002,cv,2,15,5,KAM_P1_opt,1.108544299940275,3,260
FD002,cv,2,15,5,LBall_a0.05,1.7718794788750971,48,260
FD002,cv,2,15,5,LBall_a0.10,2.573957072862519,101,260
FD002,cv,2,15,5,LBall_a0.20,3.783483854275221,181,260
FD002,cv,2,15,5,LBnear_a0.05,1.151671928817451,7,260
FD002,cv,2,15,5,LBnear_a0.10,1.3291264246451973,19,260
FD002,cv,2,15,5,LBnear_a0.20,1.9083127328970084,57,260
FD002,cv,2,15,5,STW_cost_1se,1.0872893164360509,1,260
FD002,cv,2,15,5,STW_cost_plain,1.1245326871278387,5,260
FD002,cv,2,15,5,STW_window,1.142910971097729,4,260
FD002,cv,2,15,5,age,1.6050602846410111,7,260
FD002,cv,2,15,5,perfect,1.0,0,260
FD002,cv,2,15,10,CNA_DA,1.206189797923633,4,260
FD002,cv,2,15,10,CNA_a0.05,1.3329321904413123,8,260
FD002,cv,2,15,10,CNA_a0.10,1.7755781464130012,21,260
FD002,cv,2,15,10,CNA_a0.20,2.918435973973362,54,260
FD002,cv,2,15,10,KAM_P1_heur,1.5310337618123342,14,260
FD002,cv,2,15,10,KAM_P1_opt,1.1696772576575698,3,260
FD002,cv,2,15,10,LBall_a0.05,2.7127004411096616,48,260
FD002,cv,2,15,10,LBall_a0.10,4.531559967132959,101,260
FD002,cv,2,15,10,LBall_a0.20,7.26321239911168,181,260
FD002,cv,2,15,10,LBnear_a0.05,1.291632059055683,7,260
FD002,cv,2,15,10,LBnear_a0.10,1.7049210982799998,19,260
FD002,cv,2,15,10,LBnear_a0.20,3.0227986527241546,57,260
FD002,cv,2,15,10,STW_cost_1se,1.1078819171261276,1,260
FD002,cv,2,15,10,STW_cost_plain,1.2249373913356816,5,260
FD002,cv,2,15,10,STW_window,1.127309337302209,1,260
FD002,cv,2,15,10,age,1.673648054594172,1,260
FD002,cv,2,15,10,perfect,1.0,0,260
FD002,cv,2,15,20,CNA_DA,1.3691884192646644,4,260
FD002,cv,2,15,20,CNA_a0.05,1.6541206700657247,8,260
FD002,cv,2,15,20,CNA_a0.10,2.6060267226863423,21,260
FD002,cv,2,15,20,CNA_a0.20,5.030976759423249,54,260
FD002,cv,2,15,20,KAM_P1_heur,1.7932492122963701,10,260
FD002,cv,2,15,20,KAM_P1_opt,1.291943173092159,3,260
FD002,cv,2,15,20,LBall_a0.05,4.594342365578791,48,260
FD002,cv,2,15,20,LBall_a0.10,8.44676575567384,101,260
FD002,cv,2,15,20,LBall_a0.20,14.222669488784597,181,260
FD002,cv,2,15,20,LBnear_a0.05,1.571552319532147,7,260
FD002,cv,2,15,20,LBnear_a0.10,2.456510445549606,19,260
FD002,cv,2,15,20,LBnear_a0.20,5.251770492378448,57,260
FD002,cv,2,15,20,STW_cost_1se,1.149067118506281,1,260
FD002,cv,2,15,20,STW_cost_plain,1.425746799751367,5,260
FD002,cv,2,15,20,STW_window,1.1692167476108413,1,260
FD002,cv,2,15,20,age,1.7358654543932122,1,260
FD002,cv,2,15,20,perfect,1.0,0,260
FD002,cv,2,15,50,CNA_DA,1.8581842832877589,4,260
FD002,cv,2,15,50,CNA_a0.05,2.6176861089389623,8,260
FD002,cv,2,15,50,CNA_a0.10,5.0973724515063665,21,260
FD002,cv,2,15,50,CNA_a0.20,11.368599115772907,54,260
FD002,cv,2,15,50,KAM_P1_heur,2.0315454697211917,5,260
FD002,cv,2,15,50,KAM_P1_opt,1.6587409193959264,3,260
FD002,cv,2,15,50,LBall_a0.05,10.23926813898618,48,260
FD002,cv,2,15,50,LBall_a0.10,20.19238312129648,101,260
FD002,cv,2,15,50,LBall_a0.20,35.10104075780335,181,260
FD002,cv,2,15,50,LBnear_a0.05,2.4113131009615385,7,260
FD002,cv,2,15,50,LBnear_a0.10,4.711278487358422,19,260
FD002,cv,2,15,50,LBnear_a0.20,11.938686011341325,57,260
FD002,cv,2,15,50,STW_cost_1se,1.2726227226467413,1,260
FD002,cv,2,15,50,STW_cost_plain,2.0281750249984234,5,260
FD002,cv,2,15,50,STW_window,1.2949389785367382,1,260
FD002,cv,2,15,50,age,1.9225176537903315,1,260
FD002,cv,2,15,50,perfect,1.0,0,260
FD003,cv,0,0,5,CNA_DA,1.178846564918131,3,100
FD003,cv,0,0,5,CNA_a0.05,1.178846564918131,3,100
FD003,cv,0,0,5,CNA_a0.10,1.3549468417761101,8,100
FD003,cv,0,0,5,CNA_a0.20,1.8648443932158738,21,100
FD003,cv,0,0,5,KAM_P1_heur,4.979773462783172,100,100
FD003,cv,0,0,5,KAM_P1_opt,1.108624870107378,1,100
FD003,cv,0,0,5,LBall_a0.05,1.7427936455675366,18,100
FD003,cv,0,0,5,LBall_a0.10,3.6392609137055842,66,100
FD003,cv,0,0,5,LBall_a0.20,4.821200841560123,96,100
FD003,cv,0,0,5,LBnear_a0.05,1.1229190421892818,2,100
FD003,cv,0,0,5,LBnear_a0.10,1.274263294098005,6,100
FD003,cv,0,0,5,LBnear_a0.20,1.7023336214347453,17,100
FD003,cv,0,0,5,STW_cost_1se,1.1011718400572503,0,100
FD003,cv,0,0,5,STW_cost_plain,1.251440189766181,5,100
FD003,cv,0,0,5,STW_window,1.142361230451968,2,100
FD003,cv,0,0,5,age,1.7733084008587854,1,100
FD003,cv,0,0,5,perfect,1.0,0,100
FD003,cv,0,0,10,CNA_DA,1.336727801291095,3,100
FD003,cv,0,0,10,CNA_a0.05,1.336727801291095,3,100
FD003,cv,0,0,10,CNA_a0.10,1.765536793829477,8,100
FD003,cv,0,0,10,CNA_a0.20,2.9290219002140625,21,100
FD003,cv,0,0,10,KAM_P1_heur,2.0352178789515225,11,100
FD003,cv,0,0,10,KAM_P1_opt,1.1619241427086942,1,100
FD003,cv,0,0,10,LBall_a0.05,2.6547205531319453,18,100
FD003,cv,0,0,10,LBall_a0.10,6.938590862944163,66,100
FD003,cv,0,0,10,LBall_a0.20,9.60255704806603,96,100
FD003,cv,0,0,10,LBnear_a0.05,1.2268930275771783,2,100
FD003,cv,0,0,10,LBnear_a0.10,1.582552800734619,6,100
FD003,cv,0,0,10,LBnear_a0.20,2.563633370374944,17,100
FD003,cv,0,0,10,STW_cost_1se,1.1011718400572503,0,100
FD003,cv,0,0,10,STW_cost_plain,1.512156895967469,5,100
FD003,cv,0,0,10,STW_window,1.2481354184567797,2,100
FD003,cv,0,0,10,age,1.8585636124385347,1,100
FD003,cv,0,0,10,perfect,1.0,0,100
FD003,cv,0,0,20,CNA_DA,1.6524902740370229,3,100
FD003,cv,0,0,20,CNA_a0.05,1.6524902740370229,3,100
FD003,cv,0,0,20,CNA_a0.10,2.58671669793621,8,100
FD003,cv,0,0,20,CNA_a0.20,5.0573769142104394,21,100
FD003,cv,0,0,20,KAM_P1_heur,3.160212686412163,11,100
FD003,cv,0,0,20,KAM_P1_opt,1.2685226879113267,1,100
FD003,cv,0,0,20,LBall_a0.05,4.478574368260762,18,100
FD003,cv,0,0,20,LBall_a0.10,13.537250761421321,66,100
FD003,cv,0,0,20,LBall_a0.20,19.16526946107785,96,100
FD003,cv,0,0,20,LBnear_a0.05,1.4348409983529713,2,100
FD003,cv,0,0,20,LBnear_a0.10,2.1991318140078473,6,100
FD003,cv,0,0,20,LBnear_a0.20,4.2862328682553406,17,100
FD003,cv,0,0,20,STW_cost_1se,1.1011718400572503,0,100
FD003,cv,0,0,20,STW_cost_plain,2.0335903083700444,5,100
FD003,cv,0,0,20,STW_window,1.4596837944664032,2,100
FD003,cv,0,0,20,age,2.029074035598033,1,100
FD003,cv,0,0,20,perfect,1.0,0,100
FD003,cv,0,0,50,CNA_DA,2.599777692274807,3,100
FD003,cv,0,0,50,CNA_a0.05,2.599777692274807,3,100
FD003,cv,0,0,50,CNA_a0.10,5.050256410256411,8,100
FD003,cv,0,0,50,CNA_a0.20,11.442441956199573,21,100
FD003,cv,0,0,50,KAM_P1_heur,6.07088226689514,10,100
FD003,cv,0,0,50,KAM_P1_opt,1.5883183235192242,1,100
FD003,cv,0,0,50,LBall_a0.05,9.950135813647215,18,100
FD003,cv,0,0,50,LBall_a0.10,33.333230456852796,66,100
FD003,cv,0,0,50,LBall_a0.20,47.85340670011329,96,100
FD003,cv,0,0,50,LBnear_a0.05,2.05868491068035,2,100
FD003,cv,0,0,50,LBnear_a0.10,4.048868853827532,6,100
FD003,cv,0,0,50,LBnear_a0.20,9.454031361896531,17,100
FD003,cv,0,0,50,STW_cost_1se,1.1011718400572503,0,100
FD003,cv,0,0,50,STW_cost_plain,3.5978905455777705,5,100
FD003,cv,0,0,50,STW_window,2.0943289224952744,2,100
FD003,cv,0,0,50,age,2.540605305076529,1,100
FD003,cv,0,0,50,perfect,1.0,0,100
FD003,cv,0,5,5,CNA_DA,1.271475296953004,5,100
FD003,cv,0,5,5,CNA_a0.05,1.271475296953004,5,100
FD003,cv,0,5,5,CNA_a0.10,1.4355087251676315,10,100
FD003,cv,0,5,5,CNA_a0.20,1.945283950617284,23,100
FD003,cv,0,5,5,KAM_P1_heur,2.4273096988867437,35,100
FD003,cv,0,5,5,KAM_P1_opt,1.1960268922142703,3,100
FD003,cv,0,5,5,LBall_a0.05,1.666672170395443,16,100
FD003,cv,0,5,5,LBall_a0.10,2.809585914574503,45,100
FD003,cv,0,5,5,LBall_a0.20,4.231921190254186,81,100
FD003,cv,0,5,5,LBnear_a0.05,1.2060472972972975,4,100
FD003,cv,0,5,5,LBnear_a0.10,1.3569835901290244,8,100
FD003,cv,0,5,5,LBnear_a0.20,1.6668785864674072,16,100
FD003,cv,0,5,5,STW_cost_1se,1.0909735454424605,0,100
FD003,cv,0,5,5,STW_cost_plain,1.2418141313942248,5,100
FD003,cv,0,5,5,STW_window,1.2447892603408448,4,100
FD003,cv,0,5,5,age,1.7733084008587854,1,100
FD003,cv,0,5,5,perfect,1.0,0,100
FD003,cv,0,5,10,CNA_DA,1.5363659838182133,5,100
FD003,cv,0,5,10,CNA_a0.05,1.5363659838182133,5,100
FD003,cv,0,5,10,CNA_a0.10,1.9481904127275,10,100
FD003,cv,0,5,10,CNA_a0.20,3.110427983539095,23,100
FD003,cv,0,5,10,KAM_P1_heur,1.6778409566017227,7,100
FD003,cv,0,5,10,KAM_P1_opt,1.3562090652786816,3,100
FD003,cv,0,5,10,LBall_a0.05,2.479682985222489,16,100
FD003,cv,0,5,10,LBall_a0.10,5.0672888816433,45,100
FD003,cv,0,5,10,LBall_a0.20,8.274204402643209,81,100
FD003,cv,0,5,10,LBnear_a0.05,1.4139864864864866,4,100
FD003,cv,0,5,10,LBnear_a0.10,1.768190738652971,8,100
FD003,cv,0,5,10,LBnear_a0.20,2.4799900920612643,16,100
FD003,cv,0,5,10,STW_cost_1se,1.0909735454424605,0,100
FD003,cv,0,5,10,STW_cost_plain,1.5005254087680218,5,100
FD003,cv,0,5,10,STW_window,1.4594080983306457,4,100
FD003,cv,0,5,10,age,1.8585636124385347,1,100
FD003,cv,0,5,10,perfect,1.0,0,100
FD003,cv,0,5,20,CNA_DA,2.0661473575486315,5,100
FD003,cv,0,5,20,CNA_a0.05,2.0661473575486315,5,100
FD003,cv,0,5,20,CNA_a0.10,2.973553787847237,10,100
FD003,cv,0,5,20,CNA_a0.20,5.440716049382717,23,100
FD003,cv,0,5,20,KAM_P1_heur,2.398386152688352,7,100
FD003,cv,0,5,20,KAM_P1_opt,1.676573411407504,3,100
FD003,cv,0,5,20,LBall_a0.05,4.105704614876579,16,100
FD003,cv,0,5,20,LBall_a0.10,9.582694815780894,45,100
FD003,cv,0,5,20,LBall_a0.20,16.35877082742125,81,100
FD003,cv,0,5,20,LBnear_a0.05,1.8298648648648652,4,100
FD003,cv,0,5,20,LBnear_a0.10,2.5906050357008645,8,100
FD003,cv,0,5,20,LBnear_a0.20,4.106213103248979,16,100
FD003,cv,0,5,20,STW_cost_1se,1.0909735454424605,0,100
FD003,cv,0,5,20,STW_cost_plain,2.0179479635156152,5,100
FD003,cv,0,5,20,STW_window,1.8886457743102474,4,100
FD003,cv,0,5,20,age,2.029074035598033,1,100
FD003,cv,0,5,20,perfect,1.0,0,100
FD003,cv,0,5,50,CNA_DA,3.655491478739887,5,100
FD003,cv,0,5,50,CNA_a0.05,3.655491478739887,5,100
FD003,cv,0,5,50,CNA_a0.10,6.049643913206447,10,100
FD003,cv,0,5,50,CNA_a0.20,12.431580246913581,23,100
FD003,cv,0,5,50,KAM_P1_heur,3.6000254301941172,5,100
FD003,cv,0,5,50,KAM_P1_opt,2.6376664497939712,3,100
FD003,cv,0,5,50,LBall_a0.05,8.983769503838852,16,100
FD003,cv,0,5,50,LBall_a0.10,23.128912618193677,45,100
FD003,cv,0,5,50,LBall_a0.20,40.612470101755385,81,100
FD003,cv,0,5,50,LBnear_a0.05,3.0775000000000006,4,100
FD003,cv,0,5,50,LBnear_a0.10,5.057847926844546,8,100
FD003,cv,0,5,50,LBnear_a0.20,8.984882136812121,16,100
FD003,cv,0,5,50,STW_cost_1se,1.0909735454424605,0,100
FD003,cv,0,5,50,STW_cost_plain,3.5702156277583965,5,100
FD003,cv,0,5,50,STW_window,3.176358802249052,4,100
FD003,cv,0,5,50,age,2.540605305076529,1,100
FD003,cv,0,5,50,perfect,1.0,0,100
FD003,cv,0,10,5,CNA_DA,1.2591740186676896,5,100
FD003,cv,0,10,5,CNA_a0.05,1.2591740186676896,5,100
FD003,cv,0,10,5,CNA_a0.10,1.5948509260028239,14,100
FD003,cv,0,10,5,CNA_a0.20,1.748261910659731,18,100
FD003,cv,0,10,5,KAM_P1_heur,2.061942688233845,26,100
FD003,cv,0,10,5,KAM_P1_opt,1.2282470325133323,4,100
FD003,cv,0,10,5,LBall_a0.05,1.747396220186515,18,100
FD003,cv,0,10,5,LBall_a0.10,2.7736315767990534,44,100
FD003,cv,0,10,5,LBall_a0.20,4.236730386785179,81,100
FD003,cv,0,10,5,LBnear_a0.05,1.1632804589942627,3,100
FD003,cv,0,10,5,LBnear_a0.10,1.3158079331941548,7,100
FD003,cv,0,10,5,LBnear_a0.20,1.7475404423902279,18,100
FD003,cv,0,10,5,STW_cost_1se,1.0883692144467532,0,100
FD003,cv,0,10,5,STW_cost_plain,1.3613605898123327,8,100
FD003,cv,0,10,5,STW_window,1.1528116193366575,2,100
FD003,cv,0,10,5,age,1.7733084008587854,1,100
FD003,cv,0,10,5,perfect,1.0,0,100
FD003,cv,0,10,10,CNA_DA,1.5215019392234586,5,100
FD003,cv,0,10,10,CNA_a0.05,1.5215019392234586,5,100
FD003,cv,0,10,10,CNA_a0.10,2.3104891620297323,14,100
FD003,cv,0,10,10,CNA_a0.20,2.6630501197258694,18,100
FD003,cv,0,10,10,KAM_P1_heur,2.41201484137241,15,100
FD003,cv,0,10,10,KAM_P1_opt,1.4400137622570102,4,100
FD003,cv,0,10,10,LBall_a0.05,2.6617314516794592,18,100
FD003,cv,0,10,10,LBall_a0.10,4.984497326421487,44,100
FD003,cv,0,10,10,LBall_a0.20,8.28360728925687,81,100
FD003,cv,0,10,10,LBnear_a0.05,1.3190769490381373,3,100
FD003,cv,0,10,10,LBnear_a0.10,1.6755991649269313,7,100
FD003,cv,0,10,10,LBnear_a0.20,2.661951138989766,18,100
FD003,cv,0,10,10,STW_cost_1se,1.0883692144467532,0,100
FD003,cv,0,10,10,STW_cost_plain,1.7738941018766756,8,100
FD003,cv,0,10,10,STW_window,1.2595534359419034,2,100
FD003,cv,0,10,10,age,1.8585636124385347,1,100
FD003,cv,0,10,10,perfect,1.0,0,100
FD003,cv,0,10,20,CNA_DA,2.0461577803349957,5,100
FD003,cv,0,10,20,CNA_a0.05,2.0461577803349957,5,100
FD003,cv,0,10,20,CNA_a0.10,3.7417656340835483,14,100
FD003,cv,0,10,20,CNA_a0.20,4.492626537858146,18,100
FD003,cv,0,10,20,KAM_P1_heur,2.2160588853838066,6,100
FD003,cv,0,10,20,KAM_P1_opt,1.8635472217443663,4,100
FD003,cv,0,10,20,LBall_a0.05,4.490401914665346,18,100
FD003,cv,0,10,20,LBall_a0.10,9.406228825666354,44,100
FD003,cv,0,10,20,LBall_a0.20,16.377361094200253,81,100
FD003,cv,0,10,20,LBnear_a0.05,1.630669929125886,3,100
FD003,cv,0,10,20,LBnear_a0.10,2.3951816283924847,7,100
FD003,cv,0,10,20,LBnear_a0.20,4.490772532188842,18,100
FD003,cv,0,10,20,STW_cost_1se,1.0883692144467532,0,100
FD003,cv,0,10,20,STW_cost_plain,2.598961126005362,8,100
FD003,cv,0,10,20,STW_window,1.4730370691523955,2,100
FD003,cv,0,10,20,age,2.029074035598033,1,100
FD003,cv,0,10,20,perfect,1.0,0,100
FD003,cv,0,10,50,CNA_DA,3.620125303669608,5,100
FD003,cv,0,10,50,CNA_a0.05,3.620125303669608,5,100
FD003,cv,0,10,50,CNA_a0.10,8.035595050244998,14,100
FD003,cv,0,10,50,CNA_a0.20,9.981355792254975,18,100
FD003,cv,0,10,50,KAM_P1_heur,3.1482287886642477,4,100
FD003,cv,0,10,50,KAM_P1_opt,3.1341476002064343,4,100
FD003,cv,0,10,50,LBall_a0.05,9.97641330362301,18,100
FD003,cv,0,10,50,LBall_a0.10,22.67142332340096,44,100
FD003,cv,0,10,50,LBall_a0.20,40.6586225090304,81,100
FD003,cv,0,10,50,LBnear_a0.05,2.565448869389133,3,100
FD003,cv,0,10,50,LBnear_a0.10,4.553929018789145,7,100
FD003,cv,0,10,50,LBnear_a0.20,9.97723671178607,18,100
FD003,cv,0,10,50,STW_cost_1se,1.0883692144467532,0,100
FD003,cv,0,10,50,STW_cost_plain,5.074162198391422,8,100
FD003,cv,0,10,50,STW_window,2.113487968783872,2,100
FD003,cv,0,10,50,age,2.540605305076529,1,100
FD003,cv,0,10,50,perfect,1.0,0,100
FD003,cv,0,15,5,CNA_DA,1.247740518624884,5,100
FD003,cv,0,15,5,CNA_a0.05,1.247740518624884,5,100
FD003,cv,0,15,5,CNA_a0.10,1.3914806965050077,9,100
FD003,cv,0,15,5,CNA_a0.20,1.868074226804124,21,100
FD003,cv,0,15,5,KAM_P1_heur,1.747324118011141,18,100
FD003,cv,0,15,5,KAM_P1_opt,1.0962836102072273,1,100
FD003,cv,0,15,5,LBall_a0.05,1.6656408564003138,16,100
FD003,cv,0,15,5,LBall_a0.10,2.775217480089851,44,100
FD003,cv,0,15,5,LBall_a0.20,3.838908515044464,71,100
FD003,cv,0,15,5,LBnear_a0.05,1.2067097646512022,4,100
FD003,cv,0,15,5,LBnear_a0.10,1.2741569282136895,6,100
FD003,cv,0,15,5,LBnear_a0.20,1.7057033279722877,17,100
FD003,cv,0,15,5,STW_cost_1se,1.1328554995133173,1,100
FD003,cv,0,15,5,STW_cost_plain,1.4045555602164521,9,100
FD003,cv,0,15,5,STW_window,1.0878402262283495,0,100
FD003,cv,0,15,5,age,1.7733084008587854,1,100
FD003,cv,0,15,5,perfect,1.0,0,100
FD003,cv,0,15,10,CNA_DA,1.5076864600050681,5,100
FD003,cv,0,15,10,CNA_a0.05,1.5076864600050681,5,100
FD003,cv,0,15,10,CNA_a0.10,1.851897103436812,9,100
FD003,cv,0,15,10,CNA_a0.20,2.9340948453608253,21,100
FD003,cv,0,15,10,KAM_P1_heur,2.5810549869473336,17,100
FD003,cv,0,15,10,KAM_P1_opt,1.1489895530056518,1,100
FD003,cv,0,15,10,LBall_a0.05,2.478148591229735,16,100
FD003,cv,0,15,10,LBall_a0.10,4.987347355523791,44,100
FD003,cv,0,15,10,LBall_a0.20,7.387899459942341,71,100
FD003,cv,0,15,10,LBnear_a0.05,1.4147631723496854,4,100
FD003,cv,0,15,10,LBnear_a0.10,1.5824207011686147,6,100
FD003,cv,0,15,10,LBnear_a0.20,2.568707987958266,17,100
FD003,cv,0,15,10,STW_cost_1se,1.1873197062206886,1,100
FD003,cv,0,15,10,STW_cost_plain,1.869298208817484,9,100
FD003,cv,0,15,10,STW_window,1.0878402262283495,0,100
FD003,cv,0,15,10,age,1.8585636124385347,1,100
FD003,cv,0,15,10,perfect,1.0,0,100
FD003,cv,0,15,20,CNA_DA,2.0275783427654366,5,100
FD003,cv,0,15,20,CNA_a0.05,2.0275783427654366,5,100
FD003,cv,0,15,20,CNA_a0.10,2.77272991730042,9,100
FD003,cv,0,15,20,CNA_a0.20,5.066136082474228,21,100
FD003,cv,0,15,20,KAM_P1_heur,1.2475642990972577,1,100
FD003,cv,0,15,20,KAM_P1_opt,1.2544014386025006,1,100
FD003,cv,0,15,20,LBall_a0.05,4.103164060888578,16,100
FD003,cv,0,15,20,LBall_a0.10,9.411607106391669,44,100
FD003,cv,0,15,20,LBall_a0.20,14.485881349738094,71,100
FD003,cv,0,15,20,LBnear_a0.05,1.8308699877466517,4,100
FD003,cv,0,15,20,LBnear_a0.10,2.198948247078464,6,100
FD003,cv,0,15,20,LBnear_a0.20,4.294717307930225,17,100
FD003,cv,0,15,20,STW_cost_1se,1.2962481196354305,1,100
FD003,cv,0,15,20,STW_cost_plain,2.7987835060195483,9,100
FD003,cv,0,15,20,STW_window,1.0878402262283495,0,100
FD003,cv,0,15,20,age,2.029074035598033,1,100
FD003,cv,0,15,20,perfect,1.0,0,100
FD003,cv,0,15,50,CNA_DA,3.5872539910465413,5,100
FD003,cv,0,15,50,CNA_a0.05,3.5872539910465413,5,100
FD003,cv,0,15,50,CNA_a0.10,5.535228358891244,9,100
FD003,cv,0,15,50,CNA_a0.20,11.462259793814434,21,100
FD003,cv,0,15,50,KAM_P1_heur,1.0583784713266273,0,100
FD003,cv,0,15,50,KAM_P1_opt,1.5706370953930469,1,100
FD003,cv,0,15,50,LBall_a0.05,8.978210469865106,16,100
FD003,cv,0,15,50,LBall_a0.10,22.684386358995308,44,100
FD003,cv,0,15,50,LBall_a0.20,35.77982701912536,71,100
FD003,cv,0,15,50,LBnear_a0.05,3.0791904339375504,4,100
FD003,cv,0,15,50,LBnear_a0.10,4.048530884808014,6,100
FD003,cv,0,15,50,LBnear_a0.20,9.472745267846097,17,100
FD003,cv,0,15,50,STW_cost_1se,1.623033359879657,1,100
FD003,cv,0,15,50,STW_cost_plain,5.58723939762574,9,100
FD003,cv,0,15,50,STW_window,1.0878402262283495,0,100
FD003,cv,0,15,50,age,2.540605305076529,1,100
FD003,cv,0,15,50,perfect,1.0,0,100
FD003,cv,1,0,5,CNA_DA,1.1054658492358174,1,100
FD003,cv,1,0,5,CNA_a0.05,1.1054658492358174,1,100
FD003,cv,1,0,5,CNA_a0.10,1.353987167736022,8,100
FD003,cv,1,0,5,CNA_a0.20,1.668531757510641,16,100
FD003,cv,1,0,5,KAM_P1_heur,4.979773462783172,100,100
FD003,cv,1,0,5,KAM_P1_opt,1.1124299430855455,1,100
FD003,cv,1,0,5,LBall_a0.05,1.7037360464637312,17,100
FD003,cv,1,0,5,LBall_a0.10,3.3235097991380016,58,100
FD003,cv,1,0,5,LBall_a0.20,4.940734746722772,99,100
FD003,cv,1,0,5,LBnear_a0.05,1.1625447953117756,3,100
FD003,cv,1,0,5,LBnear_a0.10,1.2333124608641204,5,100
FD003,cv,1,0,5,LBnear_a0.20,1.664130569179409,16,100
FD003,cv,1,0,5,STW_cost_1se,1.1562861271676301,1,100
FD003,cv,1,0,5,STW_cost_plain,1.1255810015662702,2,100
FD003,cv,1,0,5,STW_window,1.1485788336933047,2,100
FD003,cv,1,0,5,age,1.7733084008587854,1,100
FD003,cv,1,0,5,perfect,1.0,0,100
FD003,cv,1,0,10,CNA_DA,1.1586132458336933,1,100
FD003,cv,1,0,10,CNA_a0.05,1.1586132458336933,1,100
FD003,cv,1,0,10,CNA_a0.10,1.7642863094742107,8,100
FD003,cv,1,0,10,CNA_a0.20,2.482449688003637,16,100
FD003,cv,1,0,10,KAM_P1_heur,1.7622305451518936,8,100
FD003,cv,1,0,10,KAM_P1_opt,1.1659121518877353,1,100
FD003,cv,1,0,10,LBall_a0.05,2.5657453556864525,17,100
FD003,cv,1,0,10,LBall_a0.10,6.226575587541677,58,100
FD003,cv,1,0,10,LBall_a0.20,9.87150833468199,99,100
FD003,cv,1,0,10,LBnear_a0.05,1.3182427589696024,3,100
FD003,cv,1,0,10,LBnear_a0.10,1.4902525568774787,5,100
FD003,cv,1,0,10,LBnear_a0.20,2.4759015785352187,16,100
FD003,cv,1,0,10,STW_cost_1se,1.2118768063583816,1,100
FD003,cv,1,0,10,STW_cost_plain,1.2298014646742583,2,100
FD003,cv,1,0,10,STW_window,1.2549287257019441,2,100
FD003,cv,1,0,10,age,1.8585636124385347,1,100
FD003,cv,1,0,10,perfect,1.0,0,100
FD003,cv,1,0,20,CNA_DA,1.264908039029445,1,100
FD003,cv,1,0,20,CNA_a0.05,1.264908039029445,1,100
FD003,cv,1,0,20,CNA_a0.10,2.5848845929505875,8,100
FD003,cv,1,0,20,CNA_a0.20,4.110285548989628,16,100
FD003,cv,1,0,20,KAM_P1_heur,2.5818726591760304,8,100
FD003,cv,1,0,20,KAM_P1_opt,1.2728765694921147,1,100
FD003,cv,1,0,20,LBall_a0.05,4.289763974131895,17,100
FD003,cv,1,0,20,LBall_a0.10,12.03270716434903,58,100
FD003,cv,1,0,20,LBall_a0.20,19.733055510600423,99,100
FD003,cv,1,0,20,LBnear_a0.05,1.6296386862852568,3,100
FD003,cv,1,0,20,LBnear_a0.10,2.0041327489041953,5,100
FD003,cv,1,0,20,LBnear_a0.20,4.099443597246837,16,100
FD003,cv,1,0,20,STW_cost_1se,1.3230581647398847,1,100
FD003,cv,1,0,20,STW_cost_plain,1.4382423908902342,2,100
FD003,cv,1,0,20,STW_window,1.4676285097192228,2,100
FD003,cv,1,0,20,age,2.029074035598033,1,100
FD003,cv,1,0,20,perfect,1.0,0,100
FD003,cv,1,0,50,CNA_DA,1.5837924186166998,1,100
FD003,cv,1,0,50,CNA_a0.05,1.5837924186166998,1,100
FD003,cv,1,0,50,CNA_a0.10,5.046679443379719,8,100
FD003,cv,1,0,50,CNA_a0.20,8.993793131947603,16,100
FD003,cv,1,0,50,KAM_P1_heur,4.081063570196475,6,100
FD003,cv,1,0,50,KAM_P1_opt,1.5937698223052528,1,100
FD003,cv,1,0,50,LBall_a0.05,9.461819829468222,17,100
FD003,cv,1,0,50,LBall_a0.10,29.451101894771085,58,100
FD003,cv,1,0,50,LBall_a0.20,49.317697038355725,99,100
FD003,cv,1,0,50,LBnear_a0.05,2.563826468232219,3,100
FD003,cv,1,0,50,LBnear_a0.10,3.545773324984346,5,100
FD003,cv,1,0,50,LBnear_a0.20,8.970069653381694,16,100
FD003,cv,1,0,50,STW_cost_1se,1.6566022398843931,1,100
FD003,cv,1,0,50,STW_cost_plain,2.0635651695381623,2,100
FD003,cv,1,0,50,STW_window,2.105727861771059,2,100
FD003,cv,1,0,50,age,2.540605305076529,1,100
FD003,cv,1,0,50,perfect,1.0,0,100
FD003,cv,1,5,5,CNA_DA,1.0937080859425057,1,100
FD003,cv,1,5,5,CNA_a0.05,1.0937080859425057,1,100
FD003,cv,1,5,5,CNA_a0.10,1.4353891642027237,10,100
FD003,cv,1,5,5,CNA_a0.20,1.7857490212239853,19,100
FD003,cv,1,5,5,KAM_P1_heur,2.0638067061143985,26,100
FD003,cv,1,5,5,KAM_P1_opt,1.1184554230550825,1,100
FD003,cv,1,5,5,LBall_a0.05,1.7066886734062308,17,100
FD003,cv,1,5,5,LBall_a0.10,2.6499021526418787,41,100
FD003,cv,1,5,5,LBall_a0.20,4.430282888870877,86,100
FD003,cv,1,5,5,LBnear_a0.05,1.1615164279696715,3,100
FD003,cv,1,5,5,LBnear_a0.10,1.274263294098005,6,100
FD003,cv,1,5,5,LBnear_a0.20,1.6667409700722398,16,100
FD003,cv,1,5,5,STW_cost_1se,1.1036894248442195,0,100
FD003,cv,1,5,5,STW_cost_plain,1.2000672325405497,4,100
FD003,cv,1,5,5,STW_window,1.0896586943569666,1,100
FD003,cv,1,5,5,age,1.7733084008587854,1,100
FD003,cv,1,5,5,perfect,1.0,0,100
FD003,cv,1,5,10,CNA_DA,1.1462902054589723,1,100
FD003,cv,1,5,10,CNA_a0.05,1.1462902054589723,1,100
FD003,cv,1,5,10,CNA_a0.10,1.948028151417982,10,100
FD003,cv,1,5,10,CNA_a0.20,2.7496476406346595,19,100
FD003,cv,1,5,10,KAM_P1_heur,1.4025551878691411,4,100
FD003,cv,1,5,10,KAM_P1_opt,1.172227318394269,1,100
FD003,cv,1,5,10,LBall_a0.05,2.570191871260574,17,100
FD003,cv,1,5,10,LBall_a0.10,4.707591324200913,41,100
FD003,cv,1,5,10,LBall_a0.20,8.720872173137717,86,100
FD003,cv,1,5,10,LBnear_a0.05,1.3170766638584668,3,100
FD003,cv,1,5,10,LBnear_a0.10,1.582552800734619,6,100
FD003,cv,1,5,10,LBnear_a0.20,2.4797853457172345,16,100
FD003,cv,1,5,10,STW_cost_1se,1.1036894248442195,0,100
FD003,cv,1,5,10,STW_cost_plain,1.4069753760820238,4,100
FD003,cv,1,5,10,STW_window,1.142046131585667,1,100
FD003,cv,1,5,10,age,1.8585636124385347,1,100
FD003,cv,1,5,10,perfect,1.0,0,100
FD003,cv,1,5,20,CNA_DA,1.2514544444919056,1,100
FD003,cv,1,5,20,CNA_a0.05,1.2514544444919056,1,100
FD003,cv,1,5,20,CNA_a0.10,2.973306125848499,10,100
FD003,cv,1,5,20,CNA_a0.20,4.677444879456007,19,100
FD003,cv,1,5,20,KAM_P1_heur,1.8150714195953588,4,100
FD003,cv,1,5,20,KAM_P1_opt,1.2797711090726422,1,100
FD003,cv,1,5,20,LBall_a0.05,4.29719826696926,17,100
FD003,cv,1,5,20,LBall_a0.10,8.822969667318983,41,100
FD003,cv,1,5,20,LBall_a0.20,17.302050741671398,86,100
FD003,cv,1,5,20,LBnear_a0.05,1.6281971356360574,3,100
FD003,cv,1,5,20,LBnear_a0.10,2.1991318140078473,6,100
FD003,cv,1,5,20,LBnear_a0.20,4.1058740970072245,16,100
FD003,cv,1,5,20,STW_cost_1se,1.1036894248442195,0,100
FD003,cv,1,5,20,STW_cost_plain,1.820791663164972,4,100
FD003,cv,1,5,20,STW_window,1.2468210060430678,1,100
FD003,cv,1,5,20,age,2.029074035598033,1,100
FD003,cv,1,5,20,perfect,1.0,0,100
FD003,cv,1,5,50,CNA_DA,1.5669471615907054,1,100
FD003,cv,1,5,50,CNA_a0.05,1.5669471615907054,1,100
FD003,cv,1,5,50,CNA_a0.10,6.04914004914005,10,100
FD003,cv,1,5,50,CNA_a0.20,10.460836595920052,19,100
FD003,cv,1,5,50,KAM_P1_heur,2.0628665735686176,2,100
FD003,cv,1,5,50,KAM_P1_opt,1.6024024811077624,1,100
FD003,cv,1,5,50,LBall_a0.05,9.478217454095317,17,100
FD003,cv,1,5,50,LBall_a0.10,21.16910469667319,41,100
FD003,cv,1,5,50,LBall_a0.20,43.045586447272434,86,100
FD003,cv,1,5,50,LBnear_a0.05,2.5615585509688295,3,100
FD003,cv,1,5,50,LBnear_a0.10,4.048868853827532,6,100
FD003,cv,1,5,50,LBnear_a0.20,8.984140350877194,16,100
FD003,cv,1,5,50,STW_cost_1se,1.1036894248442195,0,100
FD003,cv,1,5,50,STW_cost_plain,3.0622405244138164,4,100
FD003,cv,1,5,50,STW_window,1.5611456294152697,1,100
FD003,cv,1,5,50,age,2.540605305076529,1,100
FD003,cv,1,5,50,perfect,1.0,0,100
FD003,cv,1,10,5,CNA_DA,1.092541389315583,1,100
FD003,cv,1,10,5,CNA_a0.05,1.092541389315583,1,100
FD003,cv,1,10,5,CNA_a0.10,1.2721393449454121,6,100
FD003,cv,1,10,5,CNA_a0.20,1.6672227268973492,16,100
FD003,cv,1,10,5,KAM_P1_heur,1.8621613844699307,21,100
FD003,cv,1,10,5,KAM_P1_opt,1.0741241656123206,0,100
FD003,cv,1,10,5,LBall_a0.05,1.7050002061090732,17,100
FD003,cv,1,10,5,LBall_a0.10,2.972314218125459,49,100
FD003,cv,1,10,5,LBall_a0.20,4.076357438519601,77,100
FD003,cv,1,10,5,LBnear_a0.05,1.1621528216799428,3,100
FD003,cv,1,10,5,LBnear_a0.10,1.2323350296154167,5,100
FD003,cv,1,10,5,LBnear_a0.20,1.665297368638126,16,100
FD003,cv,1,10,5,STW_cost_1se,1.0974413836141572,0,100
FD003,cv,1,10,5,STW_cost_plain,1.2374450261780106,5,100
FD003,cv,1,10,5,STW_window,1.075015282508078,0,100
FD003,cv,1,10,5,age,1.7733084008587854,1,100
FD003,cv,1,10,5,perfect,1.0,0,100
FD003,cv,1,10,10,CNA_DA,1.145067417648063,1,100
FD003,cv,1,10,10,CNA_a0.05,1.145067417648063,1,100
FD003,cv,1,10,10,CNA_a0.10,1.5799149929160765,6,100
FD003,cv,1,10,10,CNA_a0.20,2.480502105871666,16,100
FD003,cv,1,10,10,KAM_P1_heur,1.590052421891382,6,100
FD003,cv,1,10,10,KAM_P1_opt,1.0741241656123206,0,100
FD003,cv,1,10,10,LBall_a0.05,2.567649119914259,17,100
FD003,cv,1,10,10,LBall_a0.10,5.432506729749572,49,100
FD003,cv,1,10,10,LBall_a0.20,7.922920217514813,77,100
FD003,cv,1,10,10,LBnear_a0.05,1.3177982888692208,3,100
FD003,cv,1,10,10,LBnear_a0.10,1.4890714941186287,5,100
FD003,cv,1,10,10,LBnear_a0.20,2.4776375484616024,16,100
FD003,cv,1,10,10,STW_cost_1se,1.0974413836141572,0,100
FD003,cv,1,10,10,STW_cost_plain,1.4952460732984296,5,100
FD003,cv,1,10,10,STW_window,1.075015282508078,0,100
FD003,cv,1,10,10,age,1.8585636124385347,1,100
FD003,cv,1,10,10,perfect,1.0,0,100
FD003,cv,1,10,20,CNA_DA,1.2501194743130228,1,100
FD003,cv,1,10,20,CNA_a0.05,1.2501194743130228,1,100
FD003,cv,1,10,20,CNA_a0.10,2.1954662888574052,6,100
FD003,cv,1,10,20,CNA_a0.20,4.1070608638202994,16,100
FD003,cv,1,10,20,KAM_P1_heur,1.6283343162861237,3,100
FD003,cv,1,10,20,KAM_P1_opt,1.0741241656123206,0,100
FD003,cv,1,10,20,LBall_a0.05,4.292946947524631,17,100
FD003,cv,1,10,20,LBall_a0.10,10.352891752997799,49,100
FD003,cv,1,10,20,LBall_a0.20,15.616045775505235,77,100
FD003,cv,1,10,20,LBnear_a0.05,1.629089223247777,3,100
FD003,cv,1,10,20,LBnear_a0.10,2.002544423125052,5,100
FD003,cv,1,10,20,LBnear_a0.20,4.102317908108554,16,100
FD003,cv,1,10,20,STW_cost_1se,1.0974413836141572,0,100
FD003,cv,1,10,20,STW_cost_plain,2.010848167539267,5,100
FD003,cv,1,10,20,STW_window,1.075015282508078,0,100
FD003,cv,1,10,20,age,2.029074035598033,1,100
FD003,cv,1,10,20,perfect,1.0,0,100
FD003,cv,1,10,50,CNA_DA,1.5652756443079026,1,100
FD003,cv,1,10,50,CNA_a0.05,1.5652756443079026,1,100
FD003,cv,1,10,50,CNA_a0.10,4.04212017668139,6,100
FD003,cv,1,10,50,CNA_a0.20,8.9867371376662,16,100
FD003,cv,1,10,50,KAM_P1_heur,1.588731052403638,1,100
FD003,cv,1,10,50,KAM_P1_opt,1.0741241656123206,0,100
FD003,cv,1,10,50,LBall_a0.05,9.468840430355746,17,100
FD003,cv,1,10,50,LBall_a0.10,25.114046822742477,49,100
FD003,cv,1,10,50,LBall_a0.20,38.6954224494765,77,100
FD003,cv,1,10,50,LBnear_a0.05,2.562962026383445,3,100
FD003,cv,1,10,50,LBnear_a0.10,3.5429632101443236,5,100
FD003,cv,1,10,50,LBnear_a0.20,8.97635898704941,16,100
FD003,cv,1,10,50,STW_cost_1se,1.0974413836141572,0,100
FD003,cv,1,10,50,STW_cost_plain,3.5576544502617806,5,100
FD003,cv,1,10,50,STW_window,1.075015282508078,0,100
FD003,cv,1,10,50,age,2.540605305076529,1,100
FD003,cv,1,10,50,perfect,1.0,0,100
FD003,cv,1,15,5,CNA_DA,1.1726302360195622,3,100
FD003,cv,1,15,5,CNA_a0.05,1.1726302360195622,3,100
FD003,cv,1,15,5,CNA_a0.10,1.3197202562921397,7,100
FD003,cv,1,15,5,CNA_a0.20,1.790323513614015,19,100
FD003,cv,1,15,5,KAM_P1_heur,1.7084510532837671,17,100
FD003,cv,1,15,5,KAM_P1_opt,1.056425659729672,0,100
FD003,cv,1,15,5,LBall_a0.05,1.868074226804124,21,100
FD003,cv,1,15,5,LBall_a0.10,3.1331076395970148,53,100
FD003,cv,1,15,5,LBall_a0.20,3.9982136332264218,75,100
FD003,cv,1,15,5,LBnear_a0.05,1.2060472972972975,4,100
FD003,cv,1,15,5,LBnear_a0.10,1.3164125485609257,7,100
FD003,cv,1,15,5,LBnear_a0.20,1.8285195576827862,20,100
FD003,cv,1,15,5,STW_cost_1se,1.09881281799518,0,100
FD003,cv,1,15,5,STW_cost_plain,1.2038104872702748,4,100
FD003,cv,1,15,5,STW_window,1.0852029796799931,0,100
FD003,cv,1,15,5,age,1.7733084008587854,1,100
FD003,cv,1,15,5,perfect,1.0,0,100
FD003,cv,1,15,10,CNA_DA,1.3296789283436106,3,100
FD003,cv,1,15,10,CNA_a0.05,1.3296789283436106,3,100
FD003,cv,1,15,10,CNA_a0.10,1.6805812638720214,7,100
FD003,cv,1,15,10,CNA_a0.20,2.7566913192579436,19,100
FD003,cv,1,15,10,KAM_P1_heur,2.0452431642663327,11,100
FD003,cv,1,15,10,KAM_P1_opt,1.056425659729672,0,100
FD003,cv,1,15,10,LBall_a0.05,2.9340948453608253,21,100
FD003,cv,1,15,10,LBall_a0.10,5.794240730921402,53,100
FD003,cv,1,15,10,LBall_a0.20,7.746538914376193,75,100
FD003,cv,1,15,10,LBnear_a0.05,1.4139864864864866,4,100
FD003,cv,1,15,10,LBnear_a0.10,1.676369104808054,7,100
FD003,cv,1,15,10,LBnear_a0.20,2.8443637563954454,20,100
FD003,cv,1,15,10,STW_cost_1se,1.09881281799518,0,100
FD003,cv,1,15,10,STW_cost_plain,1.4113640195582533,4,100
FD003,cv,1,15,10,STW_window,1.0852029796799931,0,100
FD003,cv,1,15,10,age,1.8585636124385347,1,100
FD003,cv,1,15,10,perfect,1.0,0,100
FD003,cv,1,15,20,CNA_DA,1.6437763129917076,3,100
FD003,cv,1,15,20,CNA_a0.05,1.6437763129917076,3,100
FD003,cv,1,15,20,CNA_a0.10,2.4023032790317855,7,100
FD003,cv,1,15,20,CNA_a0.20,4.6894269305458005,19,100
FD003,cv,1,15,20,KAM_P1_heur,1.052451588081905,0,100
FD003,cv,1,15,20,KAM_P1_opt,1.056425659729672,0,100
FD003,cv,1,15,20,LBall_a0.05,5.066136082474228,21,100
FD003,cv,1,15,20,LBall_a0.10,11.116506913570177,53,100
FD003,cv,1,15,20,LBall_a0.20,15.243189476675736,75,100
FD003,cv,1,15,20,LBnear_a0.05,1.8298648648648652,4,100
FD003,cv,1,15,20,LBnear_a0.10,2.39628221730231,7,100
FD003,cv,1,15,20,LBnear_a0.20,4.876052153820763,20,100
FD003,cv,1,15,20,STW_cost_1se,1.09881281799518,0,100
FD003,cv,1,15,20,STW_cost_plain,1.8264710841342102,4,100
FD003,cv,1,15,20,STW_window,1.0852029796799931,0,100
FD003,cv,1,15,20,age,2.029074035598033,1,100
FD003,cv,1,15,20,perfect,1.0,0,100
FD003,cv,1,15,50,CNA_DA,2.5860684669359983,3,100
FD003,cv,1,15,50,CNA_a0.05,2.5860684669359983,3,100
FD003,cv,1,15,50,CNA_a0.10,4.567469324511077,7,100
FD003,cv,1,15,50,CNA_a0.20,10.487633764409372,19,100
FD003,cv,1,15,50,KAM_P1_heur,1.072579942493683,0,100
FD003,cv,1,15,50,KAM_P1_opt,1.056425659729672,0,100
FD003,cv,1,15,50,LBall_a0.05,11.462259793814434,21,100
FD003,cv,1,15,50,LBall_a0.10,27.083305461516503,53,100
FD003,cv,1,15,50,LBall_a0.20,37.73314116357436,75,100
FD003,cv,1,15,50,LBnear_a0.05,3.0775000000000006,4,100
FD003,cv,1,15,50,LBnear_a0.10,4.5560215547850795,7,100
FD003,cv,1,15,50,LBnear_a0.20,10.971117346096717,20,100
FD003,cv,1,15,50,STW_cost_1se,1.09881281799518,0,100
FD003,cv,1,15,50,STW_cost_plain,3.0717922778620808,4,100
FD003,cv,1,15,50,STW_window,1.0852029796799931,0,100
FD003,cv,1,15,50,age,2.540605305076529,1,100
FD003,cv,1,15,50,perfect,1.0,0,100
FD003,cv,2,0,5,CNA_DA,1.1769848045074272,3,100
FD003,cv,2,0,5,CNA_a0.05,1.1769848045074272,3,100
FD003,cv,2,0,5,CNA_a0.10,1.3492651332724406,8,100
FD003,cv,2,0,5,CNA_a0.20,1.5032633359462024,12,100
FD003,cv,2,0,5,KAM_P1_heur,4.979773462783172,100,100
FD003,cv,2,0,5,KAM_P1_opt,1.111995135933293,1,100
FD003,cv,2,0,5,LBall_a0.05,1.859562415335988,21,100
FD003,cv,2,0,5,LBall_a0.10,3.7587786259541986,69,100
FD003,cv,2,0,5,LBall_a0.20,4.900691831532954,98,100
FD003,cv,2,0,5,LBnear_a0.05,1.2004203270144174,4,100
FD003,cv,2,0,5,LBnear_a0.10,1.3103367983367984,7,100
FD003,cv,2,0,5,LBnear_a0.20,1.739500492934604,18,100
FD003,cv,2,0,5,STW_cost_1se,1.1022071003268121,0,100
FD003,cv,2,0,5,STW_cost_plain,1.2792289964382988,6,100
FD003,cv,2,0,5,STW_window,1.1054181237318137,1,100
FD003,cv,2,0,5,age,1.7733084008587854,1,100
FD003,cv,2,0,5,perfect,1.0,0,100
FD003,cv,2,0,10,CNA_DA,1.3346166979682432,3,100
FD003,cv,2,0,10,CNA_a0.05,1.3346166979682432,3,100
FD003,cv,2,0,10,CNA_a0.10,1.7581333554762104,8,100
FD003,cv,2,0,10,CNA_a0.20,2.112694418086555,12,100
FD003,cv,2,0,10,KAM_P1_heur,1.6676612367021277,7,100
FD003,cv,2,0,10,KAM_P1_opt,1.1654564405454706,1,100
FD003,cv,2,0,10,LBall_a0.05,2.9207257501744595,21,100
FD003,cv,2,0,10,LBall_a0.10,7.207657950300471,69,100
FD003,cv,2,0,10,LBall_a0.20,9.78146215155561,98,100
FD003,cv,2,0,10,LBnear_a0.05,1.4073893489134548,4,100
FD003,cv,2,0,10,LBnear_a0.10,1.6686320166320168,7,100
FD003,cv,2,0,10,LBnear_a0.20,2.649704239237595,18,100
FD003,cv,2,0,10,STW_cost_1se,1.1022071003268121,0,100
FD003,cv,2,0,10,STW_cost_plain,1.588719882673371,6,100
FD003,cv,2,0,10,STW_window,1.1585632258343048,1,100
FD003,cv,2,0,10,age,1.8585636124385347,1,100
FD003,cv,2,0,10,perfect,1.0,0,100
FD003,cv,2,0,20,CNA_DA,1.6498804848898756,3,100
FD003,cv,2,0,20,CNA_a0.05,1.6498804848898756,3,100
FD003,cv,2,0,20,CNA_a0.10,2.5758697998837503,8,100
FD003,cv,2,0,20,CNA_a0.20,3.3315565823672597,12,100
FD003,cv,2,0,20,KAM_P1_heur,2.3838347739361705,7,100
FD003,cv,2,0,20,KAM_P1_opt,1.2723790497698255,1,100
FD003,cv,2,0,20,LBall_a0.05,5.043052419851403,21,100
FD003,cv,2,0,20,LBall_a0.10,14.105416598993019,69,100
FD003,cv,2,0,20,LBall_a0.20,19.543002791600923,98,100
FD003,cv,2,0,20,LBnear_a0.05,1.8213273927115297,4,100
FD003,cv,2,0,20,LBnear_a0.10,2.3852224532224535,7,100
FD003,cv,2,0,20,LBnear_a0.20,4.470111731843576,18,100
FD003,cv,2,0,20,STW_cost_1se,1.1022071003268121,0,100
FD003,cv,2,0,20,STW_cost_plain,2.207701655143516,6,100
FD003,cv,2,0,20,STW_window,1.2648534300392869,1,100
FD003,cv,2,0,20,age,2.029074035598033,1,100
FD003,cv,2,0,20,perfect,1.0,0,100
FD003,cv,2,0,50,CNA_DA,2.5956718456547723,3,100
FD003,cv,2,0,50,CNA_a0.05,2.5956718456547723,3,100
FD003,cv,2,0,50,CNA_a0.10,5.029079133106369,8,100
FD003,cv,2,0,50,CNA_a0.20,6.988143075209374,12,100
FD003,cv,2,0,50,KAM_P1_heur,4.532355385638298,7,100
FD003,cv,2,0,50,KAM_P1_opt,1.5931468774428907,1,100
FD003,cv,2,0,50,LBall_a0.05,11.41003242888223,21,100
FD003,cv,2,0,50,LBall_a0.10,34.79869254507065,69,100
FD003,cv,2,0,50,LBall_a0.20,48.82762471173686,98,100
FD003,cv,2,0,50,LBnear_a0.05,3.0631415241057547,4,100
FD003,cv,2,0,50,LBnear_a0.10,4.534993762993763,7,100
FD003,cv,2,0,50,LBnear_a0.20,9.93133420966152,18,100
FD003,cv,2,0,50,STW_cost_1se,1.1022071003268121,0,100
FD003,cv,2,0,50,STW_cost_plain,4.064646972553949,6,100
FD003,cv,2,0,50,STW_window,1.5837240426542332,1,100
FD003,cv,2,0,50,age,2.540605305076529,1,100
FD003,cv,2,0,50,perfect,1.0,0,100
FD003,cv,2,5,5,CNA_DA,1.1745782927244848,3,100
FD003,cv,2,5,5,CNA_a0.05,1.1745782927244848,3,100
FD003,cv,2,5,5,CNA_a0.10,1.3892291096174592,9,100
FD003,cv,2,5,5,CNA_a0.20,1.8198841936676113,20,100
FD003,cv,2,5,5,KAM_P1_heur,2.140079544056747,28,100
FD003,cv,2,5,5,KAM_P1_opt,1.1100186413491135,1,100
FD003,cv,2,5,5,LBall_a0.05,1.622806294801022,15,100
FD003,cv,2,5,5,LBall_a0.10,3.049040615961218,51,100
FD003,cv,2,5,5,LBall_a0.20,4.230206264943065,81,100
FD003,cv,2,5,5,LBnear_a0.05,1.3241564771629062,7,100
FD003,cv,2,5,5,LBnear_a0.10,1.3118641245524938,7,100
FD003,cv,2,5,5,LBnear_a0.20,1.6232075160705457,15,100
FD003,cv,2,5,5,STW_cost_1se,1.099794514428661,0,100
FD003,cv,2,5,5,STW_cost_plain,1.321990099840591,7,100
FD003,cv,2,5,5,STW_window,1.1005716741886955,1,100
FD003,cv,2,5,5,age,1.7733084008587854,1,100
FD003,cv,2,5,5,perfect,1.0,0,100
FD003,cv,2,5,10,CNA_DA,1.3318878855000855,3,100
FD003,cv,2,5,10,CNA_a0.05,1.3318878855000855,3,100
FD003,cv,2,5,10,CNA_a0.10,1.8489005061820598,9,100
FD003,cv,2,5,10,CNA_a0.20,2.8309309679273955,20,100
FD003,cv,2,5,10,KAM_P1_heur,1.3988636363636366,4,100
FD003,cv,2,5,10,KAM_P1_opt,1.1633849221832055,1,100
FD003,cv,2,5,10,LBall_a0.05,2.383496745489001,15,100
FD003,cv,2,5,10,LBall_a0.10,5.606624027376054,51,100
FD003,cv,2,5,10,LBall_a0.20,8.270851400089152,81,100
FD003,cv,2,5,10,LBnear_a0.05,1.6862305138871383,7,100
FD003,cv,2,5,10,LBnear_a0.10,1.6705769711098162,7,100
FD003,cv,2,5,10,LBnear_a0.20,2.384086039228614,15,100
FD003,cv,2,5,10,STW_cost_1se,1.099794514428661,0,100
FD003,cv,2,5,10,STW_cost_plain,1.6834717677657525,7,100
FD003,cv,2,5,10,STW_window,1.153483773909306,1,100
FD003,cv,2,5,10,age,1.8585636124385347,1,100
FD003,cv,2,5,10,perfect,1.0,0,100
FD003,cv,2,5,20,CNA_DA,1.6465070710512866,3,100
FD003,cv,2,5,20,CNA_a0.05,1.6465070710512866,3,100
FD003,cv,2,5,20,CNA_a0.10,2.768243299311261,9,100
FD003,cv,2,5,20,CNA_a0.20,4.853024516446964,20,100
FD003,cv,2,5,20,KAM_P1_heur,1.810294117647059,4,100
FD003,cv,2,5,20,KAM_P1_opt,1.2701174838513896,1,100
FD003,cv,2,5,20,LBall_a0.05,3.9048776468649593,15,100
FD003,cv,2,5,20,LBall_a0.10,10.721790850205728,51,100
FD003,cv,2,5,20,LBall_a0.20,16.35214167038133,81,100
FD003,cv,2,5,20,LBnear_a0.05,2.4103785873356025,7,100
FD003,cv,2,5,20,LBnear_a0.10,2.388002664224461,7,100
FD003,cv,2,5,20,LBnear_a0.20,3.9058430855447503,15,100
FD003,cv,2,5,20,STW_cost_1se,1.099794514428661,0,100
FD003,cv,2,5,20,STW_cost_plain,2.4064351036160754,7,100
FD003,cv,2,5,20,STW_window,1.2593079733505268,1,100
FD003,cv,2,5,20,age,2.029074035598033,1,100
FD003,cv,2,5,20,perfect,1.0,0,100
FD003,cv,2,5,50,CNA_DA,2.5903646277048904,3,100
FD003,cv,2,5,50,CNA_a0.05,2.5903646277048904,3,100
FD003,cv,2,5,50,CNA_a0.10,5.526271678698864,9,100
FD003,cv,2,5,50,CNA_a0.20,10.919305162005667,20,100
FD003,cv,2,5,50,KAM_P1_heur,2.0615579802080695,2,100
FD003,cv,2,5,50,KAM_P1_opt,1.5903151688559416,1,100
FD003,cv,2,5,50,LBall_a0.05,8.469020350992832,15,100
FD003,cv,2,5,50,LBall_a0.10,26.06729131869475,51,100
FD003,cv,2,5,50,LBall_a0.20,40.59601248125786,81,100
FD003,cv,2,5,50,LBnear_a0.05,4.582822807680996,7,100
FD003,cv,2,5,50,LBnear_a0.10,4.540279743568396,7,100
FD003,cv,2,5,50,LBnear_a0.20,8.47111422449316,15,100
FD003,cv,2,5,50,STW_cost_1se,1.099794514428661,0,100
FD003,cv,2,5,50,STW_cost_plain,4.575325111167045,7,100
FD003,cv,2,5,50,STW_window,1.576780571674189,1,100
FD003,cv,2,5,50,age,2.540605305076529,1,100
FD003,cv,2,5,50,perfect,1.0,0,100
FD003,cv,2,10,5,CNA_DA,1.1300297492562688,2,100
FD003,cv,2,10,5,CNA_a0.05,1.1300297492562688,2,100
FD003,cv,2,10,5,CNA_a0.10,1.632490675507667,15,100
FD003,cv,2,10,5,CNA_a0.20,2.0239220683135355,25,100
FD003,cv,2,10,5,KAM_P1_heur,2.343030601361884,33,100
FD003,cv,2,10,5,KAM_P1_opt,1.1496713939813215,2,100
FD003,cv,2,10,5,LBall_a0.05,1.8263342262518032,20,100
FD003,cv,2,10,5,LBall_a0.10,3.05351882828118,51,100
FD003,cv,2,10,5,LBall_a0.20,3.997726719168629,75,100
FD003,cv,2,10,5,LBnear_a0.05,1.1614185831016766,3,100
FD003,cv,2,10,5,LBnear_a0.10,1.3142714154641757,7,100
FD003,cv,2,10,5,LBnear_a0.20,1.7863379642989654,19,100
FD003,cv,2,10,5,STW_cost_1se,1.1018124860147687,0,100
FD003,cv,2,10,5,STW_cost_plain,1.2380673008423084,5,100
FD003,cv,2,10,5,STW_window,1.202651779483601,3,100
FD003,cv,2,10,5,age,1.7733084008587854,1,100
FD003,cv,2,10,5,perfect,1.0,0,100
FD003,cv,2,10,10,CNA_DA,1.234662133446664,2,100
FD003,cv,2,10,10,CNA_a0.05,1.234662133446664,2,100
FD003,cv,2,10,10,CNA_a0.10,2.397720679651886,15,100
FD003,cv,2,10,10,CNA_a0.20,3.2888733610094953,25,100
FD003,cv,2,10,10,KAM_P1_heur,2.2269862442684456,13,100
FD003,cv,2,10,10,KAM_P1_opt,1.256122448979592,2,100
FD003,cv,2,10,10,LBall_a0.05,2.8409643519472496,20,100
FD003,cv,2,10,10,LBall_a0.10,5.614858634898617,51,100
FD003,cv,2,10,10,LBall_a0.20,7.745595518389219,75,100
FD003,cv,2,10,10,LBnear_a0.05,1.3169657147670795,3,100
FD003,cv,2,10,10,LBnear_a0.10,1.6736425056301611,7,100
FD003,cv,2,10,10,LBnear_a0.20,2.7505544791194296,19,100
FD003,cv,2,10,10,STW_cost_1se,1.1018124860147687,0,100
FD003,cv,2,10,10,STW_cost_plain,1.4959979885177892,5,100
FD003,cv,2,10,10,STW_window,1.363721214235869,3,100
FD003,cv,2,10,10,age,1.8585636124385347,1,100
FD003,cv,2,10,10,perfect,1.0,0,100
FD003,cv,2,10,20,CNA_DA,1.4439269018274545,2,100
FD003,cv,2,10,20,CNA_a0.05,1.4439269018274545,2,100
FD003,cv,2,10,20,CNA_a0.10,3.9281806879403236,15,100
FD003,cv,2,10,20,CNA_a0.20,5.818775946401415,25,100
FD003,cv,2,10,20,KAM_P1_heur,2.018032786885246,5,100
FD003,cv,2,10,20,KAM_P1_opt,1.469024558976133,2,100
FD003,cv,2,10,20,LBall_a0.05,4.8702246033381416,20,100
FD003,cv,2,10,20,LBall_a0.10,10.737538248133491,51,100
FD003,cv,2,10,20,LBall_a0.20,15.241333116830399,75,100
FD003,cv,2,10,20,LBnear_a0.05,1.6280599780978857,3,100
FD003,cv,2,10,20,LBnear_a0.10,2.3923846859621323,7,100
FD003,cv,2,10,20,LBnear_a0.20,4.6789875087603585,19,100
FD003,cv,2,10,20,STW_cost_1se,1.1018124860147687,0,100
FD003,cv,2,10,20,STW_cost_plain,2.011859363868751,5,100
FD003,cv,2,10,20,STW_window,1.685860083740405,3,100
FD003,cv,2,10,20,age,2.029074035598033,1,100
FD003,cv,2,10,20,perfect,1.0,0,100
FD003,cv,2,10,50,CNA_DA,2.071721206969826,2,100
FD003,cv,2,10,50,CNA_a0.05,2.071721206969826,2,100
FD003,cv,2,10,50,CNA_a0.10,8.519560712805637,15,100
FD003,cv,2,10,50,CNA_a0.20,13.408483702577172,25,100
FD003,cv,2,10,50,KAM_P1_heur,2.6089235917456777,3,100
FD003,cv,2,10,50,KAM_P1_opt,2.107730888965756,2,100
FD003,cv,2,10,50,LBall_a0.05,10.95800535751082,20,100
FD003,cv,2,10,50,LBall_a0.10,26.105577087838117,51,100
FD003,cv,2,10,50,LBall_a0.20,37.72854591215394,75,100
FD003,cv,2,10,50,LBnear_a0.05,2.561342768090304,3,100
FD003,cv,2,10,50,LBnear_a0.10,4.548611226958045,7,100
FD003,cv,2,10,50,LBnear_a0.20,10.464286597683143,19,100
FD003,cv,2,10,50,STW_cost_1se,1.1018124860147687,0,100
FD003,cv,2,10,50,STW_cost_plain,3.559443489921636,5,100
FD003,cv,2,10,50,STW_window,2.652276692254013,3,100
FD003,cv,2,10,50,age,2.540605305076529,1,100
FD003,cv,2,10,50,perfect,1.0,0,100
FD003,cv,2,15,5,CNA_DA,1.1718827029324268,3,100
FD003,cv,2,15,5,CNA_a0.05,1.1718827029324268,3,100
FD003,cv,2,15,5,CNA_a0.10,1.4431418522860493,10,100
FD003,cv,2,15,5,CNA_a0.20,1.6291823483187893,15,100
FD003,cv,2,15,5,KAM_P1_heur,1.9904797261065053,24,100
FD003,cv,2,15,5,KAM_P1_opt,1.1594470849867007,2,100
FD003,cv,2,15,5,LBall_a0.05,1.788180917794652,19,100
FD003,cv,2,15,5,LBall_a0.10,2.856008496037906,46,100
FD003,cv,2,15,5,LBall_a0.20,3.92127417519909,73,100
FD003,cv,2,15,5,LBnear_a0.05,1.1650006337403356,3,100
FD003,cv,2,15,5,LBnear_a0.10,1.2752746564183968,6,100
FD003,cv,2,15,5,LBnear_a0.20,1.707816177381395,17,100
FD003,cv,2,15,5,STW_cost_1se,1.1034915512527455,0,100
FD003,cv,2,15,5,STW_cost_plain,1.2459514170040487,5,100
FD003,cv,2,15,5,STW_window,1.090635244086117,0,100
FD003,cv,2,15,5,age,1.7733084008587854,1,100
FD003,cv,2,15,5,perfect,1.0,0,100
FD003,cv,2,15,10,CNA_DA,1.3288312792180197,3,100
FD003,cv,2,15,10,CNA_a0.05,1.3288312792180197,3,100
FD003,cv,2,15,10,CNA_a0.10,1.9585496566739244,10,100
FD003,cv,2,15,10,CNA_a0.20,2.3928615740932213,15,100
FD003,cv,2,15,10,KAM_P1_heur,2.05330036461171,11,100
FD003,cv,2,15,10,KAM_P1_opt,1.266803296559543,2,100
FD003,cv,2,15,10,LBall_a0.05,2.7533922086497196,19,100
FD003,cv,2,15,10,LBall_a0.10,5.168973123110858,46,100
FD003,cv,2,15,10,LBall_a0.20,7.572460588330896,73,100
FD003,cv,2,15,10,LBnear_a0.05,1.321027504330559,3,100
FD003,cv,2,15,10,LBnear_a0.10,1.583808847487364,6,100
FD003,cv,2,15,10,LBnear_a0.20,2.5718898385565057,17,100
FD003,cv,2,15,10,STW_cost_1se,1.1034915512527455,0,100
FD003,cv,2,15,10,STW_cost_plain,1.505524628879892,5,100
FD003,cv,2,15,10,STW_window,1.090635244086117,0,100
FD003,cv,2,15,10,age,1.8585636124385347,1,100
FD003,cv,2,15,10,perfect,1.0,0,100
FD003,cv,2,15,20,CNA_DA,1.6427284317892055,3,100
FD003,cv,2,15,20,CNA_a0.05,1.6427284317892055,3,100
FD003,cv,2,15,20,CNA_a0.10,2.989365265449674,10,100
FD003,cv,2,15,20,CNA_a0.20,3.9202200256420867,15,100
FD003,cv,2,15,20,KAM_P1_heur,1.6551792060977177,3,100
FD003,cv,2,15,20,KAM_P1_opt,1.4815157197052284,2,100
FD003,cv,2,15,20,LBall_a0.05,4.683814790359855,19,100
FD003,cv,2,15,20,LBall_a0.10,9.794902377256761,46,100
FD003,cv,2,15,20,LBall_a0.20,14.874833414594509,73,100
FD003,cv,2,15,20,LBnear_a0.05,1.633081245511006,3,100
FD003,cv,2,15,20,LBnear_a0.10,2.2008772296252976,6,100
FD003,cv,2,15,20,LBnear_a0.20,4.300037160906727,17,100
FD003,cv,2,15,20,STW_cost_1se,1.1034915512527455,0,100
FD003,cv,2,15,20,STW_cost_plain,2.024671052631579,5,100
FD003,cv,2,15,20,STW_window,1.090635244086117,0,100
FD003,cv,2,15,20,age,2.029074035598033,1,100
FD003,cv,2,15,20,perfect,1.0,0,100
FD003,cv,2,15,50,CNA_DA,2.5844198895027626,3,100
FD003,cv,2,15,50,CNA_a0.05,2.5844198895027626,3,100
FD003,cv,2,15,50,CNA_a0.10,6.081812091776923,10,100
FD003,cv,2,15,50,CNA_a0.20,8.50229538028868,15,100
FD003,cv,2,15,50,KAM_P1_heur,2.6176832680470064,3,100
FD003,cv,2,15,50,KAM_P1_opt,2.1256529891422846,2,100
FD003,cv,2,15,50,LBall_a0.05,10.47508253549026,19,100
FD003,cv,2,15,50,LBall_a0.10,23.67269013969447,46,100
FD003,cv,2,15,50,LBall_a0.20,36.78195189338534,73,100
FD003,cv,2,15,50,LBnear_a0.05,2.569242469052347,3,100
FD003,cv,2,15,50,LBnear_a0.10,4.0520823760391,6,100
FD003,cv,2,15,50,LBnear_a0.20,9.48447912795739,17,100
FD003,cv,2,15,50,STW_cost_1se,1.1034915512527455,0,100
FD003,cv,2,15,50,STW_cost_plain,3.5821103238866403,5,100
FD003,cv,2,15,50,STW_window,1.090635244086117,0,100
FD003,cv,2,15,50,age,2.540605305076529,1,100
FD003,cv,2,15,50,perfect,1.0,0,100
FD004,cv,0,0,5,CNA_DA,1.174355014438791,6,249
FD004,cv,0,0,5,CNA_a0.05,1.2229795622208044,11,249
FD004,cv,0,0,5,CNA_a0.10,1.4622081033205903,26,249
FD004,cv,0,0,5,CNA_a0.20,1.9371019577062827,56,249
FD004,cv,0,0,5,KAM_P1_heur,2.4925755338443136,91,249
FD004,cv,0,0,5,KAM_P1_opt,1.1451638409893703,5,249
FD004,cv,0,0,5,LBall_a0.05,2.0798408632696046,65,249
FD004,cv,0,0,5,LBall_a0.10,3.87060539936941,178,249
FD004,cv,0,0,5,LBall_a0.20,4.8687138651936115,242,249
FD004,cv,0,0,5,LBnear_a0.05,1.1627531699423248,7,249
FD004,cv,0,0,5,LBnear_a0.10,1.3621035891012168,20,249
FD004,cv,0,0,5,LBnear_a0.20,2.015437637073115,61,249
FD004,cv,0,0,5,STW_cost_1se,1.1161508891900036,2,249
FD004,cv,0,0,5,STW_cost_plain,1.2444674878489774,12,249
FD004,cv,0,0,5,STW_window,1.1411439394420715,4,249
FD004,cv,0,0,5,age,1.9255764316005282,8,249
FD004,cv,0,0,5,perfect,1.0,0,249
FD004,cv,0,0,10,CNA_DA,1.3034050160254715,6,249
FD004,cv,0,0,10,CNA_a0.05,1.4525491046172012,11,249
FD004,cv,0,0,10,CNA_a0.10,2.0006983396709495,26,249
FD004,cv,0,0,10,CNA_a0.20,3.083800791020784,56,249
FD004,cv,0,0,10,KAM_P1_heur,3.949842631758315,80,249
FD004,cv,0,0,10,KAM_P1_opt,1.265378808228222,5,249
FD004,cv,0,0,10,LBall_a0.05,3.4078335559270143,65,249
FD004,cv,0,0,10,LBall_a0.10,7.455245155289051,178,249
FD004,cv,0,0,10,LBall_a0.20,9.70942362434256,242,249
FD004,cv,0,0,10,LBnear_a0.05,1.3096714405126548,7,249
FD004,cv,0,0,10,LBnear_a0.10,1.776116838068152,20,249
FD004,cv,0,0,10,LBnear_a0.20,3.2623108202522233,61,249
FD004,cv,0,0,10,STW_cost_1se,1.1595808848783307,2,249
FD004,cv,0,0,10,STW_cost_plain,1.4958750611518012,12,249
FD004,cv,0,0,10,STW_window,1.2272680103433597,4,249
FD004,cv,0,0,10,age,2.131951421674975,4,249
FD004,cv,0,0,10,perfect,1.0,0,249
FD004,cv,0,0,20,CNA_DA,1.5615050191988322,6,249
FD004,cv,0,0,20,CNA_a0.05,1.9116881894099949,11,249
FD004,cv,0,0,20,CNA_a0.10,3.0776788123716674,26,249
FD004,cv,0,0,20,CNA_a0.20,5.377198457649787,56,249
FD004,cv,0,0,20,KAM_P1_heur,4.0028859759706545,38,249
FD004,cv,0,0,20,KAM_P1_opt,1.4805792858180558,5,249
FD004,cv,0,0,20,LBall_a0.05,6.063818941241833,65,249
FD004,cv,0,0,20,LBall_a0.10,14.624524667128332,178,249
FD004,cv,0,0,20,LBall_a0.20,19.39084314264046,242,249
FD004,cv,0,0,20,LBnear_a0.05,1.6035079816533142,7,249
FD004,cv,0,0,20,LBnear_a0.10,2.604143336002022,20,249
FD004,cv,0,0,20,LBnear_a0.20,5.756057186610438,61,249
FD004,cv,0,0,20,STW_cost_1se,1.2464408762549846,2,249
FD004,cv,0,0,20,STW_cost_plain,1.9986902077574489,12,249
FD004,cv,0,0,20,STW_window,1.3995161521459365,4,249
FD004,cv,0,0,20,age,2.066495183465915,1,249
FD004,cv,0,0,20,perfect,1.0,0,249
FD004,cv,0,0,50,CNA_DA,2.3358050287189145,6,249
FD004,cv,0,0,50,CNA_a0.05,3.2891054437883755,11,249
FD004,cv,0,0,50,CNA_a0.10,6.308620230473821,26,249
FD004,cv,0,0,50,CNA_a0.20,12.257391457536796,56,249
FD004,cv,0,0,50,KAM_P1_heur,3.8960441029323447,14,249
FD004,cv,0,0,50,KAM_P1_opt,2.1261807185875568,5,249
FD004,cv,0,0,50,LBall_a0.05,14.03177509718629,65,249
FD004,cv,0,0,50,LBall_a0.10,36.132363202646175,178,249
FD004,cv,0,0,50,LBall_a0.20,48.435101697534144,242,249
FD004,cv,0,0,50,LBnear_a0.05,2.4850176050752935,7,249
FD004,cv,0,0,50,LBnear_a0.10,5.088222829803634,20,249
FD004,cv,0,0,50,LBnear_a0.20,13.237296285685085,61,249
FD004,cv,0,0,50,STW_cost_1se,1.5070208503849465,2,249
FD004,cv,0,0,50,STW_cost_plain,3.5071356475743913,12,249
FD004,cv,0,0,50,STW_window,1.916260577553667,4,249
FD004,cv,0,0,50,age,2.2978192711673233,1,249
FD004,cv,0,0,50,perfect,1.0,0,249
FD004,cv,0,5,5,CNA_DA,1.1488371812972753,5,249
FD004,cv,0,5,5,CNA_a0.05,1.3777267666244541,20,249
FD004,cv,0,5,5,CNA_a0.10,1.5472503308639074,31,249
FD004,cv,0,5,5,CNA_a0.20,1.8459108885153799,50,249
FD004,cv,0,5,5,KAM_P1_heur,1.8125653408884177,48,249
FD004,cv,0,5,5,KAM_P1_opt,1.1482079716105313,4,249
FD004,cv,0,5,5,LBall_a0.05,1.9582957113344113,57,249
FD004,cv,0,5,5,LBall_a0.10,3.3281239398379183,143,249
FD004,cv,0,5,5,LBall_a0.20,4.216209358919894,199,249
FD004,cv,0,5,5,LBnear_a0.05,1.1975656868395694,9,249
FD004,cv,0,5,5,LBnear_a0.10,1.4313936979500157,24,249
FD004,cv,0,5,5,LBnear_a0.20,1.9421994235532185,56,249
FD004,cv,0,5,5,STW_cost_1se,1.1031007115296219,1,249
FD004,cv,0,5,5,STW_cost_plain,1.2203812318948632,10,249
FD004,cv,0,5,5,STW_window,1.1087947670402765,3,249
FD004,cv,0,5,5,age,1.9255764316005282,8,249
FD004,cv,0,5,5,perfect,1.0,0,249
FD004,cv,0,5,10,CNA_DA,1.19316824012362,3,249
FD004,cv,0,5,10,CNA_a0.05,1.7964887017686653,20,249
FD004,cv,0,5,10,CNA_a0.10,2.1902095836357725,31,249
FD004,cv,0,5,10,CNA_a0.20,2.8737009155283975,50,249
FD004,cv,0,5,10,KAM_P1_heur,1.8196514180449925,21,249
FD004,cv,0,5,10,KAM_P1_opt,1.2348651770150998,4,249
FD004,cv,0,5,10,LBall_a0.05,3.1283466080436506,57,249
FD004,cv,0,5,10,LBall_a0.10,6.226551000719906,143,249
FD004,cv,0,5,10,LBall_a0.20,8.23068621262831,199,249
FD004,cv,0,5,10,LBnear_a0.05,1.3866550058142384,9,249
FD004,cv,0,5,10,LBnear_a0.10,1.9292697668021952,24,249
FD004,cv,0,5,10,LBnear_a0.20,3.091915784218972,56,249
FD004,cv,0,5,10,STW_cost_1se,1.124901120848389,1,249
FD004,cv,0,5,10,STW_cost_plain,1.4315198533299607,10,249
FD004,cv,0,5,10,STW_window,1.1665502408413775,2,249
FD004,cv,0,5,10,age,2.131951421674975,4,249
FD004,cv,0,5,10,perfect,1.0,0,249
FD004,cv,0,5,20,CNA_DA,1.3228604401370572,3,249
FD004,cv,0,5,20,CNA_a0.05,2.6340125720570873,20,249
FD004,cv,0,5,20,CNA_a0.10,3.4761280891795026,31,249
FD004,cv,0,5,20,CNA_a0.20,4.9292809695544335,50,249
FD004,cv,0,5,20,KAM_P1_heur,2.0729488059887506,13,249
FD004,cv,0,5,20,KAM_P1_opt,1.4081795878242365,4,249
FD004,cv,0,5,20,LBall_a0.05,5.46844840146213,57,249
FD004,cv,0,5,20,LBall_a0.10,12.02340512248388,143,249
FD004,cv,0,5,20,LBall_a0.20,16.25963992004514,199,249
FD004,cv,0,5,20,LBnear_a0.05,1.764833643763576,9,249
FD004,cv,0,5,20,LBnear_a0.10,2.925021904506554,24,249
FD004,cv,0,5,20,LBnear_a0.20,5.391348505550478,56,249
FD004,cv,0,5,20,STW_cost_1se,1.1685019394859235,1,249
FD004,cv,0,5,20,STW_cost_plain,1.8537970962001555,10,249
FD004,cv,0,5,20,STW_window,1.2822197349781372,2,249
FD004,cv,0,5,20,age,2.066495183465915,1,249
FD004,cv,0,5,20,perfect,1.0,0,249
FD004,cv,0,5,50,CNA_DA,1.711937040177368,3,249
FD004,cv,0,5,50,CNA_a0.05,5.146584182922353,20,249
FD004,cv,0,5,50,CNA_a0.10,7.333883605810693,31,249
FD004,cv,0,5,50,CNA_a0.20,11.09602113163254,50,249
FD004,cv,0,5,50,KAM_P1_heur,2.2927678240842164,6,249
FD004,cv,0,5,50,KAM_P1_opt,1.9281228202516467,4,249
FD004,cv,0,5,50,LBall_a0.05,12.488753781717568,57,249
FD004,cv,0,5,50,LBall_a0.10,29.413967487775803,143,249
FD004,cv,0,5,50,LBall_a0.20,40.346501042295635,199,249
FD004,cv,0,5,50,LBnear_a0.05,2.8993695576115894,9,249
FD004,cv,0,5,50,LBnear_a0.10,5.912278317619631,24,249
FD004,cv,0,5,50,LBnear_a0.20,12.289646669544998,56,249
FD004,cv,0,5,50,STW_cost_1se,1.2993043953985268,1,249
FD004,cv,0,5,50,STW_cost_plain,3.12062882481074,10,249
FD004,cv,0,5,50,STW_window,1.5502796098864584,2,249
FD004,cv,0,5,50,age,2.2978192711673233,1,249
FD004,cv,0,5,50,perfect,1.0,0,249
FD004,cv,0,10,5,CNA_DA,1.1353948155224112,3,249
FD004,cv,0,10,5,CNA_a0.05,1.3128792887498975,16,249
FD004,cv,0,10,5,CNA_a0.10,1.5490339047323385,31,249
FD004,cv,0,10,5,CNA_a0.20,1.9106313550468352,54,249
FD004,cv,0,10,5,KAM_P1_heur,1.7520650544964882,44,249
FD004,cv,0,10,5,KAM_P1_opt,1.1286361565579686,2,249
FD004,cv,0,10,5,LBall_a0.05,1.9098625666532947,54,249
FD004,cv,0,10,5,LBall_a0.10,3.2245435674012133,136,249
FD004,cv,0,10,5,LBall_a0.20,3.8781496887256237,177,249
FD004,cv,0,10,5,LBnear_a0.05,1.2321537458735465,11,249
FD004,cv,0,10,5,LBnear_a0.10,1.5174569915271854,29,249
FD004,cv,0,10,5,LBnear_a0.20,1.9108877554031338,54,249
FD004,cv,0,10,5,STW_cost_1se,1.1086650510457896,1,249
FD004,cv,0,10,5,STW_cost_plain,1.2104590344735393,9,249
FD004,cv,0,10,5,STW_window,1.1566980617346894,4,249
FD004,cv,0,10,5,age,1.9255764316005282,8,249
FD004,cv,0,10,5,perfect,1.0,0,249
FD004,cv,0,10,10,CNA_DA,1.2006473911271474,3,249
FD004,cv,0,10,10,CNA_a0.05,1.6484394903473152,16,249
FD004,cv,0,10,10,CNA_a0.10,2.192734320907975,31,249
FD004,cv,0,10,10,CNA_a0.20,3.020030206364353,54,249
FD004,cv,0,10,10,KAM_P1_heur,2.01226661006121,26,249
FD004,cv,0,10,10,KAM_P1_opt,1.172551960315088,2,249
FD004,cv,0,10,10,LBall_a0.05,3.0188150247100465,54,249
FD004,cv,0,10,10,LBall_a0.10,5.9895998420958225,136,249
FD004,cv,0,10,10,LBall_a0.20,7.464526360117659,177,249
FD004,cv,0,10,10,LBnear_a0.05,1.4634454046552705,11,249
FD004,cv,0,10,10,LBnear_a0.10,2.1202823717229164,29,249
FD004,cv,0,10,10,LBnear_a0.20,3.020435484346889,54,249
FD004,cv,0,10,10,STW_cost_1se,1.1305754275486708,1,249
FD004,cv,0,10,10,STW_cost_plain,1.4015841451798874,9,249
FD004,cv,0,10,10,STW_window,1.2618929875550569,4,249
FD004,cv,0,10,10,age,2.131951421674975,4,249
FD004,cv,0,10,10,perfect,1.0,0,249
FD004,cv,0,10,20,CNA_DA,1.33115254233662,3,249
FD004,cv,0,10,20,CNA_a0.05,2.3195598935421513,16,249
FD004,cv,0,10,20,CNA_a0.10,3.4801351532592486,31,249
FD004,cv,0,10,20,CNA_a0.20,5.2388279089993866,54,249
FD004,cv,0,10,20,KAM_P1_heur,2.2355008989974836,15,249
FD004,cv,0,10,20,KAM_P1_opt,1.260383567829327,2,249
FD004,cv,0,10,20,LBall_a0.05,5.23671994082355,54,249
FD004,cv,0,10,20,LBall_a0.10,11.51971239148504,136,249
FD004,cv,0,10,20,LBall_a0.20,14.637279702901727,177,249
FD004,cv,0,10,20,LBnear_a0.05,1.9260287222187178,11,249
FD004,cv,0,10,20,LBnear_a0.10,3.325933132114379,29,249
FD004,cv,0,10,20,LBnear_a0.20,5.239530942234398,54,249
FD004,cv,0,10,20,STW_cost_1se,1.1743961805544332,1,249
FD004,cv,0,10,20,STW_cost_plain,1.783834366592584,9,249
FD004,cv,0,10,20,STW_window,1.4390007752820824,4,249
FD004,cv,0,10,20,age,2.066495183465915,1,249
FD004,cv,0,10,20,perfect,1.0,0,249
FD004,cv,0,10,50,CNA_DA,1.7226679959650377,3,249
FD004,cv,0,10,50,CNA_a0.05,4.332921103126657,16,249
FD004,cv,0,10,50,CNA_a0.10,7.342337650313068,31,249
FD004,cv,0,10,50,CNA_a0.20,11.895221016904491,54,249
FD004,cv,0,10,50,KAM_P1_heur,2.3069229208598614,6,249
FD004,cv,0,10,50,KAM_P1_opt,1.5238783903720432,2,249
FD004,cv,0,10,50,LBall_a0.05,11.890434689164062,54,249
FD004,cv,0,10,50,LBall_a0.10,28.110050039652695,136,249
FD004,cv,0,10,50,LBall_a0.20,36.15553973125393,177,249
FD004,cv,0,10,50,LBnear_a0.05,3.3137786749090603,11,249
FD004,cv,0,10,50,LBnear_a0.10,6.942885413288766,29,249
FD004,cv,0,10,50,LBnear_a0.20,11.89681731589693,54,249
FD004,cv,0,10,50,STW_cost_1se,1.3058584395717205,1,249
FD004,cv,0,10,50,STW_cost_plain,2.930585030830674,9,249
FD004,cv,0,10,50,STW_window,1.9703241384631587,4,249
FD004,cv,0,10,50,age,2.2978192711673233,1,249
FD004,cv,0,10,50,perfect,1.0,0,249
FD004,cv,0,15,5,CNA_DA,1.1261956677436298,3,249
FD004,cv,0,15,5,CNA_a0.05,1.2977677898289541,15,249
FD004,cv,0,15,5,CNA_a0.10,1.432971165106672,24,249
FD004,cv,0,15,5,CNA_a0.20,2.0129245832488967,60,249
FD004,cv,0,15,5,KAM_P1_heur,1.7365393686816233,43,249
FD004,cv,0,15,5,KAM_P1_opt,1.1307645496045138,2,249
FD004,cv,0,15,5,LBall_a0.05,2.027959036212013,61,249
FD004,cv,0,15,5,LBall_a0.10,3.1642628763608194,132,249
FD004,cv,0,15,5,LBall_a0.20,3.9937310021935115,184,249
FD004,cv,0,15,5,LBnear_a0.05,1.264602226432742,13,249
FD004,cv,0,15,5,LBnear_a0.10,1.4167173050646436,23,249
FD004,cv,0,15,5,LBnear_a0.20,2.0287425317746157,61,249
FD004,cv,0,15,5,STW_cost_1se,1.1113088947628713,1,249
FD004,cv,0,15,5,STW_cost_plain,1.1788520212459874,7,249
FD004,cv,0,15,5,STW_window,1.1141856561212855,1,249
FD004,cv,0,15,5,age,1.9255764316005282,8,249
FD004,cv,0,15,5,perfect,1.0,0,249
FD004,cv,0,15,10,CNA_DA,1.2036182325428173,3,249
FD004,cv,0,15,10,CNA_a0.05,1.612759971826273,15,249
FD004,cv,0,15,10,CNA_a0.10,1.931395918187254,24,249
FD004,cv,0,15,10,CNA_a0.20,3.2478476404568086,60,249
FD004,cv,0,15,10,KAM_P1_heur,2.0768738960172626,28,249
FD004,cv,0,15,10,KAM_P1_opt,1.1747631702116932,2,249
FD004,cv,0,15,10,LBall_a0.05,3.282578723929384,61,249
FD004,cv,0,15,10,LBall_a0.10,5.852053736590086,132,249
FD004,cv,0,15,10,LBall_a0.20,7.723916303734659,184,249
FD004,cv,0,15,10,LBnear_a0.05,1.537689085961407,13,249
FD004,cv,0,15,10,LBnear_a0.10,1.894495868356239,23,249
FD004,cv,0,15,10,LBnear_a0.20,3.283846937842076,61,249
FD004,cv,0,15,10,STW_cost_1se,1.1332715211415842,1,249
FD004,cv,0,15,10,STW_cost_plain,1.3278044427030617,7,249
FD004,cv,0,15,10,STW_window,1.1362051354912714,1,249
FD004,cv,0,15,10,age,2.131951421674975,4,249
FD004,cv,0,15,10,perfect,1.0,0,249
FD004,cv,0,15,20,CNA_DA,1.3344463012974714,3,249
FD004,cv,0,15,20,CNA_a0.05,2.242744335820911,15,249
FD004,cv,0,15,20,CNA_a0.10,2.9282454243484173,24,249
FD004,cv,0,15,20,CNA_a0.20,5.717693754872632,60,249
FD004,cv,0,15,20,KAM_P1_heur,2.0035907221292972,12,249
FD004,cv,0,15,20,KAM_P1_opt,1.2627604114260522,2,249
FD004,cv,0,15,20,LBall_a0.05,5.791818099364126,61,249
FD004,cv,0,15,20,LBall_a0.10,11.227635457048622,132,249
FD004,cv,0,15,20,LBall_a0.20,15.184286906816954,184,249
FD004,cv,0,15,20,LBnear_a0.05,2.0838628050187373,13,249
FD004,cv,0,15,20,LBnear_a0.10,2.8500529949394298,23,249
FD004,cv,0,15,20,LBnear_a0.20,5.794055749976996,61,249
FD004,cv,0,15,20,STW_cost_1se,1.17719677389901,1,249
FD004,cv,0,15,20,STW_cost_plain,1.62570928561721,7,249
FD004,cv,0,15,20,STW_window,1.1802440942312429,1,249
FD004,cv,0,15,20,age,2.066495183465915,1,249
FD004,cv,0,15,20,perfect,1.0,0,249
FD004,cv,0,15,50,CNA_DA,1.7269305075614336,3,249
FD004,cv,0,15,50,CNA_a0.05,4.132697427804825,15,249
FD004,cv,0,15,50,CNA_a0.10,5.918793942831907,24,249
FD004,cv,0,15,50,CNA_a0.20,13.127232098120103,60,249
FD004,cv,0,15,50,KAM_P1_heur,1.699759053032398,3,249
FD004,cv,0,15,50,KAM_P1_opt,1.5267521350691295,2,249
FD004,cv,0,15,50,LBall_a0.05,13.319536225668353,61,249
FD004,cv,0,15,50,LBall_a0.10,27.354380618424226,132,249
FD004,cv,0,15,50,LBall_a0.20,37.56539871606384,184,249
FD004,cv,0,15,50,LBnear_a0.05,3.722383962190728,13,249
FD004,cv,0,15,50,LBnear_a0.10,5.716724374689002,23,249
FD004,cv,0,15,50,LBnear_a0.20,13.324682186381755,61,249
FD004,cv,0,15,50,STW_cost_1se,1.308972532171287,1,249
FD004,cv,0,15,50,STW_cost_plain,2.5194238143596555,7,249
FD004,cv,0,15,50,STW_window,1.3123609704511583,1,249
FD004,cv,0,15,50,age,2.2978192711673233,1,249
FD004,cv,0,15,50,perfect,1.0,0,249
FD004,cv,1,0,5,CNA_DA,1.10023485526055,2,249
FD004,cv,1,0,5,CNA_a0.05,1.150588995066025,7,249
FD004,cv,1,0,5,CNA_a0.10,1.2924322820111203,16,249
FD004,cv,1,0,5,CNA_a0.20,1.8966661003080605,54,249
FD004,cv,1,0,5,KAM_P1_heur,2.292907507843387,79,249
FD004,cv,1,0,5,KAM_P1_opt,1.0989289841065022,2,249
FD004,cv,1,0,5,LBall_a0.05,1.7842109412952634,47,249
FD004,cv,1,0,5,LBall_a0.10,3.4054094908290136,149,249
FD004,cv,1,0,5,LBall_a0.20,4.932159446203737,246,249
FD004,cv,1,0,5,LBnear_a0.05,1.1288817047001216,5,249
FD004,cv,1,0,5,LBnear_a0.10,1.2124031563047002,11,249
FD004,cv,1,0,5,LBnear_a0.20,1.768115231871246,46,249
FD004,cv,1,0,5,STW_cost_1se,1.105737778151301,1,249
FD004,cv,1,0,5,STW_cost_plain,1.0839259594978001,2,249
FD004,cv,1,0,5,STW_window,1.1022963590864847,1,249
FD004,cv,1,0,5,age,1.9255764316005282,8,249
FD004,cv,1,0,5,perfect,1.0,0,249
FD004,cv,1,0,10,CNA_DA,1.14304555001777,2,249
FD004,cv,1,0,10,CNA_a0.05,1.295970276031046,7,249
FD004,cv,1,0,10,CNA_a0.10,1.6227664115986271,16,249
FD004,cv,1,0,10,CNA_a0.20,2.9979560940353216,54,249
FD004,cv,1,0,10,KAM_P1_heur,3.8959136416454014,79,249
FD004,cv,1,0,10,KAM_P1_opt,1.1416888667565606,2,249
FD004,cv,1,0,10,LBall_a0.05,2.7436836442801305,47,249
FD004,cv,1,0,10,LBall_a0.10,6.407811941323232,149,249
FD004,cv,1,0,10,LBall_a0.20,9.852318504460506,246,249
FD004,cv,1,0,10,LBnear_a0.05,1.233796361270765,5,249
FD004,cv,1,0,10,LBnear_a0.10,1.4399873665325447,11,249
FD004,cv,1,0,10,LBnear_a0.20,2.7072988423340325,46,249
FD004,cv,1,0,10,STW_cost_1se,1.127590303411208,1,249
FD004,cv,1,0,10,STW_cost_plain,1.1261020668712554,2,249
FD004,cv,1,0,10,STW_window,1.0970433781742321,0,249
FD004,cv,1,0,10,age,2.131951421674975,4,249
FD004,cv,1,0,10,perfect,1.0,0,249
FD004,cv,1,0,20,CNA_DA,1.2286669395322096,2,249
FD004,cv,1,0,20,CNA_a0.05,1.5867328379610885,7,249
FD004,cv,1,0,20,CNA_a0.10,2.283434670773641,16,249
FD004,cv,1,0,20,CNA_a0.20,5.200536081489843,54,249
FD004,cv,1,0,20,KAM_P1_heur,3.0471771574193114,26,249
FD004,cv,1,0,20,KAM_P1_opt,1.2272086320566775,2,249
FD004,cv,1,0,20,LBall_a0.05,4.662629050249865,47,249
FD004,cv,1,0,20,LBall_a0.10,12.41261684231167,149,249
FD004,cv,1,0,20,LBall_a0.20,19.692636620974046,246,249
FD004,cv,1,0,20,LBnear_a0.05,1.4436256744120515,5,249
FD004,cv,1,0,20,LBnear_a0.10,1.895155786988234,11,249
FD004,cv,1,0,20,LBnear_a0.20,4.585666063259606,46,249
FD004,cv,1,0,20,STW_cost_1se,1.1712953539310222,1,249
FD004,cv,1,0,20,STW_cost_plain,1.210454281618166,2,249
FD004,cv,1,0,20,STW_window,1.0970433781742321,0,249
FD004,cv,1,0,20,age,2.066495183465915,1,249
FD004,cv,1,0,20,perfect,1.0,0,249
FD004,cv,1,0,50,CNA_DA,1.485531108075529,2,249
FD004,cv,1,0,50,CNA_a0.05,2.4590205237512155,7,249
FD004,cv,1,0,50,CNA_a0.10,4.2654394482986815,16,249
FD004,cv,1,0,50,CNA_a0.20,11.80827604385341,54,249
FD004,cv,1,0,50,KAM_P1_heur,2.865165085992733,9,249
FD004,cv,1,0,50,KAM_P1_opt,1.4837679279570282,2,249
FD004,cv,1,0,50,LBall_a0.05,10.419465268159067,47,249
FD004,cv,1,0,50,LBall_a0.10,30.427031545276986,149,249
FD004,cv,1,0,50,LBall_a0.20,49.21359097051466,246,249
FD004,cv,1,0,50,LBnear_a0.05,2.073113613835911,5,249
FD004,cv,1,0,50,LBnear_a0.10,3.2606610483553027,11,249
FD004,cv,1,0,50,LBnear_a0.20,10.220767726036327,46,249
FD004,cv,1,0,50,STW_cost_1se,1.3024105054904649,1,249
FD004,cv,1,0,50,STW_cost_plain,1.4635109258588976,2,249
FD004,cv,1,0,50,STW_window,1.0970433781742321,0,249
FD004,cv,1,0,50,age,2.2978192711673233,1,249
FD004,cv,1,0,50,perfect,1.0,0,249
FD004,cv,1,5,5,CNA_DA,1.1152809352623418,2,249
FD004,cv,1,5,5,CNA_a0.05,1.1648888960587087,7,249
FD004,cv,1,5,5,CNA_a0.10,1.365542137375213,20,249
FD004,cv,1,5,5,CNA_a0.20,1.8542339785205988,51,249
FD004,cv,1,5,5,KAM_P1_heur,1.726654827977281,43,249
FD004,cv,1,5,5,KAM_P1_opt,1.117160944646268,2,249
FD004,cv,1,5,5,LBall_a0.05,1.7753950796827265,46,249
FD004,cv,1,5,5,LBall_a0.10,3.0945598413866495,129,249
FD004,cv,1,5,5,LBall_a0.20,4.25076374575901,202,249
FD004,cv,1,5,5,LBnear_a0.05,1.1506351605582747,6,249
FD004,cv,1,5,5,LBnear_a0.10,1.2375459007803364,12,249
FD004,cv,1,5,5,LBnear_a0.20,1.7428850290176072,44,249
FD004,cv,1,5,5,STW_cost_1se,1.1088038870570478,1,249
FD004,cv,1,5,5,STW_cost_plain,1.1236249496315047,4,249
FD004,cv,1,5,5,STW_window,1.0902786466246046,0,249
FD004,cv,1,5,5,age,1.9255764316005282,8,249
FD004,cv,1,5,5,perfect,1.0,0,249
FD004,cv,1,5,10,CNA_DA,1.158677080603289,2,249
FD004,cv,1,5,10,CNA_a0.05,1.3120770237195563,7,249
FD004,cv,1,5,10,CNA_a0.10,1.7806005377932108,20,249
FD004,cv,1,5,10,CNA_a0.20,2.89800807238981,51,249
FD004,cv,1,5,10,KAM_P1_heur,1.8503890519835342,22,249
FD004,cv,1,5,10,KAM_P1_opt,1.1606302421033212,2,249
FD004,cv,1,5,10,LBall_a0.05,2.7184455839021884,46,249
FD004,cv,1,5,10,LBall_a0.10,5.703698531183236,129,249
FD004,cv,1,5,10,LBall_a0.20,8.312515290902434,202,249
FD004,cv,1,5,10,LBnear_a0.05,1.2770785847954478,6,249
FD004,cv,1,5,10,LBnear_a0.10,1.4875551736652528,12,249
FD004,cv,1,5,10,LBnear_a0.20,2.645084338156133,44,249
FD004,cv,1,5,10,STW_cost_1se,1.130717007354618,1,249
FD004,cv,1,5,10,STW_cost_plain,1.2084268326225616,4,249
FD004,cv,1,5,10,STW_window,1.0902786466246046,0,249
FD004,cv,1,5,10,age,2.131951421674975,4,249
FD004,cv,1,5,10,perfect,1.0,0,249
FD004,cv,1,5,20,CNA_DA,1.2454693712851834,2,249
FD004,cv,1,5,20,CNA_a0.05,1.6064532790412518,7,249
FD004,cv,1,5,20,CNA_a0.10,2.6107173386292066,20,249
FD004,cv,1,5,20,CNA_a0.20,4.985556260128233,51,249
FD004,cv,1,5,20,KAM_P1_heur,1.9212466303570448,11,249
FD004,cv,1,5,20,KAM_P1_opt,1.2475688370174276,2,249
FD004,cv,1,5,20,LBall_a0.05,4.604546592341113,46,249
FD004,cv,1,5,20,LBall_a0.10,10.92197591077641,129,249
FD004,cv,1,5,20,LBall_a0.20,16.436018381189285,202,249
FD004,cv,1,5,20,LBnear_a0.05,1.5299654332697938,6,249
FD004,cv,1,5,20,LBnear_a0.10,1.987573719435086,12,249
FD004,cv,1,5,20,LBnear_a0.20,4.449482956433185,44,249
FD004,cv,1,5,20,STW_cost_1se,1.1745432479497582,1,249
FD004,cv,1,5,20,STW_cost_plain,1.3780305986046755,4,249
FD004,cv,1,5,20,STW_window,1.0902786466246046,0,249
FD004,cv,1,5,20,age,2.066495183465915,1,249
FD004,cv,1,5,20,perfect,1.0,0,249
FD004,cv,1,5,50,CNA_DA,1.5058462433308664,2,249
FD004,cv,1,5,50,CNA_a0.05,2.4895820450063377,7,249
FD004,cv,1,5,50,CNA_a0.10,5.101067741137194,20,249
FD004,cv,1,5,50,CNA_a0.20,11.2482008233435,51,249
FD004,cv,1,5,50,KAM_P1_heur,1.8835167203481076,4,249
FD004,cv,1,5,50,KAM_P1_opt,1.508384621759747,2,249
FD004,cv,1,5,50,LBall_a0.05,10.262849617657885,46,249
FD004,cv,1,5,50,LBall_a0.10,26.57680804955593,129,249
FD004,cv,1,5,50,LBall_a0.20,40.80652765204984,202,249
FD004,cv,1,5,50,LBnear_a0.05,2.288625978692832,6,249
FD004,cv,1,5,50,LBnear_a0.10,3.487629356744584,12,249
FD004,cv,1,5,50,LBnear_a0.20,9.862678811264344,44,249
FD004,cv,1,5,50,STW_cost_1se,1.306021969735179,1,249
FD004,cv,1,5,50,STW_cost_plain,1.8868418965510172,4,249
FD004,cv,1,5,50,STW_window,1.0902786466246046,0,249
FD004,cv,1,5,50,age,2.2978192711673233,1,249
FD004,cv,1,5,50,perfect,1.0,0,249
FD004,cv,1,10,5,CNA_DA,1.1552366487803303,4,249
FD004,cv,1,10,5,CNA_a0.05,1.2197925086514696,10,249
FD004,cv,1,10,5,CNA_a0.10,1.4646102404367236,26,249
FD004,cv,1,10,5,CNA_a0.20,1.8967089829516073,53,249
FD004,cv,1,10,5,KAM_P1_heur,1.690058144394872,40,249
FD004,cv,1,10,5,KAM_P1_opt,1.090161737110178,0,249
FD004,cv,1,10,5,LBall_a0.05,1.8327263967356744,49,249
FD004,cv,1,10,5,LBall_a0.10,2.8468564841731867,113,249
FD004,cv,1,10,5,LBall_a0.20,4.0632662484108115,190,249
FD004,cv,1,10,5,LBnear_a0.05,1.1671729919333336,7,249
FD004,cv,1,10,5,LBnear_a0.10,1.321354293509709,17,249
FD004,cv,1,10,5,LBnear_a0.20,1.8328804643234158,49,249
FD004,cv,1,10,5,STW_cost_1se,1.1359055939782006,2,249
FD004,cv,1,10,5,STW_cost_plain,1.1322080732984434,4,249
FD004,cv,1,10,5,STW_window,1.0977085822346468,1,249
FD004,cv,1,10,5,age,1.9255764316005282,8,249
FD004,cv,1,10,5,perfect,1.0,0,249
FD004,cv,1,10,10,CNA_DA,1.242424320386393,4,249
FD004,cv,1,10,10,CNA_a0.05,1.430829274854146,10,249
FD004,cv,1,10,10,CNA_a0.10,2.003985116518237,26,249
FD004,cv,1,10,10,CNA_a0.20,2.9870080729346355,53,249
FD004,cv,1,10,10,KAM_P1_heur,1.7866850080270764,20,249
FD004,cv,1,10,10,KAM_P1_opt,1.090161737110178,0,249
FD004,cv,1,10,10,LBall_a0.05,2.841755536511495,49,249
FD004,cv,1,10,10,LBall_a0.10,5.141398443599507,113,249
FD004,cv,1,10,10,LBall_a0.20,7.888938137400179,190,249
FD004,cv,1,10,10,LBnear_a0.05,1.3146497237660653,7,249
FD004,cv,1,10,10,LBnear_a0.10,1.6756606498135742,17,249
FD004,cv,1,10,10,LBnear_a0.20,2.8419944278273186,49,249
FD004,cv,1,10,10,STW_cost_1se,1.1801042552224885,2,249
FD004,cv,1,10,10,STW_cost_plain,1.2176577392077599,4,249
FD004,cv,1,10,10,STW_window,1.162494376992982,1,249
FD004,cv,1,10,10,age,2.131951421674975,4,249
FD004,cv,1,10,10,perfect,1.0,0,249
FD004,cv,1,10,20,CNA_DA,1.4167996635985183,4,249
FD004,cv,1,10,20,CNA_a0.05,1.8529028072594989,10,249
FD004,cv,1,10,20,CNA_a0.10,3.082734868681263,26,249
FD004,cv,1,10,20,CNA_a0.20,5.167606252900692,53,249
FD004,cv,1,10,20,KAM_P1_heur,1.6870214798159857,8,249
FD004,cv,1,10,20,KAM_P1_opt,1.090161737110178,0,249
FD004,cv,1,10,20,LBall_a0.05,4.859813816063136,49,249
FD004,cv,1,10,20,LBall_a0.10,9.730482362452147,113,249
FD004,cv,1,10,20,LBall_a0.20,15.540281915378912,190,249
FD004,cv,1,10,20,LBnear_a0.05,1.6096031874315286,7,249
FD004,cv,1,10,20,LBnear_a0.10,2.3842733624213044,17,249
FD004,cv,1,10,20,LBnear_a0.20,4.860222354835124,49,249
FD004,cv,1,10,20,STW_cost_1se,1.2685015777110644,2,249
FD004,cv,1,10,20,STW_cost_plain,1.3885570710263926,4,249
FD004,cv,1,10,20,STW_window,1.2075522985818574,1,249
FD004,cv,1,10,20,age,2.066495183465915,1,249
FD004,cv,1,10,20,perfect,1.0,0,249
FD004,cv,1,10,50,CNA_DA,1.9399256932348943,4,249
FD004,cv,1,10,50,CNA_a0.05,3.119123404475557,10,249
FD004,cv,1,10,50,CNA_a0.10,6.318984125170341,26,249
FD004,cv,1,10,50,CNA_a0.20,11.70940079279886,53,249
FD004,cv,1,10,50,KAM_P1_heur,2.3126179375452818,6,249
FD004,cv,1,10,50,KAM_P1_opt,1.090161737110178,0,249
FD004,cv,1,10,50,LBall_a0.05,10.913988654718061,49,249
FD004,cv,1,10,50,LBall_a0.10,23.49773411901007,113,249
FD004,cv,1,10,50,LBall_a0.20,38.49431324931511,190,249
FD004,cv,1,10,50,LBnear_a0.05,2.494463578427919,7,249
FD004,cv,1,10,50,LBnear_a0.10,4.510111500244496,17,249
FD004,cv,1,10,50,LBnear_a0.20,10.914906135858544,49,249
FD004,cv,1,10,50,STW_cost_1se,1.5336935451767921,2,249
FD004,cv,1,10,50,STW_cost_plain,1.9012550664822916,4,249
FD004,cv,1,10,50,STW_window,1.3427260633484832,1,249
FD004,cv,1,10,50,age,2.2978192711673233,1,249
FD004,cv,1,10,50,perfect,1.0,0,249
FD004,cv,1,15,5,CNA_DA,1.1749533225398212,6,249
FD004,cv,1,15,5,CNA_a0.05,1.270507000866541,13,249
FD004,cv,1,15,5,CNA_a0.10,1.4842228481171185,27,249
FD004,cv,1,15,5,CNA_a0.20,1.8998358646124578,53,249
FD004,cv,1,15,5,KAM_P1_heur,1.7231736472914125,42,249
FD004,cv,1,15,5,KAM_P1_opt,1.1183118591347934,2,249
FD004,cv,1,15,5,LBall_a0.05,1.964650072912238,57,249
FD004,cv,1,15,5,LBall_a0.10,2.954806131645316,119,249
FD004,cv,1,15,5,LBall_a0.20,3.9593287377562723,182,249
FD004,cv,1,15,5,LBnear_a0.05,1.1992112314875,9,249
FD004,cv,1,15,5,LBnear_a0.10,1.435331707919921,24,249
FD004,cv,1,15,5,LBnear_a0.20,1.9647491708713931,57,249
FD004,cv,1,15,5,STW_cost_1se,1.1753997449822466,4,249
FD004,cv,1,15,5,STW_cost_plain,1.1577989106007642,5,249
FD004,cv,1,15,5,STW_window,1.144643018906992,3,249
FD004,cv,1,15,5,age,1.9255764316005282,8,249
FD004,cv,1,15,5,perfect,1.0,0,249
FD004,cv,1,15,10,CNA_DA,1.3323207032819508,6,249
FD004,cv,1,15,10,CNA_a0.05,1.544868977797854,13,249
FD004,cv,1,15,10,CNA_a0.10,2.0454835890017433,27,249
FD004,cv,1,15,10,CNA_a0.20,2.991932402838708,53,249
FD004,cv,1,15,10,KAM_P1_heur,1.751912384687137,19,249
FD004,cv,1,15,10,KAM_P1_opt,1.1987471557631608,2,249
FD004,cv,1,15,10,LBall_a0.05,3.138497600752883,57,249
FD004,cv,1,15,10,LBall_a0.10,5.379784956926644,119,249
FD004,cv,1,15,10,LBall_a0.20,7.647137490425881,182,249
FD004,cv,1,15,10,LBnear_a0.05,1.3885603733013157,9,249
FD004,cv,1,15,10,LBnear_a0.10,1.9345775193703283,24,249
FD004,cv,1,15,10,LBnear_a0.20,3.1386559081844903,57,249
FD004,cv,1,15,10,STW_cost_1se,1.2641091596978877,4,249
FD004,cv,1,15,10,STW_cost_plain,1.2654010398387534,5,249
FD004,cv,1,15,10,STW_window,1.2215580175846021,3,249
FD004,cv,1,15,10,age,2.131951421674975,4,249
FD004,cv,1,15,10,perfect,1.0,0,249
FD004,cv,1,15,20,CNA_DA,1.596146585119961,6,249
FD004,cv,1,15,20,CNA_a0.05,2.0935929316604796,13,249
FD004,cv,1,15,20,CNA_a0.10,3.1680050707709926,27,249
FD004,cv,1,15,20,CNA_a0.20,5.176125479291208,53,249
FD004,cv,1,15,20,KAM_P1_heur,1.8446080774395113,10,249
FD004,cv,1,15,20,KAM_P1_opt,1.2885409502023488,2,249
FD004,cv,1,15,20,LBall_a0.05,5.486192656434174,57,249
FD004,cv,1,15,20,LBall_a0.10,10.2297426074893,119,249
FD004,cv,1,15,20,LBall_a0.20,15.0227549957651,182,249
FD004,cv,1,15,20,LBnear_a0.05,1.7672586569289475,9,249
FD004,cv,1,15,20,LBnear_a0.10,2.933069142271143,24,249
FD004,cv,1,15,20,LBnear_a0.20,5.486469382810683,57,249
FD004,cv,1,15,20,STW_cost_1se,1.4415279891291704,4,249
FD004,cv,1,15,20,STW_cost_plain,1.480605298314732,5,249
FD004,cv,1,15,20,STW_window,1.3543360629742327,3,249
FD004,cv,1,15,20,age,2.066495183465915,1,249
FD004,cv,1,15,20,perfect,1.0,0,249
FD004,cv,1,15,50,CNA_DA,2.387624230633991,6,249
FD004,cv,1,15,50,CNA_a0.05,3.739764793248357,13,249
FD004,cv,1,15,50,CNA_a0.10,6.53556951607874,27,249
FD004,cv,1,15,50,CNA_a0.20,11.728704708648708,53,249
FD004,cv,1,15,50,KAM_P1_heur,1.9109868048631502,4,249
FD004,cv,1,15,50,KAM_P1_opt,1.5579223335199133,2,249
FD004,cv,1,15,50,LBall_a0.05,12.529277823478045,57,249
FD004,cv,1,15,50,LBall_a0.10,24.77961555917727,119,249
FD004,cv,1,15,50,LBall_a0.20,37.149607511782754,182,249
FD004,cv,1,15,50,LBnear_a0.05,2.9033535078118424,9,249
FD004,cv,1,15,50,LBnear_a0.10,5.928544010973587,24,249
FD004,cv,1,15,50,LBnear_a0.20,12.529909806689265,57,249
FD004,cv,1,15,50,STW_cost_1se,1.973784477423018,4,249
FD004,cv,1,15,50,STW_cost_plain,2.1262180737426672,5,249
FD004,cv,1,15,50,STW_window,1.7526701991431246,3,249
FD004,cv,1,15,50,age,2.2978192711673233,1,249
FD004,cv,1,15,50,perfect,1.0,0,249
FD004,cv,2,0,5,CNA_DA,1.1754012047010205,7,249
FD004,cv,2,0,5,CNA_a0.05,1.3065484402167011,16,249
FD004,cv,2,0,5,CNA_a0.10,1.5396897964575158,31,249
FD004,cv,2,0,5,CNA_a0.20,1.9144796602345666,55,249
FD004,cv,2,0,5,KAM_P1_heur,2.487373550916822,91,249
FD004,cv,2,0,5,KAM_P1_opt,1.1341861093810066,4,249
FD004,cv,2,0,5,LBall_a0.05,1.6476903740488194,38,249
FD004,cv,2,0,5,LBall_a0.10,3.522423576644016,156,249
FD004,cv,2,0,5,LBall_a0.20,4.855010743383618,241,249
FD004,cv,2,0,5,LBnear_a0.05,1.186660416640273,8,249
FD004,cv,2,0,5,LBnear_a0.10,1.2723087421800543,14,249
FD004,cv,2,0,5,LBnear_a0.20,1.664293675582983,39,249
FD004,cv,2,0,5,STW_cost_1se,1.081368551675235,0,249
FD004,cv,2,0,5,STW_cost_plain,1.1638100732490229,7,249
FD004,cv,2,0,5,STW_window,1.0906005468620095,1,249
FD004,cv,2,0,5,age,1.9255764316005282,8,249
FD004,cv,2,0,5,perfect,1.0,0,249
FD004,cv,2,0,10,CNA_DA,1.3239176024069257,7,249
FD004,cv,2,0,10,CNA_a0.05,1.6404905335628228,16,249
FD004,cv,2,0,10,CNA_a0.10,2.179507272197234,31,249
FD004,cv,2,0,10,CNA_a0.20,3.037042360798545,55,249
FD004,cv,2,0,10,KAM_P1_heur,4.024486621775464,82,249
FD004,cv,2,0,10,KAM_P1_opt,1.2197850610324033,4,249
FD004,cv,2,0,10,LBall_a0.05,2.428391548785168,38,249
FD004,cv,2,0,10,LBall_a0.10,6.669606153714271,156,249
FD004,cv,2,0,10,LBall_a0.20,9.678001630256874,241,249
FD004,cv,2,0,10,LBnear_a0.05,1.3555800489022336,8,249
FD004,cv,2,0,10,LBnear_a0.10,1.5643140272705582,14,249
FD004,cv,2,0,10,LBnear_a0.20,2.465620260122938,39,249
FD004,cv,2,0,10,STW_cost_1se,1.081368551675235,0,249
FD004,cv,2,0,10,STW_cost_plain,1.310861887558466,7,249
FD004,cv,2,0,10,STW_window,1.1121539173533537,1,249
FD004,cv,2,0,10,age,2.131951421674975,4,249
FD004,cv,2,0,10,perfect,1.0,0,249
FD004,cv,2,0,20,CNA_DA,1.620950397818736,7,249
FD004,cv,2,0,20,CNA_a0.05,2.3083747202550664,16,249
FD004,cv,2,0,20,CNA_a0.10,3.459142223676671,31,249
FD004,cv,2,0,20,CNA_a0.20,5.282167761926501,55,249
FD004,cv,2,0,20,KAM_P1_heur,4.000731642639042,38,249
FD004,cv,2,0,20,KAM_P1_opt,1.390982964335197,4,249
FD004,cv,2,0,20,LBall_a0.05,3.9897938982578642,38,249
FD004,cv,2,0,20,LBall_a0.10,12.96397130785478,156,249
FD004,cv,2,0,20,LBall_a0.20,19.323983404003386,241,249
FD004,cv,2,0,20,LBnear_a0.05,1.6934193134261548,8,249
FD004,cv,2,0,20,LBnear_a0.10,2.148324597451567,14,249
FD004,cv,2,0,20,LBnear_a0.20,4.068273429202847,39,249
FD004,cv,2,0,20,STW_cost_1se,1.081368551675235,0,249
FD004,cv,2,0,20,STW_cost_plain,1.6049655161773526,7,249
FD004,cv,2,0,20,STW_window,1.1552606583360419,1,249
FD004,cv,2,0,20,age,2.066495183465915,1,249
FD004,cv,2,0,20,perfect,1.0,0,249
FD004,cv,2,0,50,CNA_DA,2.5120487840541665,7,249
FD004,cv,2,0,50,CNA_a0.05,4.3120272803317965,16,249
FD004,cv,2,0,50,CNA_a0.10,7.298047078114981,31,249
FD004,cv,2,0,50,CNA_a0.20,12.017543965310372,55,249
FD004,cv,2,0,50,KAM_P1_heur,4.914675618777666,19,249
FD004,cv,2,0,50,KAM_P1_opt,1.9045766742435772,4,249
FD004,cv,2,0,50,LBall_a0.05,8.674000946675955,38,249
FD004,cv,2,0,50,LBall_a0.10,31.847066770276314,156,249
FD004,cv,2,0,50,LBall_a0.20,48.26192872524293,241,249
FD004,cv,2,0,50,LBnear_a0.05,2.706937106997918,8,249
FD004,cv,2,0,50,LBnear_a0.10,3.9003563079945915,14,249
FD004,cv,2,0,50,LBnear_a0.20,8.876232936442575,39,249
FD004,cv,2,0,50,STW_cost_1se,1.081368551675235,0,249
FD004,cv,2,0,50,STW_cost_plain,2.4872764020340123,7,249
FD004,cv,2,0,50,STW_window,1.284580881284106,1,249
FD004,cv,2,0,50,age,2.2978192711673233,1,249
FD004,cv,2,0,50,perfect,1.0,0,249
FD004,cv,2,5,5,CNA_DA,1.121317369368745,3,249
FD004,cv,2,5,5,CNA_a0.05,1.2137906836590477,10,249
FD004,cv,2,5,5,CNA_a0.10,1.3835509260555274,21,249
FD004,cv,2,5,5,CNA_a0.20,1.8616682091301577,51,249
FD004,cv,2,5,5,KAM_P1_heur,1.652596524311363,38,249
FD004,cv,2,5,5,KAM_P1_opt,1.128043453585699,3,249
FD004,cv,2,5,5,LBall_a0.05,1.6368552453413974,37,249
FD004,cv,2,5,5,LBall_a0.10,2.9031942612968287,116,249
FD004,cv,2,5,5,LBall_a0.20,4.195924519744356,198,249
FD004,cv,2,5,5,LBnear_a0.05,1.135084458266433,5,249
FD004,cv,2,5,5,LBnear_a0.10,1.2734580138052294,14,249
FD004,cv,2,5,5,LBnear_a0.20,1.6207448855063706,36,249
FD004,cv,2,5,5,STW_cost_1se,1.086240361842691,0,249
FD004,cv,2,5,5,STW_cost_plain,1.1363567111597168,5,249
FD004,cv,2,5,5,STW_window,1.1255018312998517,3,249
FD004,cv,2,5,5,age,1.9255764316005282,8,249
FD004,cv,2,5,5,perfect,1.0,0,249
FD004,cv,2,5,10,CNA_DA,1.1857608963439603,3,249
FD004,cv,2,5,10,CNA_a0.05,1.4237890718353536,10,249
FD004,cv,2,5,10,CNA_a0.10,1.8198057225595223,21,249
FD004,cv,2,5,10,CNA_a0.20,2.909627134799452,51,249
FD004,cv,2,5,10,KAM_P1_heur,1.998907022633994,26,249
FD004,cv,2,5,10,KAM_P1_opt,1.1928735371251067,3,249
FD004,cv,2,5,10,LBall_a0.05,2.3996215435483457,37,249
FD004,cv,2,5,10,LBall_a0.10,5.264838961930995,116,249
FD004,cv,2,5,10,LBall_a0.20,8.186285014025731,198,249
FD004,cv,2,5,10,LBnear_a0.05,1.2405755789231647,5,249
FD004,cv,2,5,10,LBnear_a0.10,1.5657270661539708,14,249
FD004,cv,2,5,10,LBnear_a0.20,2.363070787265014,36,249
FD004,cv,2,5,10,STW_cost_1se,1.086240361842691,0,249
FD004,cv,2,5,10,STW_cost_plain,1.2419660709329248,5,249
FD004,cv,2,5,10,STW_window,1.1901858445929467,3,249
FD004,cv,2,5,10,age,2.131951421674975,4,249
FD004,cv,2,5,10,perfect,1.0,0,249
FD004,cv,2,5,20,CNA_DA,1.3146479502943906,3,249
FD004,cv,2,5,20,CNA_a0.05,1.8437858481879654,10,249
FD004,cv,2,5,20,CNA_a0.10,2.692315315567513,21,249
FD004,cv,2,5,20,CNA_a0.20,5.005544986138041,51,249
FD004,cv,2,5,20,KAM_P1_heur,2.310894779993336,16,249
FD004,cv,2,5,20,KAM_P1_opt,1.322533704203923,3,249
FD004,cv,2,5,20,LBall_a0.05,3.9251541399622427,37,249
FD004,cv,2,5,20,LBall_a0.10,9.98812836319933,116,249
FD004,cv,2,5,20,LBall_a0.20,16.167006002588483,198,249
FD004,cv,2,5,20,LBnear_a0.05,1.4515578202366282,5,249
FD004,cv,2,5,20,LBnear_a0.10,2.150265170851453,14,249
FD004,cv,2,5,20,LBnear_a0.20,3.8477225907823,36,249
FD004,cv,2,5,20,STW_cost_1se,1.086240361842691,0,249
FD004,cv,2,5,20,STW_cost_plain,1.4531847904793405,5,249
FD004,cv,2,5,20,STW_window,1.3195538711791366,3,249
FD004,cv,2,5,20,age,2.066495183465915,1,249
FD004,cv,2,5,20,perfect,1.0,0,249
FD004,cv,2,5,50,CNA_DA,1.701309112145682,3,249
FD004,cv,2,5,50,CNA_a0.05,3.1037761772458006,10,249
FD004,cv,2,5,50,CNA_a0.10,5.309844094591483,21,249
FD004,cv,2,5,50,CNA_a0.20,11.293298540153804,51,249
FD004,cv,2,5,50,KAM_P1_heur,2.304644774524293,6,249
FD004,cv,2,5,50,KAM_P1_opt,1.7115142054403705,3,249
FD004,cv,2,5,50,LBall_a0.05,8.501751929203934,37,249
FD004,cv,2,5,50,LBall_a0.10,24.157996567004325,116,249
FD004,cv,2,5,50,LBall_a0.20,40.109168968276734,198,249
FD004,cv,2,5,50,LBnear_a0.05,2.0845045441770185,5,249
FD004,cv,2,5,50,LBnear_a0.10,3.9038794849439,14,249
FD004,cv,2,5,50,LBnear_a0.20,8.301678001334158,36,249
FD004,cv,2,5,50,STW_cost_1se,1.086240361842691,0,249
FD004,cv,2,5,50,STW_cost_plain,2.0868409491185878,5,249
FD004,cv,2,5,50,STW_window,1.7076579509377063,3,249
FD004,cv,2,5,50,age,2.2978192711673233,1,249
FD004,cv,2,5,50,perfect,1.0,0,249
FD004,cv,2,10,5,CNA_DA,1.0986620285516868,1,249
FD004,cv,2,10,5,CNA_a0.05,1.2458952404078547,12,249
FD004,cv,2,10,5,CNA_a0.10,1.3859955699725113,21,249
FD004,cv,2,10,5,CNA_a0.20,1.8035989841063127,47,249
FD004,cv,2,10,5,KAM_P1_heur,1.6089344716363343,35,249
FD004,cv,2,10,5,KAM_P1_opt,1.0924264403015813,0,249
FD004,cv,2,10,5,LBall_a0.05,1.818974047518491,48,249
FD004,cv,2,10,5,LBall_a0.10,2.6321741798865768,99,249
FD004,cv,2,10,5,LBall_a0.20,3.7974157083601745,172,249
FD004,cv,2,10,5,LBnear_a0.05,1.1834371818274145,8,249
FD004,cv,2,10,5,LBnear_a0.10,1.3382096898929186,18,249
FD004,cv,2,10,5,LBnear_a0.20,1.8190965579779972,48,249
FD004,cv,2,10,5,STW_cost_1se,1.1102538231744714,1,249
FD004,cv,2,10,5,STW_cost_plain,1.1108945747023746,3,249
FD004,cv,2,10,5,STW_window,1.1275446713247201,2,249
FD004,cv,2,10,5,age,1.9255764316005282,8,249
FD004,cv,2,10,5,perfect,1.0,0,249
FD004,cv,2,10,10,CNA_DA,1.120374716862985,1,249
FD004,cv,2,10,10,CNA_a0.05,1.4975912485710579,12,249
FD004,cv,2,10,10,CNA_a0.10,1.8230212001440242,21,249
FD004,cv,2,10,10,CNA_a0.20,2.773497751303071,47,249
FD004,cv,2,10,10,KAM_P1_heur,1.7528973093642075,19,249
FD004,cv,2,10,10,KAM_P1_opt,1.0924264403015813,0,249
FD004,cv,2,10,10,LBall_a0.05,2.808891896508146,48,249
FD004,cv,2,10,10,LBall_a0.10,4.652214829566973,99,249
FD004,cv,2,10,10,LBall_a0.20,7.282770574090964,172,249
FD004,cv,2,10,10,LBnear_a0.05,1.35189799062847,8,249
FD004,cv,2,10,10,LBnear_a0.10,1.7134086683675687,18,249
FD004,cv,2,10,10,LBnear_a0.20,2.8090810793265675,48,249
FD004,cv,2,10,10,STW_cost_1se,1.1321955983360223,1,249
FD004,cv,2,10,10,STW_cost_plain,1.1747390904898676,3,249
FD004,cv,2,10,10,STW_window,1.189244532903345,2,249
FD004,cv,2,10,10,age,2.131951421674975,4,249
FD004,cv,2,10,10,perfect,1.0,0,249
FD004,cv,2,10,20,CNA_DA,1.1638000934855814,1,249
FD004,cv,2,10,20,CNA_a0.05,2.000983264897464,12,249
FD004,cv,2,10,20,CNA_a0.10,2.6970724604870493,21,249
FD004,cv,2,10,20,CNA_a0.20,4.713295285696589,47,249
FD004,cv,2,10,20,KAM_P1_heur,1.930701779482593,11,249
FD004,cv,2,10,20,KAM_P1_opt,1.0924264403015813,0,249
FD004,cv,2,10,20,LBall_a0.05,4.788727594487456,48,249
FD004,cv,2,10,20,LBall_a0.10,8.692296128927765,99,249
FD004,cv,2,10,20,LBall_a0.20,14.253480305552543,172,249
FD004,cv,2,10,20,LBnear_a0.05,1.6888196082305809,8,249
FD004,cv,2,10,20,LBnear_a0.10,2.463806625316869,18,249
FD004,cv,2,10,20,LBnear_a0.20,4.789050122023707,48,249
FD004,cv,2,10,20,STW_cost_1se,1.1760791486591238,1,249
FD004,cv,2,10,20,STW_cost_plain,1.302428122064853,3,249
FD004,cv,2,10,20,STW_window,1.2783265203867415,2,249
FD004,cv,2,10,20,age,2.066495183465915,1,249
FD004,cv,2,10,20,perfect,1.0,0,249
FD004,cv,2,10,50,CNA_DA,1.2940762233533702,1,249
FD004,cv,2,10,50,CNA_a0.05,3.511159313876682,12,249
FD004,cv,2,10,50,CNA_a0.10,5.319226241516125,21,249
FD004,cv,2,10,50,CNA_a0.20,10.53268788887714,47,249
FD004,cv,2,10,50,KAM_P1_heur,2.528648611252907,7,249
FD004,cv,2,10,50,KAM_P1_opt,1.0924264403015813,0,249
FD004,cv,2,10,50,LBall_a0.05,10.728234688425387,48,249
FD004,cv,2,10,50,LBall_a0.10,20.81254002701014,99,249
FD004,cv,2,10,50,LBall_a0.20,35.16560949993728,172,249
FD004,cv,2,10,50,LBnear_a0.05,2.6995844610369137,8,249
FD004,cv,2,10,50,LBnear_a0.10,4.71500049616477,18,249
FD004,cv,2,10,50,LBnear_a0.20,10.728957250115128,48,249
FD004,cv,2,10,50,STW_cost_1se,1.3077297996284287,1,249
FD004,cv,2,10,50,STW_cost_plain,1.6854952167898098,3,249
FD004,cv,2,10,50,STW_window,1.5455724828369313,2,249
FD004,cv,2,10,50,age,2.2978192711673233,1,249
FD004,cv,2,10,50,perfect,1.0,0,249
FD004,cv,2,15,5,CNA_DA,1.1217588881700054,2,249
FD004,cv,2,15,5,CNA_a0.05,1.205152019685051,9,249
FD004,cv,2,15,5,CNA_a0.10,1.3885197653358532,21,249
FD004,cv,2,15,5,CNA_a0.20,1.7549888053038099,44,249
FD004,cv,2,15,5,KAM_P1_heur,1.5945977729814234,34,249
FD004,cv,2,15,5,KAM_P1_opt,1.135229703523796,2,249
FD004,cv,2,15,5,LBall_a0.05,1.9151283186611483,54,249
FD004,cv,2,15,5,LBall_a0.10,2.875351169937968,114,249
FD004,cv,2,15,5,LBall_a0.20,3.7513893603749837,169,249
FD004,cv,2,15,5,LBnear_a0.05,1.1675143704042121,7,249
FD004,cv,2,15,5,LBnear_a0.10,1.4373332929008644,24,249
FD004,cv,2,15,5,LBnear_a0.20,1.8989094893884313,53,249
FD004,cv,2,15,5,STW_cost_1se,1.0972604464590867,0,249
FD004,cv,2,15,5,STW_cost_plain,1.0981048113269332,2,249
FD004,cv,2,15,5,STW_window,1.1345137283976885,2,249
FD004,cv,2,15,5,age,1.9255764316005282,8,249
FD004,cv,2,15,5,perfect,1.0,0,249
FD004,cv,2,15,10,CNA_DA,1.1654070939353751,2,249
FD004,cv,2,15,10,CNA_a0.05,1.3954391806879536,9,249
FD004,cv,2,15,10,CNA_a0.10,1.8263413129642756,21,249
FD004,cv,2,15,10,CNA_a0.20,2.6634535986375467,44,249
FD004,cv,2,15,10,KAM_P1_heur,1.7943722988248025,20,249
FD004,cv,2,15,10,KAM_P1_opt,1.1794020655286128,2,249
FD004,cv,2,15,10,LBall_a0.05,3.027138310141815,54,249
FD004,cv,2,15,10,LBall_a0.10,5.2001031796750485,114,249
FD004,cv,2,15,10,LBall_a0.20,7.1783342355283475,169,249
FD004,cv,2,15,10,LBnear_a0.05,1.3150342367007732,7,249
FD004,cv,2,15,10,LBnear_a0.10,1.9372753078229041,24,249
FD004,cv,2,15,10,LBnear_a0.20,2.9904735125726702,53,249
FD004,cv,2,15,10,STW_cost_1se,1.0972604464590867,0,249
FD004,cv,2,15,10,STW_cost_plain,1.140832624997242,2,249
FD004,cv,2,15,10,STW_window,1.1786582314481822,2,249
FD004,cv,2,15,10,age,2.131951421674975,4,249
FD004,cv,2,15,10,perfect,1.0,0,249
FD004,cv,2,15,20,CNA_DA,1.252703505466115,2,249
FD004,cv,2,15,20,CNA_a0.05,1.7760135026937593,9,249
FD004,cv,2,15,20,CNA_a0.10,2.70198440822112,21,249
FD004,cv,2,15,20,CNA_a0.20,4.480383185305021,44,249
FD004,cv,2,15,20,KAM_P1_heur,1.7765348043762668,9,249
FD004,cv,2,15,20,KAM_P1_opt,1.2677467895382468,2,249
FD004,cv,2,15,20,LBall_a0.05,5.251158293103148,54,249
FD004,cv,2,15,20,LBall_a0.10,9.84960719914921,114,249
FD004,cv,2,15,20,LBall_a0.20,14.032223985835074,169,249
FD004,cv,2,15,20,LBnear_a0.05,1.6100739692938955,7,249
FD004,cv,2,15,20,LBnear_a0.10,2.937159337666984,24,249
FD004,cv,2,15,20,LBnear_a0.20,5.173601558941149,53,249
FD004,cv,2,15,20,STW_cost_1se,1.0972604464590867,0,249
FD004,cv,2,15,20,STW_cost_plain,1.2262882523378595,2,249
FD004,cv,2,15,20,STW_window,1.2669472375491697,2,249
FD004,cv,2,15,20,age,2.066495183465915,1,249
FD004,cv,2,15,20,perfect,1.0,0,249
FD004,cv,2,15,50,CNA_DA,1.514592740058334,2,249
FD004,cv,2,15,50,CNA_a0.05,2.9177364687111758,9,249
FD004,cv,2,15,50,CNA_a0.10,5.328913693991653,21,249
FD004,cv,2,15,50,CNA_a0.20,9.931171945307442,44,249
FD004,cv,2,15,50,KAM_P1_heur,1.7182134250681194,3,249
FD004,cv,2,15,50,KAM_P1_opt,1.5327809615671486,2,249
FD004,cv,2,15,50,LBall_a0.05,11.923218241987149,54,249
FD004,cv,2,15,50,LBall_a0.10,23.79811925757169,114,249
FD004,cv,2,15,50,LBall_a0.20,34.59389323675526,169,249
FD004,cv,2,15,50,LBnear_a0.05,2.495193167073262,7,249
FD004,cv,2,15,50,LBnear_a0.10,5.936811427199222,24,249
FD004,cv,2,15,50,LBnear_a0.20,11.722985698046584,53,249
FD004,cv,2,15,50,STW_cost_1se,1.0972604464590867,0,249
FD004,cv,2,15,50,STW_cost_plain,1.4826551343597116,2,249
FD004,cv,2,15,50,STW_window,1.531814255852132,2,249
FD004,cv,2,15,50,age,2.2978192711673233,1,249
FD004,cv,2,15,50,perfect,1.0,0,249
NCMAPSS,cv,0,0,5,CNA_DA,1.555853426311562,5,99
NCMAPSS,cv,0,0,5,CNA_a0.05,1.5090013107899583,3,99
NCMAPSS,cv,0,0,5,CNA_a0.10,1.6411709720017211,9,99
NCMAPSS,cv,0,0,5,CNA_a0.20,2.0271673215931694,22,99
NCMAPSS,cv,0,0,5,KAM_P1_heur,4.933761541549578,99,99
NCMAPSS,cv,0,0,5,KAM_P1_opt,1.5386667102133242,4,99
NCMAPSS,cv,0,0,5,LBall_a0.05,1.7072180370785917,11,99
NCMAPSS,cv,0,0,5,LBall_a0.10,1.7168695040775637,13,99
NCMAPSS,cv,0,0,5,LBall_a0.20,2.263944544843421,28,99
NCMAPSS,cv,0,0,5,LBnear_a0.05,1.6409031568953238,9,99
NCMAPSS,cv,0,0,5,LBnear_a0.10,1.7434835097213022,13,99
NCMAPSS,cv,0,0,5,LBnear_a0.20,1.8295292979805409,17,99
NCMAPSS,cv,0,0,5,STW_cost_1se,1.4543574430435744,2,99
NCMAPSS,cv,0,0,5,STW_cost_plain,1.607677729023752,7,99
NCMAPSS,cv,0,0,5,STW_window,1.4669100179616432,1,99
NCMAPSS,cv,0,0,5,age,1.6778692185007973,2,99
NCMAPSS,cv,0,0,5,perfect,1.0,0,99
NCMAPSS,cv,0,0,10,CNA_DA,1.7129204068426553,3,99
NCMAPSS,cv,0,0,10,CNA_a0.05,1.7129204068426553,3,99
NCMAPSS,cv,0,0,10,CNA_a0.10,2.1882279626689614,9,99
NCMAPSS,cv,0,0,10,CNA_a0.20,3.21961868723621,22,99
NCMAPSS,cv,0,0,10,KAM_P1_heur,2.678280287336221,16,99
NCMAPSS,cv,0,0,10,KAM_P1_opt,1.8961822638986507,4,99
NCMAPSS,cv,0,0,10,LBall_a0.05,2.363840359031896,11,99
NCMAPSS,cv,0,0,10,LBall_a0.10,2.4559192906010185,13,99
NCMAPSS,cv,0,0,10,LBall_a0.20,3.7660878447395296,28,99
NCMAPSS,cv,0,0,10,LBnear_a0.05,2.187870875860432,9,99
NCMAPSS,cv,0,0,10,LBnear_a0.10,2.4939896562900747,13,99
NCMAPSS,cv,0,0,10,LBnear_a0.20,2.7607268448568636,17,99
NCMAPSS,cv,0,0,10,STW_cost_1se,1.5882499130175456,2,99
NCMAPSS,cv,0,0,10,STW_cost_plain,1.8977031461107894,5,99
NCMAPSS,cv,0,0,10,STW_window,1.5381192421345384,1,99
NCMAPSS,cv,0,0,10,age,1.7152161271564255,1,99
NCMAPSS,cv,0,0,10,perfect,1.0,0,99
NCMAPSS,cv,0,0,20,CNA_DA,2.1207585989480493,3,99
NCMAPSS,cv,0,0,20,CNA_a0.05,2.1207585989480493,3,99
NCMAPSS,cv,0,0,20,CNA_a0.10,3.2823419440034423,9,99
NCMAPSS,cv,0,0,20,CNA_a0.20,5.604521418522292,22,99
NCMAPSS,cv,0,0,20,KAM_P1_heur,4.441757019738671,16,99
NCMAPSS,cv,0,0,20,KAM_P1_opt,2.031944293593039,2,99
NCMAPSS,cv,0,0,20,LBall_a0.05,3.677085002938505,11,99
NCMAPSS,cv,0,0,20,LBall_a0.10,3.934018863647928,13,99
NCMAPSS,cv,0,0,20,LBall_a0.20,6.770374444531748,28,99
NCMAPSS,cv,0,0,20,LBnear_a0.05,3.2818063137906477,9,99
NCMAPSS,cv,0,0,20,LBnear_a0.10,3.9950019494276194,13,99
NCMAPSS,cv,0,0,20,LBnear_a0.20,4.6231219386095095,17,99
NCMAPSS,cv,0,0,20,STW_cost_1se,1.8597456246444761,2,99
NCMAPSS,cv,0,0,20,STW_cost_plain,2.55662784962148,5,99
NCMAPSS,cv,0,0,20,STW_window,1.6805376904803289,1,99
NCMAPSS,cv,0,0,20,age,1.874032435226465,1,99
NCMAPSS,cv,0,0,20,perfect,1.0,0,99
NCMAPSS,cv,0,0,50,CNA_DA,3.344273175264232,3,99
NCMAPSS,cv,0,0,50,CNA_a0.05,3.344273175264232,3,99
NCMAPSS,cv,0,0,50,CNA_a0.10,6.5646838880068845,9,99
NCMAPSS,cv,0,0,50,CNA_a0.20,12.759229612380535,22,99
NCMAPSS,cv,0,0,50,KAM_P1_heur,9.977263533392174,16,99
NCMAPSS,cv,0,0,50,KAM_P1_opt,2.921846903925757,2,99
NCMAPSS,cv,0,0,50,LBall_a0.05,7.6168189346583315,11,99
NCMAPSS,cv,0,0,50,LBall_a0.10,8.368317582788656,13,99
NCMAPSS,cv,0,0,50,LBall_a0.20,15.783234243908401,28,99
NCMAPSS,cv,0,0,50,LBnear_a0.05,6.563612627581295,9,99
NCMAPSS,cv,0,0,50,LBnear_a0.10,8.498038828840254,13,99
NCMAPSS,cv,0,0,50,LBnear_a0.20,10.210307219867449,17,99
NCMAPSS,cv,0,0,50,STW_cost_1se,2.674232759525269,2,99
NCMAPSS,cv,0,0,50,STW_cost_plain,4.533401960153553,5,99
NCMAPSS,cv,0,0,50,STW_window,2.107793035517701,1,99
NCMAPSS,cv,0,0,50,age,2.350481359436583,1,99
NCMAPSS,cv,0,0,50,perfect,1.0,0,99
NCMAPSS,cv,0,5,5,CNA_DA,1.6342555054649237,6,99
NCMAPSS,cv,0,5,5,CNA_a0.05,1.6342555054649237,6,99
NCMAPSS,cv,0,5,5,CNA_a0.10,1.6793826341271596,10,99
NCMAPSS,cv,0,5,5,CNA_a0.20,2.0756399075266136,21,99
NCMAPSS,cv,0,5,5,KAM_P1_heur,2.529394542182266,35,99
NCMAPSS,cv,0,5,5,KAM_P1_opt,1.540491556142758,3,99
NCMAPSS,cv,0,5,5,LBall_a0.05,1.711882567234544,11,99
NCMAPSS,cv,0,5,5,LBall_a0.10,1.9037296750795372,17,99
NCMAPSS,cv,0,5,5,LBall_a0.20,2.355889921747807,30,99
NCMAPSS,cv,0,5,5,LBnear_a0.05,1.6489758191955632,9,99
NCMAPSS,cv,0,5,5,LBnear_a0.10,1.78994597134132,14,99
NCMAPSS,cv,0,5,5,LBnear_a0.20,2.273089139962205,27,99
NCMAPSS,cv,0,5,5,STW_cost_1se,1.5436578799346865,4,99
NCMAPSS,cv,0,5,5,STW_cost_plain,1.6028055219797697,6,99
NCMAPSS,cv,0,5,5,STW_window,1.5908380558493425,6,99
NCMAPSS,cv,0,5,5,age,1.6778692185007973,2,99
NCMAPSS,cv,0,5,5,perfect,1.0,0,99
NCMAPSS,cv,0,5,10,CNA_DA,2.0328544092368563,6,99
NCMAPSS,cv,0,5,10,CNA_a0.05,2.0328544092368563,6,99
NCMAPSS,cv,0,5,10,CNA_a0.10,2.283477106834771,10,99
NCMAPSS,cv,0,5,10,CNA_a0.20,3.266580838074671,21,99
NCMAPSS,cv,0,5,10,KAM_P1_heur,2.577132232675828,14,99
NCMAPSS,cv,0,5,10,KAM_P1_opt,1.578564292850007,1,99
NCMAPSS,cv,0,5,10,LBall_a0.05,2.37029893924783,11,99
NCMAPSS,cv,0,5,10,LBall_a0.10,2.8726938809583435,17,99
NCMAPSS,cv,0,5,10,LBall_a0.20,3.9695131558216477,30,99
NCMAPSS,cv,0,5,10,LBnear_a0.05,2.198634425594084,9,99
NCMAPSS,cv,0,5,10,LBnear_a0.10,2.59830866807611,14,99
NCMAPSS,cv,0,5,10,LBnear_a0.20,3.7555385790679905,27,99
NCMAPSS,cv,0,5,10,STW_cost_1se,1.8121201199233277,4,99
NCMAPSS,cv,0,5,10,STW_cost_plain,1.9937336980723963,6,99
NCMAPSS,cv,0,5,10,STW_window,2.0774391210184353,5,99
NCMAPSS,cv,0,5,10,age,1.7152161271564255,1,99
NCMAPSS,cv,0,5,10,perfect,1.0,0,99
NCMAPSS,cv,0,5,20,CNA_DA,2.830052216780722,6,99
NCMAPSS,cv,0,5,20,CNA_a0.05,2.830052216780722,6,99
NCMAPSS,cv,0,5,20,CNA_a0.10,3.4916660522499936,10,99
NCMAPSS,cv,0,5,20,CNA_a0.20,5.648462699170786,21,99
NCMAPSS,cv,0,5,20,KAM_P1_heur,3.4213863713693584,9,99
NCMAPSS,cv,0,5,20,KAM_P1_opt,1.7247276532990816,1,99
NCMAPSS,cv,0,5,20,LBall_a0.05,3.6871316832744023,11,99
NCMAPSS,cv,0,5,20,LBall_a0.10,4.810622292715956,17,99
NCMAPSS,cv,0,5,20,LBall_a0.20,7.196759623969329,30,99
NCMAPSS,cv,0,5,20,LBnear_a0.05,3.2979516383911265,9,99
NCMAPSS,cv,0,5,20,LBnear_a0.10,4.215034061545689,14,99
NCMAPSS,cv,0,5,20,LBnear_a0.20,6.720437457279561,27,99
NCMAPSS,cv,0,5,20,STW_cost_1se,2.3490445999006098,4,99
NCMAPSS,cv,0,5,20,STW_cost_plain,2.77559005025765,6,99
NCMAPSS,cv,0,5,20,STW_window,2.3854724622534107,3,99
NCMAPSS,cv,0,5,20,age,1.874032435226465,1,99
NCMAPSS,cv,0,5,20,perfect,1.0,0,99
NCMAPSS,cv,0,5,50,CNA_DA,5.221645639412317,6,99
NCMAPSS,cv,0,5,50,CNA_a0.05,5.221645639412317,6,99
NCMAPSS,cv,0,5,50,CNA_a0.10,7.116232888495662,10,99
NCMAPSS,cv,0,5,50,CNA_a0.20,12.794108282459126,21,99
NCMAPSS,cv,0,5,50,KAM_P1_heur,5.067084205391285,6,99
NCMAPSS,cv,0,5,50,KAM_P1_opt,2.163217734646306,1,99
NCMAPSS,cv,0,5,50,LBall_a0.05,7.63762991535412,11,99
NCMAPSS,cv,0,5,50,LBall_a0.10,10.624407527988794,17,99
NCMAPSS,cv,0,5,50,LBall_a0.20,16.87849902841237,30,99
NCMAPSS,cv,0,5,50,LBnear_a0.05,6.595903276782253,9,99
NCMAPSS,cv,0,5,50,LBnear_a0.10,9.065210241954428,14,99
NCMAPSS,cv,0,5,50,LBnear_a0.20,15.615134091914276,27,99
NCMAPSS,cv,0,5,50,STW_cost_1se,3.9598180398324567,4,99
NCMAPSS,cv,0,5,50,STW_cost_plain,5.121159106813411,6,99
NCMAPSS,cv,0,5,50,STW_window,3.761706575091917,3,99
NCMAPSS,cv,0,5,50,age,2.350481359436583,1,99
NCMAPSS,cv,0,5,50,perfect,1.0,0,99
NCMAPSS,cv,0,10,5,CNA_DA,1.6537249753856251,6,99
NCMAPSS,cv,0,10,5,CNA_a0.05,1.6476321605855284,3,99
NCMAPSS,cv,0,10,5,CNA_a0.10,1.8222982606216138,11,99
NCMAPSS,cv,0,10,5,CNA_a0.20,2.011240315514347,19,99
NCMAPSS,cv,0,10,5,KAM_P1_heur,2.36751550336456,30,99
NCMAPSS,cv,0,10,5,KAM_P1_opt,1.5087259455872595,3,99
NCMAPSS,cv,0,10,5,LBall_a0.05,1.8504791249115038,13,99
NCMAPSS,cv,0,10,5,LBall_a0.10,2.006596133751306,19,99
NCMAPSS,cv,0,10,5,LBall_a0.20,2.5803563977212334,35,99
NCMAPSS,cv,0,10,5,LBnear_a0.05,1.8383600952439099,12,99
NCMAPSS,cv,0,10,5,LBnear_a0.10,1.8712420459931913,15,99
NCMAPSS,cv,0,10,5,LBnear_a0.20,2.2350959707944185,26,99
NCMAPSS,cv,0,10,5,STW_cost_1se,1.592444241635541,4,99
NCMAPSS,cv,0,10,5,STW_cost_plain,1.582520437367786,5,99
NCMAPSS,cv,0,10,5,STW_window,1.74807028499072,6,99
NCMAPSS,cv,0,10,5,age,1.6778692185007973,2,99
NCMAPSS,cv,0,10,5,perfect,1.0,0,99
NCMAPSS,cv,0,10,10,CNA_DA,2.0570725303577286,6,99
NCMAPSS,cv,0,10,10,CNA_a0.05,1.8702851552592485,3,99
NCMAPSS,cv,0,10,10,CNA_a0.10,2.523182207014542,11,99
NCMAPSS,cv,0,10,10,CNA_a0.20,3.103056486793564,19,99
NCMAPSS,cv,0,10,10,KAM_P1_heur,2.687905518699424,14,99
NCMAPSS,cv,0,10,10,KAM_P1_opt,1.4918065951851103,0,99
NCMAPSS,cv,0,10,10,LBall_a0.05,2.6470429866283762,13,99
NCMAPSS,cv,0,10,10,LBall_a0.10,3.095891177787729,19,99
NCMAPSS,cv,0,10,10,LBall_a0.20,4.46973869730791,35,99
NCMAPSS,cv,0,10,10,LBnear_a0.05,2.588711154527138,12,99
NCMAPSS,cv,0,10,10,LBnear_a0.10,2.75390338844281,15,99
NCMAPSS,cv,0,10,10,LBnear_a0.20,3.666438218101189,26,99
NCMAPSS,cv,0,10,10,STW_cost_1se,1.869391066267809,4,99
NCMAPSS,cv,0,10,10,STW_cost_plain,1.914982714125724,5,99
NCMAPSS,cv,0,10,10,STW_window,1.8903963715243541,2,99
NCMAPSS,cv,0,10,10,age,1.7152161271564255,1,99
NCMAPSS,cv,0,10,10,perfect,1.0,0,99
NCMAPSS,cv,0,10,20,CNA_DA,2.3155911446066884,3,99
NCMAPSS,cv,0,10,20,CNA_a0.05,2.3155911446066884,3,99
NCMAPSS,cv,0,10,20,CNA_a0.10,3.924950099800399,11,99
NCMAPSS,cv,0,10,20,CNA_a0.20,5.2866888293519985,19,99
NCMAPSS,cv,0,10,20,KAM_P1_heur,3.942487254396517,11,99
NCMAPSS,cv,0,10,20,KAM_P1_opt,1.4918065951851103,0,99
NCMAPSS,cv,0,10,20,LBall_a0.05,4.240170710062122,13,99
NCMAPSS,cv,0,10,20,LBall_a0.10,5.274481265860576,19,99
NCMAPSS,cv,0,10,20,LBall_a0.20,8.248503296481264,35,99
NCMAPSS,cv,0,10,20,LBnear_a0.05,4.089413273093595,12,99
NCMAPSS,cv,0,10,20,LBnear_a0.10,4.519226073342048,15,99
NCMAPSS,cv,0,10,20,LBnear_a0.20,6.52912271271473,26,99
NCMAPSS,cv,0,10,20,STW_cost_1se,2.423284715532345,4,99
NCMAPSS,cv,0,10,20,STW_cost_plain,2.5799072676416004,5,99
NCMAPSS,cv,0,10,20,STW_window,2.213541050417406,2,99
NCMAPSS,cv,0,10,20,age,1.874032435226465,1,99
NCMAPSS,cv,0,10,20,perfect,1.0,0,99
NCMAPSS,cv,0,10,50,CNA_DA,3.651509112649009,3,99
NCMAPSS,cv,0,10,50,CNA_a0.05,3.651509112649009,3,99
NCMAPSS,cv,0,10,50,CNA_a0.10,8.130253778157968,11,99
NCMAPSS,cv,0,10,50,CNA_a0.20,11.8375858570273,19,99
NCMAPSS,cv,0,10,50,KAM_P1_heur,3.3473278639519046,3,99
NCMAPSS,cv,0,10,50,KAM_P1_opt,1.4918065951851103,0,99
NCMAPSS,cv,0,10,50,LBall_a0.05,9.019553880363357,13,99
NCMAPSS,cv,0,10,50,LBall_a0.10,11.810251530079116,19,99
NCMAPSS,cv,0,10,50,LBall_a0.20,19.584797094001328,35,99
NCMAPSS,cv,0,10,50,LBnear_a0.05,8.591519628792966,12,99
NCMAPSS,cv,0,10,50,LBnear_a0.10,9.815194128039758,15,99
NCMAPSS,cv,0,10,50,LBnear_a0.20,15.117176196555352,26,99
NCMAPSS,cv,0,10,50,STW_cost_1se,4.084965663325953,4,99
NCMAPSS,cv,0,10,50,STW_cost_plain,4.57468092818923,5,99
NCMAPSS,cv,0,10,50,STW_window,3.182975087096562,2,99
NCMAPSS,cv,0,10,50,age,2.350481359436583,1,99
NCMAPSS,cv,0,10,50,perfect,1.0,0,99
NCMAPSS,cv,0,15,5,CNA_DA,1.5833193300845794,4,99
NCMAPSS,cv,0,15,5,CNA_a0.05,1.6803455171576613,2,99
NCMAPSS,cv,0,15,5,CNA_a0.10,1.7157578954660015,8,99
NCMAPSS,cv,0,15,5,CNA_a0.20,2.1753474741026606,21,99
NCMAPSS,cv,0,15,5,KAM_P1_heur,2.3298034271840127,26,99
NCMAPSS,cv,0,15,5,KAM_P1_opt,1.6177068131742351,4,99
NCMAPSS,cv,0,15,5,LBall_a0.05,2.033332825829895,16,99
NCMAPSS,cv,0,15,5,LBall_a0.10,2.1029633878214318,20,99
NCMAPSS,cv,0,15,5,LBall_a0.20,2.69366875194108,37,99
NCMAPSS,cv,0,15,5,LBnear_a0.05,1.9627935251872686,14,99
NCMAPSS,cv,0,15,5,LBnear_a0.10,1.9991915295676144,17,99
NCMAPSS,cv,0,15,5,LBnear_a0.20,2.3227423375058205,27,99
NCMAPSS,cv,0,15,5,STW_cost_1se,1.7572753706774324,5,99
NCMAPSS,cv,0,15,5,STW_cost_plain,1.7272995488608869,8,99
NCMAPSS,cv,0,15,5,STW_window,1.681538589665798,4,99
NCMAPSS,cv,0,15,5,age,1.6778692185007973,2,99
NCMAPSS,cv,0,15,5,perfect,1.0,0,99
NCMAPSS,cv,0,15,10,CNA_DA,1.7798389738461802,3,99
NCMAPSS,cv,0,15,10,CNA_a0.05,1.8373871542751998,2,99
NCMAPSS,cv,0,15,10,CNA_a0.10,2.2396534360663076,8,99
NCMAPSS,cv,0,15,10,CNA_a0.20,3.4234976641615646,21,99
NCMAPSS,cv,0,15,10,KAM_P1_heur,2.7094522183777827,13,99
NCMAPSS,cv,0,15,10,KAM_P1_opt,1.7398137897239512,2,99
NCMAPSS,cv,0,15,10,LBall_a0.05,3.0312875869734017,16,99
NCMAPSS,cv,0,15,10,LBall_a0.10,3.277803269285919,20,99
NCMAPSS,cv,0,15,10,LBall_a0.20,4.711193930520431,37,99
NCMAPSS,cv,0,15,10,LBnear_a0.05,2.849216407529906,14,99
NCMAPSS,cv,0,15,10,LBnear_a0.10,3.016744104497238,17,99
NCMAPSS,cv,0,15,10,LBnear_a0.20,3.837574296748747,27,99
NCMAPSS,cv,0,15,10,STW_cost_1se,2.0998077881398163,5,99
NCMAPSS,cv,0,15,10,STW_cost_plain,2.4362871252695277,8,99
NCMAPSS,cv,0,15,10,STW_window,1.6443915855199582,1,99
NCMAPSS,cv,0,15,10,age,1.7152161271564255,1,99
NCMAPSS,cv,0,15,10,perfect,1.0,0,99
NCMAPSS,cv,0,15,20,CNA_DA,2.151470428510277,2,99
NCMAPSS,cv,0,15,20,CNA_a0.05,2.151470428510277,2,99
NCMAPSS,cv,0,15,20,CNA_a0.10,3.2874445172669193,8,99
NCMAPSS,cv,0,15,20,CNA_a0.20,5.919798044279371,21,99
NCMAPSS,cv,0,15,20,KAM_P1_heur,3.6209775100664547,9,99
NCMAPSS,cv,0,15,20,KAM_P1_opt,2.0080448072223263,1,99
NCMAPSS,cv,0,15,20,LBall_a0.05,5.027197109260415,16,99
NCMAPSS,cv,0,15,20,LBall_a0.10,5.627483032214894,20,99
NCMAPSS,cv,0,15,20,LBall_a0.20,8.746244287679133,37,99
NCMAPSS,cv,0,15,20,LBnear_a0.05,4.622062172215181,14,99
NCMAPSS,cv,0,15,20,LBnear_a0.10,5.051849254356487,17,99
NCMAPSS,cv,0,15,20,LBnear_a0.20,6.8672382152345985,27,99
NCMAPSS,cv,0,15,20,STW_cost_1se,2.8289077145772525,5,99
NCMAPSS,cv,0,15,20,STW_cost_plain,3.57607057568802,8,99
NCMAPSS,cv,0,15,20,STW_window,1.7966500656606952,1,99
NCMAPSS,cv,0,15,20,age,1.874032435226465,1,99
NCMAPSS,cv,0,15,20,perfect,1.0,0,99
NCMAPSS,cv,0,15,50,CNA_DA,3.093720251215507,2,99
NCMAPSS,cv,0,15,50,CNA_a0.05,3.093720251215507,2,99
NCMAPSS,cv,0,15,50,CNA_a0.10,6.430817760868754,8,99
NCMAPSS,cv,0,15,50,CNA_a0.20,13.408699184632793,21,99
NCMAPSS,cv,0,15,50,KAM_P1_heur,3.478221854076068,3,99
NCMAPSS,cv,0,15,50,KAM_P1_opt,2.5185646734652902,1,99
NCMAPSS,cv,0,15,50,LBall_a0.05,11.014925676121456,16,99
NCMAPSS,cv,0,15,50,LBall_a0.10,12.676522321001816,20,99
NCMAPSS,cv,0,15,50,LBall_a0.20,20.85139535915524,37,99
NCMAPSS,cv,0,15,50,LBnear_a0.05,9.940599466271006,14,99
NCMAPSS,cv,0,15,50,LBnear_a0.10,11.157164703934232,17,99
NCMAPSS,cv,0,15,50,LBnear_a0.20,15.956229970692156,27,99
NCMAPSS,cv,0,15,50,STW_cost_1se,5.016207493889561,5,99
NCMAPSS,cv,0,15,50,STW_cost_plain,6.995420926943497,8,99
NCMAPSS,cv,0,15,50,STW_window,2.253425506082906,1,99
NCMAPSS,cv,0,15,50,age,2.350481359436583,1,99
NCMAPSS,cv,0,15,50,perfect,1.0,0,99
NCMAPSS,cv,1,0,5,CNA_DA,1.4809852915116073,5,99
NCMAPSS,cv,1,0,5,CNA_a0.05,1.4391258194075094,2,99
NCMAPSS,cv,1,0,5,CNA_a0.10,1.5096673727379122,7,99
NCMAPSS,cv,1,0,5,CNA_a0.20,1.892557071457517,18,99
NCMAPSS,cv,1,0,5,KAM_P1_heur,4.933761541549578,99,99
NCMAPSS,cv,1,0,5,KAM_P1_opt,1.523233711925927,5,99
NCMAPSS,cv,1,0,5,LBall_a0.05,1.5067817390213059,7,99
NCMAPSS,cv,1,0,5,LBall_a0.10,1.702833023650586,13,99
NCMAPSS,cv,1,0,5,LBall_a0.20,2.659038112600906,38,99
NCMAPSS,cv,1,0,5,LBnear_a0.05,1.533902344345023,7,99
NCMAPSS,cv,1,0,5,LBnear_a0.10,1.6019486212894847,10,99
NCMAPSS,cv,1,0,5,LBnear_a0.20,2.1955022858173723,26,99
NCMAPSS,cv,1,0,5,STW_cost_1se,1.4006816850402086,2,99
NCMAPSS,cv,1,0,5,STW_cost_plain,1.6072335943856286,8,99
NCMAPSS,cv,1,0,5,STW_window,1.5653796739323054,4,99
NCMAPSS,cv,1,0,5,age,1.6778692185007973,2,99
NCMAPSS,cv,1,0,5,perfect,1.0,0,99
NCMAPSS,cv,1,0,10,CNA_DA,1.828784003720065,5,99
NCMAPSS,cv,1,0,10,CNA_a0.05,1.5736235595390524,2,99
NCMAPSS,cv,1,0,10,CNA_a0.10,1.9257174360908798,7,99
NCMAPSS,cv,1,0,10,CNA_a0.20,2.888639740645684,18,99
NCMAPSS,cv,1,0,10,KAM_P1_heur,3.3186318631863183,23,99
NCMAPSS,cv,1,0,10,KAM_P1_opt,1.5693257191501435,1,99
NCMAPSS,cv,1,0,10,LBall_a0.05,1.922036548987807,7,99
NCMAPSS,cv,1,0,10,LBall_a0.10,2.435840616612759,13,99
NCMAPSS,cv,1,0,10,LBall_a0.20,4.671855807398404,38,99
NCMAPSS,cv,1,0,10,LBnear_a0.05,1.956631336881053,7,99
NCMAPSS,cv,1,0,10,LBnear_a0.10,2.178189132544695,10,99
NCMAPSS,cv,1,0,10,LBnear_a0.20,3.6014889713161815,26,99
NCMAPSS,cv,1,0,10,STW_cost_1se,1.546809952560751,2,99
NCMAPSS,cv,1,0,10,STW_cost_plain,1.6114510489510487,3,99
NCMAPSS,cv,1,0,10,STW_window,1.6182586273111317,1,99
NCMAPSS,cv,1,0,10,age,1.7152161271564255,1,99
NCMAPSS,cv,1,0,10,perfect,1.0,0,99
NCMAPSS,cv,1,0,20,CNA_DA,1.8426190398021385,2,99
NCMAPSS,cv,1,0,20,CNA_a0.05,1.8426190398021385,2,99
NCMAPSS,cv,1,0,20,CNA_a0.10,2.7578175627968156,7,99
NCMAPSS,cv,1,0,20,CNA_a0.20,4.880805079022018,18,99
NCMAPSS,cv,1,0,20,KAM_P1_heur,5.813028361659695,23,99
NCMAPSS,cv,1,0,20,KAM_P1_opt,1.71463365610849,1,99
NCMAPSS,cv,1,0,20,LBall_a0.05,2.7525461689208104,7,99
NCMAPSS,cv,1,0,20,LBall_a0.10,3.9018558025371046,13,99
NCMAPSS,cv,1,0,20,LBall_a0.20,8.6974911969934,38,99
NCMAPSS,cv,1,0,20,LBnear_a0.05,2.802089321953113,7,99
NCMAPSS,cv,1,0,20,LBnear_a0.10,3.3306701550551154,10,99
NCMAPSS,cv,1,0,20,LBnear_a0.20,6.413462342313801,26,99
NCMAPSS,cv,1,0,20,STW_cost_1se,1.8112219102634437,2,99
NCMAPSS,cv,1,0,20,STW_cost_plain,1.9951298701298699,3,99
NCMAPSS,cv,1,0,20,STW_window,1.7680973890991993,1,99
NCMAPSS,cv,1,0,20,age,1.874032435226465,1,99
NCMAPSS,cv,1,0,20,perfect,1.0,0,99
NCMAPSS,cv,1,0,50,CNA_DA,2.649605480591396,2,99
NCMAPSS,cv,1,0,50,CNA_a0.05,2.649605480591396,2,99
NCMAPSS,cv,1,0,50,CNA_a0.10,5.254117942914623,7,99
NCMAPSS,cv,1,0,50,CNA_a0.20,10.857301094151019,18,99
NCMAPSS,cv,1,0,50,KAM_P1_heur,12.10561101297658,20,99
NCMAPSS,cv,1,0,50,KAM_P1_opt,2.15055746698353,1,99
NCMAPSS,cv,1,0,50,LBall_a0.05,5.244075028719819,7,99
NCMAPSS,cv,1,0,50,LBall_a0.10,8.299901360310141,13,99
NCMAPSS,cv,1,0,50,LBall_a0.20,20.77439736577839,38,99
NCMAPSS,cv,1,0,50,LBnear_a0.05,5.338463277169293,7,99
NCMAPSS,cv,1,0,50,LBnear_a0.10,6.788113222586377,10,99
NCMAPSS,cv,1,0,50,LBnear_a0.20,14.84938245530666,26,99
NCMAPSS,cv,1,0,50,STW_cost_1se,2.6044577833715215,2,99
NCMAPSS,cv,1,0,50,STW_cost_plain,3.1461663336663337,3,99
NCMAPSS,cv,1,0,50,STW_window,2.217613674463403,1,99
NCMAPSS,cv,1,0,50,age,2.350481359436583,1,99
NCMAPSS,cv,1,0,50,perfect,1.0,0,99
NCMAPSS,cv,1,5,5,CNA_DA,1.4586835183165459,3,99
NCMAPSS,cv,1,5,5,CNA_a0.05,1.4586835183165459,3,99
NCMAPSS,cv,1,5,5,CNA_a0.10,1.7324875298199955,11,99
NCMAPSS,cv,1,5,5,CNA_a0.20,1.983160475797691,20,99
NCMAPSS,cv,1,5,5,KAM_P1_heur,2.845943695686111,42,99
NCMAPSS,cv,1,5,5,KAM_P1_opt,1.536734405410401,4,99
NCMAPSS,cv,1,5,5,LBall_a0.05,1.6777497876185283,10,99
NCMAPSS,cv,1,5,5,LBall_a0.10,1.8932982795996494,17,99
NCMAPSS,cv,1,5,5,LBall_a0.20,2.7516154268400737,40,99
NCMAPSS,cv,1,5,5,LBnear_a0.05,1.7028608452950558,10,99
NCMAPSS,cv,1,5,5,LBnear_a0.10,1.66844193817878,11,99
NCMAPSS,cv,1,5,5,LBnear_a0.20,2.367859169426886,30,99
NCMAPSS,cv,1,5,5,STW_cost_1se,1.4538101251658486,3,99
NCMAPSS,cv,1,5,5,STW_cost_plain,1.6620586025544701,9,99
NCMAPSS,cv,1,5,5,STW_window,1.642164610796982,6,99
NCMAPSS,cv,1,5,5,age,1.6778692185007973,2,99
NCMAPSS,cv,1,5,5,perfect,1.0,0,99
NCMAPSS,cv,1,5,10,CNA_DA,1.6558029126836467,3,99
NCMAPSS,cv,1,5,10,CNA_a0.05,1.6558029126836467,3,99
NCMAPSS,cv,1,5,10,CNA_a0.10,2.3988288874430705,11,99
NCMAPSS,cv,1,5,10,CNA_a0.20,3.091071356131597,20,99
NCMAPSS,cv,1,5,10,KAM_P1_heur,2.4634400968806114,13,99
NCMAPSS,cv,1,5,10,KAM_P1_opt,1.8039925628730793,4,99
NCMAPSS,cv,1,5,10,LBall_a0.05,2.28125690546692,10,99
NCMAPSS,cv,1,5,10,LBall_a0.10,2.856953092569531,17,99
NCMAPSS,cv,1,5,10,LBall_a0.20,4.876414984245536,40,99
NCMAPSS,cv,1,5,10,LBnear_a0.05,2.315400717703349,10,99
NCMAPSS,cv,1,5,10,LBnear_a0.10,2.310150375939849,11,99
NCMAPSS,cv,1,5,10,LBnear_a0.20,3.9896805183494104,30,99
NCMAPSS,cv,1,5,10,STW_cost_1se,1.628790508346218,3,99
NCMAPSS,cv,1,5,10,STW_cost_plain,1.8344139185596342,5,99
NCMAPSS,cv,1,5,10,STW_window,1.619837783034809,2,99
NCMAPSS,cv,1,5,10,age,1.7152161271564255,1,99
NCMAPSS,cv,1,5,10,perfect,1.0,0,99
NCMAPSS,cv,1,5,20,CNA_DA,2.050041701417848,3,99
NCMAPSS,cv,1,5,20,CNA_a0.05,2.050041701417848,3,99
NCMAPSS,cv,1,5,20,CNA_a0.10,3.7315116026892214,11,99
NCMAPSS,cv,1,5,20,CNA_a0.20,5.306893116799408,20,99
NCMAPSS,cv,1,5,20,KAM_P1_heur,3.278596200017785,9,99
NCMAPSS,cv,1,5,20,KAM_P1_opt,1.6517970534132909,1,99
NCMAPSS,cv,1,5,20,LBall_a0.05,3.488271141163703,10,99
NCMAPSS,cv,1,5,20,LBall_a0.10,4.784262718509293,17,99
NCMAPSS,cv,1,5,20,LBall_a0.20,9.12601409905646,40,99
NCMAPSS,cv,1,5,20,LBnear_a0.05,3.540480462519936,10,99
NCMAPSS,cv,1,5,20,LBnear_a0.10,3.593567251461988,11,99
NCMAPSS,cv,1,5,20,LBnear_a0.20,7.233323216194459,30,99
NCMAPSS,cv,1,5,20,STW_cost_1se,2.0165977722381747,3,99
NCMAPSS,cv,1,5,20,STW_cost_plain,2.4713631958372853,5,99
NCMAPSS,cv,1,5,20,STW_window,1.9791358111761523,2,99
NCMAPSS,cv,1,5,20,age,1.874032435226465,1,99
NCMAPSS,cv,1,5,20,perfect,1.0,0,99
NCMAPSS,cv,1,5,50,CNA_DA,3.232758067620453,3,99
NCMAPSS,cv,1,5,50,CNA_a0.05,3.232758067620453,3,99
NCMAPSS,cv,1,5,50,CNA_a0.10,7.729559748427673,11,99
NCMAPSS,cv,1,5,50,CNA_a0.20,11.954358398802842,20,99
NCMAPSS,cv,1,5,50,KAM_P1_heur,5.176400610883369,6,99
NCMAPSS,cv,1,5,50,KAM_P1_opt,2.0717454568234497,1,99
NCMAPSS,cv,1,5,50,LBall_a0.05,7.109313848254052,10,99
NCMAPSS,cv,1,5,50,LBall_a0.10,10.566191596328583,17,99
NCMAPSS,cv,1,5,50,LBall_a0.20,21.874811443489236,40,99
NCMAPSS,cv,1,5,50,LBnear_a0.05,7.215719696969697,10,99
NCMAPSS,cv,1,5,50,LBnear_a0.10,7.443817878028404,11,99
NCMAPSS,cv,1,5,50,LBnear_a0.20,16.964251309729608,30,99
NCMAPSS,cv,1,5,50,STW_cost_1se,3.1800195639140445,3,99
NCMAPSS,cv,1,5,50,STW_cost_plain,4.3822110276702375,5,99
NCMAPSS,cv,1,5,50,STW_window,2.845910618990526,2,99
NCMAPSS,cv,1,5,50,age,2.350481359436583,1,99
NCMAPSS,cv,1,5,50,perfect,1.0,0,99
NCMAPSS,cv,1,10,5,CNA_DA,1.5501922781110595,6,99
NCMAPSS,cv,1,10,5,CNA_a0.05,1.52905347657222,4,99
NCMAPSS,cv,1,10,5,CNA_a0.10,1.8240694325676483,13,99
NCMAPSS,cv,1,10,5,CNA_a0.20,2.035105149859248,19,99
NCMAPSS,cv,1,10,5,KAM_P1_heur,2.030579938895504,20,99
NCMAPSS,cv,1,10,5,KAM_P1_opt,1.4464342515427189,3,99
NCMAPSS,cv,1,10,5,LBall_a0.05,1.639030895754612,9,99
NCMAPSS,cv,1,10,5,LBall_a0.10,2.1077357774435246,21,99
NCMAPSS,cv,1,10,5,LBall_a0.20,2.7317181595910203,39,99
NCMAPSS,cv,1,10,5,LBnear_a0.05,1.5148208273208272,6,99
NCMAPSS,cv,1,10,5,LBnear_a0.10,1.9149890067871138,16,99
NCMAPSS,cv,1,10,5,LBnear_a0.20,2.488309139964769,32,99
NCMAPSS,cv,1,10,5,STW_cost_1se,1.4383817296134622,3,99
NCMAPSS,cv,1,10,5,STW_cost_plain,1.5530414968930812,7,99
NCMAPSS,cv,1,10,5,STW_window,1.5509531005593995,5,99
NCMAPSS,cv,1,10,5,age,1.6778692185007973,2,99
NCMAPSS,cv,1,10,5,perfect,1.0,0,99
NCMAPSS,cv,1,10,10,CNA_DA,1.8540740158717686,5,99
NCMAPSS,cv,1,10,10,CNA_a0.05,1.7949758203239101,4,99
NCMAPSS,cv,1,10,10,CNA_a0.10,2.6092648836729277,13,99
NCMAPSS,cv,1,10,10,CNA_a0.20,3.139876516925697,19,99
NCMAPSS,cv,1,10,10,KAM_P1_heur,2.5226380295097575,12,99
NCMAPSS,cv,1,10,10,KAM_P1_opt,1.498577428532719,1,99
NCMAPSS,cv,1,10,10,LBall_a0.05,2.185374527672816,9,99
NCMAPSS,cv,1,10,10,LBall_a0.10,3.3170923710586613,21,99
NCMAPSS,cv,1,10,10,LBall_a0.20,4.8206791051606235,39,99
NCMAPSS,cv,1,10,10,LBnear_a0.05,1.8842893217893217,6,99
NCMAPSS,cv,1,10,10,LBnear_a0.10,2.8548609119587036,16,99
NCMAPSS,cv,1,10,10,LBnear_a0.20,4.242183423640377,32,99
NCMAPSS,cv,1,10,10,STW_cost_1se,1.6223147638877975,3,99
NCMAPSS,cv,1,10,10,STW_cost_plain,1.6951204560779745,4,99
NCMAPSS,cv,1,10,10,STW_window,1.8767835838701978,5,99
NCMAPSS,cv,1,10,10,age,1.7152161271564255,1,99
NCMAPSS,cv,1,10,10,perfect,1.0,0,99
NCMAPSS,cv,1,10,20,CNA_DA,2.326820507827291,4,99
NCMAPSS,cv,1,10,20,CNA_a0.05,2.326820507827291,4,99
NCMAPSS,cv,1,10,20,CNA_a0.10,4.179655785883486,13,99
NCMAPSS,cv,1,10,20,CNA_a0.20,5.3494192510585945,19,99
NCMAPSS,cv,1,10,20,KAM_P1_heur,2.490530955887729,5,99
NCMAPSS,cv,1,10,20,KAM_P1_opt,1.6373345978413043,1,99
NCMAPSS,cv,1,10,20,LBall_a0.05,3.278061791509224,9,99
NCMAPSS,cv,1,10,20,LBall_a0.10,5.735805558288935,21,99
NCMAPSS,cv,1,10,20,LBall_a0.20,8.99860099629983,39,99
NCMAPSS,cv,1,10,20,LBnear_a0.05,2.6232263107263107,6,99
NCMAPSS,cv,1,10,20,LBnear_a0.10,4.734604722301883,16,99
NCMAPSS,cv,1,10,20,LBnear_a0.20,7.749931990991593,32,99
NCMAPSS,cv,1,10,20,STW_cost_1se,2.0085801838610826,3,99
NCMAPSS,cv,1,10,20,STW_cost_plain,2.197378368989967,4,99
NCMAPSS,cv,1,10,20,STW_window,1.7571395684150581,1,99
NCMAPSS,cv,1,10,20,age,1.874032435226465,1,99
NCMAPSS,cv,1,10,20,perfect,1.0,0,99
NCMAPSS,cv,1,10,50,CNA_DA,3.922354570337433,4,99
NCMAPSS,cv,1,10,50,CNA_a0.05,3.922354570337433,4,99
NCMAPSS,cv,1,10,50,CNA_a0.10,8.89082849251516,13,99
NCMAPSS,cv,1,10,50,CNA_a0.20,11.97804745345729,19,99
NCMAPSS,cv,1,10,50,KAM_P1_heur,3.845472576659136,4,99
NCMAPSS,cv,1,10,50,KAM_P1_opt,2.0536061057670594,1,99
NCMAPSS,cv,1,10,50,LBall_a0.05,6.556123583018448,9,99
NCMAPSS,cv,1,10,50,LBall_a0.10,12.991945119979757,21,99
NCMAPSS,cv,1,10,50,LBall_a0.20,21.532366669717454,39,99
NCMAPSS,cv,1,10,50,LBnear_a0.05,4.840037277537277,6,99
NCMAPSS,cv,1,10,50,LBnear_a0.10,10.373836153331421,16,99
NCMAPSS,cv,1,10,50,LBnear_a0.20,18.27317769304524,32,99
NCMAPSS,cv,1,10,50,STW_cost_1se,3.1673764437809377,3,99
NCMAPSS,cv,1,10,50,STW_cost_plain,3.7041521077259443,4,99
NCMAPSS,cv,1,10,50,STW_window,2.2038699671646493,1,99
NCMAPSS,cv,1,10,50,age,2.350481359436583,1,99
NCMAPSS,cv,1,10,50,perfect,1.0,0,99
NCMAPSS,cv,1,15,5,CNA_DA,1.616745130332551,7,99
NCMAPSS,cv,1,15,5,CNA_a0.05,1.4701860888911247,2,99
NCMAPSS,cv,1,15,5,CNA_a0.10,1.818513988917576,12,99
NCMAPSS,cv,1,15,5,CNA_a0.20,2.3280170957255923,25,99
NCMAPSS,cv,1,15,5,KAM_P1_heur,2.3673213014530377,27,99
NCMAPSS,cv,1,15,5,KAM_P1_opt,1.577450964530516,5,99
NCMAPSS,cv,1,15,5,LBall_a0.05,2.023583812749259,17,99
NCMAPSS,cv,1,15,5,LBall_a0.10,2.2606296427308097,24,99
NCMAPSS,cv,1,15,5,LBall_a0.20,2.858531322269831,41,99
NCMAPSS,cv,1,15,5,LBnear_a0.05,1.85444552699293,13,99
NCMAPSS,cv,1,15,5,LBnear_a0.10,2.0654172848753736,19,99
NCMAPSS,cv,1,15,5,LBnear_a0.20,2.476535144195797,31,99
NCMAPSS,cv,1,15,5,STW_cost_1se,1.4367908397113371,2,99
NCMAPSS,cv,1,15,5,STW_cost_plain,1.5164579931046995,5,99
NCMAPSS,cv,1,15,5,STW_window,1.4223098616869472,1,99
NCMAPSS,cv,1,15,5,age,1.6778692185007973,2,99
NCMAPSS,cv,1,15,5,perfect,1.0,0,99
NCMAPSS,cv,1,15,10,CNA_DA,1.6075866579463702,2,99
NCMAPSS,cv,1,15,10,CNA_a0.05,1.6075866579463702,2,99
NCMAPSS,cv,1,15,10,CNA_a0.10,2.5607645966390358,12,99
NCMAPSS,cv,1,15,10,CNA_a0.20,3.790339392035638,25,99
NCMAPSS,cv,1,15,10,KAM_P1_heur,3.075566412941474,17,99
NCMAPSS,cv,1,15,10,KAM_P1_opt,1.6455300741554517,2,99
NCMAPSS,cv,1,15,10,LBall_a0.05,3.0535516216336127,17,99
NCMAPSS,cv,1,15,10,LBall_a0.10,3.6517863459497697,24,99
NCMAPSS,cv,1,15,10,LBall_a0.20,5.086664101985859,41,99
NCMAPSS,cv,1,15,10,LBnear_a0.05,2.6527167803342575,13,99
NCMAPSS,cv,1,15,10,LBnear_a0.10,3.186643810950577,19,99
NCMAPSS,cv,1,15,10,LBnear_a0.20,4.197893652493324,31,99
NCMAPSS,cv,1,15,10,STW_cost_1se,1.5676789481430602,2,99
NCMAPSS,cv,1,15,10,STW_cost_plain,1.649400862757629,3,99
NCMAPSS,cv,1,15,10,STW_window,1.5647468656610846,1,99
NCMAPSS,cv,1,15,10,age,1.7152161271564255,1,99
NCMAPSS,cv,1,15,10,perfect,1.0,0,99
NCMAPSS,cv,1,15,20,CNA_DA,1.8823877960568607,2,99
NCMAPSS,cv,1,15,20,CNA_a0.05,1.8823877960568607,2,99
NCMAPSS,cv,1,15,20,CNA_a0.10,4.045265812081955,12,99
NCMAPSS,cv,1,15,20,CNA_a0.20,6.714983984655729,25,99
NCMAPSS,cv,1,15,20,KAM_P1_heur,3.4313102014859393,9,99
NCMAPSS,cv,1,15,20,KAM_P1_opt,1.9268172663187768,2,99
NCMAPSS,cv,1,15,20,LBall_a0.05,5.11348723940232,17,99
NCMAPSS,cv,1,15,20,LBall_a0.10,6.43409975238769,24,99
NCMAPSS,cv,1,15,20,LBall_a0.20,9.542929661417915,41,99
NCMAPSS,cv,1,15,20,LBnear_a0.05,4.249259287016912,13,99
NCMAPSS,cv,1,15,20,LBnear_a0.10,5.429096863100982,19,99
NCMAPSS,cv,1,15,20,LBnear_a0.20,7.640610669088378,31,99
NCMAPSS,cv,1,15,20,STW_cost_1se,1.8356582555179426,2,99
NCMAPSS,cv,1,15,20,STW_cost_plain,2.0421153538903978,3,99
NCMAPSS,cv,1,15,20,STW_window,1.7096308347037776,1,99
NCMAPSS,cv,1,15,20,age,1.874032435226465,1,99
NCMAPSS,cv,1,15,20,perfect,1.0,0,99
NCMAPSS,cv,1,15,50,CNA_DA,2.7067912103883325,2,99
NCMAPSS,cv,1,15,50,CNA_a0.05,2.7067912103883325,2,99
NCMAPSS,cv,1,15,50,CNA_a0.10,8.498769458410713,12,99
NCMAPSS,cv,1,15,50,CNA_a0.20,15.488917762516003,25,99
NCMAPSS,cv,1,15,50,KAM_P1_heur,5.082039141414141,6,99
NCMAPSS,cv,1,15,50,KAM_P1_opt,2.2975734839011204,1,99
NCMAPSS,cv,1,15,50,LBall_a0.05,11.29329409270844,17,99
NCMAPSS,cv,1,15,50,LBall_a0.10,14.781039971701448,24,99
NCMAPSS,cv,1,15,50,LBall_a0.20,22.91172633971408,41,99
NCMAPSS,cv,1,15,50,LBnear_a0.05,9.038886807064877,13,99
NCMAPSS,cv,1,15,50,LBnear_a0.10,12.1564560195522,19,99
NCMAPSS,cv,1,15,50,LBnear_a0.20,17.96876171887354,31,99
NCMAPSS,cv,1,15,50,STW_cost_1se,2.639596177642589,2,99
NCMAPSS,cv,1,15,50,STW_cost_plain,3.220258827288704,3,99
NCMAPSS,cv,1,15,50,STW_window,2.144282741831857,1,99
NCMAPSS,cv,1,15,50,age,2.350481359436583,1,99
NCMAPSS,cv,1,15,50,perfect,1.0,0,99
NCMAPSS,cv,2,0,5,CNA_DA,1.494469224363003,5,99
NCMAPSS,cv,2,0,5,CNA_a0.05,1.4336428267414916,3,99
NCMAPSS,cv,2,0,5,CNA_a0.10,1.4384448181916536,5,99
NCMAPSS,cv,2,0,5,CNA_a0.20,1.7129304918622426,14,99
NCMAPSS,cv,2,0,5,KAM_P1_heur,4.933761541549578,99,99
NCMAPSS,cv,2,0,5,KAM_P1_opt,1.4737643817857722,3,99
NCMAPSS,cv,2,0,5,LBall_a0.05,1.5712584785048551,8,99
NCMAPSS,cv,2,0,5,LBall_a0.10,1.8053492239467848,15,99
NCMAPSS,cv,2,0,5,LBall_a0.20,2.539860006831044,35,99
NCMAPSS,cv,2,0,5,LBnear_a0.05,1.4943135481383727,6,99
NCMAPSS,cv,2,0,5,LBnear_a0.10,1.6091690922278425,10,99
NCMAPSS,cv,2,0,5,LBnear_a0.20,2.1974166897869845,26,99
NCMAPSS,cv,2,0,5,STW_cost_1se,1.4664881999242552,4,99
NCMAPSS,cv,2,0,5,STW_cost_plain,1.5745546476545345,8,99
NCMAPSS,cv,2,0,5,STW_window,1.5558512759170653,7,99
NCMAPSS,cv,2,0,5,age,1.6778692185007973,2,99
NCMAPSS,cv,2,0,5,perfect,1.0,0,99
NCMAPSS,cv,2,0,10,CNA_DA,1.6273783438687202,3,99
NCMAPSS,cv,2,0,10,CNA_a0.05,1.6273783438687202,3,99
NCMAPSS,cv,2,0,10,CNA_a0.10,1.7406391077277152,5,99
NCMAPSS,cv,2,0,10,CNA_a0.20,2.4865120043161584,14,99
NCMAPSS,cv,2,0,10,KAM_P1_heur,2.8601655810718634,18,99
NCMAPSS,cv,2,0,10,KAM_P1_opt,1.4700956937799041,1,99
NCMAPSS,cv,2,0,10,LBall_a0.05,2.051032059727712,8,99
NCMAPSS,cv,2,0,10,LBall_a0.10,2.6569290465631927,15,99
NCMAPSS,cv,2,0,10,LBall_a0.20,4.399590137355867,35,99
NCMAPSS,cv,2,0,10,LBnear_a0.05,1.8587802671965123,6,99
NCMAPSS,cv,2,0,10,LBnear_a0.10,2.188006895187498,10,99
NCMAPSS,cv,2,0,10,LBnear_a0.20,3.604629348271261,26,99
NCMAPSS,cv,2,0,10,STW_cost_1se,1.711566731141199,4,99
NCMAPSS,cv,2,0,10,STW_cost_plain,1.780809925588275,5,99
NCMAPSS,cv,2,0,10,STW_window,1.4944015672234137,1,99
NCMAPSS,cv,2,0,10,age,1.7152161271564255,1,99
NCMAPSS,cv,2,0,10,perfect,1.0,0,99
NCMAPSS,cv,2,0,20,CNA_DA,2.014849378123177,3,99
NCMAPSS,cv,2,0,20,CNA_a0.05,2.014849378123177,3,99
NCMAPSS,cv,2,0,20,CNA_a0.10,2.3450276867998383,5,99
NCMAPSS,cv,2,0,20,CNA_a0.20,4.033675029223991,14,99
NCMAPSS,cv,2,0,20,KAM_P1_heur,4.832693568017976,18,99
NCMAPSS,cv,2,0,20,KAM_P1_opt,1.6062156654261917,1,99
NCMAPSS,cv,2,0,20,LBall_a0.05,3.010579222173425,8,99
NCMAPSS,cv,2,0,20,LBall_a0.10,4.360088691796009,15,99
NCMAPSS,cv,2,0,20,LBall_a0.20,8.119050398405513,35,99
NCMAPSS,cv,2,0,20,LBnear_a0.05,2.5877137053127917,6,99
NCMAPSS,cv,2,0,20,LBnear_a0.10,3.345682501106809,10,99
NCMAPSS,cv,2,0,20,LBnear_a0.20,6.419054665239812,26,99
NCMAPSS,cv,2,0,20,STW_cost_1se,2.2186976144422954,4,99
NCMAPSS,cv,2,0,20,STW_cost_plain,2.399146705306426,5,99
NCMAPSS,cv,2,0,20,STW_window,1.632772082707063,1,99
NCMAPSS,cv,2,0,20,age,1.874032435226465,1,99
NCMAPSS,cv,2,0,20,perfect,1.0,0,99
NCMAPSS,cv,2,0,50,CNA_DA,3.1772624808865486,3,99
NCMAPSS,cv,2,0,50,CNA_a0.05,3.1772624808865486,3,99
NCMAPSS,cv,2,0,50,CNA_a0.10,4.158193424016209,5,99
NCMAPSS,cv,2,0,50,CNA_a0.20,8.675164103947486,14,99
NCMAPSS,cv,2,0,50,KAM_P1_heur,5.144109848484848,7,99
NCMAPSS,cv,2,0,50,KAM_P1_opt,2.014575580365054,1,99
NCMAPSS,cv,2,0,50,LBall_a0.05,5.889220709510564,8,99
NCMAPSS,cv,2,0,50,LBall_a0.10,9.469567627494456,15,99
NCMAPSS,cv,2,0,50,LBall_a0.20,19.27743118155445,35,99
NCMAPSS,cv,2,0,50,LBnear_a0.05,4.77451401966163,6,99
NCMAPSS,cv,2,0,50,LBnear_a0.10,6.818709318864743,10,99
NCMAPSS,cv,2,0,50,LBnear_a0.20,14.862330616145467,26,99
NCMAPSS,cv,2,0,50,STW_cost_1se,3.740090264345583,4,99
NCMAPSS,cv,2,0,50,STW_cost_plain,4.25415704446088,5,99
NCMAPSS,cv,2,0,50,STW_window,2.0478836291580116,1,99
NCMAPSS,cv,2,0,50,age,2.350481359436583,1,99
NCMAPSS,cv,2,0,50,perfect,1.0,0,99
NCMAPSS,cv,2,5,5,CNA_DA,1.5398951257652218,7,99
NCMAPSS,cv,2,5,5,CNA_a0.05,1.4290620024885756,2,99
NCMAPSS,cv,2,5,5,CNA_a0.10,1.6496803600054077,10,99
NCMAPSS,cv,2,5,5,CNA_a0.20,1.7854803119389278,15,99
NCMAPSS,cv,2,5,5,KAM_P1_heur,2.8623998509409354,44,99
NCMAPSS,cv,2,5,5,KAM_P1_opt,1.5082009477109017,5,99
NCMAPSS,cv,2,5,5,LBall_a0.05,1.5627026187564304,8,99
NCMAPSS,cv,2,5,5,LBall_a0.10,1.951119652406417,18,99
NCMAPSS,cv,2,5,5,LBall_a0.20,2.5062914367038074,34,99
NCMAPSS,cv,2,5,5,LBnear_a0.05,1.4945573187008747,6,99
NCMAPSS,cv,2,5,5,LBnear_a0.10,1.8455806309943756,15,99
NCMAPSS,cv,2,5,5,LBnear_a0.20,2.2035010554392658,26,99
NCMAPSS,cv,2,5,5,STW_cost_1se,1.4727918802884414,4,99
NCMAPSS,cv,2,5,5,STW_cost_plain,1.448553190014213,5,99
NCMAPSS,cv,2,5,5,STW_window,1.5738938951445391,6,99
NCMAPSS,cv,2,5,5,age,1.6778692185007973,2,99
NCMAPSS,cv,2,5,5,perfect,1.0,0,99
NCMAPSS,cv,2,5,10,CNA_DA,1.5626191989828353,2,99
NCMAPSS,cv,2,5,10,CNA_a0.05,1.5626191989828353,2,99
NCMAPSS,cv,2,5,10,CNA_a0.10,2.243090561446202,10,99
NCMAPSS,cv,2,5,10,CNA_a0.20,2.627688006249743,15,99
NCMAPSS,cv,2,5,10,KAM_P1_heur,2.511117102033287,13,99
NCMAPSS,cv,2,5,10,KAM_P1_opt,1.632757639020687,3,99
NCMAPSS,cv,2,5,10,LBall_a0.05,2.039863723720226,8,99
NCMAPSS,cv,2,5,10,LBall_a0.10,2.9780247326203204,18,99
NCMAPSS,cv,2,5,10,LBall_a0.20,4.3193533270852855,34,99
NCMAPSS,cv,2,5,10,LBnear_a0.05,1.8590834939937713,6,99
NCMAPSS,cv,2,5,10,LBnear_a0.10,2.7161375324068167,15,99
NCMAPSS,cv,2,5,10,LBnear_a0.20,3.614610105720569,26,99
NCMAPSS,cv,2,5,10,STW_cost_1se,1.6181191222570532,3,99
NCMAPSS,cv,2,5,10,STW_cost_plain,1.5818457625300706,3,99
NCMAPSS,cv,2,5,10,STW_window,1.7082437038753018,3,99
NCMAPSS,cv,2,5,10,age,1.7152161271564255,1,99
NCMAPSS,cv,2,5,10,perfect,1.0,0,99
NCMAPSS,cv,2,5,20,CNA_DA,1.829733591971354,2,99
NCMAPSS,cv,2,5,20,CNA_a0.05,1.829733591971354,2,99
NCMAPSS,cv,2,5,20,CNA_a0.10,3.42991096432779,10,99
NCMAPSS,cv,2,5,20,CNA_a0.20,4.3121033948713725,15,99
NCMAPSS,cv,2,5,20,KAM_P1_heur,2.4075409207031995,5,99
NCMAPSS,cv,2,5,20,KAM_P1_opt,1.6674657790195637,1,99
NCMAPSS,cv,2,5,20,LBall_a0.05,2.9941859336478167,8,99
NCMAPSS,cv,2,5,20,LBall_a0.10,5.031834893048128,18,99
NCMAPSS,cv,2,5,20,LBall_a0.20,7.945477107848241,34,99
NCMAPSS,cv,2,5,20,LBnear_a0.05,2.5881358445795635,6,99
NCMAPSS,cv,2,5,20,LBnear_a0.10,4.4572513352317,15,99
NCMAPSS,cv,2,5,20,LBnear_a0.20,6.436828206283175,26,99
NCMAPSS,cv,2,5,20,STW_cost_1se,2.003385579937304,3,99
NCMAPSS,cv,2,5,20,STW_cost_plain,1.9584757059896112,3,99
NCMAPSS,cv,2,5,20,STW_window,1.8437617204137027,1,99
NCMAPSS,cv,2,5,20,age,1.874032435226465,1,99
NCMAPSS,cv,2,5,20,perfect,1.0,0,99
NCMAPSS,cv,2,5,50,CNA_DA,2.6310767709369105,2,99
NCMAPSS,cv,2,5,50,CNA_a0.05,2.6310767709369105,2,99
NCMAPSS,cv,2,5,50,CNA_a0.10,6.990372172972555,10,99
NCMAPSS,cv,2,5,50,CNA_a0.20,9.365349560736263,15,99
NCMAPSS,cv,2,5,50,KAM_P1_heur,3.1199170317167932,3,99
NCMAPSS,cv,2,5,50,KAM_P1_opt,2.091397756736402,1,99
NCMAPSS,cv,2,5,50,LBall_a0.05,5.85715256343059,8,99
NCMAPSS,cv,2,5,50,LBall_a0.10,11.193265374331549,18,99
NCMAPSS,cv,2,5,50,LBall_a0.20,18.82384845013711,34,99
NCMAPSS,cv,2,5,50,LBnear_a0.05,4.775292896336942,6,99
NCMAPSS,cv,2,5,50,LBnear_a0.10,9.680592743706347,15,99
NCMAPSS,cv,2,5,50,LBnear_a0.20,14.903482507970994,26,99
NCMAPSS,cv,2,5,50,STW_cost_1se,3.1591849529780562,3,99
NCMAPSS,cv,2,5,50,STW_cost_plain,3.088365536368233,3,99
NCMAPSS,cv,2,5,50,STW_window,2.3125147001798982,1,99
NCMAPSS,cv,2,5,50,age,2.350481359436583,1,99
NCMAPSS,cv,2,5,50,perfect,1.0,0,99
NCMAPSS,cv,2,10,5,CNA_DA,1.659865898855195,7,99
NCMAPSS,cv,2,10,5,CNA_a0.05,1.6189298007479824,4,99
NCMAPSS,cv,2,10,5,CNA_a0.10,1.6725639629831246,9,99
NCMAPSS,cv,2,10,5,CNA_a0.20,1.8031502602148155,15,99
NCMAPSS,cv,2,10,5,KAM_P1_heur,2.1884202884654895,24,99
NCMAPSS,cv,2,10,5,KAM_P1_opt,1.6555085330024075,7,99
NCMAPSS,cv,2,10,5,LBall_a0.05,1.7288318995834009,11,99
NCMAPSS,cv,2,10,5,LBall_a0.10,1.7688297096907484,14,99
NCMAPSS,cv,2,10,5,LBall_a0.20,2.61067621258015,36,99
NCMAPSS,cv,2,10,5,LBnear_a0.05,1.7550392706102047,11,99
NCMAPSS,cv,2,10,5,LBnear_a0.10,1.8124256695685266,14,99
NCMAPSS,cv,2,10,5,LBnear_a0.20,2.308505145461667,28,99
NCMAPSS,cv,2,10,5,STW_cost_1se,1.6742611960311073,7,99
NCMAPSS,cv,2,10,5,STW_cost_plain,1.6518562978695026,8,99
NCMAPSS,cv,2,10,5,STW_window,1.7315716195452602,7,99
NCMAPSS,cv,2,10,5,age,1.6778692185007973,2,99
NCMAPSS,cv,2,10,5,perfect,1.0,0,99
NCMAPSS,cv,2,10,10,CNA_DA,2.0555883510428963,6,99
NCMAPSS,cv,2,10,10,CNA_a0.05,1.9004828095737185,4,99
NCMAPSS,cv,2,10,10,CNA_a0.10,2.2300852839774996,9,99
NCMAPSS,cv,2,10,10,CNA_a0.20,2.6536928357878415,15,99
NCMAPSS,cv,2,10,10,KAM_P1_heur,2.803999718329695,16,99
NCMAPSS,cv,2,10,10,KAM_P1_opt,1.571778748801023,1,99
NCMAPSS,cv,2,10,10,LBall_a0.05,2.393767245577017,11,99
NCMAPSS,cv,2,10,10,LBall_a0.10,2.5676560301962477,14,99
NCMAPSS,cv,2,10,10,LBall_a0.20,4.544510444121002,36,99
NCMAPSS,cv,2,10,10,LBnear_a0.05,2.430054374691053,11,99
NCMAPSS,cv,2,10,10,LBnear_a0.10,2.630940488083345,14,99
NCMAPSS,cv,2,10,10,LBnear_a0.20,3.840214720649503,28,99
NCMAPSS,cv,2,10,10,STW_cost_1se,2.2531238441374652,8,99
NCMAPSS,cv,2,10,10,STW_cost_plain,1.9747325971550542,6,99
NCMAPSS,cv,2,10,10,STW_window,2.2087763965852925,7,99
NCMAPSS,cv,2,10,10,age,1.7152161271564255,1,99
NCMAPSS,cv,2,10,10,perfect,1.0,0,99
NCMAPSS,cv,2,10,20,CNA_DA,2.4635888272251907,4,99
NCMAPSS,cv,2,10,20,CNA_a0.05,2.4635888272251907,4,99
NCMAPSS,cv,2,10,20,CNA_a0.10,3.345127925966249,9,99
NCMAPSS,cv,2,10,20,CNA_a0.20,4.354777986933894,15,99
NCMAPSS,cv,2,10,20,KAM_P1_heur,3.1201096411376783,8,99
NCMAPSS,cv,2,10,20,KAM_P1_opt,1.7173138181344512,1,99
NCMAPSS,cv,2,10,20,LBall_a0.05,3.723637937564248,11,99
NCMAPSS,cv,2,10,20,LBall_a0.10,4.165308671207247,14,99
NCMAPSS,cv,2,10,20,LBall_a0.20,8.412178907202705,36,99
NCMAPSS,cv,2,10,20,LBnear_a0.05,3.7800845828527487,11,99
NCMAPSS,cv,2,10,20,LBnear_a0.10,4.267970125112982,14,99
NCMAPSS,cv,2,10,20,LBnear_a0.20,6.903633871025175,28,99
NCMAPSS,cv,2,10,20,STW_cost_1se,3.307216870634525,8,99
NCMAPSS,cv,2,10,20,STW_cost_plain,2.7491375372158595,6,99
NCMAPSS,cv,2,10,20,STW_window,3.100502780393341,6,99
NCMAPSS,cv,2,10,20,age,1.874032435226465,1,99
NCMAPSS,cv,2,10,20,perfect,1.0,0,99
NCMAPSS,cv,2,10,50,CNA_DA,4.152906880179607,4,99
NCMAPSS,cv,2,10,50,CNA_a0.05,4.152906880179607,4,99
NCMAPSS,cv,2,10,50,CNA_a0.10,6.690255851932498,9,99
NCMAPSS,cv,2,10,50,CNA_a0.20,9.45803344037205,15,99
NCMAPSS,cv,2,10,50,KAM_P1_heur,3.3491633572057626,3,99
NCMAPSS,cv,2,10,50,KAM_P1_opt,2.1539190261347354,1,99
NCMAPSS,cv,2,10,50,LBall_a0.05,7.713250013525942,11,99
NCMAPSS,cv,2,10,50,LBall_a0.10,8.958266594240241,14,99
NCMAPSS,cv,2,10,50,LBall_a0.20,20.015184296447817,36,99
NCMAPSS,cv,2,10,50,LBnear_a0.05,7.830175207337836,11,99
NCMAPSS,cv,2,10,50,LBnear_a0.10,9.179059036201894,14,99
NCMAPSS,cv,2,10,50,LBnear_a0.20,16.093891322152192,28,99
NCMAPSS,cv,2,10,50,STW_cost_1se,6.469495950125704,8,99
NCMAPSS,cv,2,10,50,STW_cost_plain,5.072352357398277,6,99
NCMAPSS,cv,2,10,50,STW_window,5.720645975091939,6,99
NCMAPSS,cv,2,10,50,age,2.350481359436583,1,99
NCMAPSS,cv,2,10,50,perfect,1.0,0,99
NCMAPSS,cv,2,15,5,CNA_DA,1.7427246207385516,8,99
NCMAPSS,cv,2,15,5,CNA_a0.05,1.743574444952699,2,99
NCMAPSS,cv,2,15,5,CNA_a0.10,1.9180102525941543,13,99
NCMAPSS,cv,2,15,5,CNA_a0.20,2.0767582365713206,20,99
NCMAPSS,cv,2,15,5,KAM_P1_heur,2.5524402907580472,33,99
NCMAPSS,cv,2,15,5,KAM_P1_opt,1.4910905122317657,2,99
NCMAPSS,cv,2,15,5,LBall_a0.05,1.8901688793633782,14,99
NCMAPSS,cv,2,15,5,LBall_a0.10,2.074819153250526,20,99
NCMAPSS,cv,2,15,5,LBall_a0.20,2.821883484804833,41,99
NCMAPSS,cv,2,15,5,LBnear_a0.05,1.869549887169568,13,99
NCMAPSS,cv,2,15,5,LBnear_a0.10,1.9763218457212737,17,99
NCMAPSS,cv,2,15,5,LBnear_a0.20,2.4868452134226513,32,99
NCMAPSS,cv,2,15,5,STW_cost_1se,1.5960047653731273,4,99
NCMAPSS,cv,2,15,5,STW_cost_plain,1.5643658612243152,5,99
NCMAPSS,cv,2,15,5,STW_window,1.5535826097229606,2,99
NCMAPSS,cv,2,15,5,age,1.6778692185007973,2,99
NCMAPSS,cv,2,15,5,perfect,1.0,0,99
NCMAPSS,cv,2,15,10,CNA_DA,2.2571166207529845,7,99
NCMAPSS,cv,2,15,10,CNA_a0.05,1.9065253276585588,2,99
NCMAPSS,cv,2,15,10,CNA_a0.10,2.7436438050353464,13,99
NCMAPSS,cv,2,15,10,CNA_a0.20,3.2369583687340695,20,99
NCMAPSS,cv,2,15,10,KAM_P1_heur,2.9358991373589913,16,99
NCMAPSS,cv,2,15,10,KAM_P1_opt,1.6641215631699702,1,99
NCMAPSS,cv,2,15,10,LBall_a0.05,2.743793534559743,14,99
NCMAPSS,cv,2,15,10,LBall_a0.10,3.2339359986418805,20,99
NCMAPSS,cv,2,15,10,LBall_a0.20,5.021450459652707,41,99
NCMAPSS,cv,2,15,10,LBnear_a0.05,2.674323017408124,13,99
NCMAPSS,cv,2,15,10,LBnear_a0.10,2.9822341624057542,17,99
NCMAPSS,cv,2,15,10,LBnear_a0.20,4.239687654601612,32,99
NCMAPSS,cv,2,15,10,STW_cost_1se,1.864538206092072,4,99
NCMAPSS,cv,2,15,10,STW_cost_plain,1.8209805406473278,4,99
NCMAPSS,cv,2,15,10,STW_window,1.6088727272727272,1,99
NCMAPSS,cv,2,15,10,age,1.7152161271564255,1,99
NCMAPSS,cv,2,15,10,perfect,1.0,0,99
NCMAPSS,cv,2,15,20,CNA_DA,3.447822196425548,7,99
NCMAPSS,cv,2,15,20,CNA_a0.05,2.232427093070278,2,99
NCMAPSS,cv,2,15,20,CNA_a0.10,4.394910909917731,13,99
NCMAPSS,cv,2,15,20,CNA_a0.20,5.557358633059567,20,99
NCMAPSS,cv,2,15,20,KAM_P1_heur,2.831567504421333,6,99
NCMAPSS,cv,2,15,20,KAM_P1_opt,1.6649356513885751,0,99
NCMAPSS,cv,2,15,20,LBall_a0.05,4.451042844952472,14,99
NCMAPSS,cv,2,15,20,LBall_a0.10,5.55216968942459,20,99
NCMAPSS,cv,2,15,20,LBall_a0.20,9.420584409348454,41,99
NCMAPSS,cv,2,15,20,LBnear_a0.05,4.283869277885235,13,99
NCMAPSS,cv,2,15,20,LBnear_a0.10,4.994058795774715,17,99
NCMAPSS,cv,2,15,20,LBnear_a0.20,7.745372536959534,32,99
NCMAPSS,cv,2,15,20,STW_cost_1se,2.4169939708600934,4,99
NCMAPSS,cv,2,15,20,STW_cost_plain,2.3605303304687584,4,99
NCMAPSS,cv,2,15,20,STW_window,1.757842424242424,1,99
NCMAPSS,cv,2,15,20,age,1.874032435226465,1,99
NCMAPSS,cv,2,15,20,perfect,1.0,0,99
NCMAPSS,cv,2,15,50,CNA_DA,3.2101323893054365,2,99
NCMAPSS,cv,2,15,50,CNA_a0.05,3.2101323893054365,2,99
NCMAPSS,cv,2,15,50,CNA_a0.10,9.348712224564885,13,99
NCMAPSS,cv,2,15,50,CNA_a0.20,12.518559426036061,20,99
NCMAPSS,cv,2,15,50,KAM_P1_heur,4.921780230270434,5,99
NCMAPSS,cv,2,15,50,KAM_P1_opt,1.6649356513885751,0,99
NCMAPSS,cv,2,15,50,LBall_a0.05,9.572790776130658,14,99
NCMAPSS,cv,2,15,50,LBall_a0.10,12.50687076177272,20,99
NCMAPSS,cv,2,15,50,LBall_a0.20,22.617986258435693,41,99
NCMAPSS,cv,2,15,50,LBnear_a0.05,9.11250805931657,13,99
NCMAPSS,cv,2,15,50,LBnear_a0.10,11.0295326958816,17,99
NCMAPSS,cv,2,15,50,LBnear_a0.20,18.262427184033303,32,99
NCMAPSS,cv,2,15,50,STW_cost_1se,4.074361265164158,4,99
NCMAPSS,cv,2,15,50,STW_cost_plain,3.97917969993305,4,99
NCMAPSS,cv,2,15,50,STW_window,2.204751515151515,1,99
NCMAPSS,cv,2,15,50,age,2.350481359436583,1,99
NCMAPSS,cv,2,15,50,perfect,1.0,0,99
NCMAPSS,group,0,0,5,CNA_DA,1.9791261545940688,15,99
NCMAPSS,group,0,0,5,CNA_a0.05,1.5334331499745033,4,99
NCMAPSS,group,0,0,5,CNA_a0.10,1.9851790977102695,18,99
NCMAPSS,group,0,0,5,CNA_a0.20,2.0318988572817895,22,99
NCMAPSS,group,0,0,5,KAM_P1_heur,4.933761541549578,99,99
NCMAPSS,group,0,0,5,KAM_P1_opt,1.8179101323713642,12,99
NCMAPSS,group,0,0,5,LBall_a0.05,1.614296764401115,9,99
NCMAPSS,group,0,0,5,LBall_a0.10,1.9280819090083394,18,99
NCMAPSS,group,0,0,5,LBall_a0.20,2.168113599429917,26,99
NCMAPSS,group,0,0,5,LBnear_a0.05,1.5471991752659071,7,99
NCMAPSS,group,0,0,5,LBnear_a0.10,1.820613514080078,15,99
NCMAPSS,group,0,0,5,LBnear_a0.20,1.9529497405577672,20,99
NCMAPSS,group,0,0,5,STW_cost_1se,1.5083214607778792,4,99
NCMAPSS,group,0,0,5,STW_cost_plain,1.8077055848229695,12,99
NCMAPSS,group,0,0,5,STW_window,1.7530297899414051,10,99
NCMAPSS,group,0,0,5,age,1.9439075670775223,6,99
NCMAPSS,group,0,0,5,perfect,1.0,0,99
NCMAPSS,group,0,0,10,CNA_DA,2.5193030406559616,11,99
NCMAPSS,group,0,0,10,CNA_a0.05,1.8001171760570256,4,99
NCMAPSS,group,0,0,10,CNA_a0.10,3.0300102017683064,18,99
NCMAPSS,group,0,0,10,CNA_a0.20,3.2271334792122537,22,99
NCMAPSS,group,0,0,10,KAM_P1_heur,3.30707539703477,23,99
NCMAPSS,group,0,0,10,KAM_P1_opt,2.745924067028252,12,99
NCMAPSS,group,0,0,10,LBall_a0.05,2.152395685868153,9,99
NCMAPSS,group,0,0,10,LBall_a0.10,2.9428618611179918,18,99
NCMAPSS,group,0,0,10,LBall_a0.20,3.5565607320697654,26,99
NCMAPSS,group,0,0,10,LBnear_a0.05,1.9735926487643856,7,99
NCMAPSS,group,0,0,10,LBnear_a0.10,2.679393473551813,15,99
NCMAPSS,group,0,0,10,LBnear_a0.20,3.0439831151710455,20,99
NCMAPSS,group,0,0,10,STW_cost_1se,1.9895568816658202,6,99
NCMAPSS,group,0,0,10,STW_cost_plain,2.146428899715047,8,99
NCMAPSS,group,0,0,10,STW_window,2.5125176447682245,10,99
NCMAPSS,group,0,0,10,age,1.861723407974209,2,99
NCMAPSS,group,0,0,10,perfect,1.0,0,99
NCMAPSS,group,0,0,20,CNA_DA,2.33348522822207,4,99
NCMAPSS,group,0,0,20,CNA_a0.05,2.33348522822207,4,99
NCMAPSS,group,0,0,20,CNA_a0.10,5.119672409884379,18,99
NCMAPSS,group,0,0,20,CNA_a0.20,5.617602723073182,22,99
NCMAPSS,group,0,0,20,KAM_P1_heur,5.792785662779859,23,99
NCMAPSS,group,0,0,20,KAM_P1_opt,2.1981907611873557,3,99
NCMAPSS,group,0,0,20,LBall_a0.05,3.22859352880223,9,99
NCMAPSS,group,0,0,20,LBall_a0.10,4.972421765337296,18,99
NCMAPSS,group,0,0,20,LBall_a0.20,6.333454997349461,26,99
NCMAPSS,group,0,0,20,LBnear_a0.05,2.8263795957613427,7,99
NCMAPSS,group,0,0,20,LBnear_a0.10,4.396953392495283,15,99
NCMAPSS,group,0,0,20,LBnear_a0.20,5.2260498643976,20,99
NCMAPSS,group,0,0,20,STW_cost_1se,2.769775266632808,6,99
NCMAPSS,group,0,0,20,STW_cost_plain,3.150606162739631,8,99
NCMAPSS,group,0,0,20,STW_window,1.7020162899326337,1,99
NCMAPSS,group,0,0,20,age,2.1799667255766377,2,99
NCMAPSS,group,0,0,20,perfect,1.0,0,99
NCMAPSS,group,0,0,50,CNA_DA,3.9335893847172043,4,99
NCMAPSS,group,0,0,50,CNA_a0.05,3.9335893847172043,4,99
NCMAPSS,group,0,0,50,CNA_a0.10,11.3886590342326,18,99
NCMAPSS,group,0,0,50,CNA_a0.20,12.789010454655969,22,99
NCMAPSS,group,0,0,50,KAM_P1_heur,9.778114849104933,15,99
NCMAPSS,group,0,0,50,KAM_P1_opt,3.4663777387954458,3,99
NCMAPSS,group,0,0,50,LBall_a0.05,6.45718705760446,9,99
NCMAPSS,group,0,0,50,LBall_a0.10,11.06110147799521,18,99
NCMAPSS,group,0,0,50,LBall_a0.20,14.664137793188551,26,99
NCMAPSS,group,0,0,50,LBnear_a0.05,5.384740436752212,7,99
NCMAPSS,group,0,0,50,LBnear_a0.10,9.549633149325693,15,99
NCMAPSS,group,0,0,50,LBnear_a0.20,11.772250112077268,20,99
NCMAPSS,group,0,0,50,STW_cost_1se,5.110430421533773,6,99
NCMAPSS,group,0,0,50,STW_cost_plain,6.163137951813381,8,99
NCMAPSS,group,0,0,50,STW_window,2.13473229584771,1,99
NCMAPSS,group,0,0,50,age,3.1346966783839245,2,99
NCMAPSS,group,0,0,50,perfect,1.0,0,99
NCMAPSS,group,0,5,5,CNA_DA,1.872951202065126,12,99
NCMAPSS,group,0,5,5,CNA_a0.05,1.5608158847954765,4,99
NCMAPSS,group,0,5,5,CNA_a0.10,1.9472382202133605,16,99
NCMAPSS,group,0,5,5,CNA_a0.20,2.1457446379886917,24,99
NCMAPSS,group,0,5,5,KAM_P1_heur,2.3488181907073074,29,99
NCMAPSS,group,0,5,5,KAM_P1_opt,1.9797944237303504,13,99
NCMAPSS,group,0,5,5,LBall_a0.05,1.851965273524465,14,99
NCMAPSS,group,0,5,5,LBall_a0.10,1.9430830039525688,18,99
NCMAPSS,group,0,5,5,LBall_a0.20,2.3909775747979287,31,99
NCMAPSS,group,0,5,5,LBnear_a0.05,1.791731750494637,12,99
NCMAPSS,group,0,5,5,LBnear_a0.10,1.9796252861220223,18,99
NCMAPSS,group,0,5,5,LBnear_a0.20,2.0860126188571937,23,99
NCMAPSS,group,0,5,5,STW_cost_1se,1.4178413221104034,1,99
NCMAPSS,group,0,5,5,STW_cost_plain,2.0948863636363635,18,99
NCMAPSS,group,0,5,5,STW_window,1.4980645373832544,3,99
NCMAPSS,group,0,5,5,age,1.9439075670775223,6,99
NCMAPSS,group,0,5,5,perfect,1.0,0,99
NCMAPSS,group,0,5,10,CNA_DA,1.8043162651093747,4,99
NCMAPSS,group,0,5,10,CNA_a0.05,1.8322621256294724,4,99
NCMAPSS,group,0,5,10,CNA_a0.10,2.902937960195378,16,99
NCMAPSS,group,0,5,10,CNA_a0.20,3.4662028767509634,24,99
NCMAPSS,group,0,5,10,KAM_P1_heur,3.042037375723656,19,99
NCMAPSS,group,0,5,10,KAM_P1_opt,1.5586831304715436,1,99
NCMAPSS,group,0,5,10,LBall_a0.05,2.6883366873742234,14,99
NCMAPSS,group,0,5,10,LBall_a0.10,2.965758269190763,18,99
NCMAPSS,group,0,5,10,LBall_a0.20,4.052867817370481,31,99
NCMAPSS,group,0,5,10,LBnear_a0.05,2.5230508323291825,12,99
NCMAPSS,group,0,5,10,LBnear_a0.10,3.0215333314494024,18,99
NCMAPSS,group,0,5,10,LBnear_a0.20,3.3419888029858704,23,99
NCMAPSS,group,0,5,10,STW_cost_1se,1.6919219233983969,3,99
NCMAPSS,group,0,5,10,STW_cost_plain,1.7650438029584947,4,99
NCMAPSS,group,0,5,10,STW_window,1.440797186400938,0,99
NCMAPSS,group,0,5,10,age,1.861723407974209,2,99
NCMAPSS,group,0,5,10,perfect,1.0,0,99
NCMAPSS,group,0,5,20,CNA_DA,2.3751546072974645,4,99
NCMAPSS,group,0,5,20,CNA_a0.05,2.3751546072974645,4,99
NCMAPSS,group,0,5,20,CNA_a0.10,4.814337440159412,16,99
NCMAPSS,group,0,5,20,CNA_a0.20,6.107119354275508,24,99
NCMAPSS,group,0,5,20,KAM_P1_heur,5.020381098962795,17,99
NCMAPSS,group,0,5,20,KAM_P1_opt,1.703005642552242,1,99
NCMAPSS,group,0,5,20,LBall_a0.05,4.36107951507374,14,99
NCMAPSS,group,0,5,20,LBall_a0.10,5.011108799667151,18,99
NCMAPSS,group,0,5,20,LBall_a0.20,7.376648302515583,31,99
NCMAPSS,group,0,5,20,LBnear_a0.05,3.9856889959982738,12,99
NCMAPSS,group,0,5,20,LBnear_a0.10,5.105349422104163,18,99
NCMAPSS,group,0,5,20,LBnear_a0.20,5.853941171243224,23,99
NCMAPSS,group,0,5,20,STW_cost_1se,2.0947604765884917,3,99
NCMAPSS,group,0,5,20,STW_cost_plain,2.2880197445758266,4,99
NCMAPSS,group,0,5,20,STW_window,1.5048979591836733,0,99
NCMAPSS,group,0,5,20,age,2.1799667255766377,2,99
NCMAPSS,group,0,5,20,perfect,1.0,0,99
NCMAPSS,group,0,5,50,CNA_DA,4.00383205230144,4,99
NCMAPSS,group,0,5,50,CNA_a0.05,4.00383205230144,4,99
NCMAPSS,group,0,5,50,CNA_a0.10,10.548535880051517,16,99
NCMAPSS,group,0,5,50,CNA_a0.20,14.029868786849137,24,99
NCMAPSS,group,0,5,50,KAM_P1_heur,7.526432622675545,10,99
NCMAPSS,group,0,5,50,KAM_P1_opt,2.135973178794337,1,99
NCMAPSS,group,0,5,50,LBall_a0.05,9.37930799817229,14,99
NCMAPSS,group,0,5,50,LBall_a0.10,11.147160391096318,18,99
NCMAPSS,group,0,5,50,LBall_a0.20,17.34798975795089,31,99
NCMAPSS,group,0,5,50,LBnear_a0.05,8.373603487005548,12,99
NCMAPSS,group,0,5,50,LBnear_a0.10,11.356797694068444,18,99
NCMAPSS,group,0,5,50,LBnear_a0.20,13.389798276015284,23,99
NCMAPSS,group,0,5,50,STW_cost_1se,3.3032761361587752,3,99
NCMAPSS,group,0,5,50,STW_cost_plain,3.856947569427822,4,99
NCMAPSS,group,0,5,50,STW_window,1.5048979591836733,0,99
NCMAPSS,group,0,5,50,age,3.1346966783839245,2,99
NCMAPSS,group,0,5,50,perfect,1.0,0,99
NCMAPSS,group,0,10,5,CNA_DA,1.5570279061804484,3,99
NCMAPSS,group,0,10,5,CNA_a0.05,1.5881325743023782,3,99
NCMAPSS,group,0,10,5,CNA_a0.10,1.7734487734487732,10,99
NCMAPSS,group,0,10,5,CNA_a0.20,2.322392474222569,27,99
NCMAPSS,group,0,10,5,KAM_P1_heur,2.3731835246358064,29,99
NCMAPSS,group,0,10,5,KAM_P1_opt,1.4830440617563803,2,99
NCMAPSS,group,0,10,5,LBall_a0.05,1.9916388292372542,16,99
NCMAPSS,group,0,10,5,LBall_a0.10,2.228716503689651,24,99
NCMAPSS,group,0,10,5,LBall_a0.20,2.5482514767709117,34,99
NCMAPSS,group,0,10,5,LBnear_a0.05,1.937756212680684,14,99
NCMAPSS,group,0,10,5,LBnear_a0.10,2.1298011363636364,21,99
NCMAPSS,group,0,10,5,LBnear_a0.20,2.2801484230055657,27,99
NCMAPSS,group,0,10,5,STW_cost_1se,1.5231794734373951,3,99
NCMAPSS,group,0,10,5,STW_cost_plain,1.517137367296772,4,99
NCMAPSS,group,0,10,5,STW_window,1.4922072248415628,2,99
NCMAPSS,group,0,10,5,age,1.9439075670775223,6,99
NCMAPSS,group,0,10,5,perfect,1.0,0,99
NCMAPSS,group,0,10,10,CNA_DA,1.76743708269132,3,99
NCMAPSS,group,0,10,10,CNA_a0.05,1.8027450843432402,3,99
NCMAPSS,group,0,10,10,CNA_a0.10,2.411379986919555,10,99
NCMAPSS,group,0,10,10,CNA_a0.20,3.8369962617590265,27,99
NCMAPSS,group,0,10,10,KAM_P1_heur,3.276252991844983,20,99
NCMAPSS,group,0,10,10,KAM_P1_opt,1.6830296007584533,2,99
NCMAPSS,group,0,10,10,LBall_a0.05,2.969130279169649,16,99
NCMAPSS,group,0,10,10,LBall_a0.10,3.600234352114051,24,99
NCMAPSS,group,0,10,10,LBall_a0.20,4.391667438690295,34,99
NCMAPSS,group,0,10,10,LBnear_a0.05,2.8128719216332505,14,99
NCMAPSS,group,0,10,10,LBnear_a0.10,3.3518181818181816,21,99
NCMAPSS,group,0,10,10,LBnear_a0.20,3.767201742357021,27,99
NCMAPSS,group,0,10,10,STW_cost_1se,1.7601445815999452,3,99
NCMAPSS,group,0,10,10,STW_cost_plain,1.7809873442179498,4,99
NCMAPSS,group,0,10,10,STW_window,1.8254560688578283,2,99
NCMAPSS,group,0,10,10,age,1.861723407974209,2,99
NCMAPSS,group,0,10,10,perfect,1.0,0,99
NCMAPSS,group,0,10,20,CNA_DA,2.188255435713063,3,99
NCMAPSS,group,0,10,20,CNA_a0.05,2.2319701044249642,3,99
NCMAPSS,group,0,10,20,CNA_a0.10,3.687242413861119,10,99
NCMAPSS,group,0,10,20,CNA_a0.20,6.866203836831943,27,99
NCMAPSS,group,0,10,20,KAM_P1_heur,5.460983903876671,18,99
NCMAPSS,group,0,10,20,KAM_P1_opt,2.0107239886550228,2,99
NCMAPSS,group,0,10,20,LBall_a0.05,4.924113179034438,16,99
NCMAPSS,group,0,10,20,LBall_a0.10,6.343270048962852,24,99
NCMAPSS,group,0,10,20,LBall_a0.20,8.07849936252906,34,99
NCMAPSS,group,0,10,20,LBnear_a0.05,4.563103339538385,14,99
NCMAPSS,group,0,10,20,LBnear_a0.10,5.795852272727273,21,99
NCMAPSS,group,0,10,20,LBnear_a0.20,6.741308381059933,27,99
NCMAPSS,group,0,10,20,STW_cost_1se,2.1489987726348,3,99
NCMAPSS,group,0,10,20,STW_cost_plain,2.346929867635665,4,99
NCMAPSS,group,0,10,20,STW_window,2.137499841312158,2,99
NCMAPSS,group,0,10,20,age,2.1799667255766377,2,99
NCMAPSS,group,0,10,20,perfect,1.0,0,99
NCMAPSS,group,0,10,50,CNA_DA,3.5196451646701354,3,99
NCMAPSS,group,0,10,50,CNA_a0.05,3.5196451646701354,3,99
NCMAPSS,group,0,10,50,CNA_a0.10,7.51482969468581,10,99
NCMAPSS,group,0,10,50,CNA_a0.20,15.95382656205069,27,99
NCMAPSS,group,0,10,50,KAM_P1_heur,6.612196819031025,8,99
NCMAPSS,group,0,10,50,KAM_P1_opt,2.8913330347813107,2,99
NCMAPSS,group,0,10,50,LBall_a0.05,10.789061878628807,16,99
NCMAPSS,group,0,10,50,LBall_a0.10,14.572377139509253,24,99
NCMAPSS,group,0,10,50,LBall_a0.20,19.138995134045356,34,99
NCMAPSS,group,0,10,50,LBnear_a0.05,9.813797593253787,14,99
NCMAPSS,group,0,10,50,LBnear_a0.10,13.127954545454545,21,99
NCMAPSS,group,0,10,50,LBnear_a0.20,15.663628297168668,27,99
NCMAPSS,group,0,10,50,STW_cost_1se,3.3888057568471845,3,99
NCMAPSS,group,0,10,50,STW_cost_plain,3.956253205442978,4,99
NCMAPSS,group,0,10,50,STW_window,3.073631158675147,2,99
NCMAPSS,group,0,10,50,age,3.1346966783839245,2,99
NCMAPSS,group,0,10,50,perfect,1.0,0,99
NCMAPSS,group,0,15,5,CNA_DA,1.5740091098415243,4,99
NCMAPSS,group,0,15,5,CNA_a0.05,1.6278437058118098,3,99
NCMAPSS,group,0,15,5,CNA_a0.10,1.6607401259788899,7,99
NCMAPSS,group,0,15,5,CNA_a0.20,2.2913100708741454,25,99
NCMAPSS,group,0,15,5,KAM_P1_heur,2.52779199697477,31,99
NCMAPSS,group,0,15,5,KAM_P1_opt,1.6155710252277584,4,99
NCMAPSS,group,0,15,5,LBall_a0.05,1.9847646906470433,15,99
NCMAPSS,group,0,15,5,LBall_a0.10,2.227082977552608,23,99
NCMAPSS,group,0,15,5,LBall_a0.20,2.824535250011092,40,99
NCMAPSS,group,0,15,5,LBnear_a0.05,1.9183373906212042,13,99
NCMAPSS,group,0,15,5,LBnear_a0.10,2.0956348046380198,19,99
NCMAPSS,group,0,15,5,LBnear_a0.20,2.486917384656567,31,99
NCMAPSS,group,0,15,5,STW_cost_1se,1.736473912743814,6,99
NCMAPSS,group,0,15,5,STW_cost_plain,1.8121201199233277,9,99
NCMAPSS,group,0,15,5,STW_window,1.7130958047188414,6,99
NCMAPSS,group,0,15,5,age,1.9439075670775223,6,99
NCMAPSS,group,0,15,5,perfect,1.0,0,99
NCMAPSS,group,0,15,10,CNA_DA,1.8478225849755678,3,99
NCMAPSS,group,0,15,10,CNA_a0.05,1.8478225849755678,3,99
NCMAPSS,group,0,15,10,CNA_a0.10,2.1184244126659855,7,99
NCMAPSS,group,0,15,10,CNA_a0.20,3.730575190769966,25,99
NCMAPSS,group,0,15,10,KAM_P1_heur,3.2223678857194518,18,99
NCMAPSS,group,0,15,10,KAM_P1_opt,2.078432109436657,4,99
NCMAPSS,group,0,15,10,LBall_a0.05,2.9209744503862147,15,99
NCMAPSS,group,0,15,10,LBall_a0.10,3.567996812204702,23,99
NCMAPSS,group,0,15,10,LBall_a0.20,5.005643551177958,40,99
NCMAPSS,group,0,15,10,LBnear_a0.05,2.744111764067418,13,99
NCMAPSS,group,0,15,10,LBnear_a0.10,3.2332651271558026,19,99
NCMAPSS,group,0,15,10,LBnear_a0.20,4.215492248431311,31,99
NCMAPSS,group,0,15,10,STW_cost_1se,2.1465778523604855,6,99
NCMAPSS,group,0,15,10,STW_cost_plain,2.2416023508351204,7,99
NCMAPSS,group,0,15,10,STW_window,2.114711786636077,5,99
NCMAPSS,group,0,15,10,age,1.861723407974209,2,99
NCMAPSS,group,0,15,10,perfect,1.0,0,99
NCMAPSS,group,0,15,20,CNA_DA,2.287780343303084,3,99
NCMAPSS,group,0,15,20,CNA_a0.05,2.287780343303084,3,99
NCMAPSS,group,0,15,20,CNA_a0.10,3.033792986040177,7,99
NCMAPSS,group,0,15,20,CNA_a0.20,6.6091054305616055,25,99
NCMAPSS,group,0,15,20,KAM_P1_heur,3.227848233718399,8,99
NCMAPSS,group,0,15,20,KAM_P1_opt,2.6942638455660366,4,99
NCMAPSS,group,0,15,20,LBall_a0.05,4.793393969864558,15,99
NCMAPSS,group,0,15,20,LBall_a0.10,6.24982448150889,23,99
NCMAPSS,group,0,15,20,LBall_a0.20,9.36786015351169,40,99
NCMAPSS,group,0,15,20,LBnear_a0.05,4.3956605109598454,13,99
NCMAPSS,group,0,15,20,LBnear_a0.10,5.5085257721913665,19,99
NCMAPSS,group,0,15,20,LBnear_a0.20,7.672641975980798,31,99
NCMAPSS,group,0,15,20,STW_cost_1se,2.9883730885802837,6,99
NCMAPSS,group,0,15,20,STW_cost_plain,3.2101959592206666,7,99
NCMAPSS,group,0,15,20,STW_window,2.952607398050798,5,99
NCMAPSS,group,0,15,20,age,2.1799667255766377,2,99
NCMAPSS,group,0,15,20,perfect,1.0,0,99
NCMAPSS,group,0,15,50,CNA_DA,3.6076536182856325,3,99
NCMAPSS,group,0,15,50,CNA_a0.05,3.6076536182856325,3,99
NCMAPSS,group,0,15,50,CNA_a0.10,5.779898706162751,7,99
NCMAPSS,group,0,15,50,CNA_a0.20,15.244696149936527,25,99
NCMAPSS,group,0,15,50,KAM_P1_heur,4.9132862663064,5,99
NCMAPSS,group,0,15,50,KAM_P1_opt,4.541759053954175,4,99
NCMAPSS,group,0,15,50,LBall_a0.05,10.410652528299586,15,99
NCMAPSS,group,0,15,50,LBall_a0.10,14.295307489421452,23,99
NCMAPSS,group,0,15,50,LBall_a0.20,22.454509960512887,40,99
NCMAPSS,group,0,15,50,LBnear_a0.05,9.350306751637127,13,99
NCMAPSS,group,0,15,50,LBnear_a0.10,12.334307707298061,19,99
NCMAPSS,group,0,15,50,LBnear_a0.20,18.04409115862926,31,99
NCMAPSS,group,0,15,50,STW_cost_1se,5.513758797239678,6,99
NCMAPSS,group,0,15,50,STW_cost_plain,6.115976784377304,7,99
NCMAPSS,group,0,15,50,STW_window,5.235551262523065,5,99
NCMAPSS,group,0,15,50,age,3.1346966783839245,2,99
NCMAPSS,group,0,15,50,perfect,1.0,0,99
NCMAPSS,group,1,0,5,CNA_DA,1.9235868173785053,13,99
NCMAPSS,group,1,0,5,CNA_a0.05,1.572564269461644,4,99
NCMAPSS,group,1,0,5,CNA_a0.10,1.8663355181298924,14,99
NCMAPSS,group,1,0,5,CNA_a0.20,2.047731059492306,22,99
NCMAPSS,group,1,0,5,KAM_P1_heur,4.933761541549578,99,99
NCMAPSS,group,1,0,5,KAM_P1_opt,1.8434290988808122,11,99
NCMAPSS,group,1,0,5,LBall_a0.05,1.7918133059123977,13,99
NCMAPSS,group,1,0,5,LBall_a0.10,1.9696053920895262,19,99
NCMAPSS,group,1,0,5,LBall_a0.20,2.2634971624370914,29,99
NCMAPSS,group,1,0,5,LBnear_a0.05,1.8187600454741462,13,99
NCMAPSS,group,1,0,5,LBnear_a0.10,1.922561004168423,17,99
NCMAPSS,group,1,0,5,LBnear_a0.20,2.094987084169256,24,99
NCMAPSS,group,1,0,5,STW_cost_1se,1.6561164793268914,6,99
NCMAPSS,group,1,0,5,STW_cost_plain,1.8678390868769579,12,99
NCMAPSS,group,1,0,5,STW_window,1.8748754669987546,12,99
NCMAPSS,group,1,0,5,age,1.9439075670775223,6,99
NCMAPSS,group,1,0,5,perfect,1.0,0,99
NCMAPSS,group,1,0,10,CNA_DA,2.284237641841659,8,99
NCMAPSS,group,1,0,10,CNA_a0.05,1.8460537076288865,4,99
NCMAPSS,group,1,0,10,CNA_a0.10,2.709196719865973,14,99
NCMAPSS,group,1,0,10,CNA_a0.20,3.2522787415466037,22,99
NCMAPSS,group,1,0,10,KAM_P1_heur,3.430223285486443,24,99
NCMAPSS,group,1,0,10,KAM_P1_opt,1.8362533572864232,3,99
NCMAPSS,group,1,0,10,LBall_a0.05,2.563123669384622,13,99
NCMAPSS,group,1,0,10,LBall_a0.10,3.038819747795269,19,99
NCMAPSS,group,1,0,10,LBall_a0.20,3.7900417603597814,29,99
NCMAPSS,group,1,0,10,LBnear_a0.05,2.6016699988239442,13,99
NCMAPSS,group,1,0,10,LBnear_a0.10,2.9011100182661234,17,99
NCMAPSS,group,1,0,10,LBnear_a0.20,3.384209905196491,24,99
NCMAPSS,group,1,0,10,STW_cost_1se,2.153970984388692,7,99
NCMAPSS,group,1,0,10,STW_cost_plain,2.2193603573634935,8,99
NCMAPSS,group,1,0,10,STW_window,2.6804798255179936,11,99
NCMAPSS,group,1,0,10,age,1.861723407974209,2,99
NCMAPSS,group,1,0,10,perfect,1.0,0,99
NCMAPSS,group,1,0,20,CNA_DA,2.3930325839633713,4,99
NCMAPSS,group,1,0,20,CNA_a0.05,2.3930325839633713,4,99
NCMAPSS,group,1,0,20,CNA_a0.10,4.394919123338133,14,99
NCMAPSS,group,1,0,20,CNA_a0.20,5.6613741056552,22,99
NCMAPSS,group,1,0,20,KAM_P1_heur,6.043726741095162,24,99
NCMAPSS,group,1,0,20,KAM_P1_opt,2.2734565375927143,3,99
NCMAPSS,group,1,0,20,LBall_a0.05,4.1057443963290705,13,99
NCMAPSS,group,1,0,20,LBall_a0.10,5.177248459206755,19,99
NCMAPSS,group,1,0,20,LBall_a0.20,6.843130956205161,29,99
NCMAPSS,group,1,0,20,LBnear_a0.05,4.16748990552354,13,99
NCMAPSS,group,1,0,20,LBnear_a0.10,4.858208046461523,17,99
NCMAPSS,group,1,0,20,LBnear_a0.20,5.96265554725096,24,99
NCMAPSS,group,1,0,20,STW_cost_1se,3.0846991875196084,7,99
NCMAPSS,group,1,0,20,STW_cost_plain,3.257657600574485,8,99
NCMAPSS,group,1,0,20,STW_window,1.4625148750495836,0,99
NCMAPSS,group,1,0,20,age,2.1799667255766377,2,99
NCMAPSS,group,1,0,20,perfect,1.0,0,99
NCMAPSS,group,1,0,50,CNA_DA,4.033969212966826,4,99
NCMAPSS,group,1,0,50,CNA_a0.05,4.033969212966826,4,99
NCMAPSS,group,1,0,50,CNA_a0.10,9.452086333754616,14,99
NCMAPSS,group,1,0,50,CNA_a0.20,12.888660197980986,22,99
NCMAPSS,group,1,0,50,KAM_P1_heur,8.43397668997669,13,99
NCMAPSS,group,1,0,50,KAM_P1_opt,3.585066078511588,3,99
NCMAPSS,group,1,0,50,LBall_a0.05,8.733606577162416,13,99
NCMAPSS,group,1,0,50,LBall_a0.10,11.592534593441211,19,99
NCMAPSS,group,1,0,50,LBall_a0.20,16.002398543741297,29,99
NCMAPSS,group,1,0,50,LBnear_a0.05,8.864949625622328,13,99
NCMAPSS,group,1,0,50,LBnear_a0.10,10.729502131047724,17,99
NCMAPSS,group,1,0,50,LBnear_a0.20,13.697992473414368,24,99
NCMAPSS,group,1,0,50,STW_cost_1se,5.876883796912358,7,99
NCMAPSS,group,1,0,50,STW_cost_plain,6.372549330207458,8,99
NCMAPSS,group,1,0,50,STW_window,1.4625148750495836,0,99
NCMAPSS,group,1,0,50,age,3.1346966783839245,2,99
NCMAPSS,group,1,0,50,perfect,1.0,0,99
NCMAPSS,group,1,5,5,CNA_DA,1.9421882440359386,13,99
NCMAPSS,group,1,5,5,CNA_a0.05,1.6471838122323559,6,99
NCMAPSS,group,1,5,5,CNA_a0.10,1.9031160066030706,15,99
NCMAPSS,group,1,5,5,CNA_a0.20,2.1246424821693637,23,99
NCMAPSS,group,1,5,5,KAM_P1_heur,2.13282605793619,24,99
NCMAPSS,group,1,5,5,KAM_P1_opt,1.6665919234629594,7,99
NCMAPSS,group,1,5,5,LBall_a0.05,1.896715392231087,15,99
NCMAPSS,group,1,5,5,LBall_a0.10,1.935700469743023,18,99
NCMAPSS,group,1,5,5,LBall_a0.20,2.326655515358981,30,99
NCMAPSS,group,1,5,5,LBnear_a0.05,1.8880051537451374,14,99
NCMAPSS,group,1,5,5,LBnear_a0.10,1.927625863469657,17,99
NCMAPSS,group,1,5,5,LBnear_a0.20,2.196140049734821,26,99
NCMAPSS,group,1,5,5,STW_cost_1se,1.7322057787174066,8,99
NCMAPSS,group,1,5,5,STW_cost_plain,1.7628799488155864,10,99
NCMAPSS,group,1,5,5,STW_window,1.3358695652173913,0,99
NCMAPSS,group,1,5,5,age,1.9439075670775223,6,99
NCMAPSS,group,1,5,5,perfect,1.0,0,99
NCMAPSS,group,1,5,10,CNA_DA,2.0489359615573206,6,99
NCMAPSS,group,1,5,10,CNA_a0.05,2.0489359615573206,6,99
NCMAPSS,group,1,5,10,CNA_a0.10,2.800812236132821,15,99
NCMAPSS,group,1,5,10,CNA_a0.20,3.4038774845226456,23,99
NCMAPSS,group,1,5,10,KAM_P1_heur,3.297853309481216,22,99
NCMAPSS,group,1,5,10,KAM_P1_opt,1.6171325427217058,2,99
NCMAPSS,group,1,5,10,LBall_a0.05,2.791392464038204,15,99
NCMAPSS,group,1,5,10,LBall_a0.10,2.9544901906604033,18,99
NCMAPSS,group,1,5,10,LBall_a0.20,3.9202551834130777,30,99
NCMAPSS,group,1,5,10,LBnear_a0.05,2.740652642533264,14,99
NCMAPSS,group,1,5,10,LBnear_a0.10,2.9087527999661886,17,99
NCMAPSS,group,1,5,10,LBnear_a0.20,3.602535155476332,26,99
NCMAPSS,group,1,5,10,STW_cost_1se,2.2579168748287697,8,99
NCMAPSS,group,1,5,10,STW_cost_plain,2.4368420224400835,10,99
NCMAPSS,group,1,5,10,STW_window,1.4518606024808032,0,99
NCMAPSS,group,1,5,10,age,1.861723407974209,2,99
NCMAPSS,group,1,5,10,perfect,1.0,0,99
NCMAPSS,group,1,5,20,CNA_DA,2.85244026020725,6,99
NCMAPSS,group,1,5,20,CNA_a0.05,2.85244026020725,6,99
NCMAPSS,group,1,5,20,CNA_a0.10,4.596204695192322,15,99
NCMAPSS,group,1,5,20,CNA_a0.20,5.962347489229209,23,99
NCMAPSS,group,1,5,20,KAM_P1_heur,4.568308867302638,15,99
NCMAPSS,group,1,5,20,KAM_P1_opt,1.8935654560074673,2,99
NCMAPSS,group,1,5,20,LBall_a0.05,4.580746607652437,15,99
NCMAPSS,group,1,5,20,LBall_a0.10,4.992069632495164,18,99
NCMAPSS,group,1,5,20,LBall_a0.20,7.107454519521271,30,99
NCMAPSS,group,1,5,20,LBnear_a0.05,4.445947620109517,14,99
NCMAPSS,group,1,5,20,LBnear_a0.10,4.871006672959252,17,99
NCMAPSS,group,1,5,20,LBnear_a0.20,6.415325366959354,26,99
NCMAPSS,group,1,5,20,STW_cost_1se,3.3142522548656212,8,99
NCMAPSS,group,1,5,20,STW_cost_plain,3.726176425847535,10,99
NCMAPSS,group,1,5,20,STW_window,1.5507886435331228,0,99
NCMAPSS,group,1,5,20,age,2.1799667255766377,2,99
NCMAPSS,group,1,5,20,perfect,1.0,0,99
NCMAPSS,group,1,5,50,CNA_DA,5.26295315615704,6,99
NCMAPSS,group,1,5,50,CNA_a0.05,5.26295315615704,6,99
NCMAPSS,group,1,5,50,CNA_a0.10,9.982382072370823,15,99
NCMAPSS,group,1,5,50,CNA_a0.20,13.6377575033489,23,99
NCMAPSS,group,1,5,50,KAM_P1_heur,5.984785135485009,7,99
NCMAPSS,group,1,5,50,KAM_P1_opt,2.7228641958647524,2,99
NCMAPSS,group,1,5,50,LBall_a0.05,9.948809038495137,15,99
NCMAPSS,group,1,5,50,LBall_a0.10,11.104807957999446,18,99
NCMAPSS,group,1,5,50,LBall_a0.20,16.669052527845853,30,99
NCMAPSS,group,1,5,50,LBnear_a0.05,9.561832552838277,14,99
NCMAPSS,group,1,5,50,LBnear_a0.10,10.757768291938445,17,99
NCMAPSS,group,1,5,50,LBnear_a0.20,14.85369600140842,26,99
NCMAPSS,group,1,5,50,STW_cost_1se,6.483258394976175,8,99
NCMAPSS,group,1,5,50,STW_cost_plain,7.59417963606989,10,99
NCMAPSS,group,1,5,50,STW_window,1.5507886435331228,0,99
NCMAPSS,group,1,5,50,age,3.1346966783839245,2,99
NCMAPSS,group,1,5,50,perfect,1.0,0,99
NCMAPSS,group,1,10,5,CNA_DA,1.6537719855901674,7,99
NCMAPSS,group,1,10,5,CNA_a0.05,1.6499808208668967,5,99
NCMAPSS,group,1,10,5,CNA_a0.10,1.9060841200514305,14,99
NCMAPSS,group,1,10,5,CNA_a0.20,1.9407144737024364,18,99
NCMAPSS,group,1,10,5,KAM_P1_heur,2.4828282828282826,33,99
NCMAPSS,group,1,10,5,KAM_P1_opt,1.5673588970271433,3,99
NCMAPSS,group,1,10,5,LBall_a0.05,1.8401852292559098,13,99
NCMAPSS,group,1,10,5,LBall_a0.10,1.9622414251901232,18,99
NCMAPSS,group,1,10,5,LBall_a0.20,2.675400253247992,38,99
NCMAPSS,group,1,10,5,LBnear_a0.05,1.8679973627656734,13,99
NCMAPSS,group,1,10,5,LBnear_a0.10,1.925314034733635,16,99
NCMAPSS,group,1,10,5,LBnear_a0.20,2.0762705867784677,23,99
NCMAPSS,group,1,10,5,STW_cost_1se,1.7622386042107914,8,99
NCMAPSS,group,1,10,5,STW_cost_plain,1.7224210329241219,8,99
NCMAPSS,group,1,10,5,STW_window,1.7070311838338668,6,99
NCMAPSS,group,1,10,5,age,1.9439075670775223,6,99
NCMAPSS,group,1,10,5,perfect,1.0,0,99
NCMAPSS,group,1,10,10,CNA_DA,1.996615447099438,5,99
NCMAPSS,group,1,10,10,CNA_a0.05,1.996615447099438,5,99
NCMAPSS,group,1,10,10,CNA_a0.10,2.7668963033004634,14,99
NCMAPSS,group,1,10,10,CNA_a0.20,2.9621431440721397,18,99
NCMAPSS,group,1,10,10,KAM_P1_heur,2.466543534852605,12,99
NCMAPSS,group,1,10,10,KAM_P1_opt,1.7972215452108211,3,99
NCMAPSS,group,1,10,10,LBall_a0.05,2.6323179438362683,13,99
NCMAPSS,group,1,10,10,LBall_a0.10,2.9950000700270305,18,99
NCMAPSS,group,1,10,10,LBall_a0.20,4.7006036322006555,38,99
NCMAPSS,group,1,10,10,LBnear_a0.05,2.672102187797255,13,99
NCMAPSS,group,1,10,10,LBnear_a0.10,2.870253438283885,16,99
NCMAPSS,group,1,10,10,LBnear_a0.20,3.326381149498487,23,99
NCMAPSS,group,1,10,10,STW_cost_1se,2.3003267276339336,8,99
NCMAPSS,group,1,10,10,STW_cost_plain,2.248351119313167,8,99
NCMAPSS,group,1,10,10,STW_window,2.166986464761707,6,99
NCMAPSS,group,1,10,10,age,1.861723407974209,2,99
NCMAPSS,group,1,10,10,perfect,1.0,0,99
NCMAPSS,group,1,10,20,CNA_DA,2.6898846995645207,5,99
NCMAPSS,group,1,10,20,CNA_a0.05,2.6898846995645207,5,99
NCMAPSS,group,1,10,20,CNA_a0.10,4.48852066979853,14,99
NCMAPSS,group,1,10,20,CNA_a0.20,5.005000484811546,18,99
NCMAPSS,group,1,10,20,KAM_P1_heur,3.9745899745899744,11,99
NCMAPSS,group,1,10,20,KAM_P1_opt,2.2251314369276836,3,99
NCMAPSS,group,1,10,20,LBall_a0.05,4.216583372996985,13,99
NCMAPSS,group,1,10,20,LBall_a0.10,5.060517359700844,18,99
NCMAPSS,group,1,10,20,LBall_a0.20,8.751010390105982,38,99
NCMAPSS,group,1,10,20,LBnear_a0.05,4.280311837860418,13,99
NCMAPSS,group,1,10,20,LBnear_a0.10,4.760132245384385,16,99
NCMAPSS,group,1,10,20,LBnear_a0.20,5.8266022749385264,23,99
NCMAPSS,group,1,10,20,STW_cost_1se,3.376502974480218,8,99
NCMAPSS,group,1,10,20,STW_cost_plain,3.3002112920912565,8,99
NCMAPSS,group,1,10,20,STW_window,3.1048690601763225,5,99
NCMAPSS,group,1,10,20,age,2.1799667255766377,2,99
NCMAPSS,group,1,10,20,perfect,1.0,0,99
NCMAPSS,group,1,10,50,CNA_DA,4.769692456959768,5,99
NCMAPSS,group,1,10,50,CNA_a0.05,4.769692456959768,5,99
NCMAPSS,group,1,10,50,CNA_a0.10,9.653393769292729,14,99
NCMAPSS,group,1,10,50,CNA_a0.20,11.133572507029767,18,99
NCMAPSS,group,1,10,50,KAM_P1_heur,3.4013871778861566,3,99
NCMAPSS,group,1,10,50,KAM_P1_opt,3.50886111207827,3,99
NCMAPSS,group,1,10,50,LBall_a0.05,8.969379660479136,13,99
NCMAPSS,group,1,10,50,LBall_a0.10,11.257069228722285,18,99
NCMAPSS,group,1,10,50,LBall_a0.20,20.902230663821964,38,99
NCMAPSS,group,1,10,50,LBnear_a0.05,9.104940788049905,13,99
NCMAPSS,group,1,10,50,LBnear_a0.10,10.429768666685888,16,99
NCMAPSS,group,1,10,50,LBnear_a0.20,13.327265651258646,23,99
NCMAPSS,group,1,10,50,STW_cost_1se,6.605031715019073,8,99
NCMAPSS,group,1,10,50,STW_cost_plain,6.455791810425525,8,99
NCMAPSS,group,1,10,50,STW_window,5.505541013920902,5,99
NCMAPSS,group,1,10,50,age,3.1346966783839245,2,99
NCMAPSS,group,1,10,50,perfect,1.0,0,99
NCMAPSS,group,1,15,5,CNA_DA,1.8402762067888268,10,99
NCMAPSS,group,1,15,5,CNA_a0.05,1.835741462754853,7,99
NCMAPSS,group,1,15,5,CNA_a0.10,1.9354822322131624,14,99
NCMAPSS,group,1,15,5,CNA_a0.20,1.9759399768707864,18,99
NCMAPSS,group,1,15,5,KAM_P1_heur,2.5052690185302424,32,99
NCMAPSS,group,1,15,5,KAM_P1_opt,1.5534562161330385,4,99
NCMAPSS,group,1,15,5,LBall_a0.05,1.8279253300956138,12,99
NCMAPSS,group,1,15,5,LBall_a0.10,1.9429818333285998,17,99
NCMAPSS,group,1,15,5,LBall_a0.20,2.853119014202614,41,99
NCMAPSS,group,1,15,5,LBnear_a0.05,1.8046989720998532,11,99
NCMAPSS,group,1,15,5,LBnear_a0.10,1.9588625851936596,16,99
NCMAPSS,group,1,15,5,LBnear_a0.20,2.4184109441337016,30,99
NCMAPSS,group,1,15,5,STW_cost_1se,1.696285199710491,6,99
NCMAPSS,group,1,15,5,STW_cost_plain,1.9304077445826389,12,99
NCMAPSS,group,1,15,5,STW_window,1.791684750553645,8,99
NCMAPSS,group,1,15,5,age,1.9439075670775223,6,99
NCMAPSS,group,1,15,5,perfect,1.0,0,99
NCMAPSS,group,1,15,10,CNA_DA,2.4750365012502726,9,99
NCMAPSS,group,1,15,10,CNA_a0.05,2.341654464301466,7,99
NCMAPSS,group,1,15,10,CNA_a0.10,2.8095709822449133,14,99
NCMAPSS,group,1,15,10,CNA_a0.20,3.015908385750148,18,99
NCMAPSS,group,1,15,10,KAM_P1_heur,2.5247033955073905,12,99
NCMAPSS,group,1,15,10,KAM_P1_opt,1.7849164908883433,3,99
NCMAPSS,group,1,15,10,LBall_a0.05,2.5740173015632113,12,99
NCMAPSS,group,1,15,10,LBall_a0.10,2.9319246826275878,17,99
NCMAPSS,group,1,15,10,LBall_a0.20,5.077033074702751,41,99
NCMAPSS,group,1,15,10,LBnear_a0.05,2.4988139613690272,11,99
NCMAPSS,group,1,15,10,LBnear_a0.10,2.9202675349819587,16,99
NCMAPSS,group,1,15,10,LBnear_a0.20,4.074856796280073,30,99
NCMAPSS,group,1,15,10,STW_cost_1se,2.1158896803159704,6,99
NCMAPSS,group,1,15,10,STW_cost_plain,2.566102144301196,10,99
NCMAPSS,group,1,15,10,STW_window,2.332601093088238,7,99
NCMAPSS,group,1,15,10,age,1.861723407974209,2,99
NCMAPSS,group,1,15,10,perfect,1.0,0,99
NCMAPSS,group,1,15,20,CNA_DA,3.7125547518754085,9,99
NCMAPSS,group,1,15,20,CNA_a0.05,3.353480467394692,7,99
NCMAPSS,group,1,15,20,CNA_a0.10,4.557748482308415,14,99
NCMAPSS,group,1,15,20,CNA_a0.20,5.095845203508871,18,99
NCMAPSS,group,1,15,20,KAM_P1_heur,3.762650098255761,10,99
NCMAPSS,group,1,15,20,KAM_P1_opt,2.383026325602207,3,99
NCMAPSS,group,1,15,20,LBall_a0.05,4.066201244498406,12,99
NCMAPSS,group,1,15,20,LBall_a0.10,4.909810381225564,17,99
NCMAPSS,group,1,15,20,LBall_a0.20,9.524861195703023,41,99
NCMAPSS,group,1,15,20,LBnear_a0.05,3.8870439399073757,11,99
NCMAPSS,group,1,15,20,LBnear_a0.10,4.843077434558557,16,99
NCMAPSS,group,1,15,20,LBnear_a0.20,7.387748500572814,30,99
NCMAPSS,group,1,15,20,STW_cost_1se,2.94565033926341,6,99
NCMAPSS,group,1,15,20,STW_cost_plain,3.9238281465769616,10,99
NCMAPSS,group,1,15,20,STW_window,3.470673799655523,7,99
NCMAPSS,group,1,15,20,age,2.1799667255766377,2,99
NCMAPSS,group,1,15,20,perfect,1.0,0,99
NCMAPSS,group,1,15,50,CNA_DA,6.38895847667437,7,99
NCMAPSS,group,1,15,50,CNA_a0.05,6.38895847667437,7,99
NCMAPSS,group,1,15,50,CNA_a0.10,9.80228098249892,14,99
NCMAPSS,group,1,15,50,CNA_a0.20,11.33565565678504,18,99
NCMAPSS,group,1,15,50,KAM_P1_heur,3.369487445250593,3,99
NCMAPSS,group,1,15,50,KAM_P1_opt,3.757849205757327,3,99
NCMAPSS,group,1,15,50,LBall_a0.05,8.54275307330399,12,99
NCMAPSS,group,1,15,50,LBall_a0.10,10.843467477019491,17,99
NCMAPSS,group,1,15,50,LBall_a0.20,22.868345558703844,41,99
NCMAPSS,group,1,15,50,LBnear_a0.05,8.051733875522421,11,99
NCMAPSS,group,1,15,50,LBnear_a0.10,10.61150713328835,16,99
NCMAPSS,group,1,15,50,LBnear_a0.20,17.32642361345104,30,99
NCMAPSS,group,1,15,50,STW_cost_1se,5.434932316105729,6,99
NCMAPSS,group,1,15,50,STW_cost_plain,7.997006153404257,10,99
NCMAPSS,group,1,15,50,STW_window,6.612231980378194,7,99
NCMAPSS,group,1,15,50,age,3.1346966783839245,2,99
NCMAPSS,group,1,15,50,perfect,1.0,0,99
NCMAPSS,group,2,0,5,CNA_DA,1.7976933895921237,11,99
NCMAPSS,group,2,0,5,CNA_a0.05,1.5933303918204151,5,99
NCMAPSS,group,2,0,5,CNA_a0.10,1.8419195142232794,14,99
NCMAPSS,group,2,0,5,CNA_a0.20,1.9607040998217469,20,99
NCMAPSS,group,2,0,5,KAM_P1_heur,4.933761541549578,99,99
NCMAPSS,group,2,0,5,KAM_P1_opt,1.8031713785903727,11,99
NCMAPSS,group,2,0,5,LBall_a0.05,1.871537754281117,15,99
NCMAPSS,group,2,0,5,LBall_a0.10,1.8547250692071955,16,99
NCMAPSS,group,2,0,5,LBall_a0.20,2.2522646933652952,28,99
NCMAPSS,group,2,0,5,LBnear_a0.05,1.7943861074046141,13,99
NCMAPSS,group,2,0,5,LBnear_a0.10,1.8324448257915686,15,99
NCMAPSS,group,2,0,5,LBnear_a0.20,1.9983473497620983,21,99
NCMAPSS,group,2,0,5,STW_cost_1se,1.5833685190598374,5,99
NCMAPSS,group,2,0,5,STW_cost_plain,1.810527508640716,11,99
NCMAPSS,group,2,0,5,STW_window,1.7571951696187946,10,99
NCMAPSS,group,2,0,5,age,1.9439075670775223,6,99
NCMAPSS,group,2,0,5,perfect,1.0,0,99
NCMAPSS,group,2,0,10,CNA_DA,1.9280636674129394,5,99
NCMAPSS,group,2,0,10,CNA_a0.05,1.9280636674129394,5,99
NCMAPSS,group,2,0,10,CNA_a0.10,2.6737541335499215,14,99
NCMAPSS,group,2,0,10,CNA_a0.20,3.0560695187165776,20,99
NCMAPSS,group,2,0,10,KAM_P1_heur,3.2088772845953,22,99
NCMAPSS,group,2,0,10,KAM_P1_opt,1.9044421487603305,4,99
NCMAPSS,group,2,0,10,LBall_a0.05,2.7543385817722097,15,99
NCMAPSS,group,2,0,10,LBall_a0.10,2.765019581701525,16,99
NCMAPSS,group,2,0,10,LBall_a0.20,3.7466583287735475,28,99
NCMAPSS,group,2,0,10,LBnear_a0.05,2.5668039682079247,13,99
NCMAPSS,group,2,0,10,LBnear_a0.10,2.696805592674384,15,99
NCMAPSS,group,2,0,10,LBnear_a0.20,3.1449400914288757,21,99
NCMAPSS,group,2,0,10,STW_cost_1se,1.9982784180574815,6,99
NCMAPSS,group,2,0,10,STW_cost_plain,2.094159225016566,7,99
NCMAPSS,group,2,0,10,STW_window,2.0116825804380967,6,99
NCMAPSS,group,2,0,10,age,1.861723407974209,2,99
NCMAPSS,group,2,0,10,perfect,1.0,0,99
NCMAPSS,group,2,0,20,CNA_DA,2.5975302185979876,5,99
NCMAPSS,group,2,0,20,CNA_a0.05,2.5975302185979876,5,99
NCMAPSS,group,2,0,20,CNA_a0.10,4.337423372203206,14,99
NCMAPSS,group,2,0,20,CNA_a0.20,5.246800356506238,20,99
NCMAPSS,group,2,0,20,KAM_P1_heur,5.5858234213325595,22,99
NCMAPSS,group,2,0,20,KAM_P1_opt,2.4687213039485765,4,99
NCMAPSS,group,2,0,20,LBall_a0.05,4.519940236754396,15,99
NCMAPSS,group,2,0,20,LBall_a0.10,4.585608606690183,16,99
NCMAPSS,group,2,0,20,LBall_a0.20,6.7354455995900535,28,99
NCMAPSS,group,2,0,20,LBnear_a0.05,4.111639689814546,13,99
NCMAPSS,group,2,0,20,LBnear_a0.10,4.425527126440016,15,99
NCMAPSS,group,2,0,20,LBnear_a0.20,5.438125574762432,21,99
NCMAPSS,group,2,0,20,STW_cost_1se,2.7819170133741413,6,99
NCMAPSS,group,2,0,20,STW_cost_plain,2.999042840764465,7,99
NCMAPSS,group,2,0,20,STW_window,1.8664710386944405,1,99
NCMAPSS,group,2,0,20,age,2.1799667255766377,2,99
NCMAPSS,group,2,0,20,perfect,1.0,0,99
NCMAPSS,group,2,0,50,CNA_DA,4.6059298721531325,5,99
NCMAPSS,group,2,0,50,CNA_a0.05,4.6059298721531325,5,99
NCMAPSS,group,2,0,50,CNA_a0.10,9.328431088163061,14,99
NCMAPSS,group,2,0,50,CNA_a0.20,11.818992869875222,20,99
NCMAPSS,group,2,0,50,KAM_P1_heur,11.012756045762828,18,99
NCMAPSS,group,2,0,50,KAM_P1_opt,4.161558769513315,4,99
NCMAPSS,group,2,0,50,LBall_a0.05,9.816745201700954,15,99
NCMAPSS,group,2,0,50,LBall_a0.10,10.047375681656158,16,99
NCMAPSS,group,2,0,50,LBall_a0.20,15.70180741203957,28,99
NCMAPSS,group,2,0,50,LBnear_a0.05,8.746146854634409,13,99
NCMAPSS,group,2,0,50,LBnear_a0.10,9.611691727736908,15,99
NCMAPSS,group,2,0,50,LBnear_a0.20,12.317682024763098,21,99
NCMAPSS,group,2,0,50,STW_cost_1se,5.1328327993241185,6,99
NCMAPSS,group,2,0,50,STW_cost_plain,5.713693688008163,7,99
NCMAPSS,group,2,0,50,STW_window,2.340997573955739,1,99
NCMAPSS,group,2,0,50,age,3.1346966783839245,2,99
NCMAPSS,group,2,0,50,perfect,1.0,0,99
NCMAPSS,group,2,5,5,CNA_DA,1.7168267962189765,9,99
NCMAPSS,group,2,5,5,CNA_a0.05,1.5881915373045994,5,99
NCMAPSS,group,2,5,5,CNA_a0.10,1.7665815952359998,12,99
NCMAPSS,group,2,5,5,CNA_a0.20,2.22226159647449,25,99
NCMAPSS,group,2,5,5,KAM_P1_heur,2.1793635402744655,26,99
NCMAPSS,group,2,5,5,KAM_P1_opt,1.541435590382864,4,99
NCMAPSS,group,2,5,5,LBall_a0.05,1.8354771884183647,14,99
NCMAPSS,group,2,5,5,LBall_a0.10,2.067140927013538,21,99
NCMAPSS,group,2,5,5,LBall_a0.20,2.420970877156444,32,99
NCMAPSS,group,2,5,5,LBnear_a0.05,1.8111452691162835,13,99
NCMAPSS,group,2,5,5,LBnear_a0.10,1.836707647191518,15,99
NCMAPSS,group,2,5,5,LBnear_a0.20,2.3357996534775993,29,99
NCMAPSS,group,2,5,5,STW_cost_1se,1.5433914277724132,5,99
NCMAPSS,group,2,5,5,STW_cost_plain,1.5610217010796326,6,99
NCMAPSS,group,2,5,5,STW_window,1.7304172337729382,9,99
NCMAPSS,group,2,5,5,age,1.9439075670775223,6,99
NCMAPSS,group,2,5,5,perfect,1.0,0,99
NCMAPSS,group,2,5,10,CNA_DA,1.9218452216122883,5,99
NCMAPSS,group,2,5,10,CNA_a0.05,1.9218452216122883,5,99
NCMAPSS,group,2,5,10,CNA_a0.10,2.487635307577224,12,99
NCMAPSS,group,2,5,10,CNA_a0.20,3.6181545590840942,25,99
NCMAPSS,group,2,5,10,KAM_P1_heur,3.2885387245428865,22,99
NCMAPSS,group,2,5,10,KAM_P1_opt,1.8610872747463527,4,99
NCMAPSS,group,2,5,10,LBall_a0.05,2.664402370284723,14,99
NCMAPSS,group,2,5,10,LBall_a0.10,3.253205393332782,21,99
NCMAPSS,group,2,5,10,LBall_a0.20,4.127382068103717,32,99
NCMAPSS,group,2,5,10,LBnear_a0.05,2.5907773386034254,13,99
NCMAPSS,group,2,5,10,LBnear_a0.10,2.7030791788856305,15,99
NCMAPSS,group,2,5,10,LBnear_a0.20,3.9111063965206316,29,99
NCMAPSS,group,2,5,10,STW_cost_1se,1.8676333243632564,5,99
NCMAPSS,group,2,5,10,STW_cost_plain,1.9417587013429576,6,99
NCMAPSS,group,2,5,10,STW_window,2.4971638530960565,9,99
NCMAPSS,group,2,5,10,age,1.861723407974209,2,99
NCMAPSS,group,2,5,10,perfect,1.0,0,99
NCMAPSS,group,2,5,20,CNA_DA,2.589152590227666,5,99
NCMAPSS,group,2,5,20,CNA_a0.05,2.589152590227666,5,99
NCMAPSS,group,2,5,20,CNA_a0.10,3.9297427322596725,12,99
NCMAPSS,group,2,5,20,CNA_a0.20,6.409940484303303,25,99
NCMAPSS,group,2,5,20,KAM_P1_heur,4.447402207912596,14,99
NCMAPSS,group,2,5,20,KAM_P1_opt,2.412520541337865,4,99
NCMAPSS,group,2,5,20,LBall_a0.05,4.3222527340174395,14,99
NCMAPSS,group,2,5,20,LBall_a0.10,5.625334325971268,21,99
NCMAPSS,group,2,5,20,LBall_a0.20,7.540204449998264,32,99
NCMAPSS,group,2,5,20,LBnear_a0.05,4.15004147757771,13,99
NCMAPSS,group,2,5,20,LBnear_a0.10,4.435822242273855,15,99
NCMAPSS,group,2,5,20,LBnear_a0.20,7.061719882606697,29,99
NCMAPSS,group,2,5,20,STW_cost_1se,2.5161171175449426,5,99
NCMAPSS,group,2,5,20,STW_cost_plain,2.703232701869607,6,99
NCMAPSS,group,2,5,20,STW_window,2.4177354064994514,3,99
NCMAPSS,group,2,5,20,age,2.1799667255766377,2,99
NCMAPSS,group,2,5,20,perfect,1.0,0,99
NCMAPSS,group,2,5,50,CNA_DA,4.5910746960738,5,99
NCMAPSS,group,2,5,50,CNA_a0.05,4.5910746960738,5,99
NCMAPSS,group,2,5,50,CNA_a0.10,8.256065006307018,12,99
NCMAPSS,group,2,5,50,CNA_a0.20,14.785298259960928,25,99
NCMAPSS,group,2,5,50,KAM_P1_heur,4.7344397410916255,5,99
NCMAPSS,group,2,5,50,KAM_P1_opt,4.0668203411124,4,99
NCMAPSS,group,2,5,50,LBall_a0.05,9.29580382521559,14,99
NCMAPSS,group,2,5,50,LBall_a0.10,12.741721123886729,21,99
NCMAPSS,group,2,5,50,LBall_a0.20,17.778671595681903,32,99
NCMAPSS,group,2,5,50,LBnear_a0.05,8.82783389450056,13,99
NCMAPSS,group,2,5,50,LBnear_a0.10,9.634051432438529,15,99
NCMAPSS,group,2,5,50,LBnear_a0.20,16.513560340864892,29,99
NCMAPSS,group,2,5,50,STW_cost_1se,4.461568497090001,5,99
NCMAPSS,group,2,5,50,STW_cost_plain,4.987654703449558,6,99
NCMAPSS,group,2,5,50,STW_window,3.812582756402981,3,99
NCMAPSS,group,2,5,50,age,3.1346966783839245,2,99
NCMAPSS,group,2,5,50,perfect,1.0,0,99
NCMAPSS,group,2,10,5,CNA_DA,1.565194591152564,5,99
NCMAPSS,group,2,10,5,CNA_a0.05,1.565194591152564,5,99
NCMAPSS,group,2,10,5,CNA_a0.10,1.8179101323713642,12,99
NCMAPSS,group,2,10,5,CNA_a0.20,2.0906023424428333,21,99
NCMAPSS,group,2,10,5,KAM_P1_heur,2.3098622913437725,28,99
NCMAPSS,group,2,10,5,KAM_P1_opt,1.5465428697751928,3,99
NCMAPSS,group,2,10,5,LBall_a0.05,1.8484072230469926,14,99
NCMAPSS,group,2,10,5,LBall_a0.10,2.1261893858444005,22,99
NCMAPSS,group,2,10,5,LBall_a0.20,2.671577160574017,38,99
NCMAPSS,group,2,10,5,LBnear_a0.05,1.8401852292559098,13,99
NCMAPSS,group,2,10,5,LBnear_a0.10,1.9297191586983706,17,99
NCMAPSS,group,2,10,5,LBnear_a0.20,2.3491627437644746,29,99
NCMAPSS,group,2,10,5,STW_cost_1se,1.4975100656918838,4,99
NCMAPSS,group,2,10,5,STW_cost_plain,1.5636860152989185,6,99
NCMAPSS,group,2,10,5,STW_window,1.8083685256309994,7,99
NCMAPSS,group,2,10,5,age,1.9439075670775223,6,99
NCMAPSS,group,2,10,5,perfect,1.0,0,99
NCMAPSS,group,2,10,10,CNA_DA,1.894016984251842,5,99
NCMAPSS,group,2,10,10,CNA_a0.05,1.894016984251842,5,99
NCMAPSS,group,2,10,10,CNA_a0.10,2.5599142680331455,12,99
NCMAPSS,group,2,10,10,CNA_a0.20,3.290128276631344,21,99
NCMAPSS,group,2,10,10,KAM_P1_heur,2.6758886969648583,14,99
NCMAPSS,group,2,10,10,KAM_P1_opt,1.7927585308674134,3,99
NCMAPSS,group,2,10,10,LBall_a0.05,2.6831717753907953,14,99
NCMAPSS,group,2,10,10,LBall_a0.10,3.3768890245764003,22,99
NCMAPSS,group,2,10,10,LBall_a0.20,4.693886564992595,38,99
NCMAPSS,group,2,10,10,LBnear_a0.05,2.6323179438362683,13,99
NCMAPSS,group,2,10,10,LBnear_a0.10,2.9119115448622117,17,99
NCMAPSS,group,2,10,10,LBnear_a0.20,3.9334818035126085,29,99
NCMAPSS,group,2,10,10,STW_cost_1se,1.7579465988556895,4,99
NCMAPSS,group,2,10,10,STW_cost_plain,1.9450728482986546,6,99
NCMAPSS,group,2,10,10,STW_window,1.9110345976564669,3,99
NCMAPSS,group,2,10,10,age,1.861723407974209,2,99
NCMAPSS,group,2,10,10,perfect,1.0,0,99
NCMAPSS,group,2,10,20,CNA_DA,2.5516617704503983,5,99
NCMAPSS,group,2,10,20,CNA_a0.05,2.5516617704503983,5,99
NCMAPSS,group,2,10,20,CNA_a0.10,4.043922539356708,12,99
NCMAPSS,group,2,10,20,CNA_a0.20,5.689180145008366,21,99
NCMAPSS,group,2,10,20,KAM_P1_heur,3.852448922474111,11,99
NCMAPSS,group,2,10,20,KAM_P1_opt,2.2196058001215593,3,99
NCMAPSS,group,2,10,20,LBall_a0.05,4.352700880078402,14,99
NCMAPSS,group,2,10,20,LBall_a0.10,5.878288302040401,22,99
NCMAPSS,group,2,10,20,LBall_a0.20,8.738505373829751,38,99
NCMAPSS,group,2,10,20,LBnear_a0.05,4.216583372996985,13,99
NCMAPSS,group,2,10,20,LBnear_a0.10,4.876296317189894,17,99
NCMAPSS,group,2,10,20,LBnear_a0.20,7.1021199230088765,29,99
NCMAPSS,group,2,10,20,STW_cost_1se,2.2788196651833017,4,99
NCMAPSS,group,2,10,20,STW_cost_plain,2.707846514298127,6,99
NCMAPSS,group,2,10,20,STW_window,2.366042835193721,3,99
NCMAPSS,group,2,10,20,age,2.1799667255766377,2,99
NCMAPSS,group,2,10,20,perfect,1.0,0,99
NCMAPSS,group,2,10,50,CNA_DA,4.524596129046067,5,99
NCMAPSS,group,2,10,50,CNA_a0.05,4.524596129046067,5,99
NCMAPSS,group,2,10,50,CNA_a0.10,8.495947353327397,12,99
NCMAPSS,group,2,10,50,CNA_a0.20,12.88633575013943,21,99
NCMAPSS,group,2,10,50,KAM_P1_heur,3.9755799354134793,4,99
NCMAPSS,group,2,10,50,KAM_P1_opt,3.5001476078839975,3,99
NCMAPSS,group,2,10,50,LBall_a0.05,9.361288194141219,14,99
NCMAPSS,group,2,10,50,LBall_a0.10,13.382486134432401,22,99
NCMAPSS,group,2,10,50,LBall_a0.20,20.87236180034122,38,99
NCMAPSS,group,2,10,50,LBnear_a0.05,8.969379660479136,13,99
NCMAPSS,group,2,10,50,LBnear_a0.10,10.769450634172943,17,99
NCMAPSS,group,2,10,50,LBnear_a0.20,16.60803428149768,29,99
NCMAPSS,group,2,10,50,STW_cost_1se,3.841438864166137,4,99
NCMAPSS,group,2,10,50,STW_cost_plain,4.9961675122965445,6,99
NCMAPSS,group,2,10,50,STW_window,3.731067547805483,3,99
NCMAPSS,group,2,10,50,age,3.1346966783839245,2,99
NCMAPSS,group,2,10,50,perfect,1.0,0,99
NCMAPSS,group,2,15,5,CNA_DA,1.6698280242852175,7,99
NCMAPSS,group,2,15,5,CNA_a0.05,1.6525318116227208,6,99
NCMAPSS,group,2,15,5,CNA_a0.10,1.7734487734487732,11,99
NCMAPSS,group,2,15,5,CNA_a0.20,2.073528441491116,20,99
NCMAPSS,group,2,15,5,KAM_P1_heur,2.2830174003358357,26,99
NCMAPSS,group,2,15,5,KAM_P1_opt,1.5596790924540378,4,99
NCMAPSS,group,2,15,5,LBall_a0.05,1.8386810726192775,13,99
NCMAPSS,group,2,15,5,LBall_a0.10,2.024673576397714,19,99
NCMAPSS,group,2,15,5,LBall_a0.20,2.964731992087615,44,99
NCMAPSS,group,2,15,5,LBnear_a0.05,1.7678561549100968,11,99
NCMAPSS,group,2,15,5,LBnear_a0.10,1.9703737837747024,17,99
NCMAPSS,group,2,15,5,LBnear_a0.20,2.665265525227239,36,99
NCMAPSS,group,2,15,5,STW_cost_1se,1.642164610796982,6,99
NCMAPSS,group,2,15,5,STW_cost_plain,1.6011248450954847,6,99
NCMAPSS,group,2,15,5,STW_window,1.533633496905617,3,99
NCMAPSS,group,2,15,5,age,1.9439075670775223,6,99
NCMAPSS,group,2,15,5,perfect,1.0,0,99
NCMAPSS,group,2,15,10,CNA_DA,2.0555883510428963,6,99
NCMAPSS,group,2,15,10,CNA_a0.05,2.0555883510428963,6,99
NCMAPSS,group,2,15,10,CNA_a0.10,2.4555444555444557,11,99
NCMAPSS,group,2,15,10,CNA_a0.20,3.2319242188604553,20,99
NCMAPSS,group,2,15,10,KAM_P1_heur,2.6409598280904913,13,99
NCMAPSS,group,2,15,10,KAM_P1_opt,1.7347672660057132,3,99
NCMAPSS,group,2,15,10,LBall_a0.05,2.630166302554728,13,99
NCMAPSS,group,2,15,10,LBall_a0.10,3.1237820892993304,19,99
NCMAPSS,group,2,15,10,LBall_a0.20,5.336517585757707,44,99
NCMAPSS,group,2,15,10,LBnear_a0.05,2.4478008298755185,11,99
NCMAPSS,group,2,15,10,LBnear_a0.10,2.9732586437797903,17,99
NCMAPSS,group,2,15,10,LBnear_a0.20,4.639536284654824,36,99
NCMAPSS,group,2,15,10,STW_cost_1se,2.0426925646499043,6,99
NCMAPSS,group,2,15,10,STW_cost_plain,1.9916430999968224,6,99
NCMAPSS,group,2,15,10,STW_window,1.6775220929215156,2,99
NCMAPSS,group,2,15,10,age,1.861723407974209,2,99
NCMAPSS,group,2,15,10,perfect,1.0,0,99
NCMAPSS,group,2,15,20,CNA_DA,2.8617014298832477,6,99
NCMAPSS,group,2,15,20,CNA_a0.05,2.8617014298832477,6,99
NCMAPSS,group,2,15,20,CNA_a0.10,3.8197358197358193,11,99
NCMAPSS,group,2,15,20,CNA_a0.20,5.548715773599133,20,99
NCMAPSS,group,2,15,20,KAM_P1_heur,2.8391683477581826,6,99
NCMAPSS,group,2,15,20,KAM_P1_opt,2.1478070912451686,3,99
NCMAPSS,group,2,15,20,LBall_a0.05,4.213136762425629,13,99
NCMAPSS,group,2,15,20,LBall_a0.10,5.321999115102563,19,99
NCMAPSS,group,2,15,20,LBall_a0.20,10.080088773097891,44,99
NCMAPSS,group,2,15,20,LBnear_a0.05,3.807690179806362,11,99
NCMAPSS,group,2,15,20,LBnear_a0.10,4.979028363789967,17,99
NCMAPSS,group,2,15,20,LBnear_a0.20,8.588077803509993,36,99
NCMAPSS,group,2,15,20,STW_cost_1se,2.8437484723557493,6,99
NCMAPSS,group,2,15,20,STW_cost_plain,2.7726796097994977,6,99
NCMAPSS,group,2,15,20,STW_window,1.9642780062414327,2,99
NCMAPSS,group,2,15,20,age,2.1799667255766377,2,99
NCMAPSS,group,2,15,20,perfect,1.0,0,99
NCMAPSS,group,2,15,50,CNA_DA,5.280040666404302,6,99
NCMAPSS,group,2,15,50,CNA_a0.05,5.280040666404302,6,99
NCMAPSS,group,2,15,50,CNA_a0.10,7.912309912309912,11,99
NCMAPSS,group,2,15,50,CNA_a0.20,12.499090437815164,20,99
NCMAPSS,group,2,15,50,KAM_P1_heur,5.336835999005552,6,99
NCMAPSS,group,2,15,50,KAM_P1_opt,3.3869265669635356,3,99
NCMAPSS,group,2,15,50,LBall_a0.05,8.962048142038332,13,99
NCMAPSS,group,2,15,50,LBall_a0.10,11.916650192512261,19,99
NCMAPSS,group,2,15,50,LBall_a0.20,24.310802335118442,44,99
NCMAPSS,group,2,15,50,LBnear_a0.05,7.8873582295988935,11,99
NCMAPSS,group,2,15,50,LBnear_a0.10,10.996337523820495,17,99
NCMAPSS,group,2,15,50,LBnear_a0.20,20.4337023600755,36,99
NCMAPSS,group,2,15,50,STW_cost_1se,5.246916195473284,6,99
NCMAPSS,group,2,15,50,STW_cost_plain,5.115789139207524,6,99
NCMAPSS,group,2,15,50,STW_window,2.8245457462011836,2,99
NCMAPSS,group,2,15,50,age,3.1346966783839245,2,99
NCMAPSS,group,2,15,50,perfect,1.0,0,99
PHM08,cv,0,0,5,CNA_DA,1.0563254899355776,1,218
PHM08,cv,0,0,5,CNA_a0.05,1.1587400240566723,7,218
PHM08,cv,0,0,5,CNA_a0.10,1.5233464172902917,27,218
PHM08,cv,0,0,5,CNA_a0.20,1.8485010845916439,45,218
PHM08,cv,0,0,5,KAM_P1_heur,2.010979486869593,54,218
PHM08,cv,0,0,5,KAM_P1_opt,1.063106088041204,1,218
PHM08,cv,0,0,5,LBall_a0.05,2.0490446299234324,56,218
PHM08,cv,0,0,5,LBall_a0.10,3.5852731065290833,141,218
PHM08,cv,0,0,5,LBall_a0.20,4.8856992757627,213,218
PHM08,cv,0,0,5,LBnear_a0.05,1.052503157384982,1,218
PHM08,cv,0,0,5,LBnear_a0.10,1.3579088224626175,18,218
PHM08,cv,0,0,5,LBnear_a0.20,2.321753073655601,71,218
PHM08,cv,0,0,5,STW_cost_1se,1.054088340445162,0,218
PHM08,cv,0,0,5,STW_cost_plain,1.1252037741697012,5,218
PHM08,cv,0,0,5,STW_window,1.0662373719698561,0,218
PHM08,cv,0,0,5,age,1.703545347867409,7,218
PHM08,cv,0,0,5,perfect,1.0,0,218
PHM08,cv,0,0,10,CNA_DA,1.0801166045737662,1,218
PHM08,cv,0,0,10,CNA_a0.05,1.323601409593191,7,218
PHM08,cv,0,0,10,CNA_a0.10,2.154180056352222,27,218
PHM08,cv,0,0,10,CNA_a0.20,2.8935079791472216,45,218
PHM08,cv,0,0,10,KAM_P1_heur,3.2620496745534413,54,218
PHM08,cv,0,0,10,KAM_P1_opt,1.0870499188529428,1,218
PHM08,cv,0,0,10,LBall_a0.05,3.347081952046874,56,218
PHM08,cv,0,0,10,LBall_a0.10,6.817520600266939,141,218
PHM08,cv,0,0,10,LBall_a0.20,9.74856818107791,213,218
PHM08,cv,0,0,10,LBnear_a0.05,1.0762081834522113,1,218
PHM08,cv,0,0,10,LBnear_a0.10,1.7793288018475677,18,218
PHM08,cv,0,0,10,LBnear_a0.20,3.963630247256673,71,218
PHM08,cv,0,0,10,STW_cost_1se,1.054088340445162,0,218
PHM08,cv,0,0,10,STW_cost_plain,1.2433974479270227,5,218
PHM08,cv,0,0,10,STW_window,1.0662373719698561,0,218
PHM08,cv,0,0,10,age,1.7707646836111832,2,218
PHM08,cv,0,0,10,perfect,1.0,0,218
PHM08,cv,0,0,20,CNA_DA,1.1276988338501437,1,218
PHM08,cv,0,0,20,CNA_a0.05,1.6533241806662278,7,218
PHM08,cv,0,0,20,CNA_a0.10,3.4158473344760836,27,218
PHM08,cv,0,0,20,CNA_a0.20,4.9835217682583774,45,218
PHM08,cv,0,0,20,KAM_P1_heur,1.8280447377529652,9,218
PHM08,cv,0,0,20,KAM_P1_opt,1.1349375804764206,1,218
PHM08,cv,0,0,20,LBall_a0.05,5.943156596293757,56,218
PHM08,cv,0,0,20,LBall_a0.10,13.282015587742652,141,218
PHM08,cv,0,0,20,LBall_a0.20,19.47430599170833,213,218
PHM08,cv,0,0,20,LBnear_a0.05,1.12361823558667,1,218
PHM08,cv,0,0,20,LBnear_a0.10,2.622168760617468,18,218
PHM08,cv,0,0,20,LBnear_a0.20,7.247384594458818,71,218
PHM08,cv,0,0,20,STW_cost_1se,1.054088340445162,0,218
PHM08,cv,0,0,20,STW_cost_plain,1.4797847954416659,5,218
PHM08,cv,0,0,20,STW_window,1.0662373719698561,0,218
PHM08,cv,0,0,20,age,1.9208294873070462,2,218
PHM08,cv,0,0,20,perfect,1.0,0,218
PHM08,cv,0,0,50,CNA_DA,1.2704455216792758,1,218
PHM08,cv,0,0,50,CNA_a0.05,2.6424924938853382,7,218
PHM08,cv,0,0,50,CNA_a0.10,7.200849168847666,27,218
PHM08,cv,0,0,50,CNA_a0.20,11.253563135591843,45,218
PHM08,cv,0,0,50,KAM_P1_heur,1.9552588234053982,4,218
PHM08,cv,0,0,50,KAM_P1_opt,1.2786005653468535,1,218
PHM08,cv,0,0,50,LBall_a0.05,13.731380529034405,56,218
PHM08,cv,0,0,50,LBall_a0.10,32.67550055016979,141,218
PHM08,cv,0,0,50,LBall_a0.20,48.65151942359959,213,218
PHM08,cv,0,0,50,LBnear_a0.05,1.2658483919900458,1,218
PHM08,cv,0,0,50,LBnear_a0.10,5.150688636927169,18,218
PHM08,cv,0,0,50,LBnear_a0.20,17.09864763606525,71,218
PHM08,cv,0,0,50,STW_cost_1se,1.054088340445162,0,218
PHM08,cv,0,0,50,STW_cost_plain,2.188946837985595,5,218
PHM08,cv,0,0,50,STW_window,1.0662373719698561,0,218
PHM08,cv,0,0,50,age,2.3710238983946352,2,218
PHM08,cv,0,0,50,perfect,1.0,0,218
PHM08,cv,0,5,5,CNA_DA,1.0590899847547164,1,218
PHM08,cv,0,5,5,CNA_a0.05,1.2127841308843268,10,218
PHM08,cv,0,5,5,CNA_a0.10,1.4289658600168933,22,218
PHM08,cv,0,5,5,CNA_a0.20,1.8634046890927627,46,218
PHM08,cv,0,5,5,KAM_P1_heur,1.5909836320893869,31,218
PHM08,cv,0,5,5,KAM_P1_opt,1.0826568606074838,2,218
PHM08,cv,0,5,5,LBall_a0.05,1.5712598581384256,30,218
PHM08,cv,0,5,5,LBall_a0.10,2.9720824268586967,107,218
PHM08,cv,0,5,5,LBall_a0.20,4.1648339674672865,173,218
PHM08,cv,0,5,5,LBnear_a0.05,1.0534084544713946,1,218
PHM08,cv,0,5,5,LBnear_a0.10,1.304341576798929,15,218
PHM08,cv,0,5,5,LBnear_a0.20,1.7906251078524722,42,218
PHM08,cv,0,5,5,STW_cost_1se,1.0770564491215198,1,218
PHM08,cv,0,5,5,STW_cost_plain,1.1284868486035176,5,218
PHM08,cv,0,5,5,STW_window,1.0671282958448958,1,218
PHM08,cv,0,5,5,age,1.703545347867409,7,218
PHM08,cv,0,5,5,perfect,1.0,0,218
PHM08,cv,0,5,10,CNA_DA,1.0829433627897325,1,218
PHM08,cv,0,5,10,CNA_a0.05,1.447819815164235,10,218
PHM08,cv,0,5,10,CNA_a0.10,1.9426463979314625,22,218
PHM08,cv,0,5,10,CNA_a0.20,2.9295317500164826,46,218
PHM08,cv,0,5,10,KAM_P1_heur,2.0290535905117006,24,218
PHM08,cv,0,5,10,KAM_P1_opt,1.1305620314308238,2,218
PHM08,cv,0,5,10,LBall_a0.05,2.2685645289099163,30,218
PHM08,cv,0,5,10,LBall_a0.10,5.433481959938268,107,218
PHM08,cv,0,5,10,LBall_a0.20,8.123714606873003,173,218
PHM08,cv,0,5,10,LBnear_a0.05,1.0771338701126423,1,218
PHM08,cv,0,5,10,LBnear_a0.10,1.6562322899641078,15,218
PHM08,cv,0,5,10,LBnear_a0.20,2.764799389326615,42,218
PHM08,cv,0,5,10,STW_cost_1se,1.1013144772548873,1,218
PHM08,cv,0,5,10,STW_cost_plain,1.2470253831206937,5,218
PHM08,cv,0,5,10,STW_window,1.0911627169224836,1,218
PHM08,cv,0,5,10,age,1.7707646836111832,2,218
PHM08,cv,0,5,10,perfect,1.0,0,218
PHM08,cv,0,5,20,CNA_DA,1.1306501188597649,1,218
PHM08,cv,0,5,20,CNA_a0.05,1.9178911837240515,10,218
PHM08,cv,0,5,20,CNA_a0.10,2.9700074737606017,22,218
PHM08,cv,0,5,20,CNA_a0.20,5.061785871863922,46,218
PHM08,cv,0,5,20,KAM_P1_heur,1.834171113504769,9,218
PHM08,cv,0,5,20,KAM_P1_opt,1.2263723730775038,2,218
PHM08,cv,0,5,20,LBall_a0.05,3.6631738704528973,30,218
PHM08,cv,0,5,20,LBall_a0.10,10.35628102609741,107,218
PHM08,cv,0,5,20,LBall_a0.20,16.041475885684438,173,218
PHM08,cv,0,5,20,LBnear_a0.05,1.1245847013951376,1,218
PHM08,cv,0,5,20,LBnear_a0.10,2.3600137162944654,15,218
PHM08,cv,0,5,20,LBnear_a0.20,4.713147952274901,42,218
PHM08,cv,0,5,20,STW_cost_1se,1.1498305335216223,1,218
PHM08,cv,0,5,20,STW_cost_plain,1.484102452155046,5,218
PHM08,cv,0,5,20,STW_window,1.139231559077659,1,218
PHM08,cv,0,5,20,age,1.9208294873070462,2,218
PHM08,cv,0,5,20,perfect,1.0,0,218
PHM08,cv,0,5,50,CNA_DA,1.2737703870698616,1,218
PHM08,cv,0,5,50,CNA_a0.05,3.3281052894035015,10,218
PHM08,cv,0,5,50,CNA_a0.10,6.0520907012480185,22,218
PHM08,cv,0,5,50,CNA_a0.20,11.458548237406243,46,218
PHM08,cv,0,5,50,KAM_P1_heur,1.2746406073197272,1,218
PHM08,cv,0,5,50,KAM_P1_opt,1.5138033980175438,2,218
PHM08,cv,0,5,50,LBall_a0.05,7.847001895081841,30,218
PHM08,cv,0,5,50,LBall_a0.10,25.124678224574833,107,218
PHM08,cv,0,5,50,LBall_a0.20,39.79475972211874,173,218
PHM08,cv,0,5,50,LBnear_a0.05,1.2669371952426234,1,218
PHM08,cv,0,5,50,LBnear_a0.10,4.471357995285538,15,218
PHM08,cv,0,5,50,LBnear_a0.20,10.558193641119757,42,218
PHM08,cv,0,5,50,STW_cost_1se,1.2953787023218277,1,218
PHM08,cv,0,5,50,STW_cost_plain,2.1953336592581034,5,218
PHM08,cv,0,5,50,STW_window,1.2834380855431855,1,218
PHM08,cv,0,5,50,age,2.3710238983946352,2,218
PHM08,cv,0,5,50,perfect,1.0,0,218
PHM08,cv,0,10,5,CNA_DA,1.099607652122679,3,218
PHM08,cv,0,10,5,CNA_a0.05,1.16294706771248,7,218
PHM08,cv,0,10,5,CNA_a0.10,1.3625958844730899,18,218
PHM08,cv,0,10,5,CNA_a0.20,1.6355675352881751,33,218
PHM08,cv,0,10,5,KAM_P1_heur,1.6361510934133334,33,218
PHM08,cv,0,10,5,KAM_P1_opt,1.0528740928464462,0,218
PHM08,cv,0,10,5,LBall_a0.05,2.0936318164437195,58,218
PHM08,cv,0,10,5,LBall_a0.10,2.922196461227327,104,218
PHM08,cv,0,10,5,LBall_a0.20,3.912636714410944,159,218
PHM08,cv,0,10,5,LBnear_a0.05,1.128818764009564,5,218
PHM08,cv,0,10,5,LBnear_a0.10,1.4178351319521323,21,218
PHM08,cv,0,10,5,LBnear_a0.20,2.2010423091343796,64,218
PHM08,cv,0,10,5,STW_cost_1se,1.0622966062296606,0,218
PHM08,cv,0,10,5,STW_cost_plain,1.1141828523489443,4,218
PHM08,cv,0,10,5,STW_window,1.0922562141491396,0,218
PHM08,cv,0,10,5,age,1.703545347867409,7,218
PHM08,cv,0,10,5,perfect,1.0,0,218
PHM08,cv,0,10,10,CNA_DA,1.1713211946524191,3,218
PHM08,cv,0,10,10,CNA_a0.05,1.3284070163707595,7,218
PHM08,cv,0,10,10,CNA_a0.10,1.7854704693095662,18,218
PHM08,cv,0,10,10,CNA_a0.20,2.4066208019240287,33,218
PHM08,cv,0,10,10,KAM_P1_heur,2.245348274490424,29,218
PHM08,cv,0,10,10,KAM_P1_opt,1.0528740928464462,0,218
PHM08,cv,0,10,10,LBall_a0.05,3.442861209263005,58,218
PHM08,cv,0,10,10,LBall_a0.10,5.318950656555734,104,218
PHM08,cv,0,10,10,LBall_a0.20,7.554962461432842,159,218
PHM08,cv,0,10,10,LBnear_a0.05,1.2473921635904006,5,218
PHM08,cv,0,10,10,LBnear_a0.10,1.910791055312973,21,218
PHM08,cv,0,10,10,LBnear_a0.20,3.6869780452588556,64,218
PHM08,cv,0,10,10,STW_cost_1se,1.0622966062296606,0,218
PHM08,cv,0,10,10,STW_cost_plain,1.2094121559685123,4,218
PHM08,cv,0,10,10,STW_window,1.0922562141491396,0,218
PHM08,cv,0,10,10,age,1.7707646836111832,2,218
PHM08,cv,0,10,10,perfect,1.0,0,218
PHM08,cv,0,10,20,CNA_DA,1.314748279711899,3,218
PHM08,cv,0,10,20,CNA_a0.05,1.6593269136873188,7,218
PHM08,cv,0,10,20,CNA_a0.10,2.6312196389825186,18,218
PHM08,cv,0,10,20,CNA_a0.20,3.948727335195737,33,218
PHM08,cv,0,10,20,KAM_P1_heur,1.5724489988390384,6,218
PHM08,cv,0,10,20,KAM_P1_opt,1.0528740928464462,0,218
PHM08,cv,0,10,20,LBall_a0.05,6.141319994901577,58,218
PHM08,cv,0,10,20,LBall_a0.10,10.11245904721255,104,218
PHM08,cv,0,10,20,LBall_a0.20,14.839613955476638,159,218
PHM08,cv,0,10,20,LBnear_a0.05,1.4845389627520735,5,218
PHM08,cv,0,10,20,LBnear_a0.10,2.8967029020346544,21,218
PHM08,cv,0,10,20,LBnear_a0.20,6.658849517507806,64,218
PHM08,cv,0,10,20,STW_cost_1se,1.0622966062296606,0,218
PHM08,cv,0,10,20,STW_cost_plain,1.3998707632076481,4,218
PHM08,cv,0,10,20,STW_window,1.0922562141491396,0,218
PHM08,cv,0,10,20,age,1.9208294873070462,2,218
PHM08,cv,0,10,20,perfect,1.0,0,218
PHM08,cv,0,10,50,CNA_DA,1.7450295348903386,3,218
PHM08,cv,0,10,50,CNA_a0.05,2.6520866056369967,7,218
PHM08,cv,0,10,50,CNA_a0.10,5.168467148001376,18,218
PHM08,cv,0,10,50,CNA_a0.20,8.57504693501086,33,218
PHM08,cv,0,10,50,KAM_P1_heur,1.277462475148325,1,218
PHM08,cv,0,10,50,KAM_P1_opt,1.0528740928464462,0,218
PHM08,cv,0,10,50,LBall_a0.05,14.23669635181729,58,218
PHM08,cv,0,10,50,LBall_a0.10,24.49298421918299,104,218
PHM08,cv,0,10,50,LBall_a0.20,36.69356843760802,159,218
PHM08,cv,0,10,50,LBnear_a0.05,2.195979360237093,5,218
PHM08,cv,0,10,50,LBnear_a0.10,5.854438442199698,21,218
PHM08,cv,0,10,50,LBnear_a0.20,15.574463934254661,64,218
PHM08,cv,0,10,50,STW_cost_1se,1.0622966062296606,0,218
PHM08,cv,0,10,50,STW_cost_plain,1.9712465849250553,4,218
PHM08,cv,0,10,50,STW_window,1.0922562141491396,0,218
PHM08,cv,0,10,50,age,2.3710238983946352,2,218
PHM08,cv,0,10,50,perfect,1.0,0,218
PHM08,cv,0,15,5,CNA_DA,1.0558173921079383,0,218
PHM08,cv,0,15,5,CNA_a0.05,1.191584213558591,8,218
PHM08,cv,0,15,5,CNA_a0.10,1.5874885357071358,30,218
PHM08,cv,0,15,5,CNA_a0.20,2.1331717346642805,60,218
PHM08,cv,0,15,5,KAM_P1_heur,1.7151537549379554,37,218
PHM08,cv,0,15,5,KAM_P1_opt,1.0633594713451382,0,218
PHM08,cv,0,15,5,LBall_a0.05,2.150559758312342,61,218
PHM08,cv,0,15,5,LBall_a0.10,2.963108843454971,106,218
PHM08,cv,0,15,5,LBall_a0.20,3.7732843265273983,151,218
PHM08,cv,0,15,5,LBnear_a0.05,1.2819559121034758,13,218
PHM08,cv,0,15,5,LBnear_a0.10,1.6240797904869078,32,218
PHM08,cv,0,15,5,LBnear_a0.20,2.2207971267472644,65,218
PHM08,cv,0,15,5,STW_cost_1se,1.0675075916841859,0,218
PHM08,cv,0,15,5,STW_cost_plain,1.1781710440849467,7,218
PHM08,cv,0,15,5,STW_window,1.0732990441297354,0,218
PHM08,cv,0,15,5,age,1.703545347867409,7,218
PHM08,cv,0,15,5,perfect,1.0,0,218
PHM08,cv,0,15,10,CNA_DA,1.0558173921079383,0,218
PHM08,cv,0,15,10,CNA_a0.05,1.3822376877279656,8,218
PHM08,cv,0,15,10,CNA_a0.10,2.2919952823227283,30,218
PHM08,cv,0,15,10,CNA_a0.20,3.530445796671451,60,218
PHM08,cv,0,15,10,KAM_P1_heur,2.0027432607392823,23,218
PHM08,cv,0,15,10,KAM_P1_opt,1.0633594713451382,0,218
PHM08,cv,0,15,10,LBall_a0.05,3.5703015900986284,61,218
PHM08,cv,0,15,10,LBall_a0.10,5.409289041322782,106,218
PHM08,cv,0,15,10,LBall_a0.20,7.239013847851226,151,218
PHM08,cv,0,15,10,LBnear_a0.05,1.5905749279802386,13,218
PHM08,cv,0,15,10,LBnear_a0.10,2.375099346781431,32,218
PHM08,cv,0,15,10,LBnear_a0.20,3.7307533321716595,65,218
PHM08,cv,0,15,10,STW_cost_1se,1.0675075916841859,0,218
PHM08,cv,0,15,10,STW_cost_plain,1.345797005641748,7,218
PHM08,cv,0,15,10,STW_window,1.084506039535822,0,218
PHM08,cv,0,15,10,age,1.7707646836111832,2,218
PHM08,cv,0,15,10,perfect,1.0,0,218
PHM08,cv,0,15,20,CNA_DA,1.0558173921079383,0,218
PHM08,cv,0,15,20,CNA_a0.05,1.7635446360667144,8,218
PHM08,cv,0,15,20,CNA_a0.10,3.701008775553914,30,218
PHM08,cv,0,15,20,CNA_a0.20,6.324993920685793,60,218
PHM08,cv,0,15,20,KAM_P1_heur,2.0308392756379425,11,218
PHM08,cv,0,15,20,KAM_P1_opt,1.0633594713451382,0,218
PHM08,cv,0,15,20,LBall_a0.05,6.4097852536712026,61,218
PHM08,cv,0,15,20,LBall_a0.10,10.301649437058405,106,218
PHM08,cv,0,15,20,LBall_a0.20,14.17047289049888,151,218
PHM08,cv,0,15,20,LBnear_a0.05,2.207812959733764,13,218
PHM08,cv,0,15,20,LBnear_a0.10,3.877138459370479,32,218
PHM08,cv,0,15,20,LBnear_a0.20,6.750665743020449,65,218
PHM08,cv,0,15,20,STW_cost_1se,1.0675075916841859,0,218
PHM08,cv,0,15,20,STW_cost_plain,1.6810489287553507,7,218
PHM08,cv,0,15,20,STW_window,1.084506039535822,0,218
PHM08,cv,0,15,20,age,1.9208294873070462,2,218
PHM08,cv,0,15,20,perfect,1.0,0,218
PHM08,cv,0,15,50,CNA_DA,1.0558173921079383,0,218
PHM08,cv,0,15,50,CNA_a0.05,2.907465481082962,8,218
PHM08,cv,0,15,50,CNA_a0.10,7.92804925524747,30,218
PHM08,cv,0,15,50,CNA_a0.20,14.708638292728816,60,218
PHM08,cv,0,15,50,KAM_P1_heur,1.9913285775301246,4,218
PHM08,cv,0,15,50,KAM_P1_opt,1.0633594713451382,0,218
PHM08,cv,0,15,50,LBall_a0.05,14.928236244388922,61,218
PHM08,cv,0,15,50,LBall_a0.10,24.978730624265268,106,218
PHM08,cv,0,15,50,LBall_a0.20,34.96485001844184,151,218
PHM08,cv,0,15,50,LBnear_a0.05,4.05952705499434,13,218
PHM08,cv,0,15,50,LBnear_a0.10,8.383255797137622,32,218
PHM08,cv,0,15,50,LBnear_a0.20,15.81040297556682,65,218
PHM08,cv,0,15,50,STW_cost_1se,1.0675075916841859,0,218
PHM08,cv,0,15,50,STW_cost_plain,2.686804698096159,7,218
PHM08,cv,0,15,50,STW_window,1.084506039535822,0,218
PHM08,cv,0,15,50,age,2.3710238983946352,2,218
PHM08,cv,0,15,50,perfect,1.0,0,218
PHM08,cv,1,0,5,CNA_DA,1.0904311990925488,3,218
PHM08,cv,1,0,5,CNA_a0.05,1.1772638965054687,8,218
PHM08,cv,1,0,5,CNA_a0.10,1.4299214556523117,22,218
PHM08,cv,1,0,5,CNA_a0.20,1.6628694463620273,35,218
PHM08,cv,1,0,5,KAM_P1_heur,1.919877743490663,49,218
PHM08,cv,1,0,5,KAM_P1_opt,1.0808044763358844,2,218
PHM08,cv,1,0,5,LBall_a0.05,1.482625775688757,25,218
PHM08,cv,1,0,5,LBall_a0.10,3.045092908680026,111,218
PHM08,cv,1,0,5,LBall_a0.20,4.903643149358214,214,218
PHM08,cv,1,0,5,LBnear_a0.05,1.0428075940124133,0,218
PHM08,cv,1,0,5,LBnear_a0.10,1.161009608056243,7,218
PHM08,cv,1,0,5,LBnear_a0.20,1.6466249166397284,34,218
PHM08,cv,1,0,5,STW_cost_1se,1.0523164778483929,0,218
PHM08,cv,1,0,5,STW_cost_plain,1.1603565189263145,7,218
PHM08,cv,1,0,5,STW_window,1.0484296496822594,0,218
PHM08,cv,1,0,5,age,1.703545347867409,7,218
PHM08,cv,1,0,5,perfect,1.0,0,218
PHM08,cv,1,0,10,CNA_DA,1.1615462772942369,3,218
PHM08,cv,1,0,10,CNA_a0.05,1.3656261199463438,8,218
PHM08,cv,1,0,10,CNA_a0.10,1.9439455083377832,22,218
PHM08,cv,1,0,10,CNA_a0.20,2.4757246226563145,35,218
PHM08,cv,1,0,10,KAM_P1_heur,3.0560372776819973,49,218
PHM08,cv,1,0,10,KAM_P1_opt,1.1286276832534012,2,218
PHM08,cv,1,0,10,LBall_a0.05,2.065418926509809,25,218
PHM08,cv,1,0,10,LBall_a0.10,5.598003126682162,111,218
PHM08,cv,1,0,10,LBall_a0.20,9.789023195739302,214,218
PHM08,cv,1,0,10,LBnear_a0.05,1.0428075940124133,0,218
PHM08,cv,1,0,10,LBnear_a0.10,1.3261939018853832,7,218
PHM08,cv,1,0,10,LBnear_a0.20,2.437376995252027,34,218
PHM08,cv,1,0,10,STW_cost_1se,1.0523164778483929,0,218
PHM08,cv,1,0,10,STW_cost_plain,1.3254478935703027,7,218
PHM08,cv,1,0,10,STW_window,1.0484296496822594,0,218
PHM08,cv,1,0,10,age,1.7707646836111832,2,218
PHM08,cv,1,0,10,perfect,1.0,0,218
PHM08,cv,1,0,20,CNA_DA,1.3037764336976128,3,218
PHM08,cv,1,0,20,CNA_a0.05,1.7423505668280936,8,218
PHM08,cv,1,0,20,CNA_a0.10,2.971993613708726,22,218
PHM08,cv,1,0,20,CNA_a0.20,4.101434975244889,35,218
PHM08,cv,1,0,20,KAM_P1_heur,1.8282906465130602,9,218
PHM08,cv,1,0,20,KAM_P1_opt,1.2242740970884354,2,218
PHM08,cv,1,0,20,LBall_a0.05,3.231005228151914,25,218
PHM08,cv,1,0,20,LBall_a0.10,10.703823562686434,111,218
PHM08,cv,1,0,20,LBall_a0.20,19.55978328850148,214,218
PHM08,cv,1,0,20,LBnear_a0.05,1.0428075940124133,0,218
PHM08,cv,1,0,20,LBnear_a0.10,1.656562489543664,7,218
PHM08,cv,1,0,20,LBnear_a0.20,4.018881152476625,34,218
PHM08,cv,1,0,20,STW_cost_1se,1.0523164778483929,0,218
PHM08,cv,1,0,20,STW_cost_plain,1.6556306428582785,7,218
PHM08,cv,1,0,20,STW_window,1.0484296496822594,0,218
PHM08,cv,1,0,20,age,1.9208294873070462,2,218
PHM08,cv,1,0,20,perfect,1.0,0,218
PHM08,cv,1,0,50,CNA_DA,1.7304669029077404,3,218
PHM08,cv,1,0,50,CNA_a0.05,2.8725239074733437,8,218
PHM08,cv,1,0,50,CNA_a0.10,6.056137929821555,22,218
PHM08,cv,1,0,50,CNA_a0.20,8.978566033010612,35,218
PHM08,cv,1,0,50,KAM_P1_heur,2.195631627903888,5,218
PHM08,cv,1,0,50,KAM_P1_opt,1.5112133385935373,2,218
PHM08,cv,1,0,50,LBall_a0.05,6.727764133078228,25,218
PHM08,cv,1,0,50,LBall_a0.10,26.021284870699255,111,218
PHM08,cv,1,0,50,LBall_a0.20,48.872063566788015,214,218
PHM08,cv,1,0,50,LBnear_a0.05,1.0428075940124133,0,218
PHM08,cv,1,0,50,LBnear_a0.10,2.6476682525185056,7,218
PHM08,cv,1,0,50,LBnear_a0.20,8.763393624150417,34,218
PHM08,cv,1,0,50,STW_cost_1se,1.0523164778483929,0,218
PHM08,cv,1,0,50,STW_cost_plain,2.6461788907222057,7,218
PHM08,cv,1,0,50,STW_window,1.0484296496822594,0,218
PHM08,cv,1,0,50,age,2.3710238983946352,2,218
PHM08,cv,1,0,50,perfect,1.0,0,218
PHM08,cv,1,5,5,CNA_DA,1.1129441973039063,4,218
PHM08,cv,1,5,5,CNA_a0.05,1.159965018008957,7,218
PHM08,cv,1,5,5,CNA_a0.10,1.3023303683071388,15,218
PHM08,cv,1,5,5,CNA_a0.20,1.795432528430922,42,218
PHM08,cv,1,5,5,KAM_P1_heur,1.556219576650528,29,218
PHM08,cv,1,5,5,KAM_P1_opt,1.097155516549293,3,218
PHM08,cv,1,5,5,LBall_a0.05,1.4109151637344077,21,218
PHM08,cv,1,5,5,LBall_a0.10,2.593816989231631,86,218
PHM08,cv,1,5,5,LBall_a0.20,4.201539621117723,175,218
PHM08,cv,1,5,5,LBnear_a0.05,1.0428789849615483,0,218
PHM08,cv,1,5,5,LBnear_a0.10,1.1239363959013926,5,218
PHM08,cv,1,5,5,LBnear_a0.20,1.6129203362894327,32,218
PHM08,cv,1,5,5,STW_cost_1se,1.056989545748913,0,218
PHM08,cv,1,5,5,STW_cost_plain,1.1463121985843832,6,218
PHM08,cv,1,5,5,STW_window,1.1076394973507466,2,218
PHM08,cv,1,5,5,age,1.703545347867409,7,218
PHM08,cv,1,5,5,perfect,1.0,0,218
PHM08,cv,1,5,10,CNA_DA,1.2080676329709068,4,218
PHM08,cv,1,5,10,CNA_a0.05,1.3250006913029142,7,218
PHM08,cv,1,5,10,CNA_a0.10,1.6536784892533094,15,218
PHM08,cv,1,5,10,CNA_a0.20,2.7722222459710606,42,218
PHM08,cv,1,5,10,KAM_P1_heur,1.571567475723571,13,218
PHM08,cv,1,5,10,KAM_P1_opt,1.1687091371938123,3,218
PHM08,cv,1,5,10,LBall_a0.05,1.9014651378804768,21,218
PHM08,cv,1,5,10,LBall_a0.10,4.578410059284303,86,218
PHM08,cv,1,5,10,LBall_a0.20,8.20627509876261,175,218
PHM08,cv,1,5,10,LBnear_a0.05,1.0428789849615483,0,218
PHM08,cv,1,5,10,LBnear_a0.10,1.241996941689354,5,218
PHM08,cv,1,5,10,LBnear_a0.20,2.3587794513365687,32,218
PHM08,cv,1,5,10,STW_cost_1se,1.056989545748913,0,218
PHM08,cv,1,5,10,STW_cost_plain,1.2884170165907116,6,218
PHM08,cv,1,5,10,STW_window,1.1566500945786558,2,218
PHM08,cv,1,5,10,age,1.7707646836111832,2,218
PHM08,cv,1,5,10,perfect,1.0,0,218
PHM08,cv,1,5,20,CNA_DA,1.3983145043049081,4,218
PHM08,cv,1,5,20,CNA_a0.05,1.6550720378908286,7,218
PHM08,cv,1,5,20,CNA_a0.10,2.3563747311456504,15,218
PHM08,cv,1,5,20,CNA_a0.20,4.725801681051338,42,218
PHM08,cv,1,5,20,KAM_P1_heur,1.5696827880108861,6,218
PHM08,cv,1,5,20,KAM_P1_opt,1.3118163784828503,3,218
PHM08,cv,1,5,20,LBall_a0.05,2.8825650861726144,21,218
PHM08,cv,1,5,20,LBall_a0.10,8.547596199389645,86,218
PHM08,cv,1,5,20,LBall_a0.20,16.21574605405239,175,218
PHM08,cv,1,5,20,LBnear_a0.05,1.0428789849615483,0,218
PHM08,cv,1,5,20,LBnear_a0.10,1.4781180332652768,5,218
PHM08,cv,1,5,20,LBnear_a0.20,3.8504976814308423,32,218
PHM08,cv,1,5,20,STW_cost_1se,1.056989545748913,0,218
PHM08,cv,1,5,20,STW_cost_plain,1.5726266526033688,6,218
PHM08,cv,1,5,20,STW_window,1.254671289034474,2,218
PHM08,cv,1,5,20,age,1.9208294873070462,2,218
PHM08,cv,1,5,20,perfect,1.0,0,218
PHM08,cv,1,5,50,CNA_DA,1.9690551183069112,4,218
PHM08,cv,1,5,50,CNA_a0.05,2.645286077654572,7,218
PHM08,cv,1,5,50,CNA_a0.10,4.464463456822673,15,218
PHM08,cv,1,5,50,CNA_a0.20,10.586539986292172,42,218
PHM08,cv,1,5,50,KAM_P1_heur,1.9691891496947205,4,218
PHM08,cv,1,5,50,KAM_P1_opt,1.7411381023499652,3,218
PHM08,cv,1,5,50,LBall_a0.05,5.825864931049028,21,218
PHM08,cv,1,5,50,LBall_a0.10,20.455154619705674,86,218
PHM08,cv,1,5,50,LBall_a0.20,40.24415891992172,175,218
PHM08,cv,1,5,50,LBnear_a0.05,1.0428789849615483,0,218
PHM08,cv,1,5,50,LBnear_a0.10,2.1864813079930454,5,218
PHM08,cv,1,5,50,LBnear_a0.20,8.32565237171366,32,218
PHM08,cv,1,5,50,STW_cost_1se,1.056989545748913,0,218
PHM08,cv,1,5,50,STW_cost_plain,2.4252555606413395,6,218
PHM08,cv,1,5,50,STW_window,1.548734872401929,2,218
PHM08,cv,1,5,50,age,2.3710238983946352,2,218
PHM08,cv,1,5,50,perfect,1.0,0,218
PHM08,cv,1,10,5,CNA_DA,1.0962852698117245,2,218
PHM08,cv,1,10,5,CNA_a0.05,1.155976681870083,6,218
PHM08,cv,1,10,5,CNA_a0.10,1.3291180754860357,16,218
PHM08,cv,1,10,5,CNA_a0.20,1.7830780101481034,41,218
PHM08,cv,1,10,5,KAM_P1_heur,1.6539647798680412,34,218
PHM08,cv,1,10,5,KAM_P1_opt,1.0969960225105002,2,218
PHM08,cv,1,10,5,LBall_a0.05,1.7297225856002463,38,218
PHM08,cv,1,10,5,LBall_a0.10,2.6884320219106392,91,218
PHM08,cv,1,10,5,LBall_a0.20,3.986551267676979,163,218
PHM08,cv,1,10,5,LBnear_a0.05,1.081816326898285,2,218
PHM08,cv,1,10,5,LBnear_a0.10,1.2572120963408242,12,218
PHM08,cv,1,10,5,LBnear_a0.20,1.8751385577904898,46,218
PHM08,cv,1,10,5,STW_cost_1se,1.0878572255748422,1,218
PHM08,cv,1,10,5,STW_cost_plain,1.1174315688368066,4,218
PHM08,cv,1,10,5,STW_window,1.1020514838166129,1,218
PHM08,cv,1,10,5,age,1.703545347867409,7,218
PHM08,cv,1,10,5,perfect,1.0,0,218
PHM08,cv,1,10,10,CNA_DA,1.1447934675910043,2,218
PHM08,cv,1,10,10,CNA_a0.05,1.2992795763167875,6,218
PHM08,cv,1,10,10,CNA_a0.10,1.7061728486735634,16,218
PHM08,cv,1,10,10,CNA_a0.20,2.7399654239710385,41,218
PHM08,cv,1,10,10,KAM_P1_heur,2.0829766551377302,25,218
PHM08,cv,1,10,10,KAM_P1_opt,1.1455356695242394,2,218
PHM08,cv,1,10,10,LBall_a0.05,2.6179585079355077,38,218
PHM08,cv,1,10,10,LBall_a0.10,4.790213069967926,91,218
PHM08,cv,1,10,10,LBall_a0.20,7.721079179351392,163,218
PHM08,cv,1,10,10,LBnear_a0.05,1.1296843059645807,2,218
PHM08,cv,1,10,10,LBnear_a0.10,1.5407937722071756,12,218
PHM08,cv,1,10,10,LBnear_a0.20,2.9479790261780834,46,218
PHM08,cv,1,10,10,STW_cost_1se,1.1123585144391404,1,218
PHM08,cv,1,10,10,STW_cost_plain,1.2129385405322601,4,218
PHM08,cv,1,10,10,STW_window,1.0947943367750284,0,218
PHM08,cv,1,10,10,age,1.7707646836111832,2,218
PHM08,cv,1,10,10,perfect,1.0,0,218
PHM08,cv,1,10,20,CNA_DA,1.2418098631495642,2,218
PHM08,cv,1,10,20,CNA_a0.05,1.5858853652101965,6,218
PHM08,cv,1,10,20,CNA_a0.10,2.460282395048619,16,218
PHM08,cv,1,10,20,CNA_a0.20,4.653740251616909,41,218
PHM08,cv,1,10,20,KAM_P1_heur,1.6689240549921855,7,218
PHM08,cv,1,10,20,KAM_P1_opt,1.2426149635517172,2,218
PHM08,cv,1,10,20,LBall_a0.05,4.394430352606031,38,218
PHM08,cv,1,10,20,LBall_a0.10,8.9937751660825,91,218
PHM08,cv,1,10,20,LBall_a0.20,15.190135002700215,163,218
PHM08,cv,1,10,20,LBnear_a0.05,1.2254202640971723,2,218
PHM08,cv,1,10,20,LBnear_a0.10,2.107957123939878,12,218
PHM08,cv,1,10,20,LBnear_a0.20,5.093659962953271,46,218
PHM08,cv,1,10,20,STW_cost_1se,1.1613610921677369,1,218
PHM08,cv,1,10,20,STW_cost_plain,1.4039524839231674,4,218
PHM08,cv,1,10,20,STW_window,1.0947943367750284,0,218
PHM08,cv,1,10,20,age,1.9208294873070462,2,218
PHM08,cv,1,10,20,perfect,1.0,0,218
PHM08,cv,1,10,50,CNA_DA,1.5328590498252432,2,218
PHM08,cv,1,10,50,CNA_a0.05,2.4457027318904236,6,218
PHM08,cv,1,10,50,CNA_a0.10,4.722611034173786,16,218
PHM08,cv,1,10,50,CNA_a0.20,10.395064734554518,41,218
PHM08,cv,1,10,50,KAM_P1_heur,1.5136996251913195,2,218
PHM08,cv,1,10,50,KAM_P1_opt,1.533852845634151,2,218
PHM08,cv,1,10,50,LBall_a0.05,9.723845886617601,38,218
PHM08,cv,1,10,50,LBall_a0.10,21.604461454426218,91,218
PHM08,cv,1,10,50,LBall_a0.20,37.59730247274669,163,218
PHM08,cv,1,10,50,LBnear_a0.05,1.512628138494947,2,218
PHM08,cv,1,10,50,LBnear_a0.10,3.8094471791379867,12,218
PHM08,cv,1,10,50,LBnear_a0.20,11.530702773278833,46,218
PHM08,cv,1,10,50,STW_cost_1se,1.3083688253535264,1,218
PHM08,cv,1,10,50,STW_cost_plain,1.9769943140958888,4,218
PHM08,cv,1,10,50,STW_window,1.0947943367750284,0,218
PHM08,cv,1,10,50,age,2.3710238983946352,2,218
PHM08,cv,1,10,50,perfect,1.0,0,218
PHM08,cv,1,15,5,CNA_DA,1.1881119618855351,6,218
PHM08,cv,1,15,5,CNA_a0.05,1.1997677963631233,8,218
PHM08,cv,1,15,5,CNA_a0.10,1.3906162024310271,19,218
PHM08,cv,1,15,5,CNA_a0.20,1.974976840458976,51,218
PHM08,cv,1,15,5,KAM_P1_heur,1.699410054043282,36,218
PHM08,cv,1,15,5,KAM_P1_opt,1.1526417698286333,4,218
PHM08,cv,1,15,5,LBall_a0.05,1.8636127977245576,45,218
PHM08,cv,1,15,5,LBall_a0.10,2.582690747986359,85,218
PHM08,cv,1,15,5,LBall_a0.20,3.843363898315835,155,218
PHM08,cv,1,15,5,LBnear_a0.05,1.1961532131449752,8,218
PHM08,cv,1,15,5,LBnear_a0.10,1.351708846162995,17,218
PHM08,cv,1,15,5,LBnear_a0.20,2.045701498419167,55,218
PHM08,cv,1,15,5,STW_cost_1se,1.1141777014294596,2,218
PHM08,cv,1,15,5,STW_cost_plain,1.1640934525137785,6,218
PHM08,cv,1,15,5,STW_window,1.132934722372746,2,218
PHM08,cv,1,15,5,age,1.703545347867409,7,218
PHM08,cv,1,15,5,perfect,1.0,0,218
PHM08,cv,1,15,10,CNA_DA,1.3353985687308494,6,218
PHM08,cv,1,15,10,CNA_a0.05,1.391730643781223,8,218
PHM08,cv,1,15,10,CNA_a0.10,1.8399649753254066,19,218
PHM08,cv,1,15,10,CNA_a0.20,3.168387016565703,51,218
PHM08,cv,1,15,10,KAM_P1_heur,1.8853424538827779,20,218
PHM08,cv,1,15,10,KAM_P1_opt,1.2511581604122772,4,218
PHM08,cv,1,15,10,LBall_a0.05,2.917162746186933,45,218
PHM08,cv,1,15,10,LBall_a0.10,4.549793916255539,85,218
PHM08,cv,1,15,10,LBall_a0.20,7.397787551292891,155,218
PHM08,cv,1,15,10,LBnear_a0.05,1.3875377272481713,8,218
PHM08,cv,1,15,10,LBnear_a0.10,1.7534404962464023,17,218
PHM08,cv,1,15,10,LBnear_a0.20,3.3301031241389634,55,218
PHM08,cv,1,15,10,STW_cost_1se,1.1634775997227986,2,218
PHM08,cv,1,15,10,STW_cost_plain,1.3084025581973047,6,218
PHM08,cv,1,15,10,STW_window,1.1830645773449913,2,218
PHM08,cv,1,15,10,age,1.7707646836111832,2,218
PHM08,cv,1,15,10,perfect,1.0,0,218
PHM08,cv,1,15,20,CNA_DA,1.6299717824214779,6,218
PHM08,cv,1,15,20,CNA_a0.05,1.7756563386174224,8,218
PHM08,cv,1,15,20,CNA_a0.10,2.7386625211141657,19,218
PHM08,cv,1,15,20,CNA_a0.20,5.555207368779157,51,218
PHM08,cv,1,15,20,KAM_P1_heur,1.7692164910354744,8,218
PHM08,cv,1,15,20,KAM_P1_opt,1.4481909415795648,4,218
PHM08,cv,1,15,20,LBall_a0.05,5.024262643111685,45,218
PHM08,cv,1,15,20,LBall_a0.10,8.4840002527939,85,218
PHM08,cv,1,15,20,LBall_a0.20,14.506634857247,155,218
PHM08,cv,1,15,20,LBnear_a0.05,1.7703067554545635,8,218
PHM08,cv,1,15,20,LBnear_a0.10,2.5569037964132177,17,218
PHM08,cv,1,15,20,LBnear_a0.20,5.898906375578556,55,218
PHM08,cv,1,15,20,STW_cost_1se,1.2620773963094767,2,218
PHM08,cv,1,15,20,STW_cost_plain,1.5970207695643572,6,218
PHM08,cv,1,15,20,STW_window,1.2833242872894821,2,218
PHM08,cv,1,15,20,age,1.9208294873070462,2,218
PHM08,cv,1,15,20,perfect,1.0,0,218
PHM08,cv,1,15,50,CNA_DA,2.513691423493363,6,218
PHM08,cv,1,15,50,CNA_a0.05,2.9274334231260206,8,218
PHM08,cv,1,15,50,CNA_a0.10,5.434755158480443,19,218
PHM08,cv,1,15,50,CNA_a0.20,12.71566842541952,51,218
PHM08,cv,1,15,50,KAM_P1_heur,2.7065296980660727,7,218
PHM08,cv,1,15,50,KAM_P1_opt,2.0392892850814284,4,218
PHM08,cv,1,15,50,LBall_a0.05,11.345562333885939,45,218
PHM08,cv,1,15,50,LBall_a0.10,20.286619262408983,85,218
PHM08,cv,1,15,50,LBall_a0.20,35.83317677510933,155,218
PHM08,cv,1,15,50,LBnear_a0.05,2.9186138400737396,8,218
PHM08,cv,1,15,50,LBnear_a0.10,4.967293696913663,17,218
PHM08,cv,1,15,50,LBnear_a0.20,13.605316129897336,55,218
PHM08,cv,1,15,50,STW_cost_1se,1.5578767860695102,2,218
PHM08,cv,1,15,50,STW_cost_plain,2.4628754036655147,6,218
PHM08,cv,1,15,50,STW_window,1.5841034171229544,2,218
PHM08,cv,1,15,50,age,2.3710238983946352,2,218
PHM08,cv,1,15,50,perfect,1.0,0,218
PHM08,cv,2,0,5,CNA_DA,1.074334207582564,2,218
PHM08,cv,2,0,5,CNA_a0.05,1.122899274182092,5,218
PHM08,cv,2,0,5,CNA_a0.10,1.3912353785233698,20,218
PHM08,cv,2,0,5,CNA_a0.20,1.7721086218717268,41,218
PHM08,cv,2,0,5,KAM_P1_heur,1.9931940704226068,53,218
PHM08,cv,2,0,5,KAM_P1_opt,1.0482613083769154,0,218
PHM08,cv,2,0,5,LBall_a0.05,1.8462513543433083,45,218
PHM08,cv,2,0,5,LBall_a0.10,3.5496043250585707,139,218
PHM08,cv,2,0,5,LBall_a0.20,4.922120658427531,215,218
PHM08,cv,2,0,5,LBnear_a0.05,1.0560618160590847,1,218
PHM08,cv,2,0,5,LBnear_a0.10,1.2110732685666368,10,218
PHM08,cv,2,0,5,LBnear_a0.20,1.9906411199536775,53,218
PHM08,cv,2,0,5,STW_cost_1se,1.0584093751447496,0,218
PHM08,cv,2,0,5,STW_cost_plain,1.0916656401900793,3,218
PHM08,cv,2,0,5,STW_window,1.0553785044570692,0,218
PHM08,cv,2,0,5,age,1.703545347867409,7,218
PHM08,cv,2,0,5,perfect,1.0,0,218
PHM08,cv,2,0,10,CNA_DA,1.1218711194225006,2,218
PHM08,cv,2,0,10,CNA_a0.05,1.2408508786129842,5,218
PHM08,cv,2,0,10,CNA_a0.10,1.85809288809497,20,218
PHM08,cv,2,0,10,CNA_a0.20,2.7231093220908478,41,218
PHM08,cv,2,0,10,KAM_P1_heur,3.221557858008632,53,218
PHM08,cv,2,0,10,KAM_P1_opt,1.0482613083769154,0,218
PHM08,cv,2,0,10,LBall_a0.05,2.889986416472063,45,218
PHM08,cv,2,0,10,LBall_a0.10,6.736910534251988,139,218
PHM08,cv,2,0,10,LBall_a0.20,9.830543392944781,215,218
PHM08,cv,2,0,10,LBnear_a0.05,1.0798469920964515,1,218
PHM08,cv,2,0,10,LBnear_a0.10,1.4457773903818765,10,218
PHM08,cv,2,0,10,LBnear_a0.20,3.217431577599549,53,218
PHM08,cv,2,0,10,STW_cost_1se,1.0584093751447496,0,218
PHM08,cv,2,0,10,STW_cost_plain,1.1628612254198671,3,218
PHM08,cv,2,0,10,STW_window,1.0553785044570692,0,218
PHM08,cv,2,0,10,age,1.7707646836111832,2,218
PHM08,cv,2,0,10,perfect,1.0,0,218
PHM08,cv,2,0,20,CNA_DA,1.2169449431023733,2,218
PHM08,cv,2,0,20,CNA_a0.05,1.4767540874747682,5,218
PHM08,cv,2,0,20,CNA_a0.10,2.791807907238171,20,218
PHM08,cv,2,0,20,CNA_a0.20,4.625110722529088,41,218
PHM08,cv,2,0,20,KAM_P1_heur,2.004597634081909,11,218
PHM08,cv,2,0,20,KAM_P1_opt,1.0482613083769154,0,218
PHM08,cv,2,0,20,LBall_a0.05,4.977456540729572,45,218
PHM08,cv,2,0,20,LBall_a0.10,13.111522952638826,139,218
PHM08,cv,2,0,20,LBall_a0.20,19.64738886197928,215,218
PHM08,cv,2,0,20,LBnear_a0.05,1.127417344171185,1,218
PHM08,cv,2,0,20,LBnear_a0.10,1.9151856340123559,10,218
PHM08,cv,2,0,20,LBnear_a0.20,5.6710124928912915,53,218
PHM08,cv,2,0,20,STW_cost_1se,1.0584093751447496,0,218
PHM08,cv,2,0,20,STW_cost_plain,1.3052523958794426,3,218
PHM08,cv,2,0,20,STW_window,1.0553785044570692,0,218
PHM08,cv,2,0,20,age,1.9208294873070462,2,218
PHM08,cv,2,0,20,perfect,1.0,0,218
PHM08,cv,2,0,50,CNA_DA,1.5021664141419921,2,218
PHM08,cv,2,0,50,CNA_a0.05,2.1844637140601204,5,218
PHM08,cv,2,0,50,CNA_a0.10,5.5929529646677745,20,218
PHM08,cv,2,0,50,CNA_a0.20,10.331114923843812,41,218
PHM08,cv,2,0,50,KAM_P1_heur,3.111515239929158,9,218
PHM08,cv,2,0,50,KAM_P1_opt,1.0482613083769154,0,218
PHM08,cv,2,0,50,LBall_a0.05,11.2398669135021,45,218
PHM08,cv,2,0,50,LBall_a0.10,32.23536020779934,139,218
PHM08,cv,2,0,50,LBall_a0.20,49.09792526908278,215,218
PHM08,cv,2,0,50,LBnear_a0.05,1.2701284003953857,1,218
PHM08,cv,2,0,50,LBnear_a0.10,3.3234103649037943,10,218
PHM08,cv,2,0,50,LBnear_a0.20,13.031755238766518,53,218
PHM08,cv,2,0,50,STW_cost_1se,1.0584093751447496,0,218
PHM08,cv,2,0,50,STW_cost_plain,1.7324259072581694,3,218
PHM08,cv,2,0,50,STW_window,1.0553785044570692,0,218
PHM08,cv,2,0,50,age,2.3710238983946352,2,218
PHM08,cv,2,0,50,perfect,1.0,0,218
PHM08,cv,2,5,5,CNA_DA,1.076849354945529,2,218
PHM08,cv,2,5,5,CNA_a0.05,1.1412321476739582,6,218
PHM08,cv,2,5,5,CNA_a0.10,1.375348346240809,19,218
PHM08,cv,2,5,5,CNA_a0.20,1.809981862606707,43,218
PHM08,cv,2,5,5,KAM_P1_heur,1.739268651971649,39,218
PHM08,cv,2,5,5,KAM_P1_opt,1.0617478579597495,1,218
PHM08,cv,2,5,5,LBall_a0.05,1.554940842405129,29,218
PHM08,cv,2,5,5,LBall_a0.10,2.8447599088551923,100,218
PHM08,cv,2,5,5,LBall_a0.20,4.25506821765093,178,218
PHM08,cv,2,5,5,LBnear_a0.05,1.0754072005489386,2,218
PHM08,cv,2,5,5,LBnear_a0.10,1.1758112016677273,8,218
PHM08,cv,2,5,5,LBnear_a0.20,1.7372646198444048,39,218
PHM08,cv,2,5,5,STW_cost_1se,1.0596118620881543,0,218
PHM08,cv,2,5,5,STW_cost_plain,1.1094955881837236,4,218
PHM08,cv,2,5,5,STW_window,1.0726871524741672,1,218
PHM08,cv,2,5,5,age,1.703545347867409,7,218
PHM08,cv,2,5,5,perfect,1.0,0,218
PHM08,cv,2,5,10,CNA_DA,1.1244975564917914,2,218
PHM08,cv,2,5,10,CNA_a0.05,1.2827072073029613,6,218
PHM08,cv,2,5,10,CNA_a0.10,1.8197636281893694,19,218
PHM08,cv,2,5,10,CNA_a0.20,2.8077923766078405,43,218
PHM08,cv,2,5,10,KAM_P1_heur,1.7829528516465365,18,218
PHM08,cv,2,5,10,KAM_P1_opt,1.085661098003888,1,218
PHM08,cv,2,5,10,LBall_a0.05,2.2299900105151402,29,218
PHM08,cv,2,5,10,LBall_a0.10,5.146345595631238,100,218
PHM08,cv,2,5,10,LBall_a0.20,8.327122748521175,178,218
PHM08,cv,2,5,10,LBnear_a0.05,1.122991589953759,2,218
PHM08,cv,2,5,10,LBnear_a0.10,1.363940993934564,8,218
PHM08,cv,2,5,10,LBnear_a0.20,2.643057670298038,39,218
PHM08,cv,2,5,10,STW_cost_1se,1.0596118620881543,0,218
PHM08,cv,2,5,10,STW_cost_plain,1.2043242709344695,4,218
PHM08,cv,2,5,10,STW_window,1.0968467730253872,1,218
PHM08,cv,2,5,10,age,1.7707646836111832,2,218
PHM08,cv,2,5,10,perfect,1.0,0,218
PHM08,cv,2,5,20,CNA_DA,1.219793959584316,2,218
PHM08,cv,2,5,20,CNA_a0.05,1.5656573265609675,6,218
PHM08,cv,2,5,20,CNA_a0.10,2.708594192086491,19,218
PHM08,cv,2,5,20,CNA_a0.20,4.803413404610107,43,218
PHM08,cv,2,5,20,KAM_P1_heur,1.3866115481403691,4,218
PHM08,cv,2,5,20,KAM_P1_opt,1.1334875780921652,1,218
PHM08,cv,2,5,20,LBall_a0.05,3.5800883467351627,29,218
PHM08,cv,2,5,20,LBall_a0.10,9.74951696918333,100,218
PHM08,cv,2,5,20,LBall_a0.20,16.471231810261663,178,218
PHM08,cv,2,5,20,LBnear_a0.05,1.2181603687633995,2,218
PHM08,cv,2,5,20,LBnear_a0.10,1.7402005784682368,8,218
PHM08,cv,2,5,20,LBnear_a0.20,4.454643771205305,39,218
PHM08,cv,2,5,20,STW_cost_1se,1.0596118620881543,0,218
PHM08,cv,2,5,20,STW_cost_plain,1.3939816364359605,4,218
PHM08,cv,2,5,20,STW_window,1.145166014127827,1,218
PHM08,cv,2,5,20,age,1.9208294873070462,2,218
PHM08,cv,2,5,20,perfect,1.0,0,218
PHM08,cv,2,5,50,CNA_DA,1.5056831688618901,2,218
PHM08,cv,2,5,50,CNA_a0.05,2.414507684334986,6,218
PHM08,cv,2,5,50,CNA_a0.10,5.375085883777855,19,218
PHM08,cv,2,5,50,CNA_a0.20,10.790276488616907,43,218
PHM08,cv,2,5,50,KAM_P1_heur,1.276967018356996,1,218
PHM08,cv,2,5,50,KAM_P1_opt,1.276967018356996,1,218
PHM08,cv,2,5,50,LBall_a0.05,7.630383355395229,29,218
PHM08,cv,2,5,50,LBall_a0.10,23.559031089839603,100,218
PHM08,cv,2,5,50,LBall_a0.20,40.903558995483124,178,218
PHM08,cv,2,5,50,LBnear_a0.05,1.5036667051923212,2,218
PHM08,cv,2,5,50,LBnear_a0.10,2.868979332069255,8,218
PHM08,cv,2,5,50,LBnear_a0.20,9.889402073927107,39,218
PHM08,cv,2,5,50,STW_cost_1se,1.0596118620881543,0,218
PHM08,cv,2,5,50,STW_cost_plain,1.962953732940434,4,218
PHM08,cv,2,5,50,STW_window,1.290123737435147,1,218
PHM08,cv,2,5,50,age,2.3710238983946352,2,218
PHM08,cv,2,5,50,perfect,1.0,0,218
PHM08,cv,2,10,5,CNA_DA,1.0666146889918349,1,218
PHM08,cv,2,10,5,CNA_a0.05,1.2055785765577396,9,218
PHM08,cv,2,10,5,CNA_a0.10,1.438482899538466,22,218
PHM08,cv,2,10,5,CNA_a0.20,1.7979857487802071,42,218
PHM08,cv,2,10,5,KAM_P1_heur,1.6345108965008694,33,218
PHM08,cv,2,10,5,KAM_P1_opt,1.0734541705515466,1,218
PHM08,cv,2,10,5,LBall_a0.05,1.7612305388440108,40,218
PHM08,cv,2,10,5,LBall_a0.10,2.794553656677426,97,218
PHM08,cv,2,10,5,LBall_a0.20,3.8959283161225136,158,218
PHM08,cv,2,10,5,LBnear_a0.05,1.114208159732135,4,218
PHM08,cv,2,10,5,LBnear_a0.10,1.3834368146294753,19,218
PHM08,cv,2,10,5,LBnear_a0.20,1.9252012731698187,49,218
PHM08,cv,2,10,5,STW_cost_1se,1.0651439226197414,0,218
PHM08,cv,2,10,5,STW_cost_plain,1.2090551541967687,9,218
PHM08,cv,2,10,5,STW_window,1.0893661652880742,0,218
PHM08,cv,2,10,5,age,1.703545347867409,7,218
PHM08,cv,2,10,5,perfect,1.0,0,218
PHM08,cv,2,10,10,CNA_DA,1.090637542347507,1,218
PHM08,cv,2,10,10,CNA_a0.05,1.419165332247103,9,218
PHM08,cv,2,10,10,CNA_a0.10,1.9555845954509865,22,218
PHM08,cv,2,10,10,CNA_a0.20,2.776164524023325,42,218
PHM08,cv,2,10,10,KAM_P1_heur,1.7467064908370207,17,218
PHM08,cv,2,10,10,KAM_P1_opt,1.0976310662846895,1,218
PHM08,cv,2,10,10,LBall_a0.05,2.693098548814387,40,218
PHM08,cv,2,10,10,LBall_a0.10,5.0311188769555635,97,218
PHM08,cv,2,10,10,LBall_a0.20,7.516849927577556,158,218
PHM08,cv,2,10,10,LBnear_a0.05,1.2094396263759073,4,218
PHM08,cv,2,10,10,LBnear_a0.10,1.8304657173158703,19,218
PHM08,cv,2,10,10,LBnear_a0.20,3.064511205359687,49,218
PHM08,cv,2,10,10,STW_cost_1se,1.0651439226197414,0,218
PHM08,cv,2,10,10,STW_cost_plain,1.4232578389954087,9,218
PHM08,cv,2,10,10,STW_window,1.1012048192771087,0,218
PHM08,cv,2,10,10,age,1.7707646836111832,2,218
PHM08,cv,2,10,10,perfect,1.0,0,218
PHM08,cv,2,10,20,CNA_DA,1.138683249058851,1,218
PHM08,cv,2,10,20,CNA_a0.05,1.8463388436258297,9,218
PHM08,cv,2,10,20,CNA_a0.10,2.9897879872760273,22,218
PHM08,cv,2,10,20,CNA_a0.20,4.732522074509561,42,218
PHM08,cv,2,10,20,KAM_P1_heur,1.8413775844831781,9,218
PHM08,cv,2,10,20,KAM_P1_opt,1.1459848577509752,1,218
PHM08,cv,2,10,20,LBall_a0.05,4.556834568755138,40,218
PHM08,cv,2,10,20,LBall_a0.10,9.504249317511839,97,218
PHM08,cv,2,10,20,LBall_a0.20,14.758693150487643,158,218
PHM08,cv,2,10,20,LBnear_a0.05,1.3999025596634518,4,218
PHM08,cv,2,10,20,LBnear_a0.10,2.7245235226886604,19,218
PHM08,cv,2,10,20,LBnear_a0.20,5.343131069739424,49,218
PHM08,cv,2,10,20,STW_cost_1se,1.0651439226197414,0,218
PHM08,cv,2,10,20,STW_cost_plain,1.8516632085926892,9,218
PHM08,cv,2,10,20,STW_window,1.1012048192771087,0,218
PHM08,cv,2,10,20,age,1.9208294873070462,2,218
PHM08,cv,2,10,20,perfect,1.0,0,218
PHM08,cv,2,10,50,CNA_DA,1.2828203691928828,1,218
PHM08,cv,2,10,50,CNA_a0.05,3.1278593777620096,9,218
PHM08,cv,2,10,50,CNA_a0.10,6.0923981627511505,22,218
PHM08,cv,2,10,50,CNA_a0.20,10.601594725968267,42,218
PHM08,cv,2,10,50,KAM_P1_heur,1.2788927100631509,1,218
PHM08,cv,2,10,50,KAM_P1_opt,1.291046232149833,1,218
PHM08,cv,2,10,50,LBall_a0.05,10.148042628577395,40,218
PHM08,cv,2,10,50,LBall_a0.10,22.923640639180665,97,218
PHM08,cv,2,10,50,LBall_a0.20,36.4842228192179,158,218
PHM08,cv,2,10,50,LBnear_a0.05,1.971291359526085,4,218
PHM08,cv,2,10,50,LBnear_a0.10,5.406696938807031,19,218
PHM08,cv,2,10,50,LBnear_a0.20,12.178990662878634,49,218
PHM08,cv,2,10,50,STW_cost_1se,1.0651439226197414,0,218
PHM08,cv,2,10,50,STW_cost_plain,3.1368793173845297,9,218
PHM08,cv,2,10,50,STW_window,1.1012048192771087,0,218
PHM08,cv,2,10,50,age,2.3710238983946352,2,218
PHM08,cv,2,10,50,perfect,1.0,0,218
PHM08,cv,2,15,5,CNA_DA,1.091159727773175,2,218
PHM08,cv,2,15,5,CNA_a0.05,1.2157911451005958,9,218
PHM08,cv,2,15,5,CNA_a0.10,1.3882043852454697,19,218
PHM08,cv,2,15,5,CNA_a0.20,1.876182226422517,46,218
PHM08,cv,2,15,5,KAM_P1_heur,1.6759781114632084,35,218
PHM08,cv,2,15,5,KAM_P1_opt,1.1037944229109429,2,218
PHM08,cv,2,15,5,LBall_a0.05,1.8390909319328606,44,218
PHM08,cv,2,15,5,LBall_a0.10,2.8179586766784377,98,218
PHM08,cv,2,15,5,LBall_a0.20,3.862977024365043,156,218
PHM08,cv,2,15,5,LBnear_a0.05,1.2285417295320151,10,218
PHM08,cv,2,15,5,LBnear_a0.10,1.4216557601708122,21,218
PHM08,cv,2,15,5,LBnear_a0.20,2.0210305872215857,54,218
PHM08,cv,2,15,5,STW_cost_1se,1.1432130424938118,4,218
PHM08,cv,2,15,5,STW_cost_plain,1.1961805144759305,8,218
PHM08,cv,2,15,5,STW_window,1.1518298215545923,4,218
PHM08,cv,2,15,5,age,1.703545347867409,7,218
PHM08,cv,2,15,5,perfect,1.0,0,218
PHM08,cv,2,15,10,CNA_DA,1.139441131656944,2,218
PHM08,cv,2,15,10,CNA_a0.05,1.4311872141144808,9,218
PHM08,cv,2,15,10,CNA_a0.10,1.8367738294574414,19,218
PHM08,cv,2,15,10,CNA_a0.20,2.949619818654305,46,218
PHM08,cv,2,15,10,KAM_P1_heur,1.9255826627058807,21,218
PHM08,cv,2,15,10,KAM_P1_opt,1.1526348841016925,2,218
PHM08,cv,2,15,10,LBall_a0.05,2.865994497986742,44,218
PHM08,cv,2,15,10,LBall_a0.10,5.081564826797183,98,218
PHM08,cv,2,15,10,LBall_a0.20,7.441506809406295,156,218
PHM08,cv,2,15,10,LBnear_a0.05,1.4666312119994598,10,218
PHM08,cv,2,15,10,LBnear_a0.10,1.915940047647419,21,218
PHM08,cv,2,15,10,LBnear_a0.20,3.2783537636036786,54,218
PHM08,cv,2,15,10,STW_cost_1se,1.2409235589462744,4,218
PHM08,cv,2,15,10,STW_cost_plain,1.3875693967920795,8,218
PHM08,cv,2,15,10,STW_window,1.2502768148498566,4,218
PHM08,cv,2,15,10,age,1.7707646836111832,2,218
PHM08,cv,2,15,10,perfect,1.0,0,218
PHM08,cv,2,15,20,CNA_DA,1.2360039394244815,2,218
PHM08,cv,2,15,20,CNA_a0.05,1.861979352142251,9,218
PHM08,cv,2,15,20,CNA_a0.10,2.7339127178813842,19,218
PHM08,cv,2,15,20,CNA_a0.20,5.096495003117882,46,218
PHM08,cv,2,15,20,KAM_P1_heur,2.0320379276814053,11,218
PHM08,cv,2,15,20,KAM_P1_opt,1.2503158064831918,2,218
PHM08,cv,2,15,20,LBall_a0.05,4.919801630094505,44,218
PHM08,cv,2,15,20,LBall_a0.10,9.608777127034674,98,218
PHM08,cv,2,15,20,LBall_a0.20,14.598566379488801,156,218
PHM08,cv,2,15,20,LBnear_a0.05,1.9428101769343495,10,218
PHM08,cv,2,15,20,LBnear_a0.10,2.904508622600633,21,218
PHM08,cv,2,15,20,LBnear_a0.20,5.793000116367864,54,218
PHM08,cv,2,15,20,STW_cost_1se,1.4363445918511997,4,218
PHM08,cv,2,15,20,STW_cost_plain,1.770347161424377,8,218
PHM08,cv,2,15,20,STW_window,1.447170801440385,4,218
PHM08,cv,2,15,20,age,1.9208294873070462,2,218
PHM08,cv,2,15,20,perfect,1.0,0,218
PHM08,cv,2,15,50,CNA_DA,1.5256923627270944,2,218
PHM08,cv,2,15,50,CNA_a0.05,3.1543557662255615,9,218
PHM08,cv,2,15,50,CNA_a0.10,5.425329383153214,19,218
PHM08,cv,2,15,50,CNA_a0.20,11.537120556508611,46,218
PHM08,cv,2,15,50,KAM_P1_heur,2.7036053343839392,7,218
PHM08,cv,2,15,50,KAM_P1_opt,1.54335857362769,2,218
PHM08,cv,2,15,50,LBall_a0.05,11.081223026417794,44,218
PHM08,cv,2,15,50,LBall_a0.10,23.190414027747146,98,218
PHM08,cv,2,15,50,LBall_a0.20,36.06974508973631,156,218
PHM08,cv,2,15,50,LBnear_a0.05,3.3713470717390184,10,218
PHM08,cv,2,15,50,LBnear_a0.10,5.870214347460275,21,218
PHM08,cv,2,15,50,LBnear_a0.20,13.33693917466042,54,218
PHM08,cv,2,15,50,STW_cost_1se,2.022607690565975,4,218
PHM08,cv,2,15,50,STW_cost_plain,2.9186804553212706,8,218
PHM08,cv,2,15,50,STW_window,2.0378527612119712,4,218
PHM08,cv,2,15,50,age,2.3710238983946352,2,218
PHM08,cv,2,15,50,perfect,1.0,0,218
