dataset,analysis,lead,rho,comparator,ratio,lo,hi,cna_better,cna_worse
BATTERY,cv,0,5,age,0.5007821941505831,0.43989359376008247,0.565853467627955,True,False
BATTERY,cv,0,5,STW_window,0.9760660123527555,0.9152472712560393,1.0109887818765253,False,False
BATTERY,cv,0,5,STW_cost_1se,0.9859431888852523,0.9493753883312682,1.0513356827740845,False,False
BATTERY,cv,0,5,STW_cost_plain,0.9631162095704294,0.8813877424232007,1.0268367678890633,False,False
BATTERY,cv,0,5,KAM_P1_heur,0.21623220110706806,0.20828527470617392,0.23065914822271308,True,False
BATTERY,cv,0,5,KAM_P1_opt,0.9959150506226253,0.9941555974075132,0.9976686133954334,True,False
BATTERY,cv,0,5,LBnear_a0.10,0.9384105479984711,0.8520609566316818,1.0285145860081786,False,False
BATTERY,cv,0,5,trend_window,1.0618634675574348,1.0232263504647914,1.1324397182052803,False,True
BATTERY,cv,0,5,trend_cost_1se,1.031760668890373,0.9947233464748598,1.0990504885677017,False,False
BATTERY,cv,0,5,CNAtrend_DA,1.0079606720937067,0.8998662622192485,1.108804627290388,False,False
BATTERY,cv,0,10,age,0.5038745525223465,0.4225791685630252,0.5891605441105322,True,False
BATTERY,cv,0,10,STW_window,0.942543892645549,0.8238901154240185,1.0109887818765253,False,False
BATTERY,cv,0,10,STW_cost_1se,1.0247598498649868,0.9493753883312682,1.1681507586378719,False,False
BATTERY,cv,0,10,STW_cost_plain,0.9009307535194254,0.7572193115892365,1.0268367678890633,False,False
BATTERY,cv,0,10,KAM_P1_heur,0.9612434470019638,0.8409633374226965,1.0323904659783865,False,False
BATTERY,cv,0,10,KAM_P1_opt,0.9959150506226254,0.9941555974075132,0.9976686133954334,True,False
BATTERY,cv,0,10,LBnear_a0.10,0.8526695753318451,0.7105321611618017,1.0285145860081788,False,False
BATTERY,cv,0,10,trend_window,1.1036691158864678,1.0232263504647914,1.2582663535614225,False,True
BATTERY,cv,0,10,trend_cost_1se,1.0723811676655848,0.9947233464748598,1.2211672095196684,False,False
BATTERY,cv,0,10,CNAtrend_DA,0.9733431586443501,0.775149831998873,1.1922150566750451,False,False
BATTERY,cv,0,20,age,0.4517057225894772,0.3330184795867632,0.5889629454705264,True,False
BATTERY,cv,0,20,STW_window,0.887992368649971,0.6878183037744742,1.0109887818765253,False,False
BATTERY,cv,0,20,STW_cost_1se,1.1023931718244555,0.9493753883312682,1.4017809103654462,False,False
BATTERY,cv,0,20,STW_cost_plain,0.8076525694429193,0.6082144930097747,1.0268367678890633,False,False
BATTERY,cv,0,20,KAM_P1_heur,0.9056096506622117,0.7010037518604685,1.0323904659783865,False,False
BATTERY,cv,0,20,KAM_P1_opt,0.9959150506226253,0.9941555974075132,0.9976686133954334,True,False
BATTERY,cv,0,20,LBnear_a0.10,0.732890729094046,0.532096229733695,1.0285145860081786,False,False
BATTERY,cv,0,20,trend_window,1.1872804125445335,1.0232263504647914,1.509919624273707,False,True
BATTERY,cv,0,20,trend_cost_1se,1.153622165216008,0.9947233464748598,1.4654006514236024,False,False
BATTERY,cv,0,20,CNAtrend_DA,0.917009068434838,0.6227661385199998,1.3613152265387574,False,False
BATTERY,cv,0,50,age,0.3199064116692055,0.1916566720895492,0.43257854165365617,True,False
BATTERY,cv,0,50,STW_window,0.783579270685584,0.45963028489669683,1.0109887818765253,False,False
BATTERY,cv,0,50,STW_cost_1se,1.3352931377028616,0.9493753883312682,2.102671365548169,False,False
BATTERY,cv,0,50,STW_cost_plain,0.652188929315409,0.39263740929013663,1.0268367678890633,False,False
BATTERY,cv,0,50,KAM_P1_heur,0.7991250540481157,0.4685814199161411,1.0323904659783865,False,False
BATTERY,cv,0,50,KAM_P1_opt,0.9959150506226254,0.9941555974075132,0.9976686133954334,True,False
BATTERY,cv,0,50,LBnear_a0.10,0.5537856831522585,0.3116696996613025,1.0285145860081788,False,False
BATTERY,cv,0,50,trend_window,1.4381143025187308,1.0232263504647914,2.2648794364105607,False,True
BATTERY,cv,0,50,trend_cost_1se,1.397345157867277,0.9947233464748598,2.1981009771354034,False,False
BATTERY,cv,0,50,CNAtrend_DA,0.8091840903415186,0.3991510474919684,1.8686376712115862,False,False
BATTERY,cv,15,5,age,0.5360180760016166,0.4639075182139248,0.6185796146341473,True,False
BATTERY,cv,15,5,STW_window,1.046965653286273,1.0115429803804223,1.115678239036446,False,True
BATTERY,cv,15,5,STW_cost_1se,1.0518570797888565,0.9588269075110144,1.1733195367569675,False,False
BATTERY,cv,15,5,STW_cost_plain,0.9977268353938793,0.9373161146031995,1.0328102278617957,False,False
BATTERY,cv,15,5,KAM_P1_heur,0.8002764294165127,0.6893120430635512,0.9332515392057172,True,False
BATTERY,cv,15,5,KAM_P1_opt,1.0285402610793544,0.9971950214279219,1.0949118688668393,False,False
BATTERY,cv,15,5,LBnear_a0.10,0.9248332398355072,0.8247539144513715,1.0097374058816704,False,False
BATTERY,cv,15,5,trend_window,1.1152794269901367,1.0182149305733297,1.2406404385540157,False,True
BATTERY,cv,15,5,trend_cost_1se,1.096675053040737,1.0010492424424713,1.2201179466733882,False,True
BATTERY,cv,15,5,CNAtrend_DA,1.1018263234460988,0.9806036389110327,1.2375985127688822,False,False
BATTERY,cv,15,10,age,0.5765543626090515,0.45834431057942304,0.7235680863458068,True,False
BATTERY,cv,15,10,STW_window,1.080791966749423,1.0115429803804223,1.2340808622482013,False,True
BATTERY,cv,15,10,STW_cost_1se,1.168730088654285,0.9588269075110144,1.4452810187867282,False,False
BATTERY,cv,15,10,STW_cost_plain,0.9691406716963609,0.852940159627632,1.0328102278617957,False,False
BATTERY,cv,15,10,KAM_P1_heur,1.0987539973458071,1.0274577026336535,1.2540236464007617,False,True
BATTERY,cv,15,10,KAM_P1_opt,1.0617712703025644,0.9971950214279218,1.2165357195837254,False,False
BATTERY,cv,15,10,LBnear_a0.10,0.8342283107237849,0.6837542726628398,0.9836426023681621,True,False
BATTERY,cv,15,10,trend_window,1.2391993633223743,1.0182149305733297,1.5282061031195162,False,True
BATTERY,cv,15,10,trend_cost_1se,1.21852783671193,1.0010492424424713,1.5029267422599353,False,True
BATTERY,cv,15,10,CNAtrend_DA,1.177878308734466,0.9185658801091156,1.4897242127687724,False,False
BATTERY,cv,15,20,age,0.5765543626090515,0.3854978595042365,0.8487436059593081,True,False
BATTERY,cv,15,20,STW_window,1.1358385141242382,1.0115429803804223,1.4390137751818137,False,True
BATTERY,cv,15,20,STW_cost_1se,1.402476106385142,0.9588269075110144,1.9892039828462496,False,False
BATTERY,cv,15,20,STW_cost_plain,0.9292062319581187,0.7470282536133411,1.0328102278617954,False,False
BATTERY,cv,15,20,KAM_P1_heur,1.1547153810615562,1.0274577026336535,1.4585939654041782,False,True
BATTERY,cv,15,20,KAM_P1_opt,1.1158490617092789,0.9971950214279218,1.4183610137880136,False,False
BATTERY,cv,15,20,LBnear_a0.10,0.7273428084123,0.5315706194627515,0.9544034276805783,True,False
BATTERY,cv,15,20,trend_window,1.487039235986849,1.0182149305733297,2.1033374322505165,False,True
BATTERY,cv,15,20,trend_cost_1se,1.4622334040543161,1.0010492424424713,2.0685443334330293,False,True
BATTERY,cv,15,20,CNAtrend_DA,1.3139149584756296,0.8377519267295715,1.9916107268429848,False,False
BATTERY,cv,15,50,age,0.505660198752,0.2608566453945933,0.9555767714266532,True,False
BATTERY,cv,15,50,STW_window,1.241199100276034,1.0115429803804223,1.8935777977028758,False,True
BATTERY,cv,15,50,STW_cost_1se,2.103714159577713,0.9588269075110144,3.6209728750248136,False,False
BATTERY,cv,15,50,STW_cost_plain,0.8694923518479575,0.5737678633841858,1.0328102278617957,False,False
BATTERY,cv,15,50,KAM_P1_heur,1.2567612008574163,1.0233878698397136,1.920244562446058,False,True
BATTERY,cv,15,50,KAM_P1_opt,1.2193554226370624,0.9971950214279218,1.852555143056186,False,False
BATTERY,cv,15,50,LBnear_a0.10,0.5993554472753717,0.3454840112523585,0.916857284634492,True,False
BATTERY,cv,15,50,trend_window,2.2305588539802734,1.0182149305733297,3.828731419643519,False,True
BATTERY,cv,15,50,trend_cost_1se,2.193350106081474,1.0010492424424713,3.765397106952311,False,True
BATTERY,cv,15,50,CNAtrend_DA,1.6271156171820296,0.7173716775178611,3.4821377218918292,False,False
BATTERY,cv,30,5,age,0.5204756033858553,0.45633597886987926,0.5925505723603403,True,False
BATTERY,cv,30,5,STW_window,0.9712078221173154,0.8825308250550966,1.0652560477206403,False,False
BATTERY,cv,30,5,STW_cost_1se,1.0125192277592172,0.9469814635947221,1.104479054195918,False,False
BATTERY,cv,30,5,STW_cost_plain,0.9405621486280925,0.8499918479129146,1.0247810424317245,False,False
BATTERY,cv,30,5,KAM_P1_heur,0.7760775772136692,0.6740411648247259,0.8994796340043729,True,False
BATTERY,cv,30,5,KAM_P1_opt,0.9915136092055764,0.9080321712258683,1.083501371639049,False,False
BATTERY,cv,30,5,LBnear_a0.10,0.8313892128260093,0.7229688823985683,0.9495489196412309,True,False
BATTERY,cv,30,5,trend_window,1.065229194889869,0.9974805258350222,1.1614573183581607,False,False
BATTERY,cv,30,5,trend_cost_1se,1.05649722850404,0.9894563577811394,1.1522099820868161,False,False
BATTERY,cv,30,5,CNAtrend_DA,1.0561935345601163,0.9592849728688857,1.1595890863122313,False,False
BATTERY,cv,30,10,age,0.5423148926753707,0.443834094587138,0.6574682599010122,True,False
BATTERY,cv,30,10,STW_window,0.9408112414250941,0.7722182149920994,1.1404034642294698,False,False
BATTERY,cv,30,10,STW_cost_1se,1.0898107718629741,0.9469814635947221,1.2975697979364629,False,False
BATTERY,cv,30,10,STW_cost_plain,0.8617118594505737,0.7118982686851825,1.0247810424317247,False,False
BATTERY,cv,30,10,KAM_P1_heur,0.8669771283153668,0.7140458933309927,1.0332631634184215,False,False
BATTERY,cv,30,10,KAM_P1_opt,0.9915136092055764,0.8319089725748449,1.1924538476949702,False,False
BATTERY,cv,30,10,LBnear_a0.10,0.6847944048446465,0.5311788005978062,0.8708847235790643,True,False
BATTERY,cv,30,10,trend_window,1.1465444006066525,0.9974805258350222,1.364509297092105,False,False
BATTERY,cv,30,10,trend_cost_1se,1.1371458719012948,0.9894563577811394,1.3536452936404553,False,False
BATTERY,cv,30,10,CNAtrend_DA,1.093757669637289,0.8923985644167637,1.3260352515416935,False,False
BATTERY,cv,30,20,age,0.5160324924393302,0.36344443060417486,0.7278129740532046,True,False
BATTERY,cv,30,20,STW_window,0.8952163703867622,0.6193375932353743,1.2747817735684257,False,False
BATTERY,cv,30,20,STW_cost_1se,1.2443938600704885,0.9469814635947221,1.6837512854175531,False,False
BATTERY,cv,30,20,STW_cost_plain,0.7582660672268567,0.5352609281518135,1.0247810424317247,False,False
BATTERY,cv,30,20,KAM_P1_heur,0.7628992571629268,0.5619905338474277,1.0332631634184215,False,False
BATTERY,cv,30,20,KAM_P1_opt,0.9915136092055765,0.732040922968456,1.36852353679454,False,False
BATTERY,cv,30,20,LBnear_a0.10,0.5321109946148566,0.3621166884529501,0.7676665730290935,True,False
BATTERY,cv,30,20,trend_window,1.3091748120402205,0.9974805258350222,1.770613254559993,False,False
BATTERY,cv,30,20,trend_cost_1se,1.2984431586958047,0.9894563577811394,1.7565159167477338,False,False
BATTERY,cv,30,20,CNAtrend_DA,1.1609498549161756,0.7815415998929421,1.658806771484412,False,False
BATTERY,cv,30,50,age,0.4141624253153352,0.22924886142222642,0.7462429660823194,True,False
BATTERY,cv,30,50,STW_window,0.8192249186562087,0.41075932592006775,1.5758794269537504,False,False
BATTERY,cv,30,50,STW_cost_1se,1.7081431246930305,0.9469814635947221,2.8422957478608235,False,False
BATTERY,cv,30,50,STW_cost_plain,0.6165903083117658,0.3427024433623073,1.0247810424317245,False,False
BATTERY,cv,30,50,KAM_P1_heur,0.60734095533833,0.33831301748282455,1.0116188869386342,False,False
BATTERY,cv,30,50,KAM_P1_opt,0.9915136092055763,0.5509833520146574,1.783871326732674,False,False
BATTERY,cv,30,50,LBnear_a0.10,0.3729516159250754,0.1928157730804421,0.6392681555934911,True,False
BATTERY,cv,30,50,trend_window,1.7970660463409236,0.9974805258350222,2.9889251269636583,False,False
BATTERY,cv,30,50,trend_cost_1se,1.7823350190793343,0.9894563577811394,2.965127786069569,False,False
BATTERY,cv,30,50,CNAtrend_DA,1.315648141953612,0.5693583601030031,2.654870445116044,False,False
BATTERY,cv,45,5,age,0.5064210821804846,0.44407207785815894,0.572027884397002,True,False
BATTERY,cv,45,5,STW_window,1.026317314765561,0.9913027677978288,1.0922023035577035,False,False
BATTERY,cv,45,5,STW_cost_1se,0.983630054396755,0.9461801897116517,1.0494114232609486,False,False
BATTERY,cv,45,5,STW_cost_plain,0.9353713937303051,0.8406063048388225,1.0235013251211813,False,False
BATTERY,cv,45,5,KAM_P1_heur,0.625630151973278,0.5375708000344297,0.7426197360669465,True,False
BATTERY,cv,45,5,KAM_P1_opt,0.9875072180517924,0.9852931220134008,0.9895515598533263,True,False
BATTERY,cv,45,5,LBnear_a0.10,0.7699640337759367,0.6560222486243346,0.8953976016355745,True,False
BATTERY,cv,45,5,trend_window,1.0381500444729495,1.000751883957122,1.106221280554085,False,True
BATTERY,cv,45,5,trend_cost_1se,1.016307650972392,0.9798338698091059,1.0824605889748682,False,False
BATTERY,cv,45,5,CNAtrend_DA,1.01131568427131,0.9233908856061749,1.1050503219462136,False,False
BATTERY,cv,45,10,age,0.5095482610047529,0.42803491746335526,0.5951197763892875,True,False
BATTERY,cv,45,10,STW_window,1.0667235082602682,0.9913027677978288,1.2135581150641153,False,False
BATTERY,cv,45,10,STW_cost_1se,1.0223556470895407,0.9461801897116517,1.166012692512165,False,False
BATTERY,cv,45,10,STW_cost_plain,0.8499081034102729,0.693487934891644,1.0235013251211813,False,False
BATTERY,cv,45,10,KAM_P1_heur,0.6155914720743931,0.4750404962574484,0.8019922624384592,True,False
BATTERY,cv,45,10,KAM_P1_opt,0.9875072180517924,0.9852931220134009,0.9895515598533264,True,False
BATTERY,cv,45,10,LBnear_a0.10,0.5924132723315417,0.4593975676679515,0.7706900565814034,True,False
BATTERY,cv,45,10,trend_window,1.0790220934679475,1.000751883957122,1.2291347561712056,False,True
BATTERY,cv,45,10,trend_cost_1se,1.0563197632153998,0.9798338698091059,1.2027339877498537,False,False
BATTERY,cv,45,10,CNAtrend_DA,1.0113156842713098,0.8310517970455574,1.2239185492067648,False,False
BATTERY,cv,45,20,age,0.45679200165830114,0.33753514840036825,0.5950075066138217,True,False
BATTERY,cv,45,20,STW_window,1.1475358952496824,0.9913027677978288,1.456269738076938,False,False
BATTERY,cv,45,20,STW_cost_1se,1.0998068324751118,0.9461801897116517,1.3992152310145982,False,False
BATTERY,cv,45,20,STW_cost_plain,0.730517175224499,0.528797182185633,1.0235013251211813,False,False
BATTERY,cv,45,20,KAM_P1_heur,0.4389388942078446,0.29641894348199477,0.6464123571796027,True,False
BATTERY,cv,45,20,KAM_P1_opt,0.9875072180517923,0.9852931220134009,0.9895515598533263,True,False
BATTERY,cv,45,20,LBnear_a0.10,0.41941509451392633,0.28639091480643747,0.6218170002829464,True,False
BATTERY,cv,45,20,trend_window,1.1607661914579435,1.000751883957122,1.4749617074054469,False,True
BATTERY,cv,45,20,trend_cost_1se,1.1363439877014148,0.9798338698091059,1.4432807852998242,False,False
BATTERY,cv,45,20,CNAtrend_DA,1.0113156842713098,0.6925431642046311,1.4680127203449986,False,False
BATTERY,cv,45,50,age,0.3235086093042672,0.19369537259584232,0.43762161649582215,True,False
BATTERY,cv,45,50,STW_window,1.389973056217925,0.9913027677978288,2.184404607115407,False,False
BATTERY,cv,45,50,STW_cost_1se,1.3321603886318256,0.9461801897116517,2.098822846521897,False,False
BATTERY,cv,45,50,STW_cost_plain,0.5519921822946742,0.30190703967931215,1.0235013251211813,False,False
BATTERY,cv,45,50,KAM_P1_heur,1.0060964775907253,1.0026449990437158,1.009937972483396,False,True
BATTERY,cv,45,50,KAM_P1_opt,0.9875072180517923,0.9852931220134009,0.9895515598533263,True,False
BATTERY,cv,45,50,LBnear_a0.10,0.25079661740055426,0.14003126389855425,0.4548045433807252,True,False
BATTERY,cv,45,50,trend_window,1.4059984854279315,1.000751883957122,2.21244256110817,False,True
BATTERY,cv,45,50,trend_cost_1se,1.3764166611594602,0.9798338698091059,2.1649211779497364,False,False
BATTERY,cv,45,50,CNAtrend_DA,1.01131568427131,0.4618966441804492,1.9247139182816233,False,False
BATTERY,group,0,5,age,0.7225690445469688,0.6244923791972502,0.8332541718425511,True,False
BATTERY,group,0,5,STW_window,1.9973702409578389,1.7144659521987682,2.3487936746583604,False,True
BATTERY,group,0,5,STW_cost_1se,2.301640145905083,1.9814784113101225,2.6653891393302276,False,True
BATTERY,group,0,5,STW_cost_plain,1.0136780082650447,0.9575379718641801,1.0739227118854284,False,False
BATTERY,group,0,5,KAM_P1_heur,0.5830629779661991,0.5122249318946268,0.6479889514579537,True,False
BATTERY,group,0,5,KAM_P1_opt,2.0151411653080036,1.7379450779068872,2.3583327159376313,False,True
BATTERY,group,0,5,LBnear_a0.10,1.161911912725546,1.029401703743698,1.3139767820355621,False,True
BATTERY,group,0,5,trend_window,2.861261901815336,2.511006574439356,3.182421423690649,False,True
BATTERY,group,0,5,trend_cost_1se,2.789996338996048,2.4429911781565856,3.1078675976916057,False,True
BATTERY,group,0,5,CNAtrend_DA,2.5625599326688877,2.1714270877690423,2.958359510180834,False,True
BATTERY,group,0,10,age,0.7692190274772166,0.6302816983727763,0.9342367009035843,True,False
BATTERY,group,0,10,STW_window,2.646163919578827,2.104134642607596,3.4194896570161237,False,True
BATTERY,group,0,10,STW_cost_1se,3.4730645410040655,2.7350804593493367,4.44891200679234,False,True
BATTERY,group,0,10,STW_cost_plain,1.0164391561748816,0.9469268521762124,1.092319995111321,False,False
BATTERY,group,0,10,KAM_P1_heur,2.6697072656589302,2.147548389243657,3.4453624361628212,False,True
BATTERY,group,0,10,KAM_P1_opt,2.6697072656589302,2.147548389243657,3.4453624361628212,False,True
BATTERY,group,0,10,LBnear_a0.10,1.2114716958147516,1.03935068240132,1.4199245912122236,False,True
BATTERY,group,0,10,trend_window,5.198630779354624,4.408390963485172,5.921720876993993,False,True
BATTERY,group,0,10,trend_cost_1se,5.069148277894227,4.288981296699344,5.782994137476785,False,True
BATTERY,group,0,10,CNAtrend_DA,4.070268593558847,3.125668888127457,5.169828490836061,False,True
BATTERY,group,0,20,age,0.7991215080417922,0.6350285574438329,1.0024996441750615,False,False
BATTERY,group,0,20,STW_window,3.2598876696257078,2.4195112951742135,4.703210783515447,False,True
BATTERY,group,0,20,STW_cost_1se,4.926223917202803,3.4974615205513615,7.257959734553211,False,True
BATTERY,group,0,20,STW_cost_plain,1.018046391525384,0.940855802155122,1.103249832664097,False,False
BATTERY,group,0,20,KAM_P1_heur,3.288891414639537,2.495532958534177,4.750553211104472,False,True
BATTERY,group,0,20,KAM_P1_opt,3.288891414639537,2.495532958534177,4.750553211104472,False,True
BATTERY,group,0,20,LBnear_a0.10,1.2421805184651185,1.045369514780162,1.4911750392574912,False,True
BATTERY,group,0,20,trend_window,9.873368534433201,8.203159741576803,11.40031978360068,False,True
BATTERY,group,0,20,trend_cost_1se,9.627452155690587,7.980961533784858,11.133247217047142,False,True
BATTERY,group,0,20,CNAtrend_DA,6.176514863545825,4.187545504464077,9.178360361195153,False,True
BATTERY,group,0,50,age,0.6643155380735625,0.5275832442569255,0.8391192821188838,True,False
BATTERY,group,0,50,STW_window,3.8413101696701206,2.6902901227316796,6.301342460189271,False,True
BATTERY,group,0,50,STW_cost_1se,6.776649885455871,4.272038392619783,12.745389838201465,False,True
BATTERY,group,0,50,STW_cost_plain,1.0190980393473172,0.9369110171904907,1.1104685860022325,False,False
BATTERY,group,0,50,KAM_P1_heur,3.8754869242001115,2.7607396340278925,6.315791054825942,False,True
BATTERY,group,0,50,KAM_P1_opt,3.8754869242001115,2.7607396340278925,6.315791054825942,False,True
BATTERY,group,0,50,LBnear_a0.10,1.2630751812993886,1.049349662787074,1.5377250105456917,False,True
BATTERY,group,0,50,trend_window,23.89758179966893,19.587466075851697,27.83611650342074,False,True
BATTERY,group,0,50,trend_cost_1se,23.302363789079667,19.056902245041403,27.18400645575822,False,True
BATTERY,group,0,50,CNAtrend_DA,9.325980289200336,5.435996219849554,18.452804127264773,False,True
BATTERY,group,15,5,age,0.6517868904976899,0.5667195663847705,0.7497897859206076,True,False
BATTERY,group,15,5,STW_window,1.8867192986902144,1.6286102439900545,2.2063223191803107,False,True
BATTERY,group,15,5,STW_cost_1se,2.1924932821229883,1.8785745920393475,2.551810350942149,False,True
BATTERY,group,15,5,STW_cost_plain,0.942593935465601,0.8647579213308284,1.0263916419228483,False,False
BATTERY,group,15,5,KAM_P1_heur,0.6779846630676775,0.5977940057393533,0.7563740141466267,True,False
BATTERY,group,15,5,KAM_P1_opt,1.8486754269679928,1.5817375166547323,2.1628541845597793,False,True
BATTERY,group,15,5,LBnear_a0.10,1.0213497342057811,0.9018137936107299,1.161990674037065,False,False
BATTERY,group,15,5,trend_window,2.322207492790849,1.9533074010644451,2.7013755113267335,False,True
BATTERY,group,15,5,trend_cost_1se,2.490712504687838,2.1466660863831732,2.829114752497959,False,True
BATTERY,group,15,5,CNAtrend_DA,2.165729829500121,1.8313910904606339,2.5305981293749635,False,True
BATTERY,group,15,10,age,0.6752014198492784,0.5582946158974599,0.8110867280540182,True,False
BATTERY,group,15,10,STW_window,2.5093382657662446,2.0191103854872505,3.2329518591151443,False,True
BATTERY,group,15,10,STW_cost_1se,3.388787747586085,2.6782657038556645,4.322801121238612,False,True
BATTERY,group,15,10,STW_cost_plain,0.9276741772332517,0.8310850663311081,1.0330490081004178,False,False
BATTERY,group,15,10,KAM_P1_heur,0.6296049747643532,0.540229627826884,0.7181688964229098,True,False
BATTERY,group,15,10,KAM_P1_opt,2.4195423045298634,1.9257976985806735,3.0922393226119587,False,True
BATTERY,group,15,10,LBnear_a0.10,1.0285624075845465,0.8756399436723893,1.2139626211009091,False,False
BATTERY,group,15,10,trend_window,3.6951489759894516,2.8186394417001144,4.718747553735831,False,True
BATTERY,group,15,10,trend_cost_1se,4.40364217129762,3.629817200611548,5.1672261181987515,False,True
BATTERY,group,15,10,CNAtrend_DA,3.1800706427960965,2.4539254809546986,4.121959775353427,False,True
BATTERY,group,15,20,age,0.6902100536125843,0.5530228384402648,0.858760232859091,True,False
BATTERY,group,15,20,STW_window,3.1357079495114077,2.349257787349057,4.591350440283767,False,True
BATTERY,group,15,20,STW_cost_1se,5.059993081248098,3.6200312677409032,7.470540511471106,False,True
BATTERY,group,15,20,STW_cost_plain,0.9188703512266957,0.8104039688285125,1.0370564647149776,False,False
BATTERY,group,15,20,KAM_P1_heur,2.9757715698465574,2.202270217126386,4.231526178726577,False,True
BATTERY,group,15,20,KAM_P1_opt,2.9757715698465574,2.202270217126386,4.231526178726577,False,True
BATTERY,group,15,20,LBnear_a0.10,1.0329780403026492,0.8600526763606205,1.247070692585479,False,False
BATTERY,group,15,20,trend_window,5.754561200787355,3.8382545343101326,8.466466351352715,False,True
BATTERY,group,15,20,trend_cost_1se,8.229501504517183,6.596119429068296,9.843448849600337,False,True
BATTERY,group,15,20,CNAtrend_DA,4.438366841568319,3.0631899609062523,6.7355883194811375,False,True
BATTERY,group,15,50,age,0.5676792270515223,0.4497737466106611,0.7099592505050258,True,False
BATTERY,group,15,50,STW_window,3.7658623443366017,2.6429445677553502,6.31979396854017,False,True
BATTERY,group,15,50,STW_cost_1se,7.558942749451172,4.680286788797136,15.335818572939303,False,True
BATTERY,group,15,50,STW_cost_plain,0.9130615429515142,0.7968686972239969,1.03973381330434,False,False
BATTERY,group,15,50,KAM_P1_heur,3.5179190816109305,2.4604857431998113,5.652506449376647,False,True
BATTERY,group,15,50,KAM_P1_opt,3.5179190816109305,2.4604857431998113,5.652506449376647,False,True
BATTERY,group,15,50,LBnear_a0.10,1.0359594114453745,0.8498168060095755,1.2699916651517202,False,False
BATTERY,group,15,50,trend_window,9.18691490878386,5.173806426989626,19.77144207928958,False,True
BATTERY,group,15,50,trend_cost_1se,19.707079504175873,15.495026114438543,23.872117043805094,False,True
BATTERY,group,15,50,CNAtrend_DA,6.040657684609208,3.714051127977096,11.831275762761527,False,True
BATTERY,group,30,5,age,0.5648222154377525,0.49048145627481815,0.6463521868538301,True,False
BATTERY,group,30,5,STW_window,1.1992165763796356,1.066723541553382,1.3487801625223677,False,True
BATTERY,group,30,5,STW_cost_1se,2.0513383672112764,1.7488880946212761,2.3805791067438586,False,True
BATTERY,group,30,5,STW_cost_plain,0.8853029747431026,0.8007281738949464,0.9721644974027831,True,False
BATTERY,group,30,5,KAM_P1_heur,0.7107224502827739,0.6262205885371995,0.7923821282912742,True,False
BATTERY,group,30,5,KAM_P1_opt,1.6001249690343462,1.374912464770094,1.8451458521895236,False,True
BATTERY,group,30,5,LBnear_a0.10,0.8222994675697438,0.7447391482008217,0.8977829031309168,True,False
BATTERY,group,30,5,trend_window,2.167351075026469,1.8550587204190097,2.4821536544662184,False,True
BATTERY,group,30,5,trend_cost_1se,2.15423082207477,1.8427213777207225,2.470451229169287,False,True
BATTERY,group,30,5,CNAtrend_DA,1.8550109214530146,1.585207790298529,2.1756379580513885,False,True
BATTERY,group,30,10,age,0.5595917895014572,0.4579194534348282,0.6739248161411823,True,False
BATTERY,group,30,10,STW_window,1.2893639492717335,1.0954689654103456,1.5350948372600572,False,True
BATTERY,group,30,10,STW_cost_1se,3.3372393188887584,2.649307244802546,4.130871611877942,False,True
BATTERY,group,30,10,STW_cost_plain,0.8526679300198055,0.7459249705068385,0.962205080788017,True,False
BATTERY,group,30,10,KAM_P1_heur,0.6472326686609695,0.5476086628281172,0.7437874455372439,True,False
BATTERY,group,30,10,KAM_P1_opt,2.002895504333192,1.5939836512862977,2.5136500933318318,False,True
BATTERY,group,30,10,LBnear_a0.10,0.7763254518828899,0.6776418540150063,0.8698311015830492,True,False
BATTERY,group,30,10,trend_window,3.6647936359538473,2.960200085775016,4.373318343583337,False,True
BATTERY,group,30,10,trend_cost_1se,3.6426084809627937,2.9405128367883866,4.3526997847268385,False,True
BATTERY,group,30,10,CNAtrend_DA,2.605018418817069,2.044446413411936,3.383086300580579,False,True
BATTERY,group,30,20,age,0.5562391042467083,0.43760381274182414,0.6898569077179562,True,False
BATTERY,group,30,20,STW_window,1.3556960518536014,1.1148052675369333,1.689104483470204,False,True
BATTERY,group,30,20,STW_cost_1se,5.637372007100592,4.073698586962418,7.567410153553689,False,True
BATTERY,group,30,20,STW_cost_plain,0.8326886014588892,0.7124925662623768,0.9556694068413476,True,False
BATTERY,group,30,20,KAM_P1_heur,1.2529989427278738,1.0007283514371301,1.5813461722278235,False,True
BATTERY,group,30,20,KAM_P1_opt,2.3953385900089907,1.8005831846562317,3.358334278225342,False,True
BATTERY,group,30,20,LBnear_a0.10,0.7490665222278526,0.6389924589352951,0.8520403826011866,True,False
BATTERY,group,30,20,trend_window,6.659678757808604,5.170482816487027,8.155647721817575,False,True
BATTERY,group,30,20,trend_cost_1se,6.619363798738839,5.136095754923716,8.117196895841943,False,True
BATTERY,group,30,20,CNAtrend_DA,3.535407466180072,2.507828675275512,5.313096518077112,False,True
BATTERY,group,30,50,age,0.44878496711815347,0.34667114077580263,0.5653354099432442,True,False
BATTERY,group,30,50,STW_window,1.406549081105699,1.1318963746937873,1.8103525576419168,False,True
BATTERY,group,30,50,STW_cost_1se,10.93302633577435,6.586562658618742,18.010616911715246,False,True
BATTERY,group,30,50,STW_cost_plain,0.8191988487042394,0.6900072549894809,0.9510518259430275,True,False
BATTERY,group,30,50,KAM_P1_heur,2.7778464076929974,1.9649493533918814,4.3859806352794894,False,True
BATTERY,group,30,50,KAM_P1_opt,2.7778464076929974,1.9649493533918814,4.3859806352794894,False,True
BATTERY,group,30,50,LBnear_a0.10,0.7310275246620193,0.6122830943479091,0.8416308484518404,True,False
BATTERY,group,30,50,trend_window,15.644334123372875,11.801331008623063,19.50263585652029,False,True
BATTERY,group,30,50,trend_cost_1se,15.549629752066979,11.7228445093297,19.410688229187254,False,True
BATTERY,group,30,50,CNAtrend_DA,4.720147476131523,2.9800751382181816,8.894480158795313,False,True
BATTERY,group,45,5,age,0.5187781780996722,0.4396821859859187,0.6118374588347066,True,False
BATTERY,group,45,5,STW_window,1.8138812298589424,1.5429216661372223,2.101053475395261,False,True
BATTERY,group,45,5,STW_cost_1se,1.869934543702706,1.5864512383806635,2.1786326638891405,False,True
BATTERY,group,45,5,STW_cost_plain,0.7733719199101559,0.6744502607847207,0.8787376583725637,True,False
BATTERY,group,45,5,KAM_P1_heur,0.651583213106694,0.5698198144165141,0.7372744254694522,True,False
BATTERY,group,45,5,KAM_P1_opt,1.5232970390377323,1.3153201423191605,1.7643537488964416,False,True
BATTERY,group,45,5,LBnear_a0.10,0.6825027064497308,0.5956565121502844,0.7738879451660248,True,False
BATTERY,group,45,5,trend_window,1.9872454086120777,1.7038115112251901,2.299495090415405,False,True
BATTERY,group,45,5,trend_cost_1se,1.9728240836572748,1.6907277474499778,2.286068380145419,False,True
BATTERY,group,45,5,CNAtrend_DA,1.8243807739026474,1.5516999255503627,2.1209731364487223,False,True
BATTERY,group,45,10,age,0.4977245983297219,0.3910942223903764,0.6280715176566528,True,False
BATTERY,group,45,10,STW_window,2.673126163047103,2.070356001839923,3.3781701084624696,False,True
BATTERY,group,45,10,STW_cost_1se,2.9459426952085637,2.303265117253003,3.6560977739900147,False,True
BATTERY,group,45,10,STW_cost_plain,0.7115104251048399,0.5886485056314921,0.8432972987007599,True,False
BATTERY,group,45,10,KAM_P1_heur,0.5746165417089704,0.47560987450564424,0.674712432921533,True,False
BATTERY,group,45,10,KAM_P1_opt,1.9088011996381573,1.528472521823245,2.424037397048297,False,True
BATTERY,group,45,10,LBnear_a0.10,0.608834530788221,0.5027837123950664,0.7201064287264084,True,False
BATTERY,group,45,10,trend_window,3.2540153901974653,2.6151525521130825,3.9589245371069337,False,True
BATTERY,group,45,10,trend_cost_1se,3.2304011887774498,2.5950704960860125,3.9358084482915974,False,True
BATTERY,group,45,10,CNAtrend_DA,2.688599395484419,2.097370167755169,3.4187783767322317,False,True
BATTERY,group,45,20,age,0.4842293252268998,0.35998988034995,0.6376785265312874,True,False
BATTERY,group,45,20,STW_window,3.9619935628293432,2.7333759739400683,5.782799703505093,False,True
BATTERY,group,45,20,STW_cost_1se,4.8706333324091835,3.4383562218975965,6.539108337377261,False,True
BATTERY,group,45,20,STW_cost_plain,0.6744615078862716,0.5363955486516582,0.8217450535726746,True,False
BATTERY,group,45,20,KAM_P1_heur,0.9796780219504413,0.841708721006682,1.1497383191820805,False,False
BATTERY,group,45,20,KAM_P1_opt,2.3103167151516986,1.7129136804033664,3.286816980538023,False,True
BATTERY,group,45,20,LBnear_a0.10,0.566819322224931,0.4506382518435761,0.6888183663262035,True,False
BATTERY,group,45,20,trend_window,5.7875553533682425,4.437834633888867,7.2777834304899915,False,True
BATTERY,group,45,20,trend_cost_1se,5.7455553990178005,4.403755993358082,7.235288584583955,False,True
BATTERY,group,45,20,CNAtrend_DA,3.9849273278570774,2.7967082101184597,5.812299413507533,False,True
BATTERY,group,45,50,age,0.3847249036240648,0.27962575977735615,0.5140428768969698,True,False
BATTERY,group,45,50,STW_window,6.1101058957997445,3.5758370589764765,12.243614527494005,False,True
BATTERY,group,45,50,STW_cost_1se,9.301897822708282,5.388774014528338,15.32246798264642,False,True
BATTERY,group,45,50,STW_cost_plain,0.6497904897842042,0.4996891531987559,0.8072462704865081,True,False
BATTERY,group,45,50,KAM_P1_heur,2.7499594086701746,1.9062068267134122,4.461685175293509,False,True
BATTERY,group,45,50,KAM_P1_opt,2.7288622525304147,1.890236192185342,4.43034604479516,False,True
BATTERY,group,45,50,LBnear_a0.10,0.5396642854976923,0.4154734809109555,0.6690590085286414,True,False
BATTERY,group,45,50,trend_window,13.38817524288057,9.905880879216221,17.234360110639166,False,True
BATTERY,group,45,50,trend_cost_1se,13.29101802973885,9.829812485174289,17.133728993461027,False,True
BATTERY,group,45,50,CNAtrend_DA,6.145473881811507,3.6581713744042426,12.681013644567118,False,True
FD001,cv,0,5,age,0.7378808463895472,0.6160327214098408,0.8872013996129601,True,False
FD001,cv,0,5,STW_window,1.0993637303835604,0.9903929687433894,1.2459571288006421,False,False
FD001,cv,0,5,STW_cost_1se,1.1611493322541482,1.0067879905180195,1.3530158100750174,False,True
FD001,cv,0,5,STW_cost_plain,0.9144255178249513,0.7765012796713824,1.0698789381660752,False,False
FD001,cv,0,5,KAM_P1_heur,0.25047753945770945,0.21762745260078295,0.2910828420970404,True,False
FD001,cv,0,5,KAM_P1_opt,1.018731073556706,0.8827698671859565,1.1751126808816426,False,False
FD001,cv,0,5,LBnear_a0.10,0.9733717575488571,0.8405976068863127,1.1137091645425121,False,False
FD001,cv,0,10,age,0.8636560245638395,0.6316487395574096,1.1613499050889473,False,False
FD001,cv,0,10,STW_window,1.2158217526699544,0.9903929687433894,1.520683894357074,False,False
FD001,cv,0,10,STW_cost_1se,1.403055443140429,1.0551912592929242,1.8362357422446662,False,True
FD001,cv,0,10,STW_cost_plain,0.8479701749597659,0.631549109997645,1.1225097399255242,False,False
FD001,cv,0,10,KAM_P1_heur,0.8517656560285356,0.6616917736662775,1.0722017708929608,False,False
FD001,cv,0,10,KAM_P1_opt,1.049942197133811,0.7894518731701744,1.390162305908901,False,False
FD001,cv,0,10,LBnear_a0.10,0.9470359415978599,0.7199396958096419,1.2185357608225322,False,False
FD001,cv,0,20,age,1.063866056337549,0.6304707503143264,1.7092600898045411,False,False
FD001,cv,0,20,STW_window,1.398103874509528,0.9903929687433894,1.9443869010237578,False,False
FD001,cv,0,20,STW_cost_1se,1.8868676649129907,1.1519977968427337,2.8026756065839638,False,True
FD001,cv,0,20,STW_cost_plain,0.778350291958143,0.4841785577133394,1.1835024447682498,False,False
FD001,cv,0,20,KAM_P1_heur,0.7818341571756181,0.5181590827288309,1.107906125568051,False,False
FD001,cv,0,20,KAM_P1_opt,1.0910841327581766,0.6914791383155112,1.7248907980355281,False,False
FD001,cv,0,20,LBnear_a0.10,0.9165159305892275,0.5946160434089419,1.3656518670974829,False,False
FD001,cv,0,50,age,1.503253173048979,0.6304707503143264,3.380245000882766,False,False
FD001,cv,0,50,STW_window,1.724002213556038,0.9903929687433893,3.408672338064533,False,False
FD001,cv,0,50,STW_cost_1se,3.338304330230676,1.4424174094921622,5.701995199601858,False,True
FD001,cv,0,50,STW_cost_plain,0.7053343171027825,0.3381143482154657,1.2554208462983776,False,False
FD001,cv,0,50,KAM_P1_heur,0.7039508913148622,0.37939335229794546,1.1457885630803106,False,False
FD001,cv,0,50,KAM_P1_opt,1.1477932872674375,0.5654543386059149,2.426111060029568,False,False
FD001,cv,0,50,LBnear_a0.10,0.8807285065131157,0.4492581985820378,1.5778792709958345,False,False
FD001,cv,5,5,age,0.6890722275649136,0.5858150026599848,0.8135694866174061,True,False
FD001,cv,5,5,STW_window,0.9532020951107681,0.8509691216637493,1.0612720210054651,False,False
FD001,cv,5,5,STW_cost_1se,1.0448176108954568,0.9687343104863327,1.161676164465524,False,False
FD001,cv,5,5,STW_cost_plain,0.8812446221592347,0.7705565721956839,0.9751828152335282,True,False
FD001,cv,5,5,KAM_P1_heur,0.55287901853676,0.46845116576449813,0.6553631283735566,True,False
FD001,cv,5,5,KAM_P1_opt,0.9827909095510452,0.980305746413152,0.9851382981622769,True,False
FD001,cv,5,5,LBnear_a0.10,0.9080260650777919,0.8058603891248799,1.003891761231767,False,False
FD001,cv,5,10,age,0.7568647136098087,0.570082148368952,0.9980688887030891,True,False
FD001,cv,5,10,STW_window,0.9219126355811343,0.7408335526899693,1.1409950269636164,False,False
FD001,cv,5,10,STW_cost_1se,1.1304022775808644,0.9687343104863327,1.4036920320625084,False,False
FD001,cv,5,10,STW_cost_plain,0.7847016092145334,0.6073794702876949,0.9488846720022,True,False
FD001,cv,5,10,KAM_P1_heur,0.8787436316765949,0.7198615131613902,1.00392726702944,False,False
FD001,cv,5,10,KAM_P1_opt,0.9827909095510452,0.980305746413152,0.985138298162277,True,False
FD001,cv,5,10,LBnear_a0.10,0.8290581211065091,0.6596608562201757,1.0038917612317668,False,False
FD001,cv,5,20,age,0.8570254644349009,0.5017184011142639,1.3808075862353644,False,False
FD001,cv,5,20,STW_window,0.880667438928435,0.6022708310132275,1.2627517416379919,False,False
FD001,cv,5,20,STW_cost_1se,1.2799956445604004,0.9687343104863327,1.7779675434761872,False,False
FD001,cv,5,20,STW_cost_plain,0.6786285992838743,0.4501867527005812,0.9183050821858223,True,False
FD001,cv,5,20,KAM_P1_heur,0.80777705532476,0.5704344516421846,1.00392726702944,False,False
FD001,cv,5,20,KAM_P1_opt,0.9827909095510452,0.980305746413152,0.9851382981622768,True,False
FD001,cv,5,20,LBnear_a0.10,0.7375438682799756,0.5132857576726823,1.0038917612317668,False,False
FD001,cv,5,50,age,1.0768413404067474,0.39788947378420936,2.5229335952608145,False,False
FD001,cv,5,50,STW_window,0.82381595165039,0.39996722187952094,1.4775283956279759,False,False
FD001,cv,5,50,STW_cost_1se,1.6082978660524025,0.9687343104863327,2.8789674912518333,False,False
FD001,cv,5,50,STW_cost_plain,0.561541236177571,0.27762502942947925,0.8824477966650951,True,False
FD001,cv,5,50,KAM_P1_heur,0.7081872284488419,0.3986492321102175,0.9893249169340289,True,False
FD001,cv,5,50,KAM_P1_opt,0.9827909095510452,0.980305746413152,0.9851382981622769,True,False
FD001,cv,5,50,LBnear_a0.10,0.6302352774021621,0.33796308105991124,1.0038917612317668,False,False
FD001,cv,10,5,age,0.6704006594977895,0.578263265110399,0.7819347582665332,True,False
FD001,cv,10,5,STW_window,1.0131655444953371,0.901610350606916,1.140583864703753,False,False
FD001,cv,10,5,STW_cost_1se,1.0516515166990092,0.9709873341797266,1.170187367697833,False,False
FD001,cv,10,5,STW_cost_plain,0.9727063483957571,0.9007677971617255,1.0111876187186897,False,False
FD001,cv,10,5,KAM_P1_heur,0.5484989215786407,0.4628456843664667,0.6558471833605367,True,False
FD001,cv,10,5,KAM_P1_opt,0.983913798386273,0.9805454901807688,0.9867993993094851,True,False
FD001,cv,10,5,LBnear_a0.10,0.8554699468900011,0.7457760950262599,0.9765162009059757,True,False
FD001,cv,10,10,age,0.7095132301804972,0.5456459373686139,0.9166765631429318,True,False
FD001,cv,10,10,STW_window,1.0561983997661213,0.8252026937758214,1.3375999346224838,False,False
FD001,cv,10,10,STW_cost_1se,1.1490266571341028,0.9709873341797266,1.4139764026348813,False,False
FD001,cv,10,10,STW_cost_plain,0.9372475284629868,0.7951594276279659,1.0111876187186897,False,False
FD001,cv,10,10,KAM_P1_heur,0.7723770969098311,0.6086105133993077,0.944178533914315,True,False
FD001,cv,10,10,KAM_P1_opt,0.9839137983862731,0.9805454901807689,0.9867993993094852,True,False
FD001,cv,10,10,LBnear_a0.10,0.7339819403446136,0.5748777074398365,0.9371514747951851,True,False
FD001,cv,10,20,age,0.7600411628240307,0.47033279924975435,1.1879945379415395,False,False
FD001,cv,10,20,STW_window,1.131415491331861,0.7056081004749777,1.730281041445441,False,False
FD001,cv,10,20,STW_cost_1se,1.3437769380042897,0.9709873341797266,1.9015544725089784,False,False
FD001,cv,10,20,STW_cost_plain,0.8866566006608174,0.6510491654682241,1.0111876187186897,False,False
FD001,cv,10,20,KAM_P1_heur,1.0015830865080175,0.9992051717133779,1.004131627677718,False,False
FD001,cv,10,20,KAM_P1_opt,0.9839137983862731,0.9805454901807686,0.9867993993094852,True,False
FD001,cv,10,20,LBnear_a0.10,0.6005015554707113,0.4025846702211813,0.8748491563006241,True,False
FD001,cv,10,50,age,0.870931323726282,0.3318026344522598,1.9862388540649367,False,False
FD001,cv,10,50,STW_window,1.2964892426204313,0.49202151170788977,2.895398344991914,False,False
FD001,cv,10,50,STW_cost_1se,1.9280277806148505,0.9709873341797266,3.36428868213127,False,False
FD001,cv,10,50,STW_cost_plain,0.8086195824720463,0.5069081808093495,1.0111876187186897,False,False
FD001,cv,10,50,KAM_P1_heur,1.0015830865080175,0.9992051717133779,1.004131627677718,False,False
FD001,cv,10,50,KAM_P1_opt,0.983913798386273,0.9805454901807689,0.9867993993094852,True,False
FD001,cv,10,50,LBnear_a0.10,0.45316090489884175,0.21921303957760668,0.7927297092812506,True,False
FD001,cv,15,5,age,0.7469876873779163,0.6259884943500443,0.893473285874739,True,False
FD001,cv,15,5,STW_window,1.0787342881366542,0.9724684457543048,1.2089008438046727,False,False
FD001,cv,15,5,STW_cost_1se,1.165217391304348,1.013457828019188,1.3233567040468537,False,True
FD001,cv,15,5,STW_cost_plain,0.9726482934299407,0.908797863386512,1.0067663593929084,False,False
FD001,cv,15,5,KAM_P1_heur,0.8120739704538655,0.7035545901230225,0.9356592957030233,True,False
FD001,cv,15,5,KAM_P1_opt,1.055955490200382,0.9845663277252773,1.174094699425576,False,False
FD001,cv,15,5,LBnear_a0.10,0.9256181417803787,0.8291703594250841,1.017895443802611,False,False
FD001,cv,15,10,age,0.874315168411839,0.6485329506707852,1.1627865418557561,False,False
FD001,cv,15,10,STW_window,1.19300698815113,0.9724684457543048,1.4900270151525312,False,False
FD001,cv,15,10,STW_cost_1se,1.4079710144927537,1.062181762058572,1.7612320840623563,False,True
FD001,cv,15,10,STW_cost_plain,0.9463320517245851,0.8317774485119843,1.0067663593929086,False,False
FD001,cv,15,10,KAM_P1_heur,0.7764458388250547,0.6250497007931795,0.9553240703220163,True,False
FD001,cv,15,10,KAM_P1_opt,1.125243908192533,0.9845663277252771,1.3635333519888346,False,False
FD001,cv,15,10,LBnear_a0.10,0.8583493814765721,0.6993279759670705,1.0178954438026109,False,False
FD001,cv,15,20,age,1.076996169492532,0.6485329506707852,1.6894162066803948,False,False
FD001,cv,15,20,STW_window,1.3718686055650926,0.9724684457543048,2.0332466854729487,False,False
FD001,cv,15,20,STW_cost_1se,1.8934782608695653,1.1596296301373403,2.6369828440933625,False,True
FD001,cv,15,20,STW_cost_plain,0.9158347248884722,0.7396798337366551,1.0067663593929086,False,False
FD001,cv,15,20,KAM_P1_heur,1.2421654289553024,0.9989895107173328,1.6891415008479214,False,False
FD001,cv,15,20,KAM_P1_opt,1.2241012688947102,0.9845663277252772,1.6655059330024848,False,False
FD001,cv,15,20,LBnear_a0.10,0.7878773468725843,0.5710316471468474,1.017895443802611,False,False
FD001,cv,15,50,age,1.521806151730026,0.6485329506707852,3.281352134394543,False,False
FD001,cv,15,50,STW_window,1.6916514973052077,0.9724684457543048,3.338149116556781,False,False
FD001,cv,15,50,STW_cost_1se,3.35,1.4519732343736442,5.2642351241863805,False,True
FD001,cv,15,50,STW_cost_plain,0.8800739000197306,0.6307709608367044,1.0067663593929084,False,False
FD001,cv,15,50,KAM_P1_heur,1.7341257093907272,0.996578795427607,3.427806728728114,False,False
FD001,cv,15,50,KAM_P1_opt,1.3765897483583927,0.9845663277252773,2.433341290914795,False,False
FD001,cv,15,50,LBnear_a0.10,0.7139676520440117,0.42764769674713143,1.0178954438026109,False,False
FD002,cv,0,5,age,0.6714818759853548,0.6150965305084228,0.7276879887442685,True,False
FD002,cv,0,5,STW_window,1.0063930675117791,0.9751055420446986,1.0530832770490535,False,False
FD002,cv,0,5,STW_cost_1se,0.9982276938165614,0.9819499613412921,1.029430946367641,False,False
FD002,cv,0,5,STW_cost_plain,0.9916873797167696,0.9626540240115774,1.0074196510811242,False,False
FD002,cv,0,5,KAM_P1_heur,0.469699182628667,0.42589638300387983,0.5229649565848,True,False
FD002,cv,0,5,KAM_P1_opt,0.9948598678810147,0.9939822921831848,0.9956989134770134,True,False
FD002,cv,0,5,LBnear_a0.10,0.9565352872423534,0.881535898354625,1.0292389028671554,False,False
FD002,cv,0,10,age,0.6679923805117449,0.5998158049117644,0.7488622612266385,True,False
FD002,cv,0,10,STW_window,1.0439450476428158,0.9751055420446986,1.147108569642719,False,False
FD002,cv,0,10,STW_cost_1se,1.016228248690355,0.9819499613412921,1.08591887210135,False,False
FD002,cv,0,10,STW_cost_plain,0.9749263209821526,0.9147559780733229,1.0074196510811242,False,False
FD002,cv,0,10,KAM_P1_heur,0.3627257117496592,0.31071380649356245,0.43036786357338236,True,False
FD002,cv,0,10,KAM_P1_opt,0.9948598678810148,0.9939822921831848,0.9956989134770134,True,False
FD002,cv,0,10,LBnear_a0.10,0.8974281537973939,0.7649792370380314,1.0472423125897694,False,False
FD002,cv,0,20,age,0.6903845337482594,0.559206355203451,0.8656434160341865,True,False
FD002,cv,0,20,STW_window,1.119049007904889,0.9751055420446986,1.33515915483005,False,False
FD002,cv,0,20,STW_cost_1se,1.0502938149031258,0.9819499613412921,1.1994295555962646,False,False
FD002,cv,0,20,STW_cost_plain,0.946162863721485,0.8358139459772449,1.0074196510811242,False,False
FD002,cv,0,20,KAM_P1_heur,0.4491404978670271,0.3522057469198177,0.5799753212222905,True,False
FD002,cv,0,20,KAM_P1_opt,0.9948598678810148,0.9939822921831849,0.9956989134770134,True,False
FD002,cv,0,20,LBnear_a0.10,0.8076611703836585,0.6103659548233086,1.0818298149120051,False,False
FD002,cv,0,50,age,0.7488650116183797,0.4657736192544097,1.1748868399368215,False,False
FD002,cv,0,50,STW_window,1.344360888691108,0.9751055420446986,1.8993109103920431,False,False
FD002,cv,0,50,STW_cost_1se,1.139261167439391,0.9819499613412921,1.5387139399631942,False,False
FD002,cv,0,50,STW_cost_plain,0.8853143705975665,0.6822027005855326,1.0074196510811242,False,False
FD002,cv,0,50,KAM_P1_heur,0.6027488066190305,0.4060653176896981,0.8760213521444955,True,False
FD002,cv,0,50,KAM_P1_opt,0.9948598678810148,0.9939822921831848,0.9956989134770134,True,False
FD002,cv,0,50,LBnear_a0.10,0.6550248917270903,0.37662044320473154,1.1734684908347006,False,False
FD002,cv,5,5,age,0.6842051905920519,0.6241822559990908,0.7454118458810038,True,False
FD002,cv,5,5,STW_window,1.0352127897218548,0.9900024517041707,1.0950574238991573,False,False
FD002,cv,5,5,STW_cost_1se,1.0328316217178943,0.9877337484403264,1.0928975331133024,False,False
FD002,cv,5,5,STW_cost_plain,0.967537427689913,0.916033555802313,1.01010057783146,False,False
FD002,cv,5,5,KAM_P1_heur,0.5386601288980517,0.48531448486217843,0.6046324183134713,True,False
FD002,cv,5,5,KAM_P1_opt,1.0222367303836575,0.9918031029208868,1.0680995697643332,False,False
FD002,cv,5,5,LBnear_a0.10,0.9600480513477923,0.9068757229545056,1.0023587880667206,False,False
FD002,cv,5,10,age,0.6923513908352539,0.6113926543820412,0.7881103412746203,True,False
FD002,cv,5,10,STW_window,1.0923017303315161,0.9900024517041707,1.2281373191646803,False,False
FD002,cv,5,10,STW_cost_1se,1.0897892479155724,0.9877337484403264,1.2257149416513773,False,False
FD002,cv,5,10,STW_cost_plain,0.9233566019125777,0.8282764144002075,1.0101005778314598,False,False
FD002,cv,5,10,KAM_P1_heur,0.6310211919334419,0.5386084442931418,0.7470664822783105,True,False
FD002,cv,5,10,KAM_P1_opt,1.0585615649971158,0.9918031029208868,1.1631674478189722,False,False
FD002,cv,5,10,LBnear_a0.10,0.903224955975723,0.8062894675098772,0.9867410950302818,True,False
FD002,cv,5,20,age,0.7373132035854109,0.5747503141015633,0.9364203618714527,True,False
FD002,cv,5,20,STW_window,1.2064796115508383,0.9900024517041707,1.4942971096957254,False,False
FD002,cv,5,20,STW_cost_1se,1.2037045003109283,0.9877337484403264,1.4913497587275275,False,False
FD002,cv,5,20,STW_cost_plain,0.8562584493951272,0.7112665235388619,1.01010057783146,False,False
FD002,cv,5,20,KAM_P1_heur,0.7804233885255382,0.6277723350808719,0.9575942634154824,True,False
FD002,cv,5,20,KAM_P1_opt,1.1273053380290368,0.9918031029208868,1.3518930469651322,False,False
FD002,cv,5,20,LBnear_a0.10,0.8199422513082627,0.6729491141463771,0.9634295312056075,True,False
FD002,cv,5,50,age,0.8547377436804812,0.4940603247720149,1.3862864105285866,False,False
FD002,cv,5,50,STW_window,1.549013255208805,0.9900024517041707,2.292776481288861,False,False
FD002,cv,5,50,STW_cost_1se,1.5454502574969964,0.9877337484403264,2.288254209955977,False,False
FD002,cv,5,50,STW_cost_plain,0.7421673669557076,0.5176649190451206,1.01010057783146,False,False
FD002,cv,5,50,KAM_P1_heur,0.8931217959839556,0.6122120822640683,1.315959870151679,False,False
FD002,cv,5,50,KAM_P1_opt,1.3068400462386165,0.9918031029208868,1.8062257212718886,False,False
FD002,cv,5,50,LBnear_a0.10,0.6861098453003538,0.4772402793973753,0.9251943133889501,True,False
FD002,cv,10,5,age,0.6771328103956851,0.6220922966536776,0.7374441885464008,True,False
FD002,cv,10,5,STW_window,0.9925501093833146,0.9892003913812646,0.9958294112318721,True,False
FD002,cv,10,5,STW_cost_1se,0.9991656648074788,0.9827328470553338,1.0309666720741855,False,False
FD002,cv,10,5,STW_cost_plain,0.993003409606023,0.9629367820365876,1.0093540219231283,False,False
FD002,cv,10,5,KAM_P1_heur,0.8235885516823257,0.7484038056669543,0.9037164593125725,True,False
FD002,cv,10,5,KAM_P1_opt,1.0071285789963729,0.9908553420677313,1.0385267031437109,False,False
FD002,cv,10,5,LBnear_a0.10,0.9361321854767359,0.8742929076034819,0.9910896426943913,True,False
FD002,cv,10,10,age,0.6934586836541874,0.6214395771008848,0.7810195730858012,True,False
FD002,cv,10,10,STW_window,0.9831395702720799,0.9778501681716312,0.9884868513022607,True,False
FD002,cv,10,10,STW_cost_1se,1.0471494515508624,1.0097799994152432,1.1208474434561866,False,True
FD002,cv,10,10,STW_cost_plain,1.0049796509373492,0.9404395600010352,1.0414736550425077,False,False
FD002,cv,10,10,KAM_P1_heur,0.711828053024016,0.6019787131301916,0.8420924158277863,True,False
FD002,cv,10,10,KAM_P1_opt,1.0554947755740351,1.0174729855394054,1.1304739829521002,False,True
FD002,cv,10,10,LBnear_a0.10,0.8792279104854501,0.7683236667243585,0.9874653901875339,True,False
FD002,cv,10,20,age,0.716704507350081,0.5807581014043262,0.895175637194459,True,False
FD002,cv,10,20,STW_window,0.9831395702720799,0.9778501681716311,0.9884868513022607,True,False
FD002,cv,10,20,STW_cost_1se,1.0822515450248864,1.0097799994152432,1.238009197127565,False,True
FD002,cv,10,20,STW_cost_plain,0.9753295239324118,0.8525456036918876,1.0414736550425079,False,False
FD002,cv,10,20,KAM_P1_heur,0.7241715117435418,0.5745182971116654,0.9026862983898314,True,False
FD002,cv,10,20,KAM_P1_opt,1.090876617410147,1.0174729855394054,1.2475680408602314,False,True
FD002,cv,10,20,LBnear_a0.10,0.7594755583553512,0.601450195654669,0.9355138821102581,True,False
FD002,cv,10,50,age,0.7774144740898415,0.48457348768497055,1.2061440774837415,False,False
FD002,cv,10,50,STW_window,0.9831395702720799,0.9778501681716312,0.9884868513022607,True,False
FD002,cv,10,50,STW_cost_1se,1.173925944486172,1.0097799994152432,1.585345533665651,False,True
FD002,cv,10,50,STW_cost_plain,0.9126052994821635,0.7012408455729983,1.0414736550425079,False,False
FD002,cv,10,50,KAM_P1_heur,0.6700716843121541,0.4555005168613903,0.930680041641634,True,False
FD002,cv,10,50,KAM_P1_opt,1.1832816218170792,1.0174729855394054,1.5975529731808742,False,True
FD002,cv,10,50,LBnear_a0.10,0.5765409836290036,0.38146819408604377,0.8436990782272726,True,False
FD002,cv,15,5,age,0.6837494361301278,0.6279438643655427,0.7443810287144839,True,False
FD002,cv,15,5,STW_window,0.9681193401938506,0.9496900700081699,1.0010132555751543,False,False
FD002,cv,15,5,STW_cost_1se,0.9809146632701798,0.9777608333228482,0.9840274478155643,True,False
FD002,cv,15,5,STW_cost_plain,0.9911374874738942,0.9608327899546476,1.0083397452766065,False,False
FD002,cv,15,5,KAM_P1_heur,0.7052132533743742,0.6354509984388337,0.7854553602274003,True,False
FD002,cv,15,5,KAM_P1_opt,0.9947062569654513,0.9928643978297739,0.9966339218537044,True,False
FD002,cv,15,5,LBnear_a0.10,0.8426189029244217,0.7692851153957082,0.921863036097564,True,False
FD002,cv,15,10,age,0.6907119241206867,0.6193536004289795,0.7770262659895802,True,False
FD002,cv,15,10,STW_window,1.0008138426422142,0.9637957308555071,1.072891436087825,False,False
FD002,cv,15,10,STW_cost_1se,0.9960794616332883,0.9915497210316778,1.000678671133629,False,False
FD002,cv,15,10,STW_cost_plain,0.9894495846636099,0.9263919128269629,1.0256666247364594,False,False
FD002,cv,15,10,KAM_P1_heur,0.6505724424401317,0.5532360911552723,0.781061700261659,True,False
FD002,cv,15,10,KAM_P1_opt,0.9714043206757877,0.9651349138534572,0.9771211846079612,True,False
FD002,cv,15,10,LBnear_a0.10,0.7049003891521628,0.601865361351171,0.8350778769433154,True,False
FD002,cv,15,20,age,0.7270152106232699,0.5898804857196941,0.9055804362307276,True,False
FD002,cv,15,20,STW_window,1.0534158470327497,0.9820799468011752,1.2052296727380343,False,False
FD002,cv,15,20,STW_cost_1se,1.0144274306413106,1.0097351688605083,1.0191141033610864,False,True
FD002,cv,15,20,STW_cost_plain,0.9779457689569856,0.8567505532846423,1.0443067595572,False,False
FD002,cv,15,20,KAM_P1_heur,0.8408061848417492,0.6847465115158634,1.0000773051747591,False,False
FD002,cv,15,20,KAM_P1_opt,0.98929776899646,0.9870531702803104,0.9915361052227157,True,False
FD002,cv,15,20,LBnear_a0.10,0.5451395787537485,0.4265593723352844,0.7185013132068151,True,False
FD002,cv,15,50,age,0.7885985672278344,0.49146650815866133,1.2234084324260586,False,False
FD002,cv,15,50,STW_window,1.1426476578845497,0.9820799468011752,1.5426260414029318,False,False
FD002,cv,15,50,STW_cost_1se,1.0144274306413106,1.0097351688605083,1.0191141033610864,False,True
FD002,cv,15,50,STW_cost_plain,0.9150532916894982,0.7035935143485715,1.0443067595572,False,False
FD002,cv,15,50,KAM_P1_heur,0.8230429974046006,0.587386367697456,1.0503347464871704,False,False
FD002,cv,15,50,KAM_P1_opt,0.98929776899646,0.9870531702803105,0.9915361052227157,True,False
FD002,cv,15,50,LBnear_a0.10,0.34931953198207594,0.23189000693419304,0.542163210347882,True,False
FD003,cv,0,5,age,0.6647724469963793,0.5715595146351901,0.774658610917599,True,False
FD003,cv,0,5,STW_window,1.0319385265304635,0.9223572574451373,1.154197178967086,False,False
FD003,cv,0,5,STW_cost_1se,1.0705382412038817,0.956218775143446,1.2208174521109887,False,False
FD003,cv,0,5,STW_cost_plain,0.9419919342197142,0.8556249152773436,1.0104350325032498,False,False
FD003,cv,0,5,KAM_P1_heur,0.23672694626138258,0.21186960018423667,0.2697506975751398,True,False
FD003,cv,0,5,KAM_P1_opt,1.0633412588010511,0.9863506896950959,1.1783774664559488,False,False
FD003,cv,0,5,LBnear_a0.10,0.9251200834067693,0.798137259657073,1.0622615018575996,False,False
FD003,cv,0,10,age,0.7192262843977865,0.5338395429921398,0.9433342170147215,True,False
FD003,cv,0,10,STW_window,1.070979784344116,0.8443323193172241,1.3527886288631252,False,False
FD003,cv,0,10,STW_cost_1se,1.2139138985079732,0.956218775143446,1.554634724172587,False,False
FD003,cv,0,10,STW_cost_plain,0.8839875047726874,0.7423705140056097,1.01043503250325,False,False
FD003,cv,0,10,KAM_P1_heur,0.6567983777637278,0.5152534533907343,0.8517853878789899,True,False
FD003,cv,0,10,KAM_P1_opt,1.1504432623070349,0.9863506896950958,1.3963371931605855,False,False
FD003,cv,0,10,LBnear_a0.10,0.8446655306986204,0.6490360358578612,1.0996285607286465,False,False
FD003,cv,0,20,age,0.8144061010321789,0.4766685718218605,1.2722711430612135,False,False
FD003,cv,0,20,STW_window,1.132087840052442,0.722242586255264,1.748906877906897,False,False
FD003,cv,0,20,STW_cost_1se,1.5006652131161555,0.956218775143446,2.222269268295784,False,False
FD003,cv,0,20,STW_cost_plain,0.8125974377609622,0.5981211135239983,1.0104350325032498,False,False
FD003,cv,0,20,KAM_P1_heur,0.5229047656007988,0.35212646641723666,0.7754103046550526,True,False
FD003,cv,0,20,KAM_P1_opt,1.302688781040183,0.9863506896950958,1.7769922593677385,False,False
FD003,cv,0,20,LBnear_a0.10,0.7514284789620738,0.48363439573098527,1.161170676575119,False,False
FD003,cv,0,50,age,1.0232906650553086,0.37936610419585554,2.295533546794939,False,False
FD003,cv,0,50,STW_window,1.2413416366218728,0.5686733997187147,2.6229470613695356,False,False
FD003,cv,0,50,STW_cost_1se,2.360919156940704,0.956218775143446,4.225172900665375,False,False
FD003,cv,0,50,STW_cost_plain,0.7225838750070478,0.40918546126725724,1.0104350325032498,False,False
FD003,cv,0,50,KAM_P1_heur,0.42823721132783943,0.20827726565326932,0.7177899516803753,True,False
FD003,cv,0,50,KAM_P1_opt,1.6368114966491731,0.9863506896950958,2.927314841328438,False,False
FD003,cv,0,50,LBnear_a0.10,0.6420997533217578,0.3099060511228017,1.2732311549166668,False,False
FD003,cv,5,5,age,0.7170074287908682,0.6128844249685077,0.838388997669395,True,False
FD003,cv,5,5,STW_window,1.0214381963777965,0.983531004202907,1.0971509056260984,False,False
FD003,cv,5,5,STW_cost_1se,1.1654501635393353,1.0136367119959875,1.3254685589279458,False,True
FD003,cv,5,5,STW_cost_plain,1.0238853503184713,0.932154414832648,1.1252385738668251,False,False
FD003,cv,5,5,KAM_P1_heur,0.5238207953176106,0.44461739841918396,0.6282355340196358,True,False
FD003,cv,5,5,KAM_P1_opt,1.0630825320315767,0.9909692963403071,1.1762922690070634,False,False
FD003,cv,5,5,LBnear_a0.10,0.936986494311335,0.8215126880387338,1.0660466145799676,False,False
FD003,cv,5,10,age,0.8266415922145485,0.6105260848260244,1.1044598342122156,False,False
FD003,cv,5,10,STW_window,1.0527322587668222,0.9835310042029068,1.2129788381360291,False,False
FD003,cv,5,10,STW_cost_1se,1.4082522809433637,1.0623692462265637,1.764042714455575,False,True
FD003,cv,5,10,STW_cost_plain,1.0238853503184713,0.8660973619483601,1.213471193955135,False,False
FD003,cv,5,10,KAM_P1_heur,0.9156803437019138,0.7655173599488702,1.030952936082828,False,False
FD003,cv,5,10,KAM_P1_opt,1.1328386036871918,0.990969296340307,1.369971282977497,False,False
FD003,cv,5,10,LBnear_a0.10,0.8688915455968486,0.6881929000796274,1.0993662355387723,False,False
FD003,cv,5,20,age,1.0182710543332498,0.6075539826750496,1.6204593446802527,False,False
FD003,cv,5,20,STW_window,1.0939835228250832,0.9835310042029068,1.3925207888249354,False,False
FD003,cv,5,20,STW_cost_1se,1.89385651575142,1.1598343146877164,2.641191025510833,False,True
FD003,cv,5,20,STW_cost_plain,1.0238853503184713,0.7784006374656628,1.3514794953446199,False,False
FD003,cv,5,20,KAM_P1_heur,0.8614740187824576,0.6529601615541549,1.0309529360828278,False,False
FD003,cv,5,20,KAM_P1_opt,1.2323631899983882,0.990969296340307,1.6765506939922135,False,False
FD003,cv,5,20,LBnear_a0.10,0.7975539802769102,0.5553442050524442,1.144636400807976,False,False
FD003,cv,5,50,age,1.4388269879763063,0.6075539826750497,3.1814063542518562,False,False
FD003,cv,5,50,STW_window,1.1508433732837675,0.983531004202907,1.716064944336149,False,False
FD003,cv,5,50,STW_cost_1se,3.350669220175589,1.4522295200711741,5.272635958676608,False,True
FD003,cv,5,50,STW_cost_plain,1.0238853503184713,0.6849073510746928,1.5336578417944835,False,False
FD003,cv,5,50,KAM_P1_heur,1.015407126872095,0.5671056070764073,1.8492986140199532,False,False
FD003,cv,5,50,KAM_P1_opt,1.3858808717172781,0.990969296340307,2.4471495309085305,False,False
FD003,cv,5,50,LBnear_a0.10,0.722736533721853,0.3916881633176655,1.2041401511940897,False,False
FD003,cv,10,5,age,0.7100705201971024,0.6061879058563343,0.8308915842094945,True,False
FD003,cv,10,5,STW_window,1.092263469197365,0.9848106300457252,1.2260458517823098,False,False
FD003,cv,10,5,STW_cost_1se,1.1569364531389847,1.0055256858713446,1.3177942934207352,False,True
FD003,cv,10,5,STW_cost_plain,0.924937909978186,0.8026799549968234,1.0520576592405115,False,False
FD003,cv,10,5,KAM_P1_heur,0.6106736263102607,0.5180867095309998,0.7242250021050776,True,False
FD003,cv,10,5,KAM_P1_opt,1.0251797768166167,0.9894457760618205,1.104709651874199,False,False
FD003,cv,10,5,LBnear_a0.10,0.9569588287942717,0.8438601137292192,1.0825488213764045,False,False
FD003,cv,10,10,age,0.8186439942333568,0.6044513109509108,1.0937467177947928,False,False
FD003,cv,10,10,STW_window,1.2079693451716622,0.9848106300457252,1.5068556714284633,False,False
FD003,cv,10,10,STW_cost_1se,1.3979648808762735,1.0538682669228516,1.753829169920243,False,True
FD003,cv,10,10,STW_cost_plain,0.8577185851251204,0.664960907699437,1.0839451354771286,False,False
FD003,cv,10,10,KAM_P1_heur,0.6308012343563112,0.47671621487470867,0.8266228047072408,True,False
FD003,cv,10,10,KAM_P1_opt,1.0565884709592828,0.9894457760618205,1.2246460435872073,False,False
FD003,cv,10,10,LBnear_a0.10,0.9080345532935422,0.7210794110126076,1.135595007904885,False,False
FD003,cv,10,20,age,1.008419478263112,0.6007916362097125,1.6046803422896976,False,False
FD003,cv,10,20,STW_window,1.389074194522736,0.9848106300457252,1.9289580271025206,False,False
FD003,cv,10,20,STW_cost_1se,1.88002173635085,1.1505534290258657,2.625898922919259,False,True
FD003,cv,10,20,STW_cost_plain,0.787298340040956,0.5434954314762008,1.1264194746415928,False,False
FD003,cv,10,20,KAM_P1_heur,0.9233318635306096,0.6575213489362225,1.254258644337054,False,False
FD003,cv,10,20,KAM_P1_opt,1.0979908405109786,0.9894457760618206,1.400875781621617,False,False
FD003,cv,10,20,LBnear_a0.10,0.8542808428721396,0.5936380188569547,1.1972987140505535,False,False
FD003,cv,10,50,age,1.4249066143552593,0.6007916362097125,3.1480672560514185,False,False
FD003,cv,10,50,STW_window,1.7128677130595045,0.9848106300457252,3.2541842143851247,False,False
FD003,cv,10,50,STW_cost_1se,3.326192302774581,1.4406089153349073,5.242108181916306,False,True
FD003,cv,10,50,STW_cost_plain,0.7134429610502473,0.40830417132747243,1.184690610762934,False,False
FD003,cv,10,50,KAM_P1_heur,1.1498927005256119,0.9843435475391742,1.7206176302822387,False,False
FD003,cv,10,50,KAM_P1_opt,1.1550589715146677,0.9894457760618205,1.7274202528620874,False,False
FD003,cv,10,50,LBnear_a0.10,0.7949454830616073,0.45544862987610063,1.2729311991896517,False,False
FD003,cv,15,5,age,0.7036229671165054,0.6135182972156351,0.8092928555755065,True,False
FD003,cv,15,5,STW_window,1.1469887659430693,0.9955057364110007,1.3063829080071274,False,False
FD003,cv,15,5,STW_cost_1se,1.1014118915968736,0.9890417351574711,1.2555894319651757,False,False
FD003,cv,15,5,STW_cost_plain,0.8883525536238652,0.7640284943352659,1.0342273494282486,False,False
FD003,cv,15,5,KAM_P1_heur,0.7140864741483116,0.6101575453705302,0.8436673604438516,True,False
FD003,cv,15,5,KAM_P1_opt,1.1381548597529676,1.0228763394900713,1.3001157226101518,False,True
FD003,cv,15,5,LBnear_a0.10,0.9792675383982409,0.8801585534488917,1.0837623266319591,False,False
FD003,cv,15,10,age,0.8112105767673472,0.6368368555332514,1.029403183519126,False,False
FD003,cv,15,10,STW_window,1.3859447588478755,1.0433665891230681,1.7386419584506623,False,True
FD003,cv,15,10,STW_cost_1se,1.2698234958165788,1.0264772451529878,1.6340521823422933,False,True
FD003,cv,15,10,STW_cost_plain,0.8065521343214836,0.6211809633108213,1.0563386897063942,False,False
FD003,cv,15,10,KAM_P1_heur,0.584135738149554,0.4494406026787209,0.7627440859633112,True,False
FD003,cv,15,10,KAM_P1_opt,1.312184654822229,1.060207955397422,1.6933545584148828,False,True
FD003,cv,15,10,LBnear_a0.10,0.9527722045671196,0.7776195530122924,1.1548753401904868,False,False
FD003,cv,15,20,age,0.9992628692662976,0.6807317650978714,1.457610756954801,False,False
FD003,cv,15,20,STW_window,1.8638567446574879,1.1390882945472027,2.603160059337732,False,True
FD003,cv,15,20,STW_cost_1se,1.5641899973098454,1.0830273631272886,2.325712932217462,False,True
FD003,cv,15,20,STW_cost_plain,0.7244498684534104,0.4800290447288291,1.0794979173154968,False,False
FD003,cv,15,20,KAM_P1_heur,1.625229532644209,1.1267518139962815,2.4163102336848774,False,True
FD003,cv,15,20,KAM_P1_opt,1.6163711873802649,1.1206977082831469,2.399632230143651,False,True
FD003,cv,15,20,LBnear_a0.10,0.9220673317161007,0.6604281765906078,1.2561959237744107,False,False
FD003,cv,15,50,age,1.411968236025739,0.7552155876730041,2.7350804367460513,False,False
FD003,cv,15,50,STW_window,3.2975927020863245,1.4262534108196068,5.196714361998941,False,True
FD003,cv,15,50,STW_cost_1se,2.2102158093118467,1.1875465064516746,4.2356807741126286,False,True
FD003,cv,15,50,STW_cost_plain,0.642044082193958,0.3386770939584104,1.1037868633445558,False,False
FD003,cv,15,50,KAM_P1_heur,3.3893867725314637,1.4654520635880588,5.3218316377524,False,True
FD003,cv,15,50,KAM_P1_opt,2.283948342725754,1.228852283489009,4.371920168153644,False,True
FD003,cv,15,50,LBnear_a0.10,0.8860631407080529,0.5119765781503833,1.41107476889067,False,False
FD004,cv,0,5,age,0.6098719298629315,0.5507609323172483,0.673192445730305,True,False
FD004,cv,0,5,STW_window,1.029103318038001,0.9565277089340961,1.1042487826275857,False,False
FD004,cv,0,5,STW_cost_1se,1.0521471835147904,1.0038250932020751,1.1123454895279803,False,True
FD004,cv,0,5,STW_cost_plain,0.9436606628178181,0.8698928113978517,1.0249538855708507,False,False
FD004,cv,0,5,KAM_P1_heur,0.47114119451681236,0.4239894155323785,0.526680654984394,True,False
FD004,cv,0,5,KAM_P1_opt,1.02549082708043,1.008559327862847,1.0576719635539893,False,True
FD004,cv,0,5,LBnear_a0.10,0.86216277809949,0.7890282482874256,0.9402711271074163,True,False
FD004,cv,0,10,age,0.611367127212236,0.5076055473211638,0.7272572375883753,True,False
FD004,cv,0,10,STW_window,1.062037798622984,0.9143362084971387,1.2206286283711318,False,False
FD004,cv,0,10,STW_cost_1se,1.1240311331643171,1.020686881758258,1.255552486482965,False,True
FD004,cv,0,10,STW_cost_plain,0.8713328070473141,0.7455069444285396,1.0249538855708509,False,False
FD004,cv,0,10,KAM_P1_heur,0.32998910021011313,0.2775957995763625,0.39057343535934413,True,False
FD004,cv,0,10,KAM_P1_opt,1.0300512443783483,0.9983573225445623,1.097749987652984,False,False
FD004,cv,0,10,LBnear_a0.10,0.7338509427359295,0.6292973631031141,0.85925619165613,True,False
FD004,cv,0,20,age,0.755629643704218,0.5610705356870003,0.9751133045269552,True,False
FD004,cv,0,20,STW_window,1.1157463361923414,0.8515999957895644,1.4323569749583414,False,False
FD004,cv,0,20,STW_cost_1se,1.2527710290523197,1.0474212938193814,1.5161001295433074,False,True
FD004,cv,0,20,STW_cost_plain,0.7812641564651768,0.6015712348518069,1.0249538855708509,False,False
FD004,cv,0,20,KAM_P1_heur,0.3900948037422387,0.3018989347117118,0.5102988254085105,True,False
FD004,cv,0,20,KAM_P1_opt,1.0546581558690813,0.9983573225445623,1.186192279416911,False,False
FD004,cv,0,20,LBnear_a0.10,0.5996232993826343,0.46967808051025467,0.7675022456680192,True,False
FD004,cv,0,50,age,1.0165312207222867,0.5610705356870003,1.6052458893578754,False,False
FD004,cv,0,50,STW_window,1.218939144331219,0.7503509693132382,1.9832032313982744,False,False
FD004,cv,0,50,STW_cost_1se,1.5499487137966717,1.09840568289227,2.1640877672963277,False,True
FD004,cv,0,50,STW_cost_plain,0.6660150229245927,0.4243825730148212,1.0249538855708509,False,False
FD004,cv,0,50,KAM_P1_heur,0.5995324916781302,0.4069122299622101,0.8277277465342089,True,False
FD004,cv,0,50,KAM_P1_opt,1.0985919533080015,0.9983573225445621,1.3713085376067398,False,False
FD004,cv,0,50,LBnear_a0.10,0.45906107237230775,0.3037953813087803,0.6585000476160534,True,False
FD004,cv,5,5,age,0.5966198809061909,0.5418112610537411,0.6595104974935647,True,False
FD004,cv,5,5,STW_window,1.036113458908076,1.004003064473663,1.0837376161856556,False,True
FD004,cv,5,5,STW_cost_1se,1.0414617353516458,0.9936883461329664,1.1048047710813238,False,False
FD004,cv,5,5,STW_cost_plain,0.9413756548136167,0.8646761336090505,1.0132126360675142,False,False
FD004,cv,5,5,KAM_P1_heur,0.6338183542305734,0.5662185747173608,0.7089358787448496,True,False
FD004,cv,5,5,KAM_P1_opt,1.0005479927872833,0.9548630326390309,1.0576832602543362,False,False
FD004,cv,5,5,LBnear_a0.10,0.8026004186986385,0.7278091149673007,0.8844950778743578,True,False
FD004,cv,5,10,age,0.5596601442195167,0.47713599854453004,0.6571033722871196,True,False
FD004,cv,5,10,STW_window,1.022817705016326,0.9855666535227422,1.0933082859180523,False,False
FD004,cv,5,10,STW_cost_1se,1.060687217756299,0.9903408264936394,1.1674298457720242,False,False
FD004,cv,5,10,STW_cost_plain,0.8334975147903859,0.7235393336619276,0.9573069983200402,True,False
FD004,cv,5,10,KAM_P1_heur,0.6557125327913316,0.5546554119985088,0.7778920286129284,True,False
FD004,cv,5,10,KAM_P1_opt,0.966233611840712,0.9035036799404117,0.9985521140432532,True,False
FD004,cv,5,10,LBnear_a0.10,0.6184558845294721,0.5187403606986718,0.7335250463426869,True,False
FD004,cv,5,20,age,0.6401468780190246,0.50114047342457,0.8055264676472477,True,False
FD004,cv,5,20,STW_window,1.031695585436932,0.964278738058445,1.175623628163738,False,False
FD004,cv,5,20,STW_cost_1se,1.13209948176812,0.9903408264936395,1.346754076684089,False,False
FD004,cv,5,20,STW_cost_plain,0.713595054630632,0.5680507825128345,0.8978343998251747,True,False
FD004,cv,5,20,KAM_P1_heur,0.6381539362261685,0.5016407139746457,0.8176316096852291,True,False
FD004,cv,5,20,KAM_P1_opt,0.9394117423481438,0.8232282103154105,0.998552114043253,True,False
FD004,cv,5,20,LBnear_a0.10,0.45225659271095997,0.3494241317702305,0.5877377427789237,True,False
FD004,cv,5,50,age,0.7450268442163778,0.4311192439230101,1.1721345685897917,False,False
FD004,cv,5,50,STW_window,1.1042763055515832,0.9642787380584449,1.4456364148450447,False,False
FD004,cv,5,50,STW_cost_1se,1.3175796574229837,0.9903408264936395,1.8099525969648664,False,False
FD004,cv,5,50,STW_cost_plain,0.5485872035041506,0.3648975135789376,0.7996511650007287,True,False
FD004,cv,5,50,KAM_P1_heur,0.7466682941876831,0.5153868790803539,1.02397275681142,False,False
FD004,cv,5,50,KAM_P1_opt,0.8878775886039959,0.6690442764473161,0.998552114043253,True,False
FD004,cv,5,50,LBnear_a0.10,0.2895562333517849,0.1823606348840876,0.4351723842755515,True,False
FD004,cv,10,5,age,0.5896389241629206,0.5379977653442412,0.6459462842464657,True,False
FD004,cv,10,5,STW_window,0.9815827077808621,0.9198250543016452,1.0452401459553184,False,False
FD004,cv,10,5,STW_cost_1se,1.0241098647886553,0.9910694818593462,1.0718865033486293,False,False
FD004,cv,10,5,STW_cost_plain,0.9379869811259036,0.8743079561690452,0.9954716697198122,True,False
FD004,cv,10,5,KAM_P1_heur,0.6480323391009605,0.5830258479874477,0.7288357543895186,True,False
FD004,cv,10,5,KAM_P1_opt,1.005988341703543,0.988889743659876,1.0390129833793216,False,False
FD004,cv,10,5,LBnear_a0.10,0.7482220727585415,0.6748496154884557,0.8298708734260861,True,False
FD004,cv,10,10,age,0.5631682687140473,0.4796539668482836,0.6606759427571725,True,False
FD004,cv,10,10,STW_window,0.9514653009154335,0.8322149470808499,1.0862667550121214,False,False
FD004,cv,10,10,STW_cost_1se,1.0619790257872557,0.9910694818593462,1.1693024843853503,False,False
FD004,cv,10,10,STW_cost_plain,0.856635968133793,0.7479963377082371,0.963917595079156,True,False
FD004,cv,10,10,KAM_P1_heur,0.5966641721946704,0.5024923312797515,0.711597977945767,True,False
FD004,cv,10,10,KAM_P1_opt,1.0239609260509954,0.9888897436598759,1.0971364309653362,False,False
FD004,cv,10,10,LBnear_a0.10,0.5662676854458378,0.4766487261905681,0.6751628916056442,True,False
FD004,cv,10,20,age,0.6441595184867636,0.5040187365863618,0.8109310940281114,True,False
FD004,cv,10,20,STW_window,0.9250533878799883,0.7166718093528347,1.1924139705514083,False,False
FD004,cv,10,20,STW_cost_1se,1.133478262598046,0.9910694818593462,1.3678532501892817,False,False
FD004,cv,10,20,STW_cost_plain,0.746231021930214,0.5921504286000603,0.9171121262978797,True,False
FD004,cv,10,20,KAM_P1_heur,0.595460526512684,0.4672748187533864,0.770179929099761,True,False
FD004,cv,10,20,KAM_P1_opt,1.0561487600391155,0.9888897436598759,1.2142421342926686,False,False
FD004,cv,10,20,LBnear_a0.10,0.4002343070229957,0.31058851602455745,0.523519021852817,True,False
FD004,cv,10,50,age,0.7496969050528934,0.43348002291564885,1.1805708089478388,False,False
FD004,cv,10,50,STW_window,0.874306903283796,0.5373051758704803,1.4666703131733831,False,False
FD004,cv,10,50,STW_cost_1se,1.319184334046206,0.9910694818593461,1.9641113789040499,False,False
FD004,cv,10,50,STW_cost_plain,0.5878239252033399,0.38772524481475196,0.8397994628118093,True,False
FD004,cv,10,50,KAM_P1_heur,0.7467384282275656,0.5152916781864488,1.024319663434937,False,False
FD004,cv,10,50,KAM_P1_opt,1.1304497831644305,0.9888897436598759,1.4820119072896074,False,False
FD004,cv,10,50,LBnear_a0.10,0.24811989445596067,0.16029291817263439,0.36465665259272867,True,False
FD004,cv,15,5,age,0.5848615766487868,0.5337941717727352,0.640086849056661,True,False
FD004,cv,15,5,STW_window,1.0107791834837954,0.9787602817306891,1.0577348302600773,False,False
FD004,cv,15,5,STW_cost_1se,1.0133957111752758,0.9804416722691839,1.0608306098840128,False,False
FD004,cv,15,5,STW_cost_plain,0.9553325162502563,0.8893060998221307,1.0174859229716577,False,False
FD004,cv,15,5,KAM_P1_heur,0.6485287279139746,0.5820137784672735,0.7224293381195958,True,False
FD004,cv,15,5,KAM_P1_opt,0.9959594755048856,0.977567563411169,1.0283828301199824,False,False
FD004,cv,15,5,LBnear_a0.10,0.7949332331281451,0.7195003714106514,0.8741161393876865,True,False
FD004,cv,15,10,age,0.5645617532866629,0.4815803808612841,0.6622319849086168,True,False
FD004,cv,15,10,STW_window,1.0593318010505188,0.9887030115095334,1.165859427864524,False,False
FD004,cv,15,10,STW_cost_1se,1.0620740132341544,0.9909550291158179,1.1699862875323859,False,False
FD004,cv,15,10,STW_cost_plain,0.9064725149530047,0.7844204567755146,1.0279608413458718,False,False
FD004,cv,15,10,KAM_P1_heur,0.5795336129222614,0.48925816323919813,0.6903055546183696,True,False
FD004,cv,15,10,KAM_P1_opt,1.0245624505966802,0.990142079664719,1.0955015783271382,False,False
FD004,cv,15,10,LBnear_a0.10,0.6353237569143594,0.539385755886353,0.7539199412631837,True,False
FD004,cv,15,20,age,0.6457534050765823,0.5051172732894555,0.8118584759215012,True,False
FD004,cv,15,20,STW_window,1.1306528097195596,0.9887030115095333,1.3478544763616866,False,False
FD004,cv,15,20,STW_cost_1se,1.1335796452088747,0.9909550291158179,1.3689076694191082,False,False
FD004,cv,15,20,STW_cost_plain,0.8208394410387101,0.6385261194043503,1.0279608413458718,False,False
FD004,cv,15,20,KAM_P1_heur,0.6660273910029396,0.5052224569665716,0.8851843150558488,True,False
FD004,cv,15,20,KAM_P1_opt,1.0567691932870016,0.990142079664719,1.202642149027632,False,False
FD004,cv,15,20,LBnear_a0.10,0.46821806600330657,0.365641502923027,0.6066741528932975,True,False
FD004,cv,15,50,age,0.7515519297930379,0.4349942125861243,1.182842816718128,False,False
FD004,cv,15,50,STW_window,1.31589596646398,0.9887030115095334,1.8092949029190757,False,False
FD004,cv,15,50,STW_cost_1se,1.3193023269150266,0.9909550291158179,1.9656334963452384,False,False
FD004,cv,15,50,STW_cost_plain,0.6854466079580008,0.434609322644734,1.0279608413458718,False,False
FD004,cv,15,50,KAM_P1_heur,1.0159854742238679,0.7154512980049474,1.416102189330574,False,False
FD004,cv,15,50,KAM_P1_opt,1.1311138644539969,0.990142079664719,1.4807143802572071,False,False
FD004,cv,15,50,LBnear_a0.10,0.3020839198068529,0.19746430467556558,0.4455763101634182,True,False
NCMAPSS,cv,0,5,age,0.9272793190054119,0.7801383912249542,1.0952843447493903,False,False
NCMAPSS,cv,0,5,STW_window,1.0606331726287552,0.8886514909646163,1.25023202812292,False,False
NCMAPSS,cv,0,5,STW_cost_1se,1.0697875090841382,0.9634823530758043,1.206245538079319,False,False
NCMAPSS,cv,0,5,STW_cost_plain,0.967764495472821,0.8752807390481804,1.0358065524696973,False,False
NCMAPSS,cv,0,5,KAM_P1_heur,0.3153483226153052,0.2764040154514642,0.36317508406257953,True,False
NCMAPSS,cv,0,5,KAM_P1_opt,1.0111698758309102,0.9661818382339227,1.09182603312634,False,False
NCMAPSS,cv,0,5,LBnear_a0.10,0.8923820716608136,0.7658820136045726,1.0255038390717308,False,False
NCMAPSS,cv,0,10,age,0.9986615562450569,0.745750841471706,1.3106321455274839,False,False
NCMAPSS,cv,0,10,STW_window,1.11364604246517,0.8173567178755075,1.468373729242069,False,False
NCMAPSS,cv,0,10,STW_cost_1se,1.0784955143414716,0.9938266263166062,1.2685376223814178,False,False
NCMAPSS,cv,0,10,STW_cost_plain,0.9026282168278882,0.7445568265528211,1.0346903275430432,False,False
NCMAPSS,cv,0,10,KAM_P1_heur,0.6395598007205965,0.4788215431120048,0.8501333277456313,True,False
NCMAPSS,cv,0,10,KAM_P1_opt,0.9033521932226074,0.7220655862324662,1.1236868708110397,False,False
NCMAPSS,cv,0,10,LBnear_a0.10,0.6868193709314351,0.5194973576245785,0.9022507449179225,True,False
NCMAPSS,cv,0,20,age,1.1316552259629216,0.6589642404639385,1.814364367590906,False,False
NCMAPSS,cv,0,20,STW_window,1.261952416159079,0.7209298580546684,2.0421347742536353,False,False
NCMAPSS,cv,0,20,STW_cost_1se,1.140348750304747,0.9938266263166061,1.494741939031528,False,False
NCMAPSS,cv,0,20,STW_cost_plain,0.8295140019154672,0.5958003875081098,1.0346903275430432,False,False
NCMAPSS,cv,0,20,KAM_P1_heur,0.4774593903997079,0.30554413279218945,0.7203153311215338,True,False
NCMAPSS,cv,0,20,KAM_P1_opt,1.0437090257026498,0.9072102677966838,1.3752274024395632,False,False
NCMAPSS,cv,0,20,LBnear_a0.10,0.5308529572186815,0.3452683706507729,0.789045181984137,True,False
NCMAPSS,cv,0,50,age,1.4228035299398687,0.5241203797654477,3.3179247092107946,False,False
NCMAPSS,cv,0,50,STW_window,1.586623126137636,0.5736955111331257,3.7668653888088923,False,False
NCMAPSS,cv,0,50,STW_cost_1se,1.2505542620971815,0.9938266263166062,2.005350211137295,False,False
NCMAPSS,cv,0,50,STW_cost_plain,0.7376961506301014,0.41572577751206524,1.0346903275430432,False,False
NCMAPSS,cv,0,50,KAM_P1_heur,0.33518941983155287,0.15284249626922528,0.590923317391728,True,False
NCMAPSS,cv,0,50,KAM_P1_opt,1.144575087343183,0.9072102677966838,1.8366344134139063,False,False
NCMAPSS,cv,0,50,LBnear_a0.10,0.3935347016672354,0.18470976396618297,0.6751272339476918,True,False
NCMAPSS,cv,5,5,age,0.9740064883752722,0.8201566986111736,1.1523251060526547,False,False
NCMAPSS,cv,5,5,STW_window,1.0272921869425615,0.940411979164448,1.1132916752447082,False,False
NCMAPSS,cv,5,5,STW_cost_1se,1.0586902232080535,0.9877111536676692,1.1663860494536582,False,False
NCMAPSS,cv,5,5,STW_cost_plain,1.019621833749554,0.9346646149673136,1.105612582864079,False,False
NCMAPSS,cv,5,5,KAM_P1_heur,0.6461054130586326,0.5435976394528304,0.7677987086780851,True,False
NCMAPSS,cv,5,5,KAM_P1_opt,1.0608662533386042,0.9581050612030085,1.1913188011762341,False,False
NCMAPSS,cv,5,5,LBnear_a0.10,0.9130194607160531,0.786334870622322,1.0432296957421399,False,False
NCMAPSS,cv,5,10,age,1.1851884885242003,0.8459215593129129,1.5645759288679748,False,False
NCMAPSS,cv,5,10,STW_window,0.9785386193364253,0.8101064721231472,1.1931348983477177,False,False
NCMAPSS,cv,5,10,STW_cost_1se,1.1218099655131406,0.987711153667669,1.3464171252690635,False,False
NCMAPSS,cv,5,10,STW_cost_plain,1.019621833749554,0.8733335564456783,1.1838556717223154,False,False
NCMAPSS,cv,5,10,KAM_P1_heur,0.7888048519443454,0.6234283243627782,0.9805201367224927,True,False
NCMAPSS,cv,5,10,KAM_P1_opt,1.2877868949934594,0.9860865051685217,1.654703109003734,False,False
NCMAPSS,cv,5,10,LBnear_a0.10,0.7823760256867642,0.6102796243444423,0.9736894263837664,True,False
NCMAPSS,cv,5,20,age,1.5101404669331286,0.8459215593129128,2.3664236404439305,False,False
NCMAPSS,cv,5,20,STW_window,1.1863696863250912,0.7800776191848423,1.8223762263145513,False,False
NCMAPSS,cv,5,20,STW_cost_1se,1.2047673411141124,0.9877111536676689,1.608488762755266,False,False
NCMAPSS,cv,5,20,STW_cost_plain,1.0196218337495542,0.7991847250233574,1.2986510914353513,False,False
NCMAPSS,cv,5,20,KAM_P1_heur,0.8271653387243826,0.6177267963340243,1.0465783848712362,False,False
NCMAPSS,cv,5,20,KAM_P1_opt,1.6408690446676384,1.0640859352446468,2.405316760973284,False,True
NCMAPSS,cv,5,20,LBnear_a0.10,0.6714185877166833,0.4676525465449266,0.9094054269888955,True,False
NCMAPSS,cv,5,50,age,2.2215218250715933,0.8459215593129128,4.733659323371677,False,False
NCMAPSS,cv,5,50,STW_window,1.3881055141268501,0.7262569670253507,2.887807321997608,False,False
NCMAPSS,cv,5,50,STW_cost_1se,1.3186579754137515,0.9877111536676689,2.2035996082378033,False,False
NCMAPSS,cv,5,50,STW_cost_plain,1.019621833749554,0.6854469361487829,1.451904367798304,False,False
NCMAPSS,cv,5,50,KAM_P1_heur,1.0305030324652158,1.0150905430681414,1.0472965570005044,False,True
NCMAPSS,cv,5,50,KAM_P1_opt,2.4138326696300294,1.2180320111844172,4.535869633381662,False,True
NCMAPSS,cv,5,50,LBnear_a0.10,0.5760093257678874,0.3291510912295336,0.858075402671703,True,False
NCMAPSS,cv,10,5,age,0.985610175781909,0.8237173379187883,1.1708575836082482,False,False
NCMAPSS,cv,10,5,STW_window,0.946028880866426,0.8386031807129396,1.0631143346564298,False,False
NCMAPSS,cv,10,5,STW_cost_1se,1.0384821849003296,0.9107809018842636,1.1789117273865966,False,False
NCMAPSS,cv,10,5,STW_cost_plain,1.0449943876467553,0.8690499756074138,1.239301694474176,False,False
NCMAPSS,cv,10,5,KAM_P1_heur,0.6985065031402996,0.5867453235024735,0.8337666060789615,True,False
NCMAPSS,cv,10,5,KAM_P1_opt,1.096106937262172,0.993849369185676,1.2375414097765607,False,False
NCMAPSS,cv,10,5,LBnear_a0.10,0.8837579183979293,0.7577053424948254,1.027098567822678,False,False
NCMAPSS,cv,10,10,age,1.1993080625752106,0.8565929189817428,1.6025038549369932,False,False
NCMAPSS,cv,10,10,STW_window,1.0881699527908915,0.880577702315276,1.3584129791016695,False,False
NCMAPSS,cv,10,10,STW_cost_1se,1.1003971119133573,0.8618565655726432,1.3888286714480724,False,False
NCMAPSS,cv,10,10,STW_cost_plain,1.0741990072202166,0.7657936497855706,1.4774925822335183,False,False
NCMAPSS,cv,10,10,KAM_P1_heur,0.7653068592057762,0.5993060352766301,0.9604588982126154,True,False
NCMAPSS,cv,10,10,KAM_P1_opt,1.3789136855923858,1.0475042202344653,1.7807623074742511,False,True
NCMAPSS,cv,10,10,LBnear_a0.10,0.7469661205220771,0.5800674613019758,0.9485604406008243,True,False
NCMAPSS,cv,10,20,age,1.2356195661719505,0.7461131952799823,2.0081122808512757,False,False
NCMAPSS,cv,10,20,STW_window,1.046102643621648,0.899143546864632,1.3474662711620786,False,False
NCMAPSS,cv,10,20,STW_cost_1se,0.9555588452997779,0.6532234010563925,1.3662194985310294,False,False
NCMAPSS,cv,10,20,STW_cost_plain,0.8975482078948774,0.5245913141280819,1.5262024642405139,False,False
NCMAPSS,cv,10,20,KAM_P1_heur,0.5873427091043671,0.3971407613843029,0.8743308111244771,True,False
NCMAPSS,cv,10,20,KAM_P1_opt,1.5522059978018525,0.99193637542567,2.2950855723933077,False,False
NCMAPSS,cv,10,20,LBnear_a0.10,0.5123866580310881,0.33838854875999,0.7826550060216679,True,False
NCMAPSS,cv,10,50,age,1.5535154524791832,0.6185869196646392,3.6742548067059877,False,False
NCMAPSS,cv,10,50,STW_window,1.1472000291336975,0.899143546864632,1.8355185495851438,False,False
NCMAPSS,cv,10,50,STW_cost_1se,0.8938897933540948,0.4658662574848282,1.609840607349538,False,False
NCMAPSS,cv,10,50,STW_cost_plain,0.7981997367616117,0.33342469140993997,1.872241290821843,False,False
NCMAPSS,cv,10,50,KAM_P1_heur,1.090872857712236,0.48183560117853774,2.515081508528176,False,False
NCMAPSS,cv,10,50,KAM_P1_opt,2.4477094580721523,0.99193637542567,4.372533719818285,False,False
NCMAPSS,cv,10,50,LBnear_a0.10,0.37202617340165334,0.17978061048088437,0.6691728764915995,True,False
NCMAPSS,cv,15,5,age,0.9436488330713286,0.8057169213134271,1.1045233555590166,False,False
NCMAPSS,cv,15,5,STW_window,0.9415896487985213,0.8548870633350171,1.0303163264183057,False,False
NCMAPSS,cv,15,5,STW_cost_1se,0.901008092701036,0.797110247704359,1.0064403731377876,False,False
NCMAPSS,cv,15,5,STW_cost_plain,0.9166443256056779,0.7828892177559731,1.0651817739654075,False,False
NCMAPSS,cv,15,5,KAM_P1_heur,0.6795935277674074,0.568781056050173,0.8112419319815376,True,False
NCMAPSS,cv,15,5,KAM_P1_opt,0.9787430683918669,0.8539068734362958,1.122837544302538,False,False
NCMAPSS,cv,15,5,LBnear_a0.10,0.7919798111724794,0.6659435767344531,0.9317591221931095,True,False
NCMAPSS,cv,15,10,age,1.0376762121499463,0.7781821921909982,1.3620376020871239,False,False
NCMAPSS,cv,15,10,STW_window,1.0823693027372148,0.9206887088413391,1.3266944211645582,False,False
NCMAPSS,cv,15,10,STW_cost_1se,0.8476199506922055,0.696013873230615,0.9773291874503387,True,False
NCMAPSS,cv,15,10,STW_cost_plain,0.7305538642738079,0.5718599719664299,0.9222849197358313,True,False
NCMAPSS,cv,15,10,KAM_P1_heur,0.6568999304633668,0.5112527753983309,0.8583264829699451,True,False
NCMAPSS,cv,15,10,KAM_P1_opt,1.0230054413631124,0.9405793452839906,1.2046655724765163,False,False
NCMAPSS,cv,15,10,LBnear_a0.10,0.589986724824578,0.4538924780773621,0.7845839588998758,True,False
NCMAPSS,cv,15,20,age,1.1480433252214683,0.7198591492129525,1.7814275708498306,False,False
NCMAPSS,cv,15,20,STW_window,1.1974899673738642,1.0093102820633308,1.6345470957988115,False,True
NCMAPSS,cv,15,20,STW_cost_1se,0.7605304398668901,0.5432987621225329,1.0732280311341984,False,False
NCMAPSS,cv,15,20,STW_cost_plain,0.6016297449880008,0.4049568672840984,0.8991532927161924,True,False
NCMAPSS,cv,15,20,KAM_P1_heur,0.5941684041199116,0.4065078414782902,0.9006305114801121,True,False
NCMAPSS,cv,15,20,KAM_P1_opt,1.0714255084209736,0.9101401398536577,1.4547450862049351,False,False
NCMAPSS,cv,15,20,LBnear_a0.10,0.42587779646333385,0.2863193659851268,0.6485591067093539,True,False
NCMAPSS,cv,15,50,age,1.3162070989395467,0.5062116346166087,2.9818012284521562,False,False
NCMAPSS,cv,15,50,STW_window,1.3728966157808662,1.0093102820633308,2.5612906509105158,False,True
NCMAPSS,cv,15,50,STW_cost_1se,0.6167448724926329,0.3139637118374936,1.0732280311341984,False,False
NCMAPSS,cv,15,50,STW_cost_plain,0.442249334746929,0.2225305112762965,0.8113169931740621,True,False
NCMAPSS,cv,15,50,KAM_P1_heur,0.8894545491944482,0.5545701668849711,1.1355802584768013,False,False
NCMAPSS,cv,15,50,KAM_P1_opt,1.2283664119527495,0.9101401398536577,2.2820778292718753,False,False
NCMAPSS,cv,15,50,LBnear_a0.10,0.27728552309751253,0.1334189777920897,0.5027910508159585,True,False
NCMAPSS,group,0,5,age,1.0181174188078779,0.8627388528167096,1.1969706529374975,False,False
NCMAPSS,group,0,5,STW_window,1.1289746277844035,1.0178178295213904,1.26317003937132,False,True
NCMAPSS,group,0,5,STW_cost_1se,1.312138165542897,1.1422504656625505,1.5127339912877484,False,True
NCMAPSS,group,0,5,STW_cost_plain,1.0948277038087961,1.0138981831007399,1.1965545314296828,False,True
NCMAPSS,group,0,5,KAM_P1_heur,0.4011394020418084,0.3380103700470924,0.4670969174681302,True,False
NCMAPSS,group,0,5,KAM_P1_opt,1.0886820637345846,0.9779547917943732,1.2141775189965134,False,False
NCMAPSS,group,0,5,LBnear_a0.10,1.0870655080213905,1.00702599910121,1.1668943379504213,False,True
NCMAPSS,group,0,10,age,1.3532101653044597,0.9449600002634952,1.839867427887308,False,False
NCMAPSS,group,0,10,STW_window,1.002700636113687,0.947168498185374,1.1154204391071985,False,False
NCMAPSS,group,0,10,STW_cost_1se,1.266263389537571,1.061289789910889,1.551599667808234,False,True
NCMAPSS,group,0,10,STW_cost_plain,1.173718375200043,0.9739124352973185,1.4410540274585077,False,False
NCMAPSS,group,0,10,KAM_P1_heur,0.7617918366526658,0.6028553656922215,0.9390711545675793,True,False
NCMAPSS,group,0,10,KAM_P1_opt,0.9174700316394587,0.8238411210830898,0.9641691900330612,True,False
NCMAPSS,group,0,10,LBnear_a0.10,0.9402512417544874,0.7688895527314435,1.1163317952514908,False,False
NCMAPSS,group,0,20,age,1.0704224063809158,0.59601928131928,1.801512466066737,False,False
NCMAPSS,group,0,20,STW_window,1.3710122764538464,0.9366062091503268,1.9727703233452487,False,False
NCMAPSS,group,0,20,STW_cost_1se,0.8424817913327921,0.6323558118070621,1.0188203755636767,False,False
NCMAPSS,group,0,20,STW_cost_plain,0.7406464368091543,0.5389933793839323,0.9674259061931975,True,False
NCMAPSS,group,0,20,KAM_P1_heur,0.4028260950884674,0.257388246935834,0.5781556720529879,True,False
NCMAPSS,group,0,20,KAM_P1_opt,1.061548101021785,0.9462926486631895,1.3658168893810907,False,False
NCMAPSS,group,0,20,LBnear_a0.10,0.5307050177527152,0.35542430044298184,0.7513953716694557,True,False
NCMAPSS,group,0,50,age,1.2548548674078235,0.4427863719019696,3.2260092650778067,False,False
NCMAPSS,group,0,50,STW_window,1.8426616734887413,0.9366062091503268,3.6183383049099582,False,False
NCMAPSS,group,0,50,STW_cost_1se,0.7697178241860558,0.4655759864468646,1.0188203755636764,False,False
NCMAPSS,group,0,50,STW_cost_plain,0.6382445785689129,0.3601053465270302,0.9430114816984289,True,False
NCMAPSS,group,0,50,KAM_P1_heur,0.4022850462916455,0.19685589455929373,0.648093332861723,True,False
NCMAPSS,group,0,50,KAM_P1_opt,1.134783823670675,0.9462926486631896,1.8554518405649687,False,False
NCMAPSS,group,0,50,LBnear_a0.10,0.411909999390391,0.20063739795461338,0.6595915781360842,True,False
NCMAPSS,group,5,5,age,0.9634980766502841,0.8056764955242945,1.1434861362488171,False,False
NCMAPSS,group,5,5,STW_window,1.2502473393681057,1.0575671078797986,1.4444998891913188,False,True
NCMAPSS,group,5,5,STW_cost_1se,1.320987879854784,1.1340080961413246,1.5225040359885946,False,True
NCMAPSS,group,5,5,STW_cost_plain,0.8940586155776029,0.7918810861293207,0.9881002240477561,True,False
NCMAPSS,group,5,5,KAM_P1_heur,0.7974015228062917,0.6816949153751616,0.9217859652071081,True,False
NCMAPSS,group,5,5,KAM_P1_opt,0.946033173755531,0.8474708815601526,1.0564846909954795,False,False
NCMAPSS,group,5,5,LBnear_a0.10,0.9461140020766935,0.8329941155207757,1.0483984039280538,False,False
NCMAPSS,group,5,10,age,0.9691645157283054,0.693504313637508,1.3129907973623534,False,False
NCMAPSS,group,5,10,STW_window,1.2523041286723324,0.9936842730520349,1.5849703132943869,False,False
NCMAPSS,group,5,10,STW_cost_1se,1.0664299812873292,0.9912554541753743,1.2425508943556707,False,False
NCMAPSS,group,5,10,STW_cost_plain,1.022250134577427,0.8459643709152124,1.221769470367576,False,False
NCMAPSS,group,5,10,KAM_P1_heur,0.593127579400682,0.45102885825111416,0.7717059054681001,True,False
NCMAPSS,group,5,10,KAM_P1_opt,1.1575901668760094,0.933964303258448,1.4413711873851072,False,False
NCMAPSS,group,5,10,LBnear_a0.10,0.5971525272712648,0.4592451262715004,0.7741580668129929,True,False
NCMAPSS,group,5,20,age,1.0895370922091465,0.6120969885094945,1.827678511946544,False,False
NCMAPSS,group,5,20,STW_window,1.5782828282828283,1.0475033604576336,2.2638149042213347,False,True
NCMAPSS,group,5,20,STW_cost_1se,1.133854984301413,1.0036198603898867,1.485642659645222,False,True
NCMAPSS,group,5,20,STW_cost_plain,1.0380830903790088,0.7605943269420805,1.400988085933471,False,False
NCMAPSS,group,5,20,KAM_P1_heur,0.47310245188122646,0.31216182968340206,0.6771295939514858,True,False
NCMAPSS,group,5,20,KAM_P1_opt,1.3946839328951919,0.9488876940378206,2.014100311273916,False,False
NCMAPSS,group,5,20,LBnear_a0.10,0.4652286084501828,0.3062486779673424,0.6734664418548317,True,False
NCMAPSS,group,5,50,age,1.277262990040106,0.4809815926964081,3.3177123186444657,False,False
NCMAPSS,group,5,50,STW_window,2.660533910533911,1.3138177741333033,4.428418796703886,False,True
NCMAPSS,group,5,50,STW_cost_1se,1.2120791260755173,1.0036198603898867,2.0066430195586467,False,True
NCMAPSS,group,5,50,STW_cost_plain,1.0380830903790088,0.6230577005003262,1.7202447030328736,False,False
NCMAPSS,group,5,50,KAM_P1_heur,0.5319694273537696,0.2676783724431868,0.919487272756481,True,False
NCMAPSS,group,5,50,KAM_P1_opt,1.8744767453313373,0.9488876940378205,3.6966685147488962,False,False
NCMAPSS,group,5,50,LBnear_a0.10,0.35254938585307427,0.1705259238520007,0.5793105122761373,True,False
NCMAPSS,group,10,5,age,0.8009783657158605,0.6843185475396688,0.9522921141650051,True,False
NCMAPSS,group,10,5,STW_window,1.0434394635408417,0.9883467651084528,1.138349211863952,False,False
NCMAPSS,group,10,5,STW_cost_1se,1.0222222222222221,0.9212553562455674,1.1283659706006117,False,False
NCMAPSS,group,10,5,STW_cost_plain,1.0262932940309506,0.9501405270082791,1.0795610038894436,False,False
NCMAPSS,group,10,5,KAM_P1_heur,0.6560924977006963,0.5558715142044814,0.781308122042689,True,False
NCMAPSS,group,10,5,KAM_P1_opt,1.0498864776387349,0.997275100894735,1.1362239606249898,False,False
NCMAPSS,group,10,5,LBnear_a0.10,0.7310672717730233,0.61676702802617,0.8651491740357143,True,False
NCMAPSS,group,10,10,age,0.9493553527451832,0.6940659937721753,1.2943170570077018,False,False
NCMAPSS,group,10,10,STW_window,0.9682167173692597,0.8833766269932897,1.1373904456575266,False,False
NCMAPSS,group,10,10,STW_cost_1se,1.0041431261770244,0.8168572822144117,1.2187682414253234,False,False
NCMAPSS,group,10,10,STW_cost_plain,0.992391713747646,0.8583119819229148,1.0795610038894436,False,False
NCMAPSS,group,10,10,KAM_P1_heur,0.5394690480529737,0.41289298499041155,0.7027347122390349,True,False
NCMAPSS,group,10,10,KAM_P1_opt,1.0501521077792264,0.9620224774046628,1.2293478271352054,False,False
NCMAPSS,group,10,10,LBnear_a0.10,0.5273069679849341,0.40418779271364175,0.689084324699937,True,False
NCMAPSS,group,10,20,age,1.0038022186481916,0.5740599413012982,1.7216581632011834,False,False
NCMAPSS,group,10,20,STW_window,1.0237453090849107,0.8833766269932897,1.3498733658617508,False,False
NCMAPSS,group,10,20,STW_cost_1se,1.0182674199623352,0.7195552488219225,1.4222777550443217,False,False
NCMAPSS,group,10,20,STW_cost_plain,0.9323906376109766,0.7340094129850225,1.0628862965116415,False,False
NCMAPSS,group,10,20,KAM_P1_heur,0.4007071755255775,0.2664948656213987,0.5760458120919834,True,False
NCMAPSS,group,10,20,KAM_P1_opt,1.0882923007134315,0.9394965158091642,1.422093608373783,False,False
NCMAPSS,group,10,20,LBnear_a0.10,0.3775554194177841,0.24637823124131167,0.5507773033678487,True,False
NCMAPSS,group,10,50,age,1.122802467281992,0.4112161034326838,3.0381730382555405,False,False
NCMAPSS,group,10,50,STW_window,1.1451098010690515,0.8990074046696823,1.8439536827003324,False,False
NCMAPSS,group,10,50,STW_cost_1se,1.0386092969650402,0.5310380565843592,1.859481859581572,False,False
NCMAPSS,group,10,50,STW_cost_plain,0.8896410269766957,0.5864188081414926,1.08423160192312,False,False
NCMAPSS,group,10,50,KAM_P1_heur,0.5322958860722353,0.2683218765028361,0.8756508009030218,True,False
NCMAPSS,group,10,50,KAM_P1_opt,1.2173088061217923,0.961092025496525,1.9538604151738157,False,False
NCMAPSS,group,10,50,LBnear_a0.10,0.2681030889072347,0.12608122380075992,0.454891841972784,True,False
NCMAPSS,group,15,5,age,0.809713968142989,0.6815728664584988,0.9667449657928725,True,False
NCMAPSS,group,15,5,STW_window,0.9188097393653099,0.8097827675088491,1.0351594001996014,False,False
NCMAPSS,group,15,5,STW_cost_1se,0.9064398251479758,0.8020367502938992,1.016388548926984,False,False
NCMAPSS,group,15,5,STW_cost_plain,0.8686008684171124,0.7615922665145701,0.9830513589711307,True,False
NCMAPSS,group,15,5,KAM_P1_heur,0.6226814198815721,0.5290570390449731,0.7441442840455543,True,False
NCMAPSS,group,15,5,KAM_P1_opt,0.9742741639103271,0.8539073514652366,1.108075779291797,False,False
NCMAPSS,group,15,5,LBnear_a0.10,0.7510894104058382,0.6315374481997422,0.8885859578818792,True,False
NCMAPSS,group,15,10,age,0.9925333575658443,0.7263721354624709,1.3561597482317778,False,False
NCMAPSS,group,15,10,STW_window,0.8737940539476275,0.7233629670046611,1.005103151711991,False,False
NCMAPSS,group,15,10,STW_cost_1se,0.8608225333842929,0.6979357598173648,1.0427668821200649,False,False
NCMAPSS,group,15,10,STW_cost_plain,0.8243311237995232,0.6563328017905494,0.9969329260331158,True,False
NCMAPSS,group,15,10,KAM_P1_heur,0.5734362588345521,0.4397328302133857,0.7479913406708129,True,False
NCMAPSS,group,15,10,KAM_P1_opt,0.8890464002100151,0.7159522407859104,1.102542233907494,False,False
NCMAPSS,group,15,10,LBnear_a0.10,0.5715035768195839,0.43481207886986906,0.7454373243921211,True,False
NCMAPSS,group,15,20,age,1.0494565428277018,0.5999756011839608,1.7956721551847576,False,False
NCMAPSS,group,15,20,STW_window,0.7748339128369697,0.5743826035846579,0.9693858978585947,True,False
NCMAPSS,group,15,20,STW_cost_1se,0.7655604824061518,0.5340897560977499,1.0427668821200649,False,False
NCMAPSS,group,15,20,STW_cost_plain,0.7126606513636271,0.4972800065911442,0.9616187715246959,True,False
NCMAPSS,group,15,20,KAM_P1_heur,0.7087632929592911,0.48018025750372445,1.0137955888970707,False,False
NCMAPSS,group,15,20,KAM_P1_opt,0.849130031220994,0.5818956368431122,1.2168470825021356,False,False
NCMAPSS,group,15,20,LBnear_a0.10,0.4153162638999461,0.2730127704318987,0.6097627269896833,True,False
NCMAPSS,group,15,50,age,1.1508780556546665,0.4223084783271757,3.092702723980471,False,False
NCMAPSS,group,15,50,STW_window,0.6890685311611423,0.4118157547071787,0.9693858978585947,True,False
NCMAPSS,group,15,50,STW_cost_1se,0.6543002243935138,0.35275148916828325,1.0427668821200649,False,False
NCMAPSS,group,15,50,STW_cost_plain,0.5898736613096781,0.30818932478555044,0.9144672955831573,True,False
NCMAPSS,group,15,50,KAM_P1_heur,0.7342648937485404,0.4392934538693339,1.0314742907876295,False,False
NCMAPSS,group,15,50,KAM_P1_opt,0.7943295924394567,0.41101024064394037,1.426508334715701,False,False
NCMAPSS,group,15,50,LBnear_a0.10,0.2924893479145998,0.13735281209274597,0.4978325099984002,True,False
PHM08,cv,0,5,age,0.6200747701010387,0.5676693869544738,0.6729807046339226,True,False
PHM08,cv,0,5,STW_window,0.990703869236954,0.9708532609529374,1.028047307057832,False,False
PHM08,cv,0,5,STW_cost_1se,1.002122354839321,0.9827144118216934,1.0393934016131656,False,False
PHM08,cv,0,5,STW_cost_plain,0.9387859463189684,0.8785614802627917,0.9890596659681945,True,False
PHM08,cv,0,5,KAM_P1_heur,0.5252790974909023,0.47231150871234073,0.589302782203311,True,False
PHM08,cv,0,5,KAM_P1_opt,0.9936218989036929,0.9924560508187551,0.9947096091462655,True,False
PHM08,cv,0,5,LBnear_a0.10,0.777906051173519,0.7009460406163284,0.8648472162369567,True,False
PHM08,cv,0,10,age,0.6099718469486562,0.5378088239538101,0.6946098802190771,True,False
PHM08,cv,0,10,STW_window,1.0130170194449934,0.9708532609529374,1.0950938705616033,False,False
PHM08,cv,0,10,STW_cost_1se,1.0246926781465129,0.9827144118216934,1.1071799278053285,False,False
PHM08,cv,0,10,STW_cost_plain,0.86868169656816,0.7573805864334412,0.9695593800713663,True,False
PHM08,cv,0,10,KAM_P1_heur,0.3311159278166507,0.28411468084527297,0.39475231539824457,True,False
PHM08,cv,0,10,KAM_P1_opt,0.9936218989036929,0.9924560508187551,0.9947096091462655,True,False
PHM08,cv,0,10,LBnear_a0.10,0.6070359809003407,0.5105198143752017,0.7404443175044333,True,False
PHM08,cv,0,20,age,0.5870895054985588,0.46432643584688404,0.7559607025258118,True,False
PHM08,cv,0,20,STW_window,1.0576433198610724,0.9708532609529374,1.2291869975691467,False,False
PHM08,cv,0,20,STW_cost_1se,1.0698333247608969,0.9827144118216934,1.2427529801896544,False,False
PHM08,cv,0,20,STW_cost_plain,0.7620694828896142,0.5941061879649768,0.9369917460412341,True,False
PHM08,cv,0,20,KAM_P1_heur,0.6168879845010318,0.474689929753771,0.8156774800521251,True,False
PHM08,cv,0,20,KAM_P1_opt,0.9936218989036929,0.9924560508187551,0.9947096091462655,True,False
PHM08,cv,0,20,LBnear_a0.10,0.4300634081174064,0.3300473758764793,0.5713475775094039,True,False
PHM08,cv,0,50,age,0.5358214746546691,0.3301039768644719,0.9331389921802989,True,False
PHM08,cv,0,50,STW_window,1.1915222211093093,0.9708532609529374,1.6314663785917767,False,False
PHM08,cv,0,50,STW_cost_1se,1.2052552646040482,0.9827144118216934,1.6494721373426322,False,False
PHM08,cv,0,50,STW_cost_plain,0.5803912181112716,0.3905573634919852,0.8714103460079542,True,False
PHM08,cv,0,50,KAM_P1_heur,0.6497582348032013,0.4290520524086591,1.0073439381329359,False,False
PHM08,cv,0,50,KAM_P1_opt,0.9936218989036929,0.992456050818755,0.9947096091462655,True,False
PHM08,cv,0,50,LBnear_a0.10,0.24665546905145608,0.16473288808198724,0.38335697409345204,True,False
PHM08,cv,5,5,age,0.6216975591994325,0.5677150181418525,0.676122497482757,True,False
PHM08,cv,5,5,STW_window,0.9924673433161896,0.9418337229754099,1.0463336379661854,False,False
PHM08,cv,5,5,STW_cost_1se,0.9833189203950662,0.9330030001259778,1.0366711030205011,False,False
PHM08,cv,5,5,STW_cost_plain,0.9385044992463327,0.8773749521414783,0.9892937864559733,True,False
PHM08,cv,5,5,KAM_P1_heur,0.6656825145107547,0.5932908767497675,0.7446211330966503,True,False
PHM08,cv,5,5,KAM_P1_opt,0.9782323682505056,0.9129420446235548,1.0327307220823996,False,False
PHM08,cv,5,5,LBnear_a0.10,0.8119728785721139,0.7354298748304383,0.8923562611594378,True,False
PHM08,cv,5,10,age,0.6115681958267023,0.5406596311127746,0.6976396057369699,True,False
PHM08,cv,5,10,STW_window,0.9924673433161896,0.8846555395456305,1.1137103769353303,False,False
PHM08,cv,5,10,STW_cost_1se,0.9833189203950663,0.8762026113492442,1.1038359921124425,False,False
PHM08,cv,5,10,STW_cost_plain,0.8684212666783541,0.7563930765035737,0.9697882355953151,True,False
PHM08,cv,5,10,KAM_P1_heur,0.5337184625649185,0.44744343633184125,0.6458356419361377,True,False
PHM08,cv,5,10,KAM_P1_opt,0.9578805343561506,0.8261604814464107,1.0784267717320632,False,False
PHM08,cv,5,10,LBnear_a0.10,0.6538595880250596,0.5542070492461663,0.7856308929340872,True,False
PHM08,cv,5,20,age,0.5886259693175094,0.46697645910168245,0.7601366948897476,True,False
PHM08,cv,5,20,STW_window,0.9924673433161896,0.7881476625042889,1.250083076151901,False,False
PHM08,cv,5,20,STW_cost_1se,0.9833189203950663,0.7806168719293266,1.2389995829833538,False,False
PHM08,cv,5,20,STW_cost_plain,0.761841015233121,0.5931566087812277,0.9372242672690633,True,False
PHM08,cv,5,20,KAM_P1_heur,0.6164365530211067,0.4748580923011486,0.8142901292293703,True,False
PHM08,cv,5,20,KAM_P1_opt,0.9219468276364298,0.6941859636434697,1.1698188710313906,False,False
PHM08,cv,5,20,LBnear_a0.10,0.47908624897105917,0.3712165025951002,0.6374205675931053,True,False
PHM08,cv,5,50,age,0.5372237656196978,0.3322413863098528,0.9372758663003332,True,False
PHM08,cv,5,50,STW_window,0.9924673433161895,0.5938098827087108,1.6592011738016144,False,False
PHM08,cv,5,50,STW_cost_1se,0.9833189203950663,0.5881359993988078,1.644490355596088,False,False
PHM08,cv,5,50,STW_cost_plain,0.5802172174139227,0.37927092904598464,0.8716265927405992,True,False
PHM08,cv,5,50,KAM_P1_heur,0.9993172818715579,0.597769940278549,1.67143729035246,False,False
PHM08,cv,5,50,KAM_P1_opt,0.8414371303023721,0.4738085404772614,1.443976343557201,False,False
PHM08,cv,5,50,LBnear_a0.10,0.2848732730443158,0.19264631136222252,0.4447486870388724,True,False
PHM08,cv,10,5,age,0.6454818790114557,0.582059868019036,0.7131331745003402,True,False
PHM08,cv,10,5,STW_window,1.0067305068886845,0.9545435090446833,1.0743178770564743,False,False
PHM08,cv,10,5,STW_cost_1se,1.0351230020638436,0.9810527690999238,1.1056616909409847,False,False
PHM08,cv,10,5,STW_cost_plain,0.9869184845238484,0.9265709578756397,1.0406437189537148,False,False
PHM08,cv,10,5,KAM_P1_heur,0.6720697474392056,0.6010032430264136,0.7555802382970551,True,False
PHM08,cv,10,5,KAM_P1_opt,1.044386655150654,0.989826902077016,1.1160890295780266,False,False
PHM08,cv,10,5,LBnear_a0.10,0.7755539606418803,0.6974000870858349,0.861759048703221,True,False
PHM08,cv,10,10,age,0.6614776121826093,0.5643520616098989,0.7752675102955298,True,False
PHM08,cv,10,10,STW_window,1.0723868442944684,0.9545435090446833,1.2271679815157286,False,False
PHM08,cv,10,10,STW_cost_1se,1.1026310239375725,0.9810527690999238,1.262971281115515,False,False
PHM08,cv,10,10,STW_cost_plain,0.9685045655212638,0.8572279003002056,1.0841051672325441,False,False
PHM08,cv,10,10,KAM_P1_heur,0.5216657068125645,0.4353021978105459,0.6312155856675487,True,False
PHM08,cv,10,10,KAM_P1_opt,1.1124988283126531,0.989826902077016,1.2748821841927864,False,False
PHM08,cv,10,10,LBnear_a0.10,0.6130032854170785,0.5118498598234743,0.7394292093668888,True,False
PHM08,cv,10,20,age,0.6844690215346196,0.5045409230884268,0.9214086076726792,True,False
PHM08,cv,10,20,STW_window,1.203699519106036,0.9545435090446833,1.5328681904342374,False,False
PHM08,cv,10,20,STW_cost_1se,1.2376470676850304,0.9810527690999238,1.577590461464576,False,False
PHM08,cv,10,20,STW_cost_plain,0.9391926128232719,0.7594817864118182,1.1655087413156213,False,False
PHM08,cv,10,20,KAM_P1_heur,0.8361150540860761,0.621597339547732,1.140065708103256,False,False
PHM08,cv,10,20,KAM_P1_opt,1.2487231746366516,0.989826902077016,1.5924684934223063,False,False
PHM08,cv,10,20,LBnear_a0.10,0.45387750286313977,0.3476144611905704,0.6029942227660743,True,False
PHM08,cv,10,50,age,0.7359814197030479,0.38469709052631,1.3524098999583571,False,False
PHM08,cv,10,50,STW_window,1.5976375435407386,0.9545435090446833,2.449968817189764,False,False
PHM08,cv,10,50,STW_cost_1se,1.6426951989274041,0.9810527690999238,2.521448002511758,False,False
PHM08,cv,10,50,STW_cost_plain,0.8852416274226204,0.5789271143476565,1.3726595506604746,False,False
PHM08,cv,10,50,KAM_P1_heur,1.3660123634455288,0.9986014047894154,1.9173448548833059,False,False
PHM08,cv,10,50,KAM_P1_opt,1.6573962136086466,0.989826902077016,2.5452274211108654,False,False
PHM08,cv,10,50,LBnear_a0.10,0.2980694992557947,0.18252236870834593,0.4578867115849335,True,False
PHM08,cv,15,5,age,0.6197765110448443,0.5678746120470393,0.6684537358429313,True,False
PHM08,cv,15,5,STW_window,0.9837122262267813,0.9805741568093406,0.9864468891098597,True,False
PHM08,cv,15,5,STW_cost_1se,0.9890490712503467,0.9865461441959341,0.991387976486969,True,False
PHM08,cv,15,5,STW_cost_plain,0.8961495000311801,0.8273975965557343,0.9741613500212705,True,False
PHM08,cv,15,5,KAM_P1_heur,0.615581774559991,0.548110743754418,0.6983648361926044,True,False
PHM08,cv,15,5,KAM_P1_opt,0.9929073098604565,0.9911607445960525,0.9947453326474527,True,False
PHM08,cv,15,5,LBnear_a0.10,0.6501019212802339,0.5772685827965853,0.7356166645627071,True,False
PHM08,cv,15,10,age,0.5962494067561662,0.5323346495713666,0.6510776142113472,True,False
PHM08,cv,15,10,STW_window,0.973546807134276,0.9698309604468045,0.9768862807242908,True,False
PHM08,cv,15,10,STW_cost_1se,0.9890490712503467,0.9865461441959341,0.991387976486969,True,False
PHM08,cv,15,10,STW_cost_plain,0.7845294555433107,0.6751158303184827,0.9328833267152845,True,False
PHM08,cv,15,10,KAM_P1_heur,0.5271855922851536,0.4432279294390963,0.6356144139846734,True,False
PHM08,cv,15,10,KAM_P1_opt,0.9929073098604565,0.9911607445960525,0.9947453326474527,True,False
PHM08,cv,15,10,LBnear_a0.10,0.444536096369488,0.37212354924077395,0.5411026426831451,True,False
PHM08,cv,15,20,age,0.5496674218533408,0.4471749960321436,0.6510776142113472,True,False
PHM08,cv,15,20,STW_window,0.973546807134276,0.9698309604468045,0.9768862807242908,True,False
PHM08,cv,15,20,STW_cost_1se,0.9890490712503467,0.9865461441959341,0.991387976486969,True,False
PHM08,cv,15,20,STW_cost_plain,0.6280705897654425,0.49347031543458597,0.8600018168156528,True,False
PHM08,cv,15,20,KAM_P1_heur,0.5198921474355853,0.3965780644691746,0.7089486686711209,True,False
PHM08,cv,15,20,KAM_P1_opt,0.9929073098604565,0.9911607445960525,0.9947453326474527,True,False
PHM08,cv,15,20,LBnear_a0.10,0.27231872247331834,0.21752149496682924,0.35392877257262323,True,False
PHM08,cv,15,50,age,0.445300189855871,0.30230188716643835,0.6510776142113472,True,False
PHM08,cv,15,50,STW_window,0.973546807134276,0.9698309604468045,0.9768862807242908,True,False
PHM08,cv,15,50,STW_cost_1se,0.9890490712503467,0.9865461441959341,0.991387976486969,True,False
PHM08,cv,15,50,STW_cost_plain,0.39296395188533023,0.2730617378211232,0.6967103326101491,True,False
PHM08,cv,15,50,KAM_P1_heur,0.5302075227672798,0.3594151990387401,0.82309680534144,True,False
PHM08,cv,15,50,KAM_P1_opt,0.9929073098604565,0.9911607445960525,0.9947453326474527,True,False
PHM08,cv,15,50,LBnear_a0.10,0.12594359729169144,0.09683214937233044,0.17368726802175027,True,False
