dataset,rep,split,policy,lead,n,failures,rate,p_exceed,notice_median
BATTERY,0,g1,CNA_DA,0,36,1,0.027777777777777776,0.9774716004550609,24.0
BATTERY,0,g1,CNA_DA,15,36,0,0.0,1.0,44.5
BATTERY,0,g1,CNA_DA,30,36,0,0.0,1.0,68.0
BATTERY,0,g1,CNA_DA,45,36,0,0.0,1.0,89.0
BATTERY,0,g1,CNA_a0.05,0,36,1,0.027777777777777776,0.8422207852117729,24.0
BATTERY,0,g1,CNA_a0.05,15,36,0,0.0,1.0,44.5
BATTERY,0,g1,CNA_a0.05,30,36,0,0.0,1.0,68.0
BATTERY,0,g1,CNA_a0.05,45,36,0,0.0,1.0,89.0
BATTERY,0,g1,CNA_a0.10,0,36,1,0.027777777777777776,0.9774716004550609,16.0
BATTERY,0,g1,CNA_a0.10,15,36,1,0.027777777777777776,0.9774716004550609,37.5
BATTERY,0,g1,CNA_a0.10,30,36,0,0.0,1.0,59.5
BATTERY,0,g1,CNA_a0.10,45,36,0,0.0,1.0,78.0
BATTERY,0,g1,CNA_a0.20,0,36,2,0.05555555555555555,0.9967548144634157,12.5
BATTERY,0,g1,CNA_a0.20,15,36,1,0.027777777777777776,0.9996754814463416,30.0
BATTERY,0,g1,CNA_a0.20,30,36,1,0.027777777777777776,0.9996754814463416,55.0
BATTERY,0,g1,CNA_a0.20,45,36,0,0.0,1.0,69.0
BATTERY,0,g1,CNAtrend_DA,0,36,0,0.0,1.0,6.0
BATTERY,0,g1,CNAtrend_DA,15,36,0,0.0,1.0,32.0
BATTERY,0,g1,CNAtrend_DA,30,36,0,0.0,1.0,63.5
BATTERY,0,g1,CNAtrend_DA,45,36,0,0.0,1.0,95.5
BATTERY,0,g1,CNAtrend_a0.05,0,36,0,0.0,1.0,5.0
BATTERY,0,g1,CNAtrend_a0.05,15,36,0,0.0,1.0,29.0
BATTERY,0,g1,CNAtrend_a0.05,30,36,0,0.0,1.0,58.0
BATTERY,0,g1,CNAtrend_a0.05,45,36,0,0.0,1.0,85.5
BATTERY,0,g1,CNAtrend_a0.10,0,36,1,0.027777777777777776,0.9774716004550609,3.0
BATTERY,0,g1,CNAtrend_a0.10,15,36,1,0.027777777777777776,0.9774716004550609,26.0
BATTERY,0,g1,CNAtrend_a0.10,30,36,0,0.0,1.0,54.5
BATTERY,0,g1,CNAtrend_a0.10,45,36,0,0.0,1.0,84.0
BATTERY,0,g1,CNAtrend_a0.20,0,36,6,0.16666666666666666,0.7536283028938424,2.5
BATTERY,0,g1,CNAtrend_a0.20,15,36,2,0.05555555555555555,0.9967548144634157,23.0
BATTERY,0,g1,CNAtrend_a0.20,30,36,1,0.027777777777777776,0.9996754814463416,49.0
BATTERY,0,g1,CNAtrend_a0.20,45,36,1,0.027777777777777776,0.9996754814463416,75.0
BATTERY,0,g1,KAM_P1_heur,0,36,1,0.027777777777777776,,27.0
BATTERY,0,g1,KAM_P1_heur,15,36,0,0.0,,47.0
BATTERY,0,g1,KAM_P1_heur,30,36,1,0.027777777777777776,,47.0
BATTERY,0,g1,KAM_P1_heur,45,36,3,0.08333333333333333,,68.5
BATTERY,0,g1,KAM_P1_opt,0,36,1,0.027777777777777776,,27.0
BATTERY,0,g1,KAM_P1_opt,15,36,0,0.0,,47.0
BATTERY,0,g1,KAM_P1_opt,30,36,0,0.0,,68.5
BATTERY,0,g1,KAM_P1_opt,45,36,0,0.0,,99.0
BATTERY,0,g1,LBall_a0.05,0,36,1,0.027777777777777776,0.8422207852117729,22.0
BATTERY,0,g1,LBall_a0.05,15,36,1,0.027777777777777776,0.8422207852117729,37.5
BATTERY,0,g1,LBall_a0.05,30,36,0,0.0,1.0,59.5
BATTERY,0,g1,LBall_a0.05,45,36,0,0.0,1.0,69.0
BATTERY,0,g1,LBall_a0.10,0,36,4,0.1111111111111111,0.4914885946337808,6.5
BATTERY,0,g1,LBall_a0.10,15,36,5,0.1388888888888889,0.28922744919945015,22.0
BATTERY,0,g1,LBall_a0.10,30,36,4,0.1111111111111111,0.4914885946337808,40.5
BATTERY,0,g1,LBall_a0.10,45,36,9,0.25,0.00767281793880555,59.5
BATTERY,0,g1,LBall_a0.20,0,36,33,0.9166666666666666,3.210470873890822e-20,3.0
BATTERY,0,g1,LBall_a0.20,15,36,13,0.3611111111111111,0.018216755475590537,17.0
BATTERY,0,g1,LBall_a0.20,30,36,13,0.3611111111111111,0.018216755475590537,33.5
BATTERY,0,g1,LBall_a0.20,45,36,11,0.3055555555555556,0.08891278153876336,55.0
BATTERY,0,g1,LBnear_a0.05,0,36,0,0.0,1.0,48.0
BATTERY,0,g1,LBnear_a0.05,15,36,0,0.0,1.0,64.0
BATTERY,0,g1,LBnear_a0.05,30,36,0,0.0,1.0,73.0
BATTERY,0,g1,LBnear_a0.05,45,36,0,0.0,1.0,87.0
BATTERY,0,g1,LBnear_a0.10,0,36,0,0.0,1.0,38.0
BATTERY,0,g1,LBnear_a0.10,15,36,0,0.0,1.0,59.5
BATTERY,0,g1,LBnear_a0.10,30,36,0,0.0,1.0,69.0
BATTERY,0,g1,LBnear_a0.10,45,36,0,0.0,1.0,81.0
BATTERY,0,g1,LBnear_a0.20,0,36,1,0.027777777777777776,0.9996754814463416,25.0
BATTERY,0,g1,LBnear_a0.20,15,36,0,0.0,1.0,44.5
BATTERY,0,g1,LBnear_a0.20,30,36,0,0.0,1.0,61.5
BATTERY,0,g1,LBnear_a0.20,45,36,0,0.0,1.0,72.0
BATTERY,0,g1,STW_cost_1se,0,36,0,0.0,,75.0
BATTERY,0,g1,STW_cost_1se,15,36,0,0.0,,94.5
BATTERY,0,g1,STW_cost_1se,30,36,0,0.0,,139.0
BATTERY,0,g1,STW_cost_1se,45,36,0,0.0,,160.5
BATTERY,0,g1,STW_cost_plain,0,36,1,0.027777777777777776,,19.0
BATTERY,0,g1,STW_cost_plain,15,36,0,0.0,,41.0
BATTERY,0,g1,STW_cost_plain,30,36,0,0.0,,67.0
BATTERY,0,g1,STW_cost_plain,45,36,0,0.0,,79.5
BATTERY,0,g1,STW_window,0,36,0,0.0,,49.5
BATTERY,0,g1,STW_window,15,36,0,0.0,,49.5
BATTERY,0,g1,STW_window,30,36,0,0.0,,79.5
BATTERY,0,g1,STW_window,45,36,0,0.0,,79.5
BATTERY,0,g1,age,0,36,0,0.0,,
BATTERY,0,g1,age,15,36,0,0.0,,
BATTERY,0,g1,age,30,36,0,0.0,,
BATTERY,0,g1,age,45,36,0,0.0,,
BATTERY,0,g1,perfect,0,36,0,0.0,,1.0
BATTERY,0,g1,perfect,15,36,0,0.0,,1.0
BATTERY,0,g1,perfect,30,36,0,0.0,,1.0
BATTERY,0,g1,perfect,45,36,0,0.0,,1.0
BATTERY,0,g1,trend_cost_1se,0,36,0,0.0,,55.0
BATTERY,0,g1,trend_cost_1se,15,36,0,0.0,,81.0
BATTERY,0,g1,trend_cost_1se,30,36,0,0.0,,102.5
BATTERY,0,g1,trend_cost_1se,45,36,0,0.0,,113.5
BATTERY,0,g1,trend_window,0,36,0,0.0,,19.0
BATTERY,0,g1,trend_window,15,36,0,0.0,,50.5
BATTERY,0,g1,trend_window,30,36,0,0.0,,83.0
BATTERY,0,g1,trend_window,45,36,0,0.0,,99.0
BATTERY,0,g2,CNA_DA,0,43,22,0.5116279069767442,1.2797262148696507e-11,4.0
BATTERY,0,g2,CNA_DA,15,43,24,0.5581395348837209,1.180179422756266e-13,15.0
BATTERY,0,g2,CNA_DA,30,43,19,0.4418604651162791,7.3528284164618045e-09,32.0
BATTERY,0,g2,CNA_DA,45,43,12,0.27906976744186046,0.0007869685014522634,51.0
BATTERY,0,g2,CNA_a0.05,0,43,22,0.5116279069767442,8.971492423941238e-18,4.0
BATTERY,0,g2,CNA_a0.05,15,43,24,0.5581395348837209,1.8751555290043826e-20,15.0
BATTERY,0,g2,CNA_a0.05,30,43,19,0.4418604651162791,4.75671722509898e-14,32.0
BATTERY,0,g2,CNA_a0.05,45,43,12,0.27906976744186046,8.714429692187677e-07,51.0
BATTERY,0,g2,CNA_a0.10,0,43,29,0.6744186046511628,1.8905521594487497e-19,2.0
BATTERY,0,g2,CNA_a0.10,15,43,36,0.8372093023255814,1.5742450313711236e-29,12.0
BATTERY,0,g2,CNA_a0.10,30,43,33,0.7674418604651163,6.910207513424764e-25,27.0
BATTERY,0,g2,CNA_a0.10,45,43,29,0.6744186046511628,1.8905521594487497e-19,43.0
BATTERY,0,g2,CNA_a0.20,0,43,29,0.6744186046511628,2.0915312186792387e-11,1.5
BATTERY,0,g2,CNA_a0.20,15,43,37,0.8604651162790697,2.286031862777248e-20,10.5
BATTERY,0,g2,CNA_a0.20,30,43,39,0.9069767441860465,2.8497058805814717e-23,24.0
BATTERY,0,g2,CNA_a0.20,45,43,34,0.7906976744186046,1.388779893842939e-16,40.0
BATTERY,0,g2,CNAtrend_DA,0,43,4,0.09302325581395349,0.6352078090053939,4.0
BATTERY,0,g2,CNAtrend_DA,15,43,6,0.13953488372093023,0.2568741394759989,20.0
BATTERY,0,g2,CNAtrend_DA,30,43,6,0.13953488372093023,0.2568741394759989,36.0
BATTERY,0,g2,CNAtrend_DA,45,43,3,0.06976744186046512,0.8176186853856384,54.0
BATTERY,0,g2,CNAtrend_a0.05,0,43,11,0.2558139534883721,6.312015728283917e-06,3.0
BATTERY,0,g2,CNAtrend_a0.05,15,43,14,0.32558139534883723,1.2018733395137157e-08,18.0
BATTERY,0,g2,CNAtrend_a0.05,30,43,17,0.3953488372093023,9.158957515065162e-12,32.0
BATTERY,0,g2,CNAtrend_a0.05,45,43,12,0.27906976744186046,8.714429692187677e-07,48.0
BATTERY,0,g2,CNAtrend_a0.10,0,43,14,0.32558139534883723,4.671310124278012e-05,2.0
BATTERY,0,g2,CNAtrend_a0.10,15,43,17,0.3953488372093023,3.231492532711892e-07,16.0
BATTERY,0,g2,CNAtrend_a0.10,30,43,24,0.5581395348837209,1.180179422756266e-13,30.0
BATTERY,0,g2,CNAtrend_a0.10,45,43,25,0.5813953488372093,9.885986324181454e-15,45.0
BATTERY,0,g2,CNAtrend_a0.20,0,43,19,0.4418604651162791,0.00027916003283927576,1.0
BATTERY,0,g2,CNAtrend_a0.20,15,43,28,0.6511627906976745,1.640338599950693e-10,15.0
BATTERY,0,g2,CNAtrend_a0.20,30,43,36,0.8372093023255814,4.872587435965555e-19,27.0
BATTERY,0,g2,CNAtrend_a0.20,45,43,39,0.9069767441860465,2.8497058805814717e-23,39.0
BATTERY,0,g2,KAM_P1_heur,0,43,1,0.023255813953488372,,9.0
BATTERY,0,g2,KAM_P1_heur,15,43,42,0.9767441860465116,,9.0
BATTERY,0,g2,KAM_P1_heur,30,43,41,0.9534883720930233,,24.0
BATTERY,0,g2,KAM_P1_heur,45,43,39,0.9069767441860465,,38.0
BATTERY,0,g2,KAM_P1_opt,0,43,1,0.023255813953488372,,9.0
BATTERY,0,g2,KAM_P1_opt,15,43,4,0.09302325581395349,,24.0
BATTERY,0,g2,KAM_P1_opt,30,43,4,0.09302325581395349,,38.0
BATTERY,0,g2,KAM_P1_opt,45,43,8,0.18604651162790697,,52.0
BATTERY,0,g2,LBall_a0.05,0,43,14,0.32558139534883723,1.2018733395137157e-08,3.0
BATTERY,0,g2,LBall_a0.05,15,43,37,0.8604651162790697,3.287967788759334e-42,12.0
BATTERY,0,g2,LBall_a0.05,30,43,39,0.9069767441860465,1.8380760968739233e-46,23.0
BATTERY,0,g2,LBall_a0.05,45,43,41,0.9534883720930233,3.7152972254261924e-51,34.0
BATTERY,0,g2,LBall_a0.10,0,43,43,1.0,1.0000000000000025e-43,
BATTERY,0,g2,LBall_a0.10,15,43,43,1.0,1.0000000000000025e-43,3.0
BATTERY,0,g2,LBall_a0.10,30,43,43,1.0,1.0000000000000025e-43,13.0
BATTERY,0,g2,LBall_a0.10,45,43,42,0.9767441860465116,3.8800000000000095e-41,24.0
BATTERY,0,g2,LBall_a0.20,0,43,43,1.0,8.796093022208022e-31,
BATTERY,0,g2,LBall_a0.20,15,43,43,1.0,8.796093022208022e-31,3.0
BATTERY,0,g2,LBall_a0.20,30,43,43,1.0,8.796093022208022e-31,10.0
BATTERY,0,g2,LBall_a0.20,45,43,43,1.0,8.796093022208022e-31,22.0
BATTERY,0,g2,LBnear_a0.05,0,43,1,0.023255813953488372,0.8898168897649945,12.0
BATTERY,0,g2,LBnear_a0.05,15,43,4,0.09302325581395349,0.16659866467530485,23.0
BATTERY,0,g2,LBnear_a0.05,30,43,10,0.23255813953488372,4.0768976535696524e-05,34.0
BATTERY,0,g2,LBnear_a0.05,45,43,24,0.5581395348837209,1.8751555290043826e-20,44.0
BATTERY,0,g2,LBnear_a0.10,0,43,3,0.06976744186046512,0.8176186853856384,7.0
BATTERY,0,g2,LBnear_a0.10,15,43,10,0.23255813953488372,0.00868719420841766,18.0
BATTERY,0,g2,LBnear_a0.10,30,43,25,0.5813953488372093,9.885986324181454e-15,30.0
BATTERY,0,g2,LBnear_a0.10,45,43,33,0.7674418604651163,6.910207513424764e-25,40.0
BATTERY,0,g2,LBnear_a0.20,0,43,4,0.09302325581395349,0.9822361970643303,4.0
BATTERY,0,g2,LBnear_a0.20,15,43,32,0.7441860465116279,2.3128457619038935e-14,13.5
BATTERY,0,g2,LBnear_a0.20,30,43,36,0.8372093023255814,4.872587435965555e-19,24.0
BATTERY,0,g2,LBnear_a0.20,45,43,41,0.9534883720930233,1.2860767607770346e-26,36.0
BATTERY,0,g2,STW_cost_1se,0,43,0,0.0,,35.0
BATTERY,0,g2,STW_cost_1se,15,43,0,0.0,,48.0
BATTERY,0,g2,STW_cost_1se,30,43,0,0.0,,69.0
BATTERY,0,g2,STW_cost_1se,45,43,0,0.0,,86.0
BATTERY,0,g2,STW_cost_plain,0,43,22,0.5116279069767442,,3.0
BATTERY,0,g2,STW_cost_plain,15,43,24,0.5581395348837209,,15.0
BATTERY,0,g2,STW_cost_plain,30,43,26,0.6046511627906976,,28.0
BATTERY,0,g2,STW_cost_plain,45,43,28,0.6511627906976745,,42.0
BATTERY,0,g2,STW_window,0,43,4,0.09302325581395349,,5.0
BATTERY,0,g2,STW_window,15,43,1,0.023255813953488372,,33.0
BATTERY,0,g2,STW_window,30,43,19,0.4418604651162791,,33.0
BATTERY,0,g2,STW_window,45,43,3,0.06976744186046512,,68.0
BATTERY,0,g2,age,0,43,40,0.9302325581395349,,
BATTERY,0,g2,age,15,43,40,0.9302325581395349,,
BATTERY,0,g2,age,30,43,40,0.9302325581395349,,
BATTERY,0,g2,age,45,43,40,0.9302325581395349,,
BATTERY,0,g2,perfect,0,43,0,0.0,,1.0
BATTERY,0,g2,perfect,15,43,0,0.0,,1.0
BATTERY,0,g2,perfect,30,43,0,0.0,,1.0
BATTERY,0,g2,perfect,45,43,0,0.0,,1.0
BATTERY,0,g2,trend_cost_1se,0,43,0,0.0,,22.0
BATTERY,0,g2,trend_cost_1se,15,43,0,0.0,,44.0
BATTERY,0,g2,trend_cost_1se,30,43,0,0.0,,47.0
BATTERY,0,g2,trend_cost_1se,45,43,0,0.0,,69.0
BATTERY,0,g2,trend_window,0,43,0,0.0,,12.0
BATTERY,0,g2,trend_window,15,43,3,0.06976744186046512,,22.0
BATTERY,0,g2,trend_window,30,43,0,0.0,,47.0
BATTERY,0,g2,trend_window,45,43,0,0.0,,64.0
BATTERY,0,g3,CNA_DA,0,44,35,0.7954545454545454,2.8247059010948598e-27,2.0
BATTERY,0,g3,CNA_DA,15,44,25,0.5681818181818182,2.069918191932597e-14,16.5
BATTERY,0,g3,CNA_DA,30,44,19,0.4318181818181818,1.1720225781473994e-08,33.0
BATTERY,0,g3,CNA_DA,45,44,20,0.45454545454545453,1.6062529361826103e-09,47.5
BATTERY,0,g3,CNA_a0.05,0,44,35,0.7954545454545454,1.3176746931794554e-37,2.0
BATTERY,0,g3,CNA_a0.05,15,44,25,0.5681818181818182,1.6475197877080247e-21,16.5
BATTERY,0,g3,CNA_a0.05,30,44,19,0.4318181818181818,7.975414900549642e-14,33.0
BATTERY,0,g3,CNA_a0.05,45,44,20,0.45454545454545453,5.2158870476916614e-15,47.5
BATTERY,0,g3,CNA_a0.10,0,44,38,0.8636363636363636,3.8164977345340075e-32,2.0
BATTERY,0,g3,CNA_a0.10,15,44,33,0.75,2.496060664814442e-24,12.0
BATTERY,0,g3,CNA_a0.10,30,44,26,0.5909090909090909,1.6679576718716224e-15,30.0
BATTERY,0,g3,CNA_a0.10,45,44,24,0.5454545454545454,2.348004547031874e-13,43.0
BATTERY,0,g3,CNA_a0.20,0,44,44,1.0,1.7592186044416043e-31,
BATTERY,0,g3,CNA_a0.20,15,44,43,0.9772727272727273,3.1138169298616396e-29,9.0
BATTERY,0,g3,CNA_a0.20,30,44,29,0.6590909090909091,4.953902174844776e-11,27.0
BATTERY,0,g3,CNA_a0.20,45,44,32,0.7272727272727273,6.840024519743576e-14,36.0
BATTERY,0,g3,CNAtrend_DA,0,44,0,0.0,1.0,6.0
BATTERY,0,g3,CNAtrend_DA,15,44,0,0.0,1.0,30.5
BATTERY,0,g3,CNAtrend_DA,30,44,0,0.0,1.0,52.5
BATTERY,0,g3,CNAtrend_DA,45,44,0,0.0,1.0,81.0
BATTERY,0,g3,CNAtrend_a0.05,0,44,0,0.0,1.0,6.0
BATTERY,0,g3,CNAtrend_a0.05,15,44,0,0.0,1.0,27.0
BATTERY,0,g3,CNAtrend_a0.05,30,44,0,0.0,1.0,49.0
BATTERY,0,g3,CNAtrend_a0.05,45,44,1,0.022727272727272728,0.8953260452767448,72.0
BATTERY,0,g3,CNAtrend_a0.10,0,44,0,0.0,1.0,4.0
BATTERY,0,g3,CNAtrend_a0.10,15,44,1,0.022727272727272728,0.9903022627021247,25.0
BATTERY,0,g3,CNAtrend_a0.10,30,44,1,0.022727272727272728,0.9903022627021247,45.5
BATTERY,0,g3,CNAtrend_a0.10,45,44,1,0.022727272727272728,0.9903022627021247,66.0
BATTERY,0,g3,CNAtrend_a0.20,0,44,1,0.022727272727272728,0.9999455548212927,3.0
BATTERY,0,g3,CNAtrend_a0.20,15,44,1,0.022727272727272728,0.9999455548212927,22.5
BATTERY,0,g3,CNAtrend_a0.20,30,44,2,0.045454545454545456,0.9993466578555118,42.5
BATTERY,0,g3,CNAtrend_a0.20,45,44,3,0.06818181818181818,0.9961275866644397,62.0
BATTERY,0,g3,KAM_P1_heur,0,44,11,0.25,,7.0
BATTERY,0,g3,KAM_P1_heur,15,44,44,1.0,,7.0
BATTERY,0,g3,KAM_P1_heur,30,44,25,0.5681818181818182,,30.0
BATTERY,0,g3,KAM_P1_heur,45,44,25,0.5681818181818182,,41.5
BATTERY,0,g3,KAM_P1_opt,0,44,11,0.25,,7.0
BATTERY,0,g3,KAM_P1_opt,15,44,8,0.18181818181818182,,30.0
BATTERY,0,g3,KAM_P1_opt,30,44,8,0.18181818181818182,,41.5
BATTERY,0,g3,KAM_P1_opt,45,44,2,0.045454545454545456,,62.5
BATTERY,0,g3,LBall_a0.05,0,44,44,1.0,5.6843418860808154e-58,
BATTERY,0,g3,LBall_a0.05,15,44,43,0.9772727272727273,4.757794158649642e-55,7.0
BATTERY,0,g3,LBall_a0.05,30,44,34,0.7727272727272727,8.779214506387328e-36,24.0
BATTERY,0,g3,LBall_a0.05,45,44,33,0.75,5.166201950470073e-34,36.0
BATTERY,0,g3,LBall_a0.10,0,44,44,1.0,1.0000000000000024e-44,
BATTERY,0,g3,LBall_a0.10,15,44,44,1.0,1.0000000000000024e-44,3.0
BATTERY,0,g3,LBall_a0.10,30,44,39,0.8863636363636364,6.5028080602000135e-34,17.5
BATTERY,0,g3,LBall_a0.10,45,44,37,0.8409090909090909,1.8710258654092637e-30,33.0
BATTERY,0,g3,LBall_a0.20,0,44,44,1.0,1.7592186044416043e-31,
BATTERY,0,g3,LBall_a0.20,15,44,44,1.0,1.7592186044416043e-31,1.0
BATTERY,0,g3,LBall_a0.20,30,44,44,1.0,1.7592186044416043e-31,10.0
BATTERY,0,g3,LBall_a0.20,45,44,44,1.0,1.7592186044416043e-31,27.0
BATTERY,0,g3,LBnear_a0.05,0,44,25,0.5681818181818182,1.6475197877080247e-21,3.0
BATTERY,0,g3,LBnear_a0.05,15,44,29,0.6590909090909091,2.037494775606397e-27,15.0
BATTERY,0,g3,LBnear_a0.05,30,44,24,0.5454545454545454,3.9276397892846796e-20,31.0
BATTERY,0,g3,LBnear_a0.05,45,44,25,0.5681818181818182,1.6475197877080247e-21,42.5
BATTERY,0,g3,LBnear_a0.10,0,44,42,0.9545454545454546,7.702300000000017e-40,1.0
BATTERY,0,g3,LBnear_a0.10,15,44,37,0.8409090909090909,1.8710258654092637e-30,10.0
BATTERY,0,g3,LBnear_a0.10,30,44,28,0.6363636363636364,8.222857001830568e-18,27.0
BATTERY,0,g3,LBnear_a0.10,45,44,29,0.6590909090909091,5.010475183093679e-19,39.5
BATTERY,0,g3,LBnear_a0.20,0,44,44,1.0,1.7592186044416043e-31,
BATTERY,0,g3,LBnear_a0.20,15,44,44,1.0,1.7592186044416043e-31,6.0
BATTERY,0,g3,LBnear_a0.20,30,44,37,0.8409090909090909,1.157400036215291e-19,22.0
BATTERY,0,g3,LBnear_a0.20,45,44,35,0.7954545454545454,3.48527421912865e-17,34.0
BATTERY,0,g3,STW_cost_1se,0,44,6,0.13636363636363635,,24.0
BATTERY,0,g3,STW_cost_1se,15,44,4,0.09090909090909091,,36.5
BATTERY,0,g3,STW_cost_1se,30,44,1,0.022727272727272728,,55.5
BATTERY,0,g3,STW_cost_1se,45,44,1,0.022727272727272728,,76.0
BATTERY,0,g3,STW_cost_plain,0,44,34,0.7727272727272727,,2.0
BATTERY,0,g3,STW_cost_plain,15,44,30,0.6818181818181818,,15.0
BATTERY,0,g3,STW_cost_plain,30,44,21,0.4772727272727273,,31.5
BATTERY,0,g3,STW_cost_plain,45,44,23,0.5227272727272727,,45.0
BATTERY,0,g3,STW_window,0,44,9,0.20454545454545456,,10.0
BATTERY,0,g3,STW_window,15,44,10,0.22727272727272727,,27.0
BATTERY,0,g3,STW_window,30,44,7,0.1590909090909091,,42.0
BATTERY,0,g3,STW_window,45,44,0,0.0,,91.5
BATTERY,0,g3,age,0,44,0,0.0,,
BATTERY,0,g3,age,15,44,0,0.0,,
BATTERY,0,g3,age,30,44,0,0.0,,
BATTERY,0,g3,age,45,44,0,0.0,,
BATTERY,0,g3,perfect,0,44,0,0.0,,1.0
BATTERY,0,g3,perfect,15,44,0,0.0,,1.0
BATTERY,0,g3,perfect,30,44,0,0.0,,1.0
BATTERY,0,g3,perfect,45,44,0,0.0,,1.0
BATTERY,0,g3,trend_cost_1se,0,44,0,0.0,,26.5
BATTERY,0,g3,trend_cost_1se,15,44,0,0.0,,47.0
BATTERY,0,g3,trend_cost_1se,30,44,0,0.0,,67.5
BATTERY,0,g3,trend_cost_1se,45,44,0,0.0,,82.5
BATTERY,0,g3,trend_window,0,44,0,0.0,,13.5
BATTERY,0,g3,trend_window,15,44,0,0.0,,46.0
BATTERY,0,g3,trend_window,30,44,0,0.0,,70.5
BATTERY,0,g3,trend_window,45,44,0,0.0,,84.0
BATTERY,1,g1,CNA_DA,0,36,0,0.0,1.0,101.5
BATTERY,1,g1,CNA_DA,15,36,0,0.0,1.0,120.5
BATTERY,1,g1,CNA_DA,30,36,0,0.0,1.0,160.5
BATTERY,1,g1,CNA_DA,45,36,0,0.0,1.0,165.5
BATTERY,1,g1,CNA_a0.05,0,36,0,0.0,1.0,101.5
BATTERY,1,g1,CNA_a0.05,15,36,0,0.0,1.0,120.5
BATTERY,1,g1,CNA_a0.05,30,36,0,0.0,1.0,160.5
BATTERY,1,g1,CNA_a0.05,45,36,0,0.0,1.0,165.5
BATTERY,1,g1,CNA_a0.10,0,36,1,0.027777777777777776,0.9774716004550609,21.0
BATTERY,1,g1,CNA_a0.10,15,36,0,0.0,1.0,50.5
BATTERY,1,g1,CNA_a0.10,30,36,0,0.0,1.0,75.0
BATTERY,1,g1,CNA_a0.10,45,36,0,0.0,1.0,91.5
BATTERY,1,g1,CNA_a0.20,0,36,1,0.027777777777777776,0.9996754814463416,14.0
BATTERY,1,g1,CNA_a0.20,15,36,1,0.027777777777777776,0.9996754814463416,31.0
BATTERY,1,g1,CNA_a0.20,30,36,1,0.027777777777777776,0.9996754814463416,58.5
BATTERY,1,g1,CNA_a0.20,45,36,0,0.0,1.0,78.0
BATTERY,1,g1,CNAtrend_DA,0,36,0,0.0,1.0,6.0
BATTERY,1,g1,CNAtrend_DA,15,36,0,0.0,1.0,32.0
BATTERY,1,g1,CNAtrend_DA,30,36,0,0.0,1.0,63.5
BATTERY,1,g1,CNAtrend_DA,45,36,0,0.0,1.0,95.5
BATTERY,1,g1,CNAtrend_a0.05,0,36,0,0.0,1.0,5.0
BATTERY,1,g1,CNAtrend_a0.05,15,36,0,0.0,1.0,29.0
BATTERY,1,g1,CNAtrend_a0.05,30,36,0,0.0,1.0,58.0
BATTERY,1,g1,CNAtrend_a0.05,45,36,0,0.0,1.0,85.5
BATTERY,1,g1,CNAtrend_a0.10,0,36,1,0.027777777777777776,0.9774716004550609,3.0
BATTERY,1,g1,CNAtrend_a0.10,15,36,1,0.027777777777777776,0.9774716004550609,26.0
BATTERY,1,g1,CNAtrend_a0.10,30,36,0,0.0,1.0,54.5
BATTERY,1,g1,CNAtrend_a0.10,45,36,0,0.0,1.0,84.0
BATTERY,1,g1,CNAtrend_a0.20,0,36,6,0.16666666666666666,0.7536283028938424,2.5
BATTERY,1,g1,CNAtrend_a0.20,15,36,2,0.05555555555555555,0.9967548144634157,23.0
BATTERY,1,g1,CNAtrend_a0.20,30,36,1,0.027777777777777776,0.9996754814463416,49.0
BATTERY,1,g1,CNAtrend_a0.20,45,36,1,0.027777777777777776,0.9996754814463416,75.0
BATTERY,1,g1,KAM_P1_heur,0,36,1,0.027777777777777776,,28.0
BATTERY,1,g1,KAM_P1_heur,15,36,1,0.027777777777777776,,28.0
BATTERY,1,g1,KAM_P1_heur,30,36,0,0.0,,72.0
BATTERY,1,g1,KAM_P1_heur,45,36,1,0.027777777777777776,,72.0
BATTERY,1,g1,KAM_P1_opt,0,36,0,0.0,,107.5
BATTERY,1,g1,KAM_P1_opt,15,36,0,0.0,,123.5
BATTERY,1,g1,KAM_P1_opt,30,36,0,0.0,,189.5
BATTERY,1,g1,KAM_P1_opt,45,36,0,0.0,,189.5
BATTERY,1,g1,LBall_a0.05,0,36,1,0.027777777777777776,0.8422207852117729,27.0
BATTERY,1,g1,LBall_a0.05,15,36,1,0.027777777777777776,0.8422207852117729,46.0
BATTERY,1,g1,LBall_a0.05,30,36,0,0.0,1.0,64.0
BATTERY,1,g1,LBall_a0.05,45,36,0,0.0,1.0,78.0
BATTERY,1,g1,LBall_a0.10,0,36,1,0.027777777777777776,0.9774716004550609,13.0
BATTERY,1,g1,LBall_a0.10,15,36,1,0.027777777777777776,0.9774716004550609,30.0
BATTERY,1,g1,LBall_a0.10,30,36,1,0.027777777777777776,0.9774716004550609,50.0
BATTERY,1,g1,LBall_a0.10,45,36,1,0.027777777777777776,0.9774716004550609,65.0
BATTERY,1,g1,LBall_a0.20,0,36,32,0.8888888888888888,1.0683724276852346e-18,2.0
BATTERY,1,g1,LBall_a0.20,15,36,15,0.4166666666666667,0.002453020927031943,17.0
BATTERY,1,g1,LBall_a0.20,30,36,13,0.3611111111111111,0.018216755475590537,32.0
BATTERY,1,g1,LBall_a0.20,45,36,11,0.3055555555555556,0.08891278153876336,53.0
BATTERY,1,g1,LBnear_a0.05,0,36,0,0.0,1.0,55.0
BATTERY,1,g1,LBnear_a0.05,15,36,0,0.0,1.0,72.0
BATTERY,1,g1,LBnear_a0.05,30,36,0,0.0,1.0,85.0
BATTERY,1,g1,LBnear_a0.05,45,36,0,0.0,1.0,96.5
BATTERY,1,g1,LBnear_a0.10,0,36,0,0.0,1.0,39.5
BATTERY,1,g1,LBnear_a0.10,15,36,0,0.0,1.0,58.5
BATTERY,1,g1,LBnear_a0.10,30,36,0,0.0,1.0,75.0
BATTERY,1,g1,LBnear_a0.10,45,36,0,0.0,1.0,86.5
BATTERY,1,g1,LBnear_a0.20,0,36,1,0.027777777777777776,0.9996754814463416,28.0
BATTERY,1,g1,LBnear_a0.20,15,36,0,0.0,1.0,47.0
BATTERY,1,g1,LBnear_a0.20,30,36,0,0.0,1.0,64.0
BATTERY,1,g1,LBnear_a0.20,45,36,0,0.0,1.0,78.0
BATTERY,1,g1,STW_cost_1se,0,36,0,0.0,,127.0
BATTERY,1,g1,STW_cost_1se,15,36,0,0.0,,144.5
BATTERY,1,g1,STW_cost_1se,30,36,0,0.0,,159.5
BATTERY,1,g1,STW_cost_1se,45,36,0,0.0,,173.0
BATTERY,1,g1,STW_cost_plain,0,36,0,0.0,,65.5
BATTERY,1,g1,STW_cost_plain,15,36,0,0.0,,80.5
BATTERY,1,g1,STW_cost_plain,30,36,0,0.0,,85.0
BATTERY,1,g1,STW_cost_plain,45,36,0,0.0,,94.0
BATTERY,1,g1,STW_window,0,36,0,0.0,,75.0
BATTERY,1,g1,STW_window,15,36,0,0.0,,157.0
BATTERY,1,g1,STW_window,30,36,0,0.0,,99.5
BATTERY,1,g1,STW_window,45,36,0,0.0,,99.5
BATTERY,1,g1,age,0,36,0,0.0,,
BATTERY,1,g1,age,15,36,0,0.0,,
BATTERY,1,g1,age,30,36,0,0.0,,
BATTERY,1,g1,age,45,36,0,0.0,,
BATTERY,1,g1,perfect,0,36,0,0.0,,1.0
BATTERY,1,g1,perfect,15,36,0,0.0,,1.0
BATTERY,1,g1,perfect,30,36,0,0.0,,1.0
BATTERY,1,g1,perfect,45,36,0,0.0,,1.0
BATTERY,1,g1,trend_cost_1se,0,36,0,0.0,,54.0
BATTERY,1,g1,trend_cost_1se,15,36,0,0.0,,81.0
BATTERY,1,g1,trend_cost_1se,30,36,0,0.0,,102.0
BATTERY,1,g1,trend_cost_1se,45,36,0,0.0,,113.5
BATTERY,1,g1,trend_window,0,36,0,0.0,,19.0
BATTERY,1,g1,trend_window,15,36,0,0.0,,50.5
BATTERY,1,g1,trend_window,30,36,0,0.0,,83.0
BATTERY,1,g1,trend_window,45,36,0,0.0,,99.0
BATTERY,1,g2,CNA_DA,0,43,12,0.27906976744186046,0.0007869685014522634,3.0
BATTERY,1,g2,CNA_DA,15,43,7,0.16279069767441862,0.13326512310859046,21.0
BATTERY,1,g2,CNA_DA,30,43,24,0.5581395348837209,1.180179422756266e-13,30.0
BATTERY,1,g2,CNA_DA,45,43,7,0.16279069767441862,0.13326512310859046,53.0
BATTERY,1,g2,CNA_a0.05,0,43,12,0.27906976744186046,8.714429692187677e-07,3.0
BATTERY,1,g2,CNA_a0.05,15,43,7,0.16279069767441862,0.0051461902618827465,21.0
BATTERY,1,g2,CNA_a0.05,30,43,24,0.5581395348837209,1.8751555290043826e-20,30.0
BATTERY,1,g2,CNA_a0.05,45,43,7,0.16279069767441862,0.0051461902618827465,53.0
BATTERY,1,g2,CNA_a0.10,0,43,16,0.37209302325581395,1.865176476763954e-06,3.0
BATTERY,1,g2,CNA_a0.10,15,43,17,0.3953488372093023,3.231492532711892e-07,16.0
BATTERY,1,g2,CNA_a0.10,30,43,34,0.7906976744186046,2.24874500565629e-26,26.0
BATTERY,1,g2,CNA_a0.10,45,43,32,0.7441860465116279,1.8741419886062137e-23,42.0
BATTERY,1,g2,CNA_a0.20,0,43,25,0.5813953488372093,4.4303477751688946e-08,3.0
BATTERY,1,g2,CNA_a0.20,15,43,31,0.7209302325581395,2.494873955110231e-13,14.0
BATTERY,1,g2,CNA_a0.20,30,43,36,0.8372093023255814,4.872587435965555e-19,25.0
BATTERY,1,g2,CNA_a0.20,45,43,36,0.8372093023255814,4.872587435965555e-19,38.0
BATTERY,1,g2,CNAtrend_DA,0,43,4,0.09302325581395349,0.6352078090053939,4.0
BATTERY,1,g2,CNAtrend_DA,15,43,6,0.13953488372093023,0.2568741394759989,20.0
BATTERY,1,g2,CNAtrend_DA,30,43,6,0.13953488372093023,0.2568741394759989,36.0
BATTERY,1,g2,CNAtrend_DA,45,43,3,0.06976744186046512,0.8176186853856384,54.0
BATTERY,1,g2,CNAtrend_a0.05,0,43,11,0.2558139534883721,6.312015728283917e-06,3.0
BATTERY,1,g2,CNAtrend_a0.05,15,43,14,0.32558139534883723,1.2018733395137157e-08,18.0
BATTERY,1,g2,CNAtrend_a0.05,30,43,17,0.3953488372093023,9.158957515065162e-12,32.0
BATTERY,1,g2,CNAtrend_a0.05,45,43,12,0.27906976744186046,8.714429692187677e-07,48.0
BATTERY,1,g2,CNAtrend_a0.10,0,43,14,0.32558139534883723,4.671310124278012e-05,2.0
BATTERY,1,g2,CNAtrend_a0.10,15,43,17,0.3953488372093023,3.231492532711892e-07,16.0
BATTERY,1,g2,CNAtrend_a0.10,30,43,24,0.5581395348837209,1.180179422756266e-13,30.0
BATTERY,1,g2,CNAtrend_a0.10,45,43,25,0.5813953488372093,9.885986324181454e-15,45.0
BATTERY,1,g2,CNAtrend_a0.20,0,43,19,0.4418604651162791,0.00027916003283927576,1.0
BATTERY,1,g2,CNAtrend_a0.20,15,43,28,0.6511627906976745,1.640338599950693e-10,15.0
BATTERY,1,g2,CNAtrend_a0.20,30,43,36,0.8372093023255814,4.872587435965555e-19,27.0
BATTERY,1,g2,CNAtrend_a0.20,45,43,39,0.9069767441860465,2.8497058805814717e-23,39.0
BATTERY,1,g2,KAM_P1_heur,0,43,1,0.023255813953488372,,12.0
BATTERY,1,g2,KAM_P1_heur,15,43,35,0.813953488372093,,12.0
BATTERY,1,g2,KAM_P1_heur,30,43,37,0.8604651162790697,,25.0
BATTERY,1,g2,KAM_P1_heur,45,43,39,0.9069767441860465,,35.0
BATTERY,1,g2,KAM_P1_opt,0,43,1,0.023255813953488372,,12.0
BATTERY,1,g2,KAM_P1_opt,15,43,1,0.023255813953488372,,25.0
BATTERY,1,g2,KAM_P1_opt,30,43,8,0.18604651162790697,,35.0
BATTERY,1,g2,KAM_P1_opt,45,43,0,0.0,,67.0
BATTERY,1,g2,LBall_a0.05,0,43,5,0.11627906976744186,0.062258630190440034,3.5
BATTERY,1,g2,LBall_a0.05,15,43,34,0.7906976744186046,2.0970963413791688e-36,13.0
BATTERY,1,g2,LBall_a0.05,30,43,39,0.9069767441860465,1.8380760968739233e-46,22.0
BATTERY,1,g2,LBall_a0.05,45,43,40,0.9302325581395349,9.660393516242057e-49,31.0
BATTERY,1,g2,LBall_a0.10,0,43,42,0.9767441860465116,3.8800000000000095e-41,3.0
BATTERY,1,g2,LBall_a0.10,15,43,43,1.0,1.0000000000000025e-43,6.0
BATTERY,1,g2,LBall_a0.10,30,43,42,0.9767441860465116,3.8800000000000095e-41,16.0
BATTERY,1,g2,LBall_a0.10,45,43,42,0.9767441860465116,3.8800000000000095e-41,25.0
BATTERY,1,g2,LBall_a0.20,0,43,43,1.0,8.796093022208022e-31,
BATTERY,1,g2,LBall_a0.20,15,43,43,1.0,8.796093022208022e-31,3.0
BATTERY,1,g2,LBall_a0.20,30,43,43,1.0,8.796093022208022e-31,13.0
BATTERY,1,g2,LBall_a0.20,45,43,43,1.0,8.796093022208022e-31,22.0
BATTERY,1,g2,LBnear_a0.05,0,43,0,0.0,1.0,17.0
BATTERY,1,g2,LBnear_a0.05,15,43,2,0.046511627906976744,0.6404551139699828,26.0
BATTERY,1,g2,LBnear_a0.05,30,43,11,0.2558139534883721,6.312015728283917e-06,34.0
BATTERY,1,g2,LBnear_a0.05,45,43,22,0.5116279069767442,8.971492423941238e-18,45.0
BATTERY,1,g2,LBnear_a0.10,0,43,1,0.023255813953488372,0.9892247363356942,12.0
BATTERY,1,g2,LBnear_a0.10,15,43,6,0.13953488372093023,0.2568741394759989,21.0
BATTERY,1,g2,LBnear_a0.10,30,43,26,0.6046511627906976,7.548433771705301e-16,30.0
BATTERY,1,g2,LBnear_a0.10,45,43,34,0.7906976744186046,2.24874500565629e-26,39.0
BATTERY,1,g2,LBnear_a0.20,0,43,2,0.046511627906976744,0.9992003364377358,7.0
BATTERY,1,g2,LBnear_a0.20,15,43,15,0.3488372093023256,0.01635658448734614,17.0
BATTERY,1,g2,LBnear_a0.20,30,43,35,0.813953488372093,8.846430393034651e-18,26.0
BATTERY,1,g2,LBnear_a0.20,45,43,38,0.8837209302325582,8.955282576273336e-22,34.0
BATTERY,1,g2,STW_cost_1se,0,43,3,0.06976744186046512,,32.5
BATTERY,1,g2,STW_cost_1se,15,43,0,0.0,,52.0
BATTERY,1,g2,STW_cost_1se,30,43,0,0.0,,71.0
BATTERY,1,g2,STW_cost_1se,45,43,0,0.0,,90.0
BATTERY,1,g2,STW_cost_plain,0,43,6,0.13953488372093023,,4.0
BATTERY,1,g2,STW_cost_plain,15,43,31,0.7209302325581395,,13.0
BATTERY,1,g2,STW_cost_plain,30,43,30,0.6976744186046512,,25.0
BATTERY,1,g2,STW_cost_plain,45,43,31,0.7209302325581395,,40.0
BATTERY,1,g2,STW_window,0,43,13,0.3023255813953488,,3.5
BATTERY,1,g2,STW_window,15,43,4,0.09302325581395349,,24.0
BATTERY,1,g2,STW_window,30,43,18,0.4186046511627907,,33.0
BATTERY,1,g2,STW_window,45,43,7,0.16279069767441862,,61.0
BATTERY,1,g2,age,0,43,40,0.9302325581395349,,
BATTERY,1,g2,age,15,43,40,0.9302325581395349,,
BATTERY,1,g2,age,30,43,40,0.9302325581395349,,
BATTERY,1,g2,age,45,43,40,0.9302325581395349,,
BATTERY,1,g2,perfect,0,43,0,0.0,,1.0
BATTERY,1,g2,perfect,15,43,0,0.0,,1.0
BATTERY,1,g2,perfect,30,43,0,0.0,,1.0
BATTERY,1,g2,perfect,45,43,0,0.0,,1.0
BATTERY,1,g2,trend_cost_1se,0,43,0,0.0,,28.0
BATTERY,1,g2,trend_cost_1se,15,43,0,0.0,,35.0
BATTERY,1,g2,trend_cost_1se,30,43,0,0.0,,53.0
BATTERY,1,g2,trend_cost_1se,45,43,0,0.0,,67.0
BATTERY,1,g2,trend_window,0,43,0,0.0,,12.0
BATTERY,1,g2,trend_window,15,43,3,0.06976744186046512,,22.0
BATTERY,1,g2,trend_window,30,43,0,0.0,,47.0
BATTERY,1,g2,trend_window,45,43,0,0.0,,64.0
BATTERY,1,g3,CNA_DA,0,44,19,0.4318181818181818,1.1720225781473994e-08,4.0
BATTERY,1,g3,CNA_DA,15,44,18,0.4090909090909091,7.823904718704427e-08,20.0
BATTERY,1,g3,CNA_DA,30,44,9,0.20454545454545456,0.02800125440840849,40.0
BATTERY,1,g3,CNA_DA,45,44,10,0.22727272727272727,0.01025562137082991,56.5
BATTERY,1,g3,CNA_a0.05,0,44,19,0.4318181818181818,7.975414900549642e-14,4.0
BATTERY,1,g3,CNA_a0.05,15,44,18,0.4090909090909091,1.114689247727324e-12,20.0
BATTERY,1,g3,CNA_a0.05,30,44,9,0.20454545454545456,0.000280360675864214,40.0
BATTERY,1,g3,CNA_a0.05,45,44,10,0.22727272727272727,5.039665676129713e-05,56.5
BATTERY,1,g3,CNA_a0.10,0,44,22,0.5,2.3157539322627256e-11,2.5
BATTERY,1,g3,CNA_a0.10,15,44,37,0.8409090909090909,1.8710258654092637e-30,10.0
BATTERY,1,g3,CNA_a0.10,30,44,32,0.7272727272727273,6.20623778093893e-23,27.0
BATTERY,1,g3,CNA_a0.10,45,44,27,0.6136363636363636,1.2268732699285068e-16,43.0
BATTERY,1,g3,CNA_a0.20,0,44,40,0.9090909090909091,6.265489605262954e-24,2.0
BATTERY,1,g3,CNA_a0.20,15,44,41,0.9318181818181818,1.5180807511121887e-25,9.0
BATTERY,1,g3,CNA_a0.20,30,44,35,0.7954545454545454,3.48527421912865e-17,24.0
BATTERY,1,g3,CNA_a0.20,45,44,32,0.7272727272727273,6.840024519743576e-14,39.0
BATTERY,1,g3,CNAtrend_DA,0,44,0,0.0,1.0,6.0
BATTERY,1,g3,CNAtrend_DA,15,44,0,0.0,1.0,30.5
BATTERY,1,g3,CNAtrend_DA,30,44,0,0.0,1.0,52.5
BATTERY,1,g3,CNAtrend_DA,45,44,0,0.0,1.0,81.0
BATTERY,1,g3,CNAtrend_a0.05,0,44,0,0.0,1.0,6.0
BATTERY,1,g3,CNAtrend_a0.05,15,44,0,0.0,1.0,27.0
BATTERY,1,g3,CNAtrend_a0.05,30,44,0,0.0,1.0,49.0
BATTERY,1,g3,CNAtrend_a0.05,45,44,1,0.022727272727272728,0.8953260452767448,72.0
BATTERY,1,g3,CNAtrend_a0.10,0,44,0,0.0,1.0,4.0
BATTERY,1,g3,CNAtrend_a0.10,15,44,1,0.022727272727272728,0.9903022627021247,25.0
BATTERY,1,g3,CNAtrend_a0.10,30,44,1,0.022727272727272728,0.9903022627021247,45.5
BATTERY,1,g3,CNAtrend_a0.10,45,44,1,0.022727272727272728,0.9903022627021247,66.0
BATTERY,1,g3,CNAtrend_a0.20,0,44,1,0.022727272727272728,0.9999455548212927,3.0
BATTERY,1,g3,CNAtrend_a0.20,15,44,1,0.022727272727272728,0.9999455548212927,22.5
BATTERY,1,g3,CNAtrend_a0.20,30,44,2,0.045454545454545456,0.9993466578555118,42.5
BATTERY,1,g3,CNAtrend_a0.20,45,44,3,0.06818181818181818,0.9961275866644397,62.0
BATTERY,1,g3,KAM_P1_heur,0,44,10,0.22727272727272727,,10.0
BATTERY,1,g3,KAM_P1_heur,15,44,43,0.9772727272727273,,10.0
BATTERY,1,g3,KAM_P1_heur,30,44,36,0.8181818181818182,,24.0
BATTERY,1,g3,KAM_P1_heur,45,44,30,0.6818181818181818,,42.0
BATTERY,1,g3,KAM_P1_opt,0,44,10,0.22727272727272727,,10.0
BATTERY,1,g3,KAM_P1_opt,15,44,10,0.22727272727272727,,24.0
BATTERY,1,g3,KAM_P1_opt,30,44,9,0.20454545454545456,,42.0
BATTERY,1,g3,KAM_P1_opt,45,44,7,0.1590909090909091,,61.0
BATTERY,1,g3,LBall_a0.05,0,44,44,1.0,5.6843418860808154e-58,
BATTERY,1,g3,LBall_a0.05,15,44,44,1.0,5.6843418860808154e-58,7.0
BATTERY,1,g3,LBall_a0.05,30,44,41,0.9318181818181818,5.183149994536518e-50,19.0
BATTERY,1,g3,LBall_a0.05,45,44,40,0.9090909090909091,1.0108117868412612e-47,33.5
BATTERY,1,g3,LBall_a0.10,0,44,44,1.0,1.0000000000000024e-44,
BATTERY,1,g3,LBall_a0.10,15,44,44,1.0,1.0000000000000024e-44,4.0
BATTERY,1,g3,LBall_a0.10,30,44,44,1.0,1.0000000000000024e-44,13.0
BATTERY,1,g3,LBall_a0.10,45,44,44,1.0,1.0000000000000024e-44,28.5
BATTERY,1,g3,LBall_a0.20,0,44,44,1.0,1.7592186044416043e-31,
BATTERY,1,g3,LBall_a0.20,15,44,44,1.0,1.7592186044416043e-31,2.0
BATTERY,1,g3,LBall_a0.20,30,44,44,1.0,1.7592186044416043e-31,10.0
BATTERY,1,g3,LBall_a0.20,45,44,44,1.0,1.7592186044416043e-31,24.0
BATTERY,1,g3,LBnear_a0.05,0,44,20,0.45454545454545453,5.2158870476916614e-15,3.0
BATTERY,1,g3,LBnear_a0.05,15,44,33,0.75,5.166201950470073e-34,13.0
BATTERY,1,g3,LBnear_a0.05,30,44,29,0.6590909090909091,2.037494775606397e-27,27.0
BATTERY,1,g3,LBnear_a0.05,45,44,30,0.6818181818181818,5.347899987570352e-29,40.0
BATTERY,1,g3,LBnear_a0.10,0,44,34,0.7727272727272727,8.934078018515424e-26,1.5
BATTERY,1,g3,LBnear_a0.10,15,44,38,0.8636363636363636,3.8164977345340075e-32,10.0
BATTERY,1,g3,LBnear_a0.10,30,44,36,0.8181818181818182,7.816386033107009e-29,24.0
BATTERY,1,g3,LBnear_a0.10,45,44,35,0.7954545454545454,2.8247059010948598e-27,39.0
BATTERY,1,g3,LBnear_a0.20,0,44,44,1.0,1.7592186044416043e-31,
BATTERY,1,g3,LBnear_a0.20,15,44,44,1.0,1.7592186044416043e-31,7.0
BATTERY,1,g3,LBnear_a0.20,30,44,41,0.9318181818181818,1.5180807511121887e-25,19.0
BATTERY,1,g3,LBnear_a0.20,45,44,40,0.9090909090909091,6.265489605262954e-24,33.5
BATTERY,1,g3,STW_cost_1se,0,44,3,0.06818181818181818,,28.0
BATTERY,1,g3,STW_cost_1se,15,44,1,0.022727272727272728,,40.0
BATTERY,1,g3,STW_cost_1se,30,44,0,0.0,,60.5
BATTERY,1,g3,STW_cost_1se,45,44,0,0.0,,78.5
BATTERY,1,g3,STW_cost_plain,0,44,29,0.6590909090909091,,2.0
BATTERY,1,g3,STW_cost_plain,15,44,31,0.7045454545454546,,14.5
BATTERY,1,g3,STW_cost_plain,30,44,22,0.5,,31.0
BATTERY,1,g3,STW_cost_plain,45,44,20,0.45454545454545453,,49.0
BATTERY,1,g3,STW_window,0,44,9,0.20454545454545456,,15.0
BATTERY,1,g3,STW_window,15,44,0,0.0,,55.0
BATTERY,1,g3,STW_window,30,44,1,0.022727272727272728,,55.0
BATTERY,1,g3,STW_window,45,44,7,0.1590909090909091,,55.0
BATTERY,1,g3,age,0,44,0,0.0,,
BATTERY,1,g3,age,15,44,0,0.0,,
BATTERY,1,g3,age,30,44,0,0.0,,
BATTERY,1,g3,age,45,44,0,0.0,,
BATTERY,1,g3,perfect,0,44,0,0.0,,1.0
BATTERY,1,g3,perfect,15,44,0,0.0,,1.0
BATTERY,1,g3,perfect,30,44,0,0.0,,1.0
BATTERY,1,g3,perfect,45,44,0,0.0,,1.0
BATTERY,1,g3,trend_cost_1se,0,44,0,0.0,,28.0
BATTERY,1,g3,trend_cost_1se,15,44,0,0.0,,48.0
BATTERY,1,g3,trend_cost_1se,30,44,0,0.0,,69.0
BATTERY,1,g3,trend_cost_1se,45,44,0,0.0,,93.0
BATTERY,1,g3,trend_window,0,44,0,0.0,,13.5
BATTERY,1,g3,trend_window,15,44,0,0.0,,46.0
BATTERY,1,g3,trend_window,30,44,0,0.0,,70.5
BATTERY,1,g3,trend_window,45,44,0,0.0,,84.0
BATTERY,2,g1,CNA_DA,0,36,1,0.027777777777777776,0.9774716004550609,14.0
BATTERY,2,g1,CNA_DA,15,36,0,0.0,1.0,35.0
BATTERY,2,g1,CNA_DA,30,36,0,0.0,1.0,70.5
BATTERY,2,g1,CNA_DA,45,36,0,0.0,1.0,76.5
BATTERY,2,g1,CNA_a0.05,0,36,1,0.027777777777777776,0.8422207852117729,14.0
BATTERY,2,g1,CNA_a0.05,15,36,0,0.0,1.0,35.0
BATTERY,2,g1,CNA_a0.05,30,36,0,0.0,1.0,70.5
BATTERY,2,g1,CNA_a0.05,45,36,0,0.0,1.0,76.5
BATTERY,2,g1,CNA_a0.10,0,36,1,0.027777777777777776,0.9774716004550609,13.0
BATTERY,2,g1,CNA_a0.10,15,36,0,0.0,1.0,31.0
BATTERY,2,g1,CNA_a0.10,30,36,0,0.0,1.0,57.5
BATTERY,2,g1,CNA_a0.10,45,36,0,0.0,1.0,75.0
BATTERY,2,g1,CNA_a0.20,0,36,1,0.027777777777777776,0.9996754814463416,11.0
BATTERY,2,g1,CNA_a0.20,15,36,0,0.0,1.0,28.5
BATTERY,2,g1,CNA_a0.20,30,36,0,0.0,1.0,54.0
BATTERY,2,g1,CNA_a0.20,45,36,1,0.027777777777777776,0.9996754814463416,67.5
BATTERY,2,g1,CNAtrend_DA,0,36,0,0.0,1.0,6.0
BATTERY,2,g1,CNAtrend_DA,15,36,0,0.0,1.0,32.0
BATTERY,2,g1,CNAtrend_DA,30,36,0,0.0,1.0,63.5
BATTERY,2,g1,CNAtrend_DA,45,36,0,0.0,1.0,95.5
BATTERY,2,g1,CNAtrend_a0.05,0,36,0,0.0,1.0,5.0
BATTERY,2,g1,CNAtrend_a0.05,15,36,0,0.0,1.0,29.0
BATTERY,2,g1,CNAtrend_a0.05,30,36,0,0.0,1.0,58.0
BATTERY,2,g1,CNAtrend_a0.05,45,36,0,0.0,1.0,85.5
BATTERY,2,g1,CNAtrend_a0.10,0,36,1,0.027777777777777776,0.9774716004550609,3.0
BATTERY,2,g1,CNAtrend_a0.10,15,36,1,0.027777777777777776,0.9774716004550609,26.0
BATTERY,2,g1,CNAtrend_a0.10,30,36,0,0.0,1.0,54.5
BATTERY,2,g1,CNAtrend_a0.10,45,36,0,0.0,1.0,84.0
BATTERY,2,g1,CNAtrend_a0.20,0,36,6,0.16666666666666666,0.7536283028938424,2.5
BATTERY,2,g1,CNAtrend_a0.20,15,36,2,0.05555555555555555,0.9967548144634157,23.0
BATTERY,2,g1,CNAtrend_a0.20,30,36,1,0.027777777777777776,0.9996754814463416,49.0
BATTERY,2,g1,CNAtrend_a0.20,45,36,1,0.027777777777777776,0.9996754814463416,75.0
BATTERY,2,g1,KAM_P1_heur,0,36,0,0.0,,24.5
BATTERY,2,g1,KAM_P1_heur,15,36,0,0.0,,48.5
BATTERY,2,g1,KAM_P1_heur,30,36,0,0.0,,48.5
BATTERY,2,g1,KAM_P1_heur,45,36,1,0.027777777777777776,,65.5
BATTERY,2,g1,KAM_P1_opt,0,36,0,0.0,,24.5
BATTERY,2,g1,KAM_P1_opt,15,36,0,0.0,,48.5
BATTERY,2,g1,KAM_P1_opt,30,36,0,0.0,,65.5
BATTERY,2,g1,KAM_P1_opt,45,36,0,0.0,,81.0
BATTERY,2,g1,LBall_a0.05,0,36,1,0.027777777777777776,0.8422207852117729,11.0
BATTERY,2,g1,LBall_a0.05,15,36,0,0.0,1.0,29.0
BATTERY,2,g1,LBall_a0.05,30,36,0,0.0,1.0,49.5
BATTERY,2,g1,LBall_a0.05,45,36,3,0.08333333333333333,0.26792192584409835,63.0
BATTERY,2,g1,LBall_a0.10,0,36,10,0.2777777777777778,0.0021984109662019826,4.0
BATTERY,2,g1,LBall_a0.10,15,36,3,0.08333333333333333,0.712137116925777,21.0
BATTERY,2,g1,LBall_a0.10,30,36,7,0.19444444444444445,0.06282814237583728,44.0
BATTERY,2,g1,LBall_a0.10,45,36,7,0.19444444444444445,0.06282814237583728,57.5
BATTERY,2,g1,LBall_a0.20,0,36,36,1.0,6.871947673600013e-26,
BATTERY,2,g1,LBall_a0.20,15,36,12,0.3333333333333333,0.04242772330544424,17.0
BATTERY,2,g1,LBall_a0.20,30,36,12,0.3333333333333333,0.04242772330544424,38.0
BATTERY,2,g1,LBall_a0.20,45,36,11,0.3055555555555556,0.08891278153876336,54.5
BATTERY,2,g1,LBnear_a0.05,0,36,0,0.0,1.0,29.0
BATTERY,2,g1,LBnear_a0.05,15,36,0,0.0,1.0,49.5
BATTERY,2,g1,LBnear_a0.05,30,36,0,0.0,1.0,63.0
BATTERY,2,g1,LBnear_a0.05,45,36,0,0.0,1.0,76.5
BATTERY,2,g1,LBnear_a0.10,0,36,0,0.0,1.0,19.0
BATTERY,2,g1,LBnear_a0.10,15,36,0,0.0,1.0,40.0
BATTERY,2,g1,LBnear_a0.10,30,36,0,0.0,1.0,57.0
BATTERY,2,g1,LBnear_a0.10,45,36,0,0.0,1.0,70.5
BATTERY,2,g1,LBnear_a0.20,0,36,1,0.027777777777777776,0.9996754814463416,11.0
BATTERY,2,g1,LBnear_a0.20,15,36,0,0.0,1.0,27.5
BATTERY,2,g1,LBnear_a0.20,30,36,1,0.027777777777777776,0.9996754814463416,49.0
BATTERY,2,g1,LBnear_a0.20,45,36,3,0.08333333333333333,0.9839768964131151,63.0
BATTERY,2,g1,STW_cost_1se,0,36,0,0.0,,57.5
BATTERY,2,g1,STW_cost_1se,15,36,0,0.0,,71.5
BATTERY,2,g1,STW_cost_1se,30,36,0,0.0,,84.5
BATTERY,2,g1,STW_cost_1se,45,36,0,0.0,,119.5
BATTERY,2,g1,STW_cost_plain,0,36,1,0.027777777777777776,,15.0
BATTERY,2,g1,STW_cost_plain,15,36,0,0.0,,32.5
BATTERY,2,g1,STW_cost_plain,30,36,0,0.0,,56.5
BATTERY,2,g1,STW_cost_plain,45,36,0,0.0,,79.5
BATTERY,2,g1,STW_window,0,36,0,0.0,,42.0
BATTERY,2,g1,STW_window,15,36,0,0.0,,42.0
BATTERY,2,g1,STW_window,30,36,0,0.0,,91.0
BATTERY,2,g1,STW_window,45,36,0,0.0,,140.5
BATTERY,2,g1,age,0,36,0,0.0,,
BATTERY,2,g1,age,15,36,0,0.0,,
BATTERY,2,g1,age,30,36,0,0.0,,
BATTERY,2,g1,age,45,36,0,0.0,,
BATTERY,2,g1,perfect,0,36,0,0.0,,1.0
BATTERY,2,g1,perfect,15,36,0,0.0,,1.0
BATTERY,2,g1,perfect,30,36,0,0.0,,1.0
BATTERY,2,g1,perfect,45,36,0,0.0,,1.0
BATTERY,2,g1,trend_cost_1se,0,36,0,0.0,,53.5
BATTERY,2,g1,trend_cost_1se,15,36,0,0.0,,79.5
BATTERY,2,g1,trend_cost_1se,30,36,0,0.0,,101.5
BATTERY,2,g1,trend_cost_1se,45,36,0,0.0,,118.5
BATTERY,2,g1,trend_window,0,36,0,0.0,,19.0
BATTERY,2,g1,trend_window,15,36,0,0.0,,50.5
BATTERY,2,g1,trend_window,30,36,0,0.0,,83.0
BATTERY,2,g1,trend_window,45,36,0,0.0,,99.0
BATTERY,2,g2,CNA_DA,0,43,5,0.11627906976744186,0.43252905747178994,5.0
BATTERY,2,g2,CNA_DA,15,43,13,0.3023255813953488,0.0002017665972326043,18.0
BATTERY,2,g2,CNA_DA,30,43,15,0.3488372093023256,9.795602197583886e-06,33.0
BATTERY,2,g2,CNA_DA,45,43,14,0.32558139534883723,4.671310124278012e-05,48.0
BATTERY,2,g2,CNA_a0.05,0,43,5,0.11627906976744186,0.062258630190440034,5.0
BATTERY,2,g2,CNA_a0.05,15,43,13,0.3023255813953488,1.0785381005172906e-07,18.0
BATTERY,2,g2,CNA_a0.05,30,43,15,0.3488372093023256,1.210266103040323e-09,33.0
BATTERY,2,g2,CNA_a0.05,45,43,14,0.32558139534883723,1.2018733395137157e-08,48.0
BATTERY,2,g2,CNA_a0.10,0,43,12,0.27906976744186046,0.0007869685014522634,3.0
BATTERY,2,g2,CNA_a0.10,15,43,25,0.5813953488372093,9.885986324181454e-15,15.0
BATTERY,2,g2,CNA_a0.10,30,43,28,0.6511627906976745,3.308978239589805e-18,29.0
BATTERY,2,g2,CNA_a0.10,45,43,26,0.6046511627906976,7.548433771705301e-16,45.0
BATTERY,2,g2,CNA_a0.20,0,43,16,0.37209302325581395,0.006752061326602987,3.0
BATTERY,2,g2,CNA_a0.20,15,43,26,0.6046511627906976,7.530429703068147e-09,15.0
BATTERY,2,g2,CNA_a0.20,30,43,31,0.7209302325581395,2.494873955110231e-13,27.0
BATTERY,2,g2,CNA_a0.20,45,43,27,0.627906976744186,1.1658636946530078e-09,45.0
BATTERY,2,g2,CNAtrend_DA,0,43,4,0.09302325581395349,0.6352078090053939,4.0
BATTERY,2,g2,CNAtrend_DA,15,43,6,0.13953488372093023,0.2568741394759989,20.0
BATTERY,2,g2,CNAtrend_DA,30,43,6,0.13953488372093023,0.2568741394759989,36.0
BATTERY,2,g2,CNAtrend_DA,45,43,3,0.06976744186046512,0.8176186853856384,54.0
BATTERY,2,g2,CNAtrend_a0.05,0,43,11,0.2558139534883721,6.312015728283917e-06,3.0
BATTERY,2,g2,CNAtrend_a0.05,15,43,14,0.32558139534883723,1.2018733395137157e-08,18.0
BATTERY,2,g2,CNAtrend_a0.05,30,43,17,0.3953488372093023,9.158957515065162e-12,32.0
BATTERY,2,g2,CNAtrend_a0.05,45,43,12,0.27906976744186046,8.714429692187677e-07,48.0
BATTERY,2,g2,CNAtrend_a0.10,0,43,14,0.32558139534883723,4.671310124278012e-05,2.0
BATTERY,2,g2,CNAtrend_a0.10,15,43,17,0.3953488372093023,3.231492532711892e-07,16.0
BATTERY,2,g2,CNAtrend_a0.10,30,43,24,0.5581395348837209,1.180179422756266e-13,30.0
BATTERY,2,g2,CNAtrend_a0.10,45,43,25,0.5813953488372093,9.885986324181454e-15,45.0
BATTERY,2,g2,CNAtrend_a0.20,0,43,19,0.4418604651162791,0.00027916003283927576,1.0
BATTERY,2,g2,CNAtrend_a0.20,15,43,28,0.6511627906976745,1.640338599950693e-10,15.0
BATTERY,2,g2,CNAtrend_a0.20,30,43,36,0.8372093023255814,4.872587435965555e-19,27.0
BATTERY,2,g2,CNAtrend_a0.20,45,43,39,0.9069767441860465,2.8497058805814717e-23,39.0
BATTERY,2,g2,KAM_P1_heur,0,43,0,0.0,,13.0
BATTERY,2,g2,KAM_P1_heur,15,43,29,0.6744186046511628,,13.0
BATTERY,2,g2,KAM_P1_heur,30,43,34,0.7906976744186046,,26.0
BATTERY,2,g2,KAM_P1_heur,45,43,30,0.6976744186046512,,42.0
BATTERY,2,g2,KAM_P1_opt,0,43,0,0.0,,13.0
BATTERY,2,g2,KAM_P1_opt,15,43,1,0.023255813953488372,,26.0
BATTERY,2,g2,KAM_P1_opt,30,43,3,0.06976744186046512,,42.0
BATTERY,2,g2,KAM_P1_opt,45,43,3,0.06976744186046512,,60.0
BATTERY,2,g2,LBall_a0.05,0,43,15,0.3488372093023256,1.210266103040323e-09,3.0
BATTERY,2,g2,LBall_a0.05,15,43,34,0.7906976744186046,2.0970963413791688e-36,12.0
BATTERY,2,g2,LBall_a0.05,30,43,38,0.8837209302325582,2.728092833344822e-44,22.0
BATTERY,2,g2,LBall_a0.05,45,43,35,0.813953488372093,2.832910763051274e-38,35.0
BATTERY,2,g2,LBall_a0.10,0,43,43,1.0,1.0000000000000025e-43,
BATTERY,2,g2,LBall_a0.10,15,43,43,1.0,1.0000000000000025e-43,6.5
BATTERY,2,g2,LBall_a0.10,30,43,42,0.9767441860465116,3.8800000000000095e-41,17.0
BATTERY,2,g2,LBall_a0.10,45,43,42,0.9767441860465116,3.8800000000000095e-41,28.0
BATTERY,2,g2,LBall_a0.20,0,43,43,1.0,8.796093022208022e-31,
BATTERY,2,g2,LBall_a0.20,15,43,43,1.0,8.796093022208022e-31,5.0
BATTERY,2,g2,LBall_a0.20,30,43,42,0.9767441860465116,1.5217240928419875e-28,15.0
BATTERY,2,g2,LBall_a0.20,45,43,43,1.0,8.796093022208022e-31,25.0
BATTERY,2,g2,LBnear_a0.05,0,43,1,0.023255813953488372,0.8898168897649945,13.5
BATTERY,2,g2,LBnear_a0.05,15,43,4,0.09302325581395349,0.16659866467530485,24.0
BATTERY,2,g2,LBnear_a0.05,30,43,8,0.18604651162790697,0.0011740844773778219,37.0
BATTERY,2,g2,LBnear_a0.05,45,43,11,0.2558139534883721,6.312015728283917e-06,50.0
BATTERY,2,g2,LBnear_a0.10,0,43,2,0.046511627906976744,0.9377429210506775,9.0
BATTERY,2,g2,LBnear_a0.10,15,43,7,0.16279069767441862,0.13326512310859046,19.0
BATTERY,2,g2,LBnear_a0.10,30,43,19,0.4418604651162791,7.3528284164618045e-09,31.0
BATTERY,2,g2,LBnear_a0.10,45,43,27,0.627906976744186,5.244776586199744e-17,45.0
BATTERY,2,g2,LBnear_a0.20,0,43,7,0.16279069767441862,0.7841578645103515,4.0
BATTERY,2,g2,LBnear_a0.20,15,43,29,0.6744186046511628,2.0915312186792387e-11,14.5
BATTERY,2,g2,LBnear_a0.20,30,43,35,0.813953488372093,8.846430393034651e-18,25.0
BATTERY,2,g2,LBnear_a0.20,45,43,34,0.7906976744186046,1.388779893842939e-16,37.0
BATTERY,2,g2,STW_cost_1se,0,43,0,0.0,,39.0
BATTERY,2,g2,STW_cost_1se,15,43,0,0.0,,45.0
BATTERY,2,g2,STW_cost_1se,30,43,0,0.0,,59.0
BATTERY,2,g2,STW_cost_1se,45,43,0,0.0,,93.0
BATTERY,2,g2,STW_cost_plain,0,43,6,0.13953488372093023,,4.0
BATTERY,2,g2,STW_cost_plain,15,43,10,0.23255813953488372,,18.0
BATTERY,2,g2,STW_cost_plain,30,43,28,0.6511627906976745,,30.0
BATTERY,2,g2,STW_cost_plain,45,43,19,0.4418604651162791,,47.0
BATTERY,2,g2,STW_window,0,43,2,0.046511627906976744,,9.0
BATTERY,2,g2,STW_window,15,43,5,0.11627906976744186,,27.5
BATTERY,2,g2,STW_window,30,43,8,0.18604651162790697,,37.0
BATTERY,2,g2,STW_window,45,43,0,0.0,,72.0
BATTERY,2,g2,age,0,43,40,0.9302325581395349,,
BATTERY,2,g2,age,15,43,40,0.9302325581395349,,
BATTERY,2,g2,age,30,43,40,0.9302325581395349,,
BATTERY,2,g2,age,45,43,40,0.9302325581395349,,
BATTERY,2,g2,perfect,0,43,0,0.0,,1.0
BATTERY,2,g2,perfect,15,43,0,0.0,,1.0
BATTERY,2,g2,perfect,30,43,0,0.0,,1.0
BATTERY,2,g2,perfect,45,43,0,0.0,,1.0
BATTERY,2,g2,trend_cost_1se,0,43,0,0.0,,23.0
BATTERY,2,g2,trend_cost_1se,15,43,0,0.0,,32.0
BATTERY,2,g2,trend_cost_1se,30,43,0,0.0,,51.0
BATTERY,2,g2,trend_cost_1se,45,43,0,0.0,,65.0
BATTERY,2,g2,trend_window,0,43,0,0.0,,12.0
BATTERY,2,g2,trend_window,15,43,3,0.06976744186046512,,22.0
BATTERY,2,g2,trend_window,30,43,0,0.0,,47.0
BATTERY,2,g2,trend_window,45,43,0,0.0,,64.0
BATTERY,2,g3,CNA_DA,0,44,42,0.9545454545454546,7.702300000000017e-40,1.5
BATTERY,2,g3,CNA_DA,15,44,26,0.5909090909090909,1.6679576718716224e-15,14.5
BATTERY,2,g3,CNA_DA,30,44,20,0.45454545454545453,1.6062529361826103e-09,33.0
BATTERY,2,g3,CNA_DA,45,44,20,0.45454545454545453,1.6062529361826103e-09,48.5
BATTERY,2,g3,CNA_a0.05,0,44,42,0.9545454545454546,1.9459946543065647e-52,1.5
BATTERY,2,g3,CNA_a0.05,15,44,26,0.5909090909090909,6.314597275481313e-23,14.5
BATTERY,2,g3,CNA_a0.05,30,44,20,0.45454545454545453,5.2158870476916614e-15,33.0
BATTERY,2,g3,CNA_a0.05,45,44,20,0.45454545454545453,5.2158870476916614e-15,48.5
BATTERY,2,g3,CNA_a0.10,0,44,43,0.9772727272727273,3.97000000000001e-42,2.0
BATTERY,2,g3,CNA_a0.10,15,44,31,0.7045454545454546,1.3816854037815094e-21,13.0
BATTERY,2,g3,CNA_a0.10,30,44,23,0.5227272727272727,2.436984974765762e-12,31.0
BATTERY,2,g3,CNA_a0.10,45,44,22,0.5,2.3157539322627256e-11,44.5
BATTERY,2,g3,CNA_a0.20,0,44,44,1.0,1.7592186044416043e-31,
BATTERY,2,g3,CNA_a0.20,15,44,39,0.8863636363636364,2.0190329857011848e-22,9.0
BATTERY,2,g3,CNA_a0.20,30,44,27,0.6136363636363636,2.4387768963360353e-09,30.0
BATTERY,2,g3,CNA_a0.20,45,44,27,0.6136363636363636,2.4387768963360353e-09,40.0
BATTERY,2,g3,CNAtrend_DA,0,44,0,0.0,1.0,6.0
BATTERY,2,g3,CNAtrend_DA,15,44,0,0.0,1.0,30.5
BATTERY,2,g3,CNAtrend_DA,30,44,0,0.0,1.0,52.5
BATTERY,2,g3,CNAtrend_DA,45,44,0,0.0,1.0,81.0
BATTERY,2,g3,CNAtrend_a0.05,0,44,0,0.0,1.0,6.0
BATTERY,2,g3,CNAtrend_a0.05,15,44,0,0.0,1.0,27.0
BATTERY,2,g3,CNAtrend_a0.05,30,44,0,0.0,1.0,49.0
BATTERY,2,g3,CNAtrend_a0.05,45,44,1,0.022727272727272728,0.8953260452767448,72.0
BATTERY,2,g3,CNAtrend_a0.10,0,44,0,0.0,1.0,4.0
BATTERY,2,g3,CNAtrend_a0.10,15,44,1,0.022727272727272728,0.9903022627021247,25.0
BATTERY,2,g3,CNAtrend_a0.10,30,44,1,0.022727272727272728,0.9903022627021247,45.5
BATTERY,2,g3,CNAtrend_a0.10,45,44,1,0.022727272727272728,0.9903022627021247,66.0
BATTERY,2,g3,CNAtrend_a0.20,0,44,1,0.022727272727272728,0.9999455548212927,3.0
BATTERY,2,g3,CNAtrend_a0.20,15,44,1,0.022727272727272728,0.9999455548212927,22.5
BATTERY,2,g3,CNAtrend_a0.20,30,44,2,0.045454545454545456,0.9993466578555118,42.5
BATTERY,2,g3,CNAtrend_a0.20,45,44,3,0.06818181818181818,0.9961275866644397,62.0
BATTERY,2,g3,KAM_P1_heur,0,44,9,0.20454545454545456,,9.0
BATTERY,2,g3,KAM_P1_heur,15,44,44,1.0,,9.0
BATTERY,2,g3,KAM_P1_heur,30,44,34,0.7727272727272727,,27.0
BATTERY,2,g3,KAM_P1_heur,45,44,28,0.6363636363636364,,42.5
BATTERY,2,g3,KAM_P1_opt,0,44,9,0.20454545454545456,,9.0
BATTERY,2,g3,KAM_P1_opt,15,44,7,0.1590909090909091,,27.0
BATTERY,2,g3,KAM_P1_opt,30,44,6,0.13636363636363635,,42.5
BATTERY,2,g3,KAM_P1_opt,45,44,6,0.13636363636363635,,56.5
BATTERY,2,g3,LBall_a0.05,0,44,22,0.5,1.708662423970662e-17,3.0
BATTERY,2,g3,LBall_a0.05,15,44,33,0.75,5.166201950470073e-34,12.0
BATTERY,2,g3,LBall_a0.05,30,44,34,0.7727272727272727,8.779214506387328e-36,25.5
BATTERY,2,g3,LBall_a0.05,45,44,31,0.7045454545454546,1.268058409106326e-30,39.0
BATTERY,2,g3,LBall_a0.10,0,44,44,1.0,1.0000000000000024e-44,
BATTERY,2,g3,LBall_a0.10,15,44,44,1.0,1.0000000000000024e-44,8.0
BATTERY,2,g3,LBall_a0.10,30,44,42,0.9545454545454546,7.702300000000017e-40,19.0
BATTERY,2,g3,LBall_a0.10,45,44,39,0.8863636363636364,6.5028080602000135e-34,34.0
BATTERY,2,g3,LBall_a0.20,0,44,44,1.0,1.7592186044416043e-31,
BATTERY,2,g3,LBall_a0.20,15,44,44,1.0,1.7592186044416043e-31,3.0
BATTERY,2,g3,LBall_a0.20,30,44,44,1.0,1.7592186044416043e-31,12.0
BATTERY,2,g3,LBall_a0.20,45,44,44,1.0,1.7592186044416043e-31,25.5
BATTERY,2,g3,LBnear_a0.05,0,44,9,0.20454545454545456,0.000280360675864214,9.0
BATTERY,2,g3,LBnear_a0.05,15,44,12,0.2727272727272727,1.1434716071720258e-06,21.0
BATTERY,2,g3,LBnear_a0.05,30,44,18,0.4090909090909091,1.114689247727324e-12,36.0
BATTERY,2,g3,LBnear_a0.05,45,44,22,0.5,1.708662423970662e-17,45.5
BATTERY,2,g3,LBnear_a0.10,0,44,14,0.3181818181818182,6.221845084176256e-05,6.0
BATTERY,2,g3,LBnear_a0.10,15,44,26,0.5909090909090909,1.6679576718716224e-15,14.5
BATTERY,2,g3,LBnear_a0.10,30,44,30,0.6818181818181818,2.7679887135654474e-20,28.0
BATTERY,2,g3,LBnear_a0.10,45,44,26,0.5909090909090909,1.6679576718716224e-15,42.5
BATTERY,2,g3,LBnear_a0.20,0,44,27,0.6136363636363636,2.4387768963360353e-09,2.0
BATTERY,2,g3,LBnear_a0.20,15,44,37,0.8409090909090909,1.157400036215291e-19,12.0
BATTERY,2,g3,LBnear_a0.20,30,44,35,0.7954545454545454,3.48527421912865e-17,24.5
BATTERY,2,g3,LBnear_a0.20,45,44,34,0.7727272727272727,4.925638298405191e-16,39.0
BATTERY,2,g3,STW_cost_1se,0,44,6,0.13636363636363635,,29.0
BATTERY,2,g3,STW_cost_1se,15,44,3,0.06818181818181818,,42.5
BATTERY,2,g3,STW_cost_1se,30,44,1,0.022727272727272728,,60.0
BATTERY,2,g3,STW_cost_1se,45,44,0,0.0,,96.0
BATTERY,2,g3,STW_cost_plain,0,44,40,0.9090909090909091,,1.0
BATTERY,2,g3,STW_cost_plain,15,44,27,0.6136363636363636,,13.5
BATTERY,2,g3,STW_cost_plain,30,44,20,0.45454545454545453,,33.0
BATTERY,2,g3,STW_cost_plain,45,44,18,0.4090909090909091,,50.0
BATTERY,2,g3,STW_window,0,44,9,0.20454545454545456,,10.0
BATTERY,2,g3,STW_window,15,44,9,0.20454545454545456,,22.0
BATTERY,2,g3,STW_window,30,44,0,0.0,,84.0
BATTERY,2,g3,STW_window,45,44,0,0.0,,84.0
BATTERY,2,g3,age,0,44,0,0.0,,
BATTERY,2,g3,age,15,44,0,0.0,,
BATTERY,2,g3,age,30,44,0,0.0,,
BATTERY,2,g3,age,45,44,0,0.0,,
BATTERY,2,g3,perfect,0,44,0,0.0,,1.0
BATTERY,2,g3,perfect,15,44,0,0.0,,1.0
BATTERY,2,g3,perfect,30,44,0,0.0,,1.0
BATTERY,2,g3,perfect,45,44,0,0.0,,1.0
BATTERY,2,g3,trend_cost_1se,0,44,0,0.0,,28.0
BATTERY,2,g3,trend_cost_1se,15,44,0,0.0,,46.5
BATTERY,2,g3,trend_cost_1se,30,44,0,0.0,,68.0
BATTERY,2,g3,trend_cost_1se,45,44,0,0.0,,93.0
BATTERY,2,g3,trend_window,0,44,0,0.0,,13.5
BATTERY,2,g3,trend_window,15,44,0,0.0,,46.0
BATTERY,2,g3,trend_window,30,44,0,0.0,,70.5
BATTERY,2,g3,trend_window,45,44,0,0.0,,84.0
NCMAPSS,0,g0,CNA_DA,0,10,0,0.0,1.0,30.5
NCMAPSS,0,g0,CNA_DA,5,10,0,0.0,1.0,33.5
NCMAPSS,0,g0,CNA_DA,10,10,0,0.0,1.0,50.5
NCMAPSS,0,g0,CNA_DA,15,10,0,0.0,1.0,54.5
NCMAPSS,0,g0,CNA_a0.05,0,10,0,0.0,1.0,30.5
NCMAPSS,0,g0,CNA_a0.05,5,10,0,0.0,1.0,33.5
NCMAPSS,0,g0,CNA_a0.05,10,10,0,0.0,1.0,50.5
NCMAPSS,0,g0,CNA_a0.05,15,10,0,0.0,1.0,54.5
NCMAPSS,0,g0,CNA_a0.10,0,10,0,0.0,1.0,15.5
NCMAPSS,0,g0,CNA_a0.10,5,10,0,0.0,1.0,25.5
NCMAPSS,0,g0,CNA_a0.10,10,10,0,0.0,1.0,38.0
NCMAPSS,0,g0,CNA_a0.10,15,10,0,0.0,1.0,47.0
NCMAPSS,0,g0,CNA_a0.20,0,10,0,0.0,1.0,13.5
NCMAPSS,0,g0,CNA_a0.20,5,10,0,0.0,1.0,21.0
NCMAPSS,0,g0,CNA_a0.20,10,10,0,0.0,1.0,27.0
NCMAPSS,0,g0,CNA_a0.20,15,10,0,0.0,1.0,36.0
NCMAPSS,0,g0,KAM_P1_heur,0,10,0,0.0,,14.0
NCMAPSS,0,g0,KAM_P1_heur,5,10,0,0.0,,20.5
NCMAPSS,0,g0,KAM_P1_heur,10,10,0,0.0,,35.5
NCMAPSS,0,g0,KAM_P1_heur,15,10,0,0.0,,35.5
NCMAPSS,0,g0,KAM_P1_opt,0,10,0,0.0,,35.5
NCMAPSS,0,g0,KAM_P1_opt,5,10,0,0.0,,35.5
NCMAPSS,0,g0,KAM_P1_opt,10,10,0,0.0,,43.5
NCMAPSS,0,g0,KAM_P1_opt,15,10,0,0.0,,59.5
NCMAPSS,0,g0,LBall_a0.05,0,10,0,0.0,1.0,22.5
NCMAPSS,0,g0,LBall_a0.05,5,10,0,0.0,1.0,32.5
NCMAPSS,0,g0,LBall_a0.05,10,10,0,0.0,1.0,38.5
NCMAPSS,0,g0,LBall_a0.05,15,10,0,0.0,1.0,47.0
NCMAPSS,0,g0,LBall_a0.10,0,10,0,0.0,1.0,16.5
NCMAPSS,0,g0,LBall_a0.10,5,10,0,0.0,1.0,22.5
NCMAPSS,0,g0,LBall_a0.10,10,10,0,0.0,1.0,32.5
NCMAPSS,0,g0,LBall_a0.10,15,10,0,0.0,1.0,38.5
NCMAPSS,0,g0,LBall_a0.20,0,10,0,0.0,1.0,10.5
NCMAPSS,0,g0,LBall_a0.20,5,10,0,0.0,1.0,16.5
NCMAPSS,0,g0,LBall_a0.20,10,10,0,0.0,1.0,22.5
NCMAPSS,0,g0,LBall_a0.20,15,10,0,0.0,1.0,33.0
NCMAPSS,0,g0,LBnear_a0.05,0,10,0,0.0,1.0,23.5
NCMAPSS,0,g0,LBnear_a0.05,5,10,0,0.0,1.0,34.0
NCMAPSS,0,g0,LBnear_a0.05,10,10,0,0.0,1.0,41.0
NCMAPSS,0,g0,LBnear_a0.05,15,10,0,0.0,1.0,48.0
NCMAPSS,0,g0,LBnear_a0.10,0,10,0,0.0,1.0,18.5
NCMAPSS,0,g0,LBnear_a0.10,5,10,0,0.0,1.0,25.5
NCMAPSS,0,g0,LBnear_a0.10,10,10,0,0.0,1.0,34.5
NCMAPSS,0,g0,LBnear_a0.10,15,10,0,0.0,1.0,45.0
NCMAPSS,0,g0,LBnear_a0.20,0,10,0,0.0,1.0,12.5
NCMAPSS,0,g0,LBnear_a0.20,5,10,0,0.0,1.0,18.0
NCMAPSS,0,g0,LBnear_a0.20,10,10,0,0.0,1.0,25.5
NCMAPSS,0,g0,LBnear_a0.20,15,10,0,0.0,1.0,34.0
NCMAPSS,0,g0,STW_cost_1se,0,10,0,0.0,,25.0
NCMAPSS,0,g0,STW_cost_1se,5,10,0,0.0,,31.5
NCMAPSS,0,g0,STW_cost_1se,10,10,0,0.0,,39.0
NCMAPSS,0,g0,STW_cost_1se,15,10,0,0.0,,53.0
NCMAPSS,0,g0,STW_cost_plain,0,10,0,0.0,,27.5
NCMAPSS,0,g0,STW_cost_plain,5,10,0,0.0,,32.0
NCMAPSS,0,g0,STW_cost_plain,10,10,0,0.0,,37.5
NCMAPSS,0,g0,STW_cost_plain,15,10,0,0.0,,54.0
NCMAPSS,0,g0,STW_window,0,10,0,0.0,,31.5
NCMAPSS,0,g0,STW_window,5,10,0,0.0,,46.5
NCMAPSS,0,g0,STW_window,10,10,0,0.0,,55.0
NCMAPSS,0,g0,STW_window,15,10,0,0.0,,55.0
NCMAPSS,0,g0,age,0,10,0,0.0,,
NCMAPSS,0,g0,age,5,10,0,0.0,,
NCMAPSS,0,g0,age,10,10,0,0.0,,
NCMAPSS,0,g0,age,15,10,0,0.0,,
NCMAPSS,0,g0,perfect,0,10,0,0.0,,1.0
NCMAPSS,0,g0,perfect,5,10,0,0.0,,1.0
NCMAPSS,0,g0,perfect,10,10,0,0.0,,1.0
NCMAPSS,0,g0,perfect,15,10,0,0.0,,1.0
NCMAPSS,0,g1,CNA_DA,0,9,0,0.0,1.0,25.0
NCMAPSS,0,g1,CNA_DA,5,9,0,0.0,1.0,28.0
NCMAPSS,0,g1,CNA_DA,10,9,0,0.0,1.0,31.0
NCMAPSS,0,g1,CNA_DA,15,9,0,0.0,1.0,46.0
NCMAPSS,0,g1,CNA_a0.05,0,9,0,0.0,1.0,25.0
NCMAPSS,0,g1,CNA_a0.05,5,9,0,0.0,1.0,37.0
NCMAPSS,0,g1,CNA_a0.05,10,9,0,0.0,1.0,44.0
NCMAPSS,0,g1,CNA_a0.05,15,9,0,0.0,1.0,46.0
NCMAPSS,0,g1,CNA_a0.10,0,9,0,0.0,1.0,17.0
NCMAPSS,0,g1,CNA_a0.10,5,9,0,0.0,1.0,26.0
NCMAPSS,0,g1,CNA_a0.10,10,9,0,0.0,1.0,28.0
NCMAPSS,0,g1,CNA_a0.10,15,9,0,0.0,1.0,35.0
NCMAPSS,0,g1,CNA_a0.20,0,9,0,0.0,1.0,9.0
NCMAPSS,0,g1,CNA_a0.20,5,9,0,0.0,1.0,14.0
NCMAPSS,0,g1,CNA_a0.20,10,9,0,0.0,1.0,25.0
NCMAPSS,0,g1,CNA_a0.20,15,9,0,0.0,1.0,28.0
NCMAPSS,0,g1,KAM_P1_heur,0,9,1,0.1111111111111111,,9.0
NCMAPSS,0,g1,KAM_P1_heur,5,9,0,0.0,,20.0
NCMAPSS,0,g1,KAM_P1_heur,10,9,0,0.0,,27.0
NCMAPSS,0,g1,KAM_P1_heur,15,9,0,0.0,,32.0
NCMAPSS,0,g1,KAM_P1_opt,0,9,0,0.0,,27.0
NCMAPSS,0,g1,KAM_P1_opt,5,9,0,0.0,,32.0
NCMAPSS,0,g1,KAM_P1_opt,10,9,0,0.0,,32.0
NCMAPSS,0,g1,KAM_P1_opt,15,9,0,0.0,,50.0
NCMAPSS,0,g1,LBall_a0.05,0,9,0,0.0,1.0,13.0
NCMAPSS,0,g1,LBall_a0.05,5,9,0,0.0,1.0,20.0
NCMAPSS,0,g1,LBall_a0.05,10,9,0,0.0,1.0,27.0
NCMAPSS,0,g1,LBall_a0.05,15,9,0,0.0,1.0,31.0
NCMAPSS,0,g1,LBall_a0.10,0,9,0,0.0,1.0,12.0
NCMAPSS,0,g1,LBall_a0.10,5,9,0,0.0,1.0,15.0
NCMAPSS,0,g1,LBall_a0.10,10,9,0,0.0,1.0,25.0
NCMAPSS,0,g1,LBall_a0.10,15,9,0,0.0,1.0,28.0
NCMAPSS,0,g1,LBall_a0.20,0,9,0,0.0,1.0,9.0
NCMAPSS,0,g1,LBall_a0.20,5,9,0,0.0,1.0,12.0
NCMAPSS,0,g1,LBall_a0.20,10,9,0,0.0,1.0,18.0
NCMAPSS,0,g1,LBall_a0.20,15,9,1,0.1111111111111111,0.865782272,25.0
NCMAPSS,0,g1,LBnear_a0.05,0,9,0,0.0,1.0,15.0
NCMAPSS,0,g1,LBnear_a0.05,5,9,0,0.0,1.0,25.0
NCMAPSS,0,g1,LBnear_a0.05,10,9,0,0.0,1.0,28.0
NCMAPSS,0,g1,LBnear_a0.05,15,9,0,0.0,1.0,33.0
NCMAPSS,0,g1,LBnear_a0.10,0,9,0,0.0,1.0,12.0
NCMAPSS,0,g1,LBnear_a0.10,5,9,0,0.0,1.0,17.0
NCMAPSS,0,g1,LBnear_a0.10,10,9,0,0.0,1.0,25.0
NCMAPSS,0,g1,LBnear_a0.10,15,9,0,0.0,1.0,29.0
NCMAPSS,0,g1,LBnear_a0.20,0,9,0,0.0,1.0,11.0
NCMAPSS,0,g1,LBnear_a0.20,5,9,0,0.0,1.0,13.0
NCMAPSS,0,g1,LBnear_a0.20,10,9,0,0.0,1.0,19.0
NCMAPSS,0,g1,LBnear_a0.20,15,9,0,0.0,1.0,26.0
NCMAPSS,0,g1,STW_cost_1se,0,9,0,0.0,,22.0
NCMAPSS,0,g1,STW_cost_1se,5,9,0,0.0,,30.0
NCMAPSS,0,g1,STW_cost_1se,10,9,0,0.0,,46.0
NCMAPSS,0,g1,STW_cost_1se,15,9,0,0.0,,38.0
NCMAPSS,0,g1,STW_cost_plain,0,9,0,0.0,,17.0
NCMAPSS,0,g1,STW_cost_plain,5,9,0,0.0,,29.0
NCMAPSS,0,g1,STW_cost_plain,10,9,0,0.0,,24.0
NCMAPSS,0,g1,STW_cost_plain,15,9,0,0.0,,36.0
NCMAPSS,0,g1,STW_window,0,9,0,0.0,,24.0
NCMAPSS,0,g1,STW_window,5,9,0,0.0,,29.0
NCMAPSS,0,g1,STW_window,10,9,0,0.0,,36.0
NCMAPSS,0,g1,STW_window,15,9,0,0.0,,36.0
NCMAPSS,0,g1,age,0,9,0,0.0,,
NCMAPSS,0,g1,age,5,9,0,0.0,,
NCMAPSS,0,g1,age,10,9,0,0.0,,
NCMAPSS,0,g1,age,15,9,0,0.0,,
NCMAPSS,0,g1,perfect,0,9,0,0.0,,1.0
NCMAPSS,0,g1,perfect,5,9,0,0.0,,1.0
NCMAPSS,0,g1,perfect,10,9,0,0.0,,1.0
NCMAPSS,0,g1,perfect,15,9,0,0.0,,1.0
NCMAPSS,0,g2,CNA_DA,0,15,0,0.0,1.0,17.0
NCMAPSS,0,g2,CNA_DA,5,15,0,0.0,1.0,21.0
NCMAPSS,0,g2,CNA_DA,10,15,0,0.0,1.0,38.0
NCMAPSS,0,g2,CNA_DA,15,15,0,0.0,1.0,41.0
NCMAPSS,0,g2,CNA_a0.05,0,15,0,0.0,1.0,17.0
NCMAPSS,0,g2,CNA_a0.05,5,15,0,0.0,1.0,21.0
NCMAPSS,0,g2,CNA_a0.05,10,15,0,0.0,1.0,38.0
NCMAPSS,0,g2,CNA_a0.05,15,15,0,0.0,1.0,41.0
NCMAPSS,0,g2,CNA_a0.10,0,15,0,0.0,1.0,13.0
NCMAPSS,0,g2,CNA_a0.10,5,15,0,0.0,1.0,17.0
NCMAPSS,0,g2,CNA_a0.10,10,15,0,0.0,1.0,26.0
NCMAPSS,0,g2,CNA_a0.10,15,15,0,0.0,1.0,38.0
NCMAPSS,0,g2,CNA_a0.20,0,15,0,0.0,1.0,9.0
NCMAPSS,0,g2,CNA_a0.20,5,15,0,0.0,1.0,16.0
NCMAPSS,0,g2,CNA_a0.20,10,15,2,0.13333333333333333,0.8328742325780478,19.0
NCMAPSS,0,g2,CNA_a0.20,15,15,3,0.2,0.6019767907450877,25.0
NCMAPSS,0,g2,KAM_P1_heur,0,15,0,0.0,,10.0
NCMAPSS,0,g2,KAM_P1_heur,5,15,0,0.0,,17.0
NCMAPSS,0,g2,KAM_P1_heur,10,15,1,0.06666666666666667,,21.0
NCMAPSS,0,g2,KAM_P1_heur,15,15,2,0.13333333333333333,,29.0
NCMAPSS,0,g2,KAM_P1_opt,0,15,0,0.0,,17.0
NCMAPSS,0,g2,KAM_P1_opt,5,15,0,0.0,,29.0
NCMAPSS,0,g2,KAM_P1_opt,10,15,0,0.0,,37.0
NCMAPSS,0,g2,KAM_P1_opt,15,15,0,0.0,,48.0
NCMAPSS,0,g2,LBall_a0.05,0,15,0,0.0,1.0,16.0
NCMAPSS,0,g2,LBall_a0.05,5,15,0,0.0,1.0,19.0
NCMAPSS,0,g2,LBall_a0.05,10,15,0,0.0,1.0,24.0
NCMAPSS,0,g2,LBall_a0.05,15,15,2,0.13333333333333333,0.1709525355035991,31.0
NCMAPSS,0,g2,LBall_a0.10,0,15,0,0.0,1.0,12.0
NCMAPSS,0,g2,LBall_a0.10,5,15,0,0.0,1.0,17.0
NCMAPSS,0,g2,LBall_a0.10,10,15,2,0.13333333333333333,0.4509569810809362,19.0
NCMAPSS,0,g2,LBall_a0.10,15,15,3,0.2,0.18406106910639106,26.0
NCMAPSS,0,g2,LBall_a0.20,0,15,0,0.0,1.0,9.0
NCMAPSS,0,g2,LBall_a0.20,5,15,0,0.0,1.0,14.0
NCMAPSS,0,g2,LBall_a0.20,10,15,2,0.13333333333333333,0.8328742325780478,18.0
NCMAPSS,0,g2,LBall_a0.20,15,15,4,0.26666666666666666,0.3518378954260484,20.0
NCMAPSS,0,g2,LBnear_a0.05,0,15,0,0.0,1.0,16.0
NCMAPSS,0,g2,LBnear_a0.05,5,15,0,0.0,1.0,19.0
NCMAPSS,0,g2,LBnear_a0.05,10,15,0,0.0,1.0,25.0
NCMAPSS,0,g2,LBnear_a0.05,15,15,2,0.13333333333333333,0.1709525355035991,32.0
NCMAPSS,0,g2,LBnear_a0.10,0,15,0,0.0,1.0,13.0
NCMAPSS,0,g2,LBnear_a0.10,5,15,0,0.0,1.0,17.0
NCMAPSS,0,g2,LBnear_a0.10,10,15,1,0.06666666666666667,0.794108867905351,20.0
NCMAPSS,0,g2,LBnear_a0.10,15,15,3,0.2,0.18406106910639106,26.0
NCMAPSS,0,g2,LBnear_a0.20,0,15,0,0.0,1.0,10.0
NCMAPSS,0,g2,LBnear_a0.20,5,15,0,0.0,1.0,16.0
NCMAPSS,0,g2,LBnear_a0.20,10,15,2,0.13333333333333333,0.8328742325780478,18.0
NCMAPSS,0,g2,LBnear_a0.20,15,15,3,0.2,0.6019767907450877,23.0
NCMAPSS,0,g2,STW_cost_1se,0,15,0,0.0,,17.0
NCMAPSS,0,g2,STW_cost_1se,5,15,0,0.0,,19.0
NCMAPSS,0,g2,STW_cost_1se,10,15,0,0.0,,28.0
NCMAPSS,0,g2,STW_cost_1se,15,15,0,0.0,,39.0
NCMAPSS,0,g2,STW_cost_plain,0,15,0,0.0,,14.0
NCMAPSS,0,g2,STW_cost_plain,5,15,0,0.0,,18.0
NCMAPSS,0,g2,STW_cost_plain,10,15,0,0.0,,28.0
NCMAPSS,0,g2,STW_cost_plain,15,15,0,0.0,,39.0
NCMAPSS,0,g2,STW_window,0,15,0,0.0,,20.0
NCMAPSS,0,g2,STW_window,5,15,0,0.0,,20.0
NCMAPSS,0,g2,STW_window,10,15,0,0.0,,40.0
NCMAPSS,0,g2,STW_window,15,15,0,0.0,,40.0
NCMAPSS,0,g2,age,0,15,0,0.0,,
NCMAPSS,0,g2,age,5,15,0,0.0,,
NCMAPSS,0,g2,age,10,15,0,0.0,,
NCMAPSS,0,g2,age,15,15,0,0.0,,
NCMAPSS,0,g2,perfect,0,15,0,0.0,,1.0
NCMAPSS,0,g2,perfect,5,15,0,0.0,,1.0
NCMAPSS,0,g2,perfect,10,15,0,0.0,,1.0
NCMAPSS,0,g2,perfect,15,15,0,0.0,,1.0
NCMAPSS,0,g3,CNA_DA,0,10,9,0.9,9.100000000000004e-09,5.0
NCMAPSS,0,g3,CNA_DA,5,10,2,0.2,0.2639010709,39.0
NCMAPSS,0,g3,CNA_DA,10,10,0,0.0,1.0,40.5
NCMAPSS,0,g3,CNA_DA,15,10,0,0.0,1.0,60.0
NCMAPSS,0,g3,CNA_a0.05,0,10,2,0.2,0.08613835589931637,39.0
NCMAPSS,0,g3,CNA_a0.05,5,10,2,0.2,0.08613835589931637,39.0
NCMAPSS,0,g3,CNA_a0.05,10,10,0,0.0,1.0,40.5
NCMAPSS,0,g3,CNA_a0.05,15,10,0,0.0,1.0,60.0
NCMAPSS,0,g3,CNA_a0.10,0,10,9,0.9,9.100000000000004e-09,5.0
NCMAPSS,0,g3,CNA_a0.10,5,10,7,0.7,9.121600000000001e-06,13.0
NCMAPSS,0,g3,CNA_a0.10,10,10,2,0.2,0.2639010709,39.0
NCMAPSS,0,g3,CNA_a0.10,15,10,1,0.1,0.6513215599000001,39.0
NCMAPSS,0,g3,CNA_a0.20,0,10,10,1.0,1.0240000000000006e-07,
NCMAPSS,0,g3,CNA_a0.20,5,10,9,0.9,4.198400000000002e-06,4.0
NCMAPSS,0,g3,CNA_a0.20,10,10,7,0.7,0.0008643584000000003,13.0
NCMAPSS,0,g3,CNA_a0.20,15,10,5,0.5,0.03279349760000002,33.5
NCMAPSS,0,g3,KAM_P1_heur,0,10,10,1.0,,
NCMAPSS,0,g3,KAM_P1_heur,5,10,9,0.9,,3.0
NCMAPSS,0,g3,KAM_P1_heur,10,10,7,0.7,,14.0
NCMAPSS,0,g3,KAM_P1_heur,15,10,0,0.0,,42.0
NCMAPSS,0,g3,KAM_P1_opt,0,10,10,1.0,,
NCMAPSS,0,g3,KAM_P1_opt,5,10,0,0.0,,42.0
NCMAPSS,0,g3,KAM_P1_opt,10,10,0,0.0,,42.0
NCMAPSS,0,g3,KAM_P1_opt,15,10,0,0.0,,58.5
NCMAPSS,0,g3,LBall_a0.05,0,10,5,0.5,6.36898314453125e-05,9.0
NCMAPSS,0,g3,LBall_a0.05,5,10,6,0.6,2.7545826171875003e-06,15.0
NCMAPSS,0,g3,LBall_a0.05,10,10,5,0.5,6.36898314453125e-05,34.5
NCMAPSS,0,g3,LBall_a0.05,15,10,1,0.1,0.4012630607616211,38.5
NCMAPSS,0,g3,LBall_a0.10,0,10,8,0.8,3.736000000000001e-07,4.0
NCMAPSS,0,g3,LBall_a0.10,5,10,7,0.7,9.121600000000001e-06,8.0
NCMAPSS,0,g3,LBall_a0.10,10,10,7,0.7,9.121600000000001e-06,15.0
NCMAPSS,0,g3,LBall_a0.10,15,10,5,0.5,0.0016349374000000003,34.5
NCMAPSS,0,g3,LBall_a0.20,0,10,10,1.0,1.0240000000000006e-07,
NCMAPSS,0,g3,LBall_a0.20,5,10,9,0.9,4.198400000000002e-06,6.0
NCMAPSS,0,g3,LBall_a0.20,10,10,9,0.9,4.198400000000002e-06,8.0
NCMAPSS,0,g3,LBall_a0.20,15,10,9,0.9,4.198400000000002e-06,14.0
NCMAPSS,0,g3,LBnear_a0.05,0,10,5,0.5,6.36898314453125e-05,9.0
NCMAPSS,0,g3,LBnear_a0.05,5,10,6,0.6,2.7545826171875003e-06,16.0
NCMAPSS,0,g3,LBnear_a0.05,10,10,4,0.4,0.001028497937890625,45.0
NCMAPSS,0,g3,LBnear_a0.05,15,10,1,0.1,0.4012630607616211,38.5
NCMAPSS,0,g3,LBnear_a0.10,0,10,8,0.8,3.736000000000001e-07,5.5
NCMAPSS,0,g3,LBnear_a0.10,5,10,7,0.7,9.121600000000001e-06,13.0
NCMAPSS,0,g3,LBnear_a0.10,10,10,7,0.7,9.121600000000001e-06,16.0
NCMAPSS,0,g3,LBnear_a0.10,15,10,3,0.3,0.0701908264,39.0
NCMAPSS,0,g3,LBnear_a0.20,0,10,9,0.9,4.198400000000002e-06,4.0
NCMAPSS,0,g3,LBnear_a0.20,5,10,9,0.9,4.198400000000002e-06,4.5
NCMAPSS,0,g3,LBnear_a0.20,10,10,7,0.7,0.0008643584000000003,12.0
NCMAPSS,0,g3,LBnear_a0.20,15,10,7,0.7,0.0008643584000000003,16.0
NCMAPSS,0,g3,STW_cost_1se,0,10,4,0.4,,32.5
NCMAPSS,0,g3,STW_cost_1se,5,10,2,0.2,,40.0
NCMAPSS,0,g3,STW_cost_1se,10,10,0,0.0,,52.5
NCMAPSS,0,g3,STW_cost_1se,15,10,0,0.0,,58.0
NCMAPSS,0,g3,STW_cost_plain,0,10,5,0.5,,22.0
NCMAPSS,0,g3,STW_cost_plain,5,10,1,0.1,,40.0
NCMAPSS,0,g3,STW_cost_plain,10,10,0,0.0,,41.0
NCMAPSS,0,g3,STW_cost_plain,15,10,0,0.0,,57.0
NCMAPSS,0,g3,STW_window,0,10,9,0.9,,3.0
NCMAPSS,0,g3,STW_window,5,10,0,0.0,,46.5
NCMAPSS,0,g3,STW_window,10,10,0,0.0,,46.5
NCMAPSS,0,g3,STW_window,15,10,0,0.0,,57.0
NCMAPSS,0,g3,age,0,10,0,0.0,,
NCMAPSS,0,g3,age,5,10,0,0.0,,
NCMAPSS,0,g3,age,10,10,0,0.0,,
NCMAPSS,0,g3,age,15,10,0,0.0,,
NCMAPSS,0,g3,perfect,0,10,0,0.0,,1.0
NCMAPSS,0,g3,perfect,5,10,0,0.0,,1.0
NCMAPSS,0,g3,perfect,10,10,0,0.0,,1.0
NCMAPSS,0,g3,perfect,15,10,0,0.0,,1.0
NCMAPSS,0,g4,CNA_DA,0,10,0,0.0,1.0,15.5
NCMAPSS,0,g4,CNA_DA,5,10,0,0.0,1.0,22.0
NCMAPSS,0,g4,CNA_DA,10,10,0,0.0,1.0,28.5
NCMAPSS,0,g4,CNA_DA,15,10,0,0.0,1.0,36.5
NCMAPSS,0,g4,CNA_a0.05,0,10,0,0.0,1.0,15.5
NCMAPSS,0,g4,CNA_a0.05,5,10,0,0.0,1.0,22.0
NCMAPSS,0,g4,CNA_a0.05,10,10,0,0.0,1.0,28.5
NCMAPSS,0,g4,CNA_a0.05,15,10,0,0.0,1.0,36.5
NCMAPSS,0,g4,CNA_a0.10,0,10,0,0.0,1.0,8.5
NCMAPSS,0,g4,CNA_a0.10,5,10,0,0.0,1.0,15.0
NCMAPSS,0,g4,CNA_a0.10,10,10,0,0.0,1.0,25.5
NCMAPSS,0,g4,CNA_a0.10,15,10,0,0.0,1.0,27.5
NCMAPSS,0,g4,CNA_a0.20,0,10,1,0.1,0.8926258176,6.0
NCMAPSS,0,g4,CNA_a0.20,5,10,1,0.1,0.8926258176,10.0
NCMAPSS,0,g4,CNA_a0.20,10,10,1,0.1,0.8926258176,16.5
NCMAPSS,0,g4,CNA_a0.20,15,10,1,0.1,0.8926258176,24.0
NCMAPSS,0,g4,KAM_P1_heur,0,10,1,0.1,,5.0
NCMAPSS,0,g4,KAM_P1_heur,5,10,1,0.1,,11.0
NCMAPSS,0,g4,KAM_P1_heur,10,10,0,0.0,,17.0
NCMAPSS,0,g4,KAM_P1_heur,15,10,0,0.0,,28.5
NCMAPSS,0,g4,KAM_P1_opt,0,10,0,0.0,,17.0
NCMAPSS,0,g4,KAM_P1_opt,5,10,0,0.0,,22.5
NCMAPSS,0,g4,KAM_P1_opt,10,10,0,0.0,,33.0
NCMAPSS,0,g4,KAM_P1_opt,15,10,0,0.0,,38.0
NCMAPSS,0,g4,LBall_a0.05,0,10,0,0.0,1.0,12.5
NCMAPSS,0,g4,LBall_a0.05,5,10,0,0.0,1.0,17.0
NCMAPSS,0,g4,LBall_a0.05,10,10,0,0.0,1.0,24.0
NCMAPSS,0,g4,LBall_a0.05,15,10,0,0.0,1.0,28.5
NCMAPSS,0,g4,LBall_a0.10,0,10,1,0.1,0.6513215599000001,7.0
NCMAPSS,0,g4,LBall_a0.10,5,10,0,0.0,1.0,13.5
NCMAPSS,0,g4,LBall_a0.10,10,10,0,0.0,1.0,18.5
NCMAPSS,0,g4,LBall_a0.10,15,10,1,0.1,0.6513215599000001,24.5
NCMAPSS,0,g4,LBall_a0.20,0,10,1,0.1,0.8926258176,5.0
NCMAPSS,0,g4,LBall_a0.20,5,10,2,0.2,0.6241903615999997,9.0
NCMAPSS,0,g4,LBall_a0.20,10,10,1,0.1,0.8926258176,15.0
NCMAPSS,0,g4,LBall_a0.20,15,10,1,0.1,0.8926258176,19.0
NCMAPSS,0,g4,LBnear_a0.05,0,10,0,0.0,1.0,13.5
NCMAPSS,0,g4,LBnear_a0.05,5,10,0,0.0,1.0,18.5
NCMAPSS,0,g4,LBnear_a0.05,10,10,0,0.0,1.0,25.5
NCMAPSS,0,g4,LBnear_a0.05,15,10,0,0.0,1.0,29.5
NCMAPSS,0,g4,LBnear_a0.10,0,10,0,0.0,1.0,9.0
NCMAPSS,0,g4,LBnear_a0.10,5,10,0,0.0,1.0,15.0
NCMAPSS,0,g4,LBnear_a0.10,10,10,0,0.0,1.0,19.0
NCMAPSS,0,g4,LBnear_a0.10,15,10,0,0.0,1.0,26.5
NCMAPSS,0,g4,LBnear_a0.20,0,10,1,0.1,0.8926258176,6.0
NCMAPSS,0,g4,LBnear_a0.20,5,10,1,0.1,0.8926258176,10.0
NCMAPSS,0,g4,LBnear_a0.20,10,10,1,0.1,0.8926258176,15.5
NCMAPSS,0,g4,LBnear_a0.20,15,10,1,0.1,0.8926258176,22.0
NCMAPSS,0,g4,STW_cost_1se,0,10,0,0.0,,17.0
NCMAPSS,0,g4,STW_cost_1se,5,10,0,0.0,,22.0
NCMAPSS,0,g4,STW_cost_1se,10,10,0,0.0,,29.0
NCMAPSS,0,g4,STW_cost_1se,15,10,0,0.0,,38.5
NCMAPSS,0,g4,STW_cost_plain,0,10,0,0.0,,15.0
NCMAPSS,0,g4,STW_cost_plain,5,10,0,0.0,,20.5
NCMAPSS,0,g4,STW_cost_plain,10,10,0,0.0,,26.5
NCMAPSS,0,g4,STW_cost_plain,15,10,0,0.0,,36.5
NCMAPSS,0,g4,STW_window,0,10,0,0.0,,20.5
NCMAPSS,0,g4,STW_window,5,10,0,0.0,,20.5
NCMAPSS,0,g4,STW_window,10,10,0,0.0,,32.5
NCMAPSS,0,g4,STW_window,15,10,0,0.0,,42.0
NCMAPSS,0,g4,age,0,10,0,0.0,,
NCMAPSS,0,g4,age,5,10,0,0.0,,
NCMAPSS,0,g4,age,10,10,0,0.0,,
NCMAPSS,0,g4,age,15,10,0,0.0,,
NCMAPSS,0,g4,perfect,0,10,0,0.0,,1.0
NCMAPSS,0,g4,perfect,5,10,0,0.0,,1.0
NCMAPSS,0,g4,perfect,10,10,0,0.0,,1.0
NCMAPSS,0,g4,perfect,15,10,0,0.0,,1.0
NCMAPSS,0,g5,CNA_DA,0,10,0,0.0,1.0,19.5
NCMAPSS,0,g5,CNA_DA,5,10,0,0.0,1.0,25.0
NCMAPSS,0,g5,CNA_DA,10,10,0,0.0,1.0,27.0
NCMAPSS,0,g5,CNA_DA,15,10,0,0.0,1.0,33.0
NCMAPSS,0,g5,CNA_a0.05,0,10,0,0.0,1.0,19.5
NCMAPSS,0,g5,CNA_a0.05,5,10,0,0.0,1.0,25.0
NCMAPSS,0,g5,CNA_a0.05,10,10,0,0.0,1.0,27.0
NCMAPSS,0,g5,CNA_a0.05,15,10,0,0.0,1.0,33.0
NCMAPSS,0,g5,CNA_a0.10,0,10,0,0.0,1.0,17.0
NCMAPSS,0,g5,CNA_a0.10,5,10,0,0.0,1.0,22.5
NCMAPSS,0,g5,CNA_a0.10,10,10,0,0.0,1.0,26.5
NCMAPSS,0,g5,CNA_a0.10,15,10,0,0.0,1.0,32.0
NCMAPSS,0,g5,CNA_a0.20,0,10,0,0.0,1.0,7.0
NCMAPSS,0,g5,CNA_a0.20,5,10,0,0.0,1.0,13.5
NCMAPSS,0,g5,CNA_a0.20,10,10,1,0.1,0.8926258176,22.5
NCMAPSS,0,g5,CNA_a0.20,15,10,1,0.1,0.8926258176,26.5
NCMAPSS,0,g5,KAM_P1_heur,0,10,0,0.0,,4.5
NCMAPSS,0,g5,KAM_P1_heur,5,10,0,0.0,,20.0
NCMAPSS,0,g5,KAM_P1_heur,10,10,0,0.0,,24.0
NCMAPSS,0,g5,KAM_P1_heur,15,10,1,0.1,,29.5
NCMAPSS,0,g5,KAM_P1_opt,0,10,0,0.0,,24.0
NCMAPSS,0,g5,KAM_P1_opt,5,10,0,0.0,,24.0
NCMAPSS,0,g5,KAM_P1_opt,10,10,0,0.0,,29.5
NCMAPSS,0,g5,KAM_P1_opt,15,10,0,0.0,,34.5
NCMAPSS,0,g5,LBall_a0.05,0,10,0,0.0,1.0,13.5
NCMAPSS,0,g5,LBall_a0.05,5,10,0,0.0,1.0,19.5
NCMAPSS,0,g5,LBall_a0.05,10,10,0,0.0,1.0,25.0
NCMAPSS,0,g5,LBall_a0.05,15,10,1,0.1,0.4012630607616211,29.5
NCMAPSS,0,g5,LBall_a0.10,0,10,0,0.0,1.0,7.5
NCMAPSS,0,g5,LBall_a0.10,5,10,0,0.0,1.0,14.5
NCMAPSS,0,g5,LBall_a0.10,10,10,1,0.1,0.6513215599000001,21.0
NCMAPSS,0,g5,LBall_a0.10,15,10,1,0.1,0.6513215599000001,25.5
NCMAPSS,0,g5,LBall_a0.20,0,10,0,0.0,1.0,4.0
NCMAPSS,0,g5,LBall_a0.20,5,10,2,0.2,0.6241903615999997,11.0
NCMAPSS,0,g5,LBall_a0.20,10,10,3,0.3,0.32220047360000015,17.0
NCMAPSS,0,g5,LBall_a0.20,15,10,2,0.2,0.6241903615999997,23.0
NCMAPSS,0,g5,LBnear_a0.05,0,10,0,0.0,1.0,15.0
NCMAPSS,0,g5,LBnear_a0.05,5,10,0,0.0,1.0,21.5
NCMAPSS,0,g5,LBnear_a0.05,10,10,0,0.0,1.0,26.5
NCMAPSS,0,g5,LBnear_a0.05,15,10,1,0.1,0.4012630607616211,30.5
NCMAPSS,0,g5,LBnear_a0.10,0,10,0,0.0,1.0,9.5
NCMAPSS,0,g5,LBnear_a0.10,5,10,0,0.0,1.0,17.0
NCMAPSS,0,g5,LBnear_a0.10,10,10,1,0.1,0.6513215599000001,22.5
NCMAPSS,0,g5,LBnear_a0.10,15,10,1,0.1,0.6513215599000001,26.5
NCMAPSS,0,g5,LBnear_a0.20,0,10,0,0.0,1.0,5.0
NCMAPSS,0,g5,LBnear_a0.20,5,10,1,0.1,0.8926258176,11.5
NCMAPSS,0,g5,LBnear_a0.20,10,10,2,0.2,0.6241903615999997,19.0
NCMAPSS,0,g5,LBnear_a0.20,15,10,2,0.2,0.6241903615999997,24.0
NCMAPSS,0,g5,STW_cost_1se,0,10,0,0.0,,20.0
NCMAPSS,0,g5,STW_cost_1se,5,10,0,0.0,,25.5
NCMAPSS,0,g5,STW_cost_1se,10,10,0,0.0,,28.5
NCMAPSS,0,g5,STW_cost_1se,15,10,0,0.0,,35.0
NCMAPSS,0,g5,STW_cost_plain,0,10,0,0.0,,18.0
NCMAPSS,0,g5,STW_cost_plain,5,10,0,0.0,,24.0
NCMAPSS,0,g5,STW_cost_plain,10,10,0,0.0,,27.5
NCMAPSS,0,g5,STW_cost_plain,15,10,0,0.0,,33.0
NCMAPSS,0,g5,STW_window,0,10,0,0.0,,21.0
NCMAPSS,0,g5,STW_window,5,10,0,0.0,,28.0
NCMAPSS,0,g5,STW_window,10,10,0,0.0,,42.5
NCMAPSS,0,g5,STW_window,15,10,0,0.0,,42.5
NCMAPSS,0,g5,age,0,10,0,0.0,,
NCMAPSS,0,g5,age,5,10,0,0.0,,
NCMAPSS,0,g5,age,10,10,0,0.0,,
NCMAPSS,0,g5,age,15,10,0,0.0,,
NCMAPSS,0,g5,perfect,0,10,0,0.0,,1.0
NCMAPSS,0,g5,perfect,5,10,0,0.0,,1.0
NCMAPSS,0,g5,perfect,10,10,0,0.0,,1.0
NCMAPSS,0,g5,perfect,15,10,0,0.0,,1.0
NCMAPSS,0,g6,CNA_DA,0,10,0,0.0,1.0,26.0
NCMAPSS,0,g6,CNA_DA,5,10,0,0.0,1.0,27.5
NCMAPSS,0,g6,CNA_DA,10,10,0,0.0,1.0,31.0
NCMAPSS,0,g6,CNA_DA,15,10,0,0.0,1.0,39.5
NCMAPSS,0,g6,CNA_a0.05,0,10,0,0.0,1.0,26.0
NCMAPSS,0,g6,CNA_a0.05,5,10,0,0.0,1.0,27.5
NCMAPSS,0,g6,CNA_a0.05,10,10,0,0.0,1.0,31.0
NCMAPSS,0,g6,CNA_a0.05,15,10,0,0.0,1.0,39.5
NCMAPSS,0,g6,CNA_a0.10,0,10,0,0.0,1.0,15.5
NCMAPSS,0,g6,CNA_a0.10,5,10,0,0.0,1.0,20.5
NCMAPSS,0,g6,CNA_a0.10,10,10,0,0.0,1.0,28.5
NCMAPSS,0,g6,CNA_a0.10,15,10,1,0.1,0.6513215599000001,31.0
NCMAPSS,0,g6,CNA_a0.20,0,10,1,0.1,0.8926258176,8.0
NCMAPSS,0,g6,CNA_a0.20,5,10,1,0.1,0.8926258176,10.5
NCMAPSS,0,g6,CNA_a0.20,10,10,2,0.2,0.6241903615999997,17.5
NCMAPSS,0,g6,CNA_a0.20,15,10,2,0.2,0.6241903615999997,24.0
NCMAPSS,0,g6,KAM_P1_heur,0,10,1,0.1,,6.0
NCMAPSS,0,g6,KAM_P1_heur,5,10,1,0.1,,11.0
NCMAPSS,0,g6,KAM_P1_heur,10,10,1,0.1,,24.0
NCMAPSS,0,g6,KAM_P1_heur,15,10,1,0.1,,30.5
NCMAPSS,0,g6,KAM_P1_opt,0,10,0,0.0,,30.5
NCMAPSS,0,g6,KAM_P1_opt,5,10,0,0.0,,30.5
NCMAPSS,0,g6,KAM_P1_opt,10,10,0,0.0,,40.0
NCMAPSS,0,g6,KAM_P1_opt,15,10,0,0.0,,43.5
NCMAPSS,0,g6,LBall_a0.05,0,10,0,0.0,1.0,13.0
NCMAPSS,0,g6,LBall_a0.05,5,10,0,0.0,1.0,18.0
NCMAPSS,0,g6,LBall_a0.05,10,10,1,0.1,0.4012630607616211,24.5
NCMAPSS,0,g6,LBall_a0.05,15,10,1,0.1,0.4012630607616211,30.0
NCMAPSS,0,g6,LBall_a0.10,0,10,0,0.0,1.0,10.0
NCMAPSS,0,g6,LBall_a0.10,5,10,0,0.0,1.0,16.0
NCMAPSS,0,g6,LBall_a0.10,10,10,1,0.1,0.6513215599000001,21.0
NCMAPSS,0,g6,LBall_a0.10,15,10,1,0.1,0.6513215599000001,27.5
NCMAPSS,0,g6,LBall_a0.20,0,10,1,0.1,0.8926258176,7.0
NCMAPSS,0,g6,LBall_a0.20,5,10,2,0.2,0.6241903615999997,10.0
NCMAPSS,0,g6,LBall_a0.20,10,10,2,0.2,0.6241903615999997,15.5
NCMAPSS,0,g6,LBall_a0.20,15,10,3,0.3,0.32220047360000015,20.5
NCMAPSS,0,g6,LBnear_a0.05,0,10,0,0.0,1.0,13.0
NCMAPSS,0,g6,LBnear_a0.05,5,10,0,0.0,1.0,20.0
NCMAPSS,0,g6,LBnear_a0.05,10,10,1,0.1,0.4012630607616211,25.0
NCMAPSS,0,g6,LBnear_a0.05,15,10,1,0.1,0.4012630607616211,30.5
NCMAPSS,0,g6,LBnear_a0.10,0,10,0,0.0,1.0,11.0
NCMAPSS,0,g6,LBnear_a0.10,5,10,0,0.0,1.0,17.0
NCMAPSS,0,g6,LBnear_a0.10,10,10,1,0.1,0.6513215599000001,22.5
NCMAPSS,0,g6,LBnear_a0.10,15,10,1,0.1,0.6513215599000001,28.0
NCMAPSS,0,g6,LBnear_a0.20,0,10,0,0.0,1.0,9.0
NCMAPSS,0,g6,LBnear_a0.20,5,10,0,0.0,1.0,12.0
NCMAPSS,0,g6,LBnear_a0.20,10,10,1,0.1,0.8926258176,18.0
NCMAPSS,0,g6,LBnear_a0.20,15,10,2,0.2,0.6241903615999997,24.0
NCMAPSS,0,g6,STW_cost_1se,0,10,0,0.0,,22.0
NCMAPSS,0,g6,STW_cost_1se,5,10,0,0.0,,27.5
NCMAPSS,0,g6,STW_cost_1se,10,10,0,0.0,,30.5
NCMAPSS,0,g6,STW_cost_1se,15,10,0,0.0,,38.0
NCMAPSS,0,g6,STW_cost_plain,0,10,0,0.0,,21.0
NCMAPSS,0,g6,STW_cost_plain,5,10,0,0.0,,25.0
NCMAPSS,0,g6,STW_cost_plain,10,10,0,0.0,,29.0
NCMAPSS,0,g6,STW_cost_plain,15,10,1,0.1,,34.5
NCMAPSS,0,g6,STW_window,0,10,0,0.0,,30.5
NCMAPSS,0,g6,STW_window,5,10,0,0.0,,30.5
NCMAPSS,0,g6,STW_window,10,10,0,0.0,,42.5
NCMAPSS,0,g6,STW_window,15,10,0,0.0,,42.5
NCMAPSS,0,g6,age,0,10,0,0.0,,
NCMAPSS,0,g6,age,5,10,0,0.0,,
NCMAPSS,0,g6,age,10,10,0,0.0,,
NCMAPSS,0,g6,age,15,10,0,0.0,,
NCMAPSS,0,g6,perfect,0,10,0,0.0,,1.0
NCMAPSS,0,g6,perfect,5,10,0,0.0,,1.0
NCMAPSS,0,g6,perfect,10,10,0,0.0,,1.0
NCMAPSS,0,g6,perfect,15,10,0,0.0,,1.0
NCMAPSS,0,g7,CNA_DA,0,15,2,0.13333333333333333,0.4509569810809362,12.0
NCMAPSS,0,g7,CNA_DA,5,15,2,0.13333333333333333,0.4509569810809362,20.0
NCMAPSS,0,g7,CNA_DA,10,15,2,0.13333333333333333,0.4509569810809362,27.0
NCMAPSS,0,g7,CNA_DA,15,15,2,0.13333333333333333,0.4509569810809362,32.0
NCMAPSS,0,g7,CNA_a0.05,0,15,2,0.13333333333333333,0.1709525355035991,12.0
NCMAPSS,0,g7,CNA_a0.05,5,15,2,0.13333333333333333,0.1709525355035991,20.0
NCMAPSS,0,g7,CNA_a0.05,10,15,2,0.13333333333333333,0.1709525355035991,27.0
NCMAPSS,0,g7,CNA_a0.05,15,15,2,0.13333333333333333,0.1709525355035991,32.0
NCMAPSS,0,g7,CNA_a0.10,0,15,5,0.3333333333333333,0.012720483641251005,8.0
NCMAPSS,0,g7,CNA_a0.10,5,15,5,0.3333333333333333,0.012720483641251005,14.0
NCMAPSS,0,g7,CNA_a0.10,10,15,5,0.3333333333333333,0.012720483641251005,23.5
NCMAPSS,0,g7,CNA_a0.10,15,15,4,0.26666666666666666,0.05555563000753602,28.0
NCMAPSS,0,g7,CNA_a0.20,0,15,5,0.3333333333333333,0.16423372393676816,5.5
NCMAPSS,0,g7,CNA_a0.20,5,15,5,0.3333333333333333,0.16423372393676816,9.5
NCMAPSS,0,g7,CNA_a0.20,10,15,5,0.3333333333333333,0.16423372393676816,15.0
NCMAPSS,0,g7,CNA_a0.20,15,15,7,0.4666666666666667,0.018058806984704016,21.0
NCMAPSS,0,g7,KAM_P1_heur,0,15,5,0.3333333333333333,,6.0
NCMAPSS,0,g7,KAM_P1_heur,5,15,5,0.3333333333333333,,10.0
NCMAPSS,0,g7,KAM_P1_heur,10,15,5,0.3333333333333333,,19.0
NCMAPSS,0,g7,KAM_P1_heur,15,15,5,0.3333333333333333,,26.0
NCMAPSS,0,g7,KAM_P1_opt,0,15,2,0.13333333333333333,,14.0
NCMAPSS,0,g7,KAM_P1_opt,5,15,1,0.06666666666666667,,26.0
NCMAPSS,0,g7,KAM_P1_opt,10,15,2,0.13333333333333333,,26.0
NCMAPSS,0,g7,KAM_P1_opt,15,15,4,0.26666666666666666,,29.0
NCMAPSS,0,g7,LBall_a0.05,0,15,3,0.2,0.03620023864272912,10.5
NCMAPSS,0,g7,LBall_a0.05,5,15,5,0.3333333333333333,0.0006146828696831205,13.0
NCMAPSS,0,g7,LBall_a0.05,10,15,5,0.3333333333333333,0.0006146828696831205,20.0
NCMAPSS,0,g7,LBall_a0.05,15,15,5,0.3333333333333333,0.0006146828696831205,25.0
NCMAPSS,0,g7,LBall_a0.10,0,15,4,0.26666666666666666,0.05555563000753602,8.0
NCMAPSS,0,g7,LBall_a0.10,5,15,5,0.3333333333333333,0.012720483641251005,12.0
NCMAPSS,0,g7,LBall_a0.10,10,15,5,0.3333333333333333,0.012720483641251005,15.0
NCMAPSS,0,g7,LBall_a0.10,15,15,5,0.3333333333333333,0.012720483641251005,23.0
NCMAPSS,0,g7,LBall_a0.20,0,15,5,0.3333333333333333,0.16423372393676816,2.5
NCMAPSS,0,g7,LBall_a0.20,5,15,6,0.4,0.061051429617664056,8.0
NCMAPSS,0,g7,LBall_a0.20,10,15,7,0.4666666666666667,0.018058806984704016,12.0
NCMAPSS,0,g7,LBall_a0.20,15,15,10,0.6666666666666666,0.00011322566246400011,15.0
NCMAPSS,0,g7,LBnear_a0.05,0,15,2,0.13333333333333333,0.1709525355035991,12.0
NCMAPSS,0,g7,LBnear_a0.05,5,15,4,0.26666666666666666,0.005467258656916667,15.0
NCMAPSS,0,g7,LBnear_a0.05,10,15,5,0.3333333333333333,0.0006146828696831205,21.0
NCMAPSS,0,g7,LBnear_a0.05,15,15,5,0.3333333333333333,0.0006146828696831205,26.0
NCMAPSS,0,g7,LBnear_a0.10,0,15,3,0.2,0.18406106910639106,9.0
NCMAPSS,0,g7,LBnear_a0.10,5,15,5,0.3333333333333333,0.012720483641251005,13.0
NCMAPSS,0,g7,LBnear_a0.10,10,15,5,0.3333333333333333,0.012720483641251005,16.0
NCMAPSS,0,g7,LBnear_a0.10,15,15,5,0.3333333333333333,0.012720483641251005,24.0
NCMAPSS,0,g7,LBnear_a0.20,0,15,5,0.3333333333333333,0.16423372393676816,5.0
NCMAPSS,0,g7,LBnear_a0.20,5,15,5,0.3333333333333333,0.16423372393676816,9.0
NCMAPSS,0,g7,LBnear_a0.20,10,15,5,0.3333333333333333,0.16423372393676816,13.0
NCMAPSS,0,g7,LBnear_a0.20,15,15,7,0.4666666666666667,0.018058806984704016,18.5
NCMAPSS,0,g7,STW_cost_1se,0,15,2,0.13333333333333333,,13.0
NCMAPSS,0,g7,STW_cost_1se,5,15,1,0.06666666666666667,,22.0
NCMAPSS,0,g7,STW_cost_1se,10,15,3,0.2,,27.0
NCMAPSS,0,g7,STW_cost_1se,15,15,4,0.26666666666666666,,25.0
NCMAPSS,0,g7,STW_cost_plain,0,15,2,0.13333333333333333,,12.0
NCMAPSS,0,g7,STW_cost_plain,5,15,3,0.2,,17.5
NCMAPSS,0,g7,STW_cost_plain,10,15,2,0.13333333333333333,,23.0
NCMAPSS,0,g7,STW_cost_plain,15,15,4,0.26666666666666666,,24.0
NCMAPSS,0,g7,STW_window,0,15,1,0.06666666666666667,,11.5
NCMAPSS,0,g7,STW_window,5,15,0,0.0,,31.0
NCMAPSS,0,g7,STW_window,10,15,1,0.06666666666666667,,31.0
NCMAPSS,0,g7,STW_window,15,15,4,0.26666666666666666,,31.0
NCMAPSS,0,g7,age,0,15,0,0.0,,
NCMAPSS,0,g7,age,5,15,0,0.0,,
NCMAPSS,0,g7,age,10,15,0,0.0,,
NCMAPSS,0,g7,age,15,15,0,0.0,,
NCMAPSS,0,g7,perfect,0,15,0,0.0,,1.0
NCMAPSS,0,g7,perfect,5,15,0,0.0,,1.0
NCMAPSS,0,g7,perfect,10,15,0,0.0,,1.0
NCMAPSS,0,g7,perfect,15,15,0,0.0,,1.0
NCMAPSS,0,g8,CNA_DA,0,10,0,0.0,1.0,6.0
NCMAPSS,0,g8,CNA_DA,5,10,0,0.0,1.0,13.0
NCMAPSS,0,g8,CNA_DA,10,10,1,0.1,0.6513215599000001,17.0
NCMAPSS,0,g8,CNA_DA,15,10,1,0.1,0.6513215599000001,23.0
NCMAPSS,0,g8,CNA_a0.05,0,10,0,0.0,1.0,6.0
NCMAPSS,0,g8,CNA_a0.05,5,10,0,0.0,1.0,13.0
NCMAPSS,0,g8,CNA_a0.05,10,10,1,0.1,0.4012630607616211,17.0
NCMAPSS,0,g8,CNA_a0.05,15,10,1,0.1,0.4012630607616211,23.0
NCMAPSS,0,g8,CNA_a0.10,0,10,4,0.4,0.0127951984,5.0
NCMAPSS,0,g8,CNA_a0.10,5,10,4,0.4,0.0127951984,6.5
NCMAPSS,0,g8,CNA_a0.10,10,10,3,0.3,0.0701908264,14.5
NCMAPSS,0,g8,CNA_a0.10,15,10,1,0.1,0.6513215599000001,21.5
NCMAPSS,0,g8,CNA_a0.20,0,10,5,0.5,0.03279349760000002,3.0
NCMAPSS,0,g8,CNA_a0.20,5,10,8,0.8,7.792640000000004e-05,5.0
NCMAPSS,0,g8,CNA_a0.20,10,10,9,0.9,4.198400000000002e-06,6.0
NCMAPSS,0,g8,CNA_a0.20,15,10,6,0.6,0.0063693824000000026,11.0
NCMAPSS,0,g8,KAM_P1_heur,0,10,5,0.5,,3.0
NCMAPSS,0,g8,KAM_P1_heur,5,10,3,0.3,,6.5
NCMAPSS,0,g8,KAM_P1_heur,10,10,6,0.6,,10.0
NCMAPSS,0,g8,KAM_P1_heur,15,10,9,0.9,,10.0
NCMAPSS,0,g8,KAM_P1_opt,0,10,0,0.0,,6.5
NCMAPSS,0,g8,KAM_P1_opt,5,10,0,0.0,,15.0
NCMAPSS,0,g8,KAM_P1_opt,10,10,0,0.0,,21.5
NCMAPSS,0,g8,KAM_P1_opt,15,10,0,0.0,,27.5
NCMAPSS,0,g8,LBall_a0.05,0,10,1,0.1,0.4012630607616211,5.0
NCMAPSS,0,g8,LBall_a0.05,5,10,3,0.3,0.011503557379296871,7.0
NCMAPSS,0,g8,LBall_a0.05,10,10,5,0.5,6.36898314453125e-05,10.5
NCMAPSS,0,g8,LBall_a0.05,15,10,5,0.5,6.36898314453125e-05,15.5
NCMAPSS,0,g8,LBall_a0.10,0,10,5,0.5,0.0016349374000000003,4.0
NCMAPSS,0,g8,LBall_a0.10,5,10,6,0.6,0.0001469026,5.0
NCMAPSS,0,g8,LBall_a0.10,10,10,8,0.8,3.736000000000001e-07,7.0
NCMAPSS,0,g8,LBall_a0.10,15,10,7,0.7,9.121600000000001e-06,11.0
NCMAPSS,0,g8,LBall_a0.20,0,10,9,0.9,4.198400000000002e-06,2.0
NCMAPSS,0,g8,LBall_a0.20,5,10,10,1.0,1.0240000000000006e-07,4.0
NCMAPSS,0,g8,LBall_a0.20,10,10,10,1.0,1.0240000000000006e-07,5.0
NCMAPSS,0,g8,LBall_a0.20,15,10,10,1.0,1.0240000000000006e-07,7.0
NCMAPSS,0,g8,LBnear_a0.05,0,10,0,0.0,1.0,5.0
NCMAPSS,0,g8,LBnear_a0.05,5,10,2,0.2,0.08613835589931637,8.0
NCMAPSS,0,g8,LBnear_a0.05,10,10,4,0.4,0.001028497937890625,13.0
NCMAPSS,0,g8,LBnear_a0.05,15,10,3,0.3,0.011503557379296871,18.0
NCMAPSS,0,g8,LBnear_a0.10,0,10,4,0.4,0.0127951984,5.0
NCMAPSS,0,g8,LBnear_a0.10,5,10,6,0.6,0.0001469026,4.5
NCMAPSS,0,g8,LBnear_a0.10,10,10,6,0.6,0.0001469026,8.0
NCMAPSS,0,g8,LBnear_a0.10,15,10,6,0.6,0.0001469026,12.5
NCMAPSS,0,g8,LBnear_a0.20,0,10,5,0.5,0.03279349760000002,2.0
NCMAPSS,0,g8,LBnear_a0.20,5,10,7,0.7,0.0008643584000000003,5.5
NCMAPSS,0,g8,LBnear_a0.20,10,10,9,0.9,4.198400000000002e-06,5.0
NCMAPSS,0,g8,LBnear_a0.20,15,10,9,0.9,4.198400000000002e-06,8.5
NCMAPSS,0,g8,STW_cost_1se,0,10,0,0.0,,6.0
NCMAPSS,0,g8,STW_cost_1se,5,10,0,0.0,,13.0
NCMAPSS,0,g8,STW_cost_1se,10,10,0,0.0,,17.5
NCMAPSS,0,g8,STW_cost_1se,15,10,2,0.2,,22.5
NCMAPSS,0,g8,STW_cost_plain,0,10,1,0.1,,6.0
NCMAPSS,0,g8,STW_cost_plain,5,10,0,0.0,,12.0
NCMAPSS,0,g8,STW_cost_plain,10,10,2,0.2,,16.5
NCMAPSS,0,g8,STW_cost_plain,15,10,2,0.2,,22.0
NCMAPSS,0,g8,STW_window,0,10,0,0.0,,14.0
NCMAPSS,0,g8,STW_window,5,10,0,0.0,,14.0
NCMAPSS,0,g8,STW_window,10,10,1,0.1,,19.5
NCMAPSS,0,g8,STW_window,15,10,1,0.1,,19.5
NCMAPSS,0,g8,age,0,10,2,0.2,,
NCMAPSS,0,g8,age,5,10,2,0.2,,
NCMAPSS,0,g8,age,10,10,2,0.2,,
NCMAPSS,0,g8,age,15,10,2,0.2,,
NCMAPSS,0,g8,perfect,0,10,0,0.0,,1.0
NCMAPSS,0,g8,perfect,5,10,0,0.0,,1.0
NCMAPSS,0,g8,perfect,10,10,0,0.0,,1.0
NCMAPSS,0,g8,perfect,15,10,0,0.0,,1.0
NCMAPSS,1,g0,CNA_DA,0,10,0,0.0,1.0,29.5
NCMAPSS,1,g0,CNA_DA,5,10,0,0.0,1.0,37.0
NCMAPSS,1,g0,CNA_DA,10,10,0,0.0,1.0,46.5
NCMAPSS,1,g0,CNA_DA,15,10,0,0.0,1.0,53.0
NCMAPSS,1,g0,CNA_a0.05,0,10,0,0.0,1.0,29.5
NCMAPSS,1,g0,CNA_a0.05,5,10,0,0.0,1.0,37.0
NCMAPSS,1,g0,CNA_a0.05,10,10,0,0.0,1.0,46.5
NCMAPSS,1,g0,CNA_a0.05,15,10,0,0.0,1.0,53.0
NCMAPSS,1,g0,CNA_a0.10,0,10,0,0.0,1.0,19.0
NCMAPSS,1,g0,CNA_a0.10,5,10,0,0.0,1.0,26.0
NCMAPSS,1,g0,CNA_a0.10,10,10,0,0.0,1.0,32.5
NCMAPSS,1,g0,CNA_a0.10,15,10,0,0.0,1.0,44.0
NCMAPSS,1,g0,CNA_a0.20,0,10,0,0.0,1.0,14.0
NCMAPSS,1,g0,CNA_a0.20,5,10,0,0.0,1.0,23.0
NCMAPSS,1,g0,CNA_a0.20,10,10,0,0.0,1.0,30.0
NCMAPSS,1,g0,CNA_a0.20,15,10,0,0.0,1.0,35.0
NCMAPSS,1,g0,KAM_P1_heur,0,10,0,0.0,,14.5
NCMAPSS,1,g0,KAM_P1_heur,5,10,0,0.0,,24.0
NCMAPSS,1,g0,KAM_P1_heur,10,10,0,0.0,,30.5
NCMAPSS,1,g0,KAM_P1_heur,15,10,0,0.0,,36.5
NCMAPSS,1,g0,KAM_P1_opt,0,10,0,0.0,,30.5
NCMAPSS,1,g0,KAM_P1_opt,5,10,0,0.0,,36.5
NCMAPSS,1,g0,KAM_P1_opt,10,10,0,0.0,,50.0
NCMAPSS,1,g0,KAM_P1_opt,15,10,0,0.0,,56.5
NCMAPSS,1,g0,LBall_a0.05,0,10,0,0.0,1.0,22.5
NCMAPSS,1,g0,LBall_a0.05,5,10,0,0.0,1.0,28.5
NCMAPSS,1,g0,LBall_a0.05,10,10,0,0.0,1.0,33.5
NCMAPSS,1,g0,LBall_a0.05,15,10,0,0.0,1.0,42.0
NCMAPSS,1,g0,LBall_a0.10,0,10,0,0.0,1.0,17.0
NCMAPSS,1,g0,LBall_a0.10,5,10,0,0.0,1.0,23.0
NCMAPSS,1,g0,LBall_a0.10,10,10,0,0.0,1.0,29.5
NCMAPSS,1,g0,LBall_a0.10,15,10,0,0.0,1.0,35.0
NCMAPSS,1,g0,LBall_a0.20,0,10,0,0.0,1.0,11.0
NCMAPSS,1,g0,LBall_a0.20,5,10,0,0.0,1.0,17.5
NCMAPSS,1,g0,LBall_a0.20,10,10,0,0.0,1.0,23.5
NCMAPSS,1,g0,LBall_a0.20,15,10,0,0.0,1.0,30.0
NCMAPSS,1,g0,LBnear_a0.05,0,10,0,0.0,1.0,23.0
NCMAPSS,1,g0,LBnear_a0.05,5,10,0,0.0,1.0,29.0
NCMAPSS,1,g0,LBnear_a0.05,10,10,0,0.0,1.0,34.0
NCMAPSS,1,g0,LBnear_a0.05,15,10,0,0.0,1.0,43.0
NCMAPSS,1,g0,LBnear_a0.10,0,10,0,0.0,1.0,18.5
NCMAPSS,1,g0,LBnear_a0.10,5,10,0,0.0,1.0,24.0
NCMAPSS,1,g0,LBnear_a0.10,10,10,0,0.0,1.0,31.0
NCMAPSS,1,g0,LBnear_a0.10,15,10,0,0.0,1.0,38.5
NCMAPSS,1,g0,LBnear_a0.20,0,10,0,0.0,1.0,13.0
NCMAPSS,1,g0,LBnear_a0.20,5,10,0,0.0,1.0,19.0
NCMAPSS,1,g0,LBnear_a0.20,10,10,0,0.0,1.0,25.5
NCMAPSS,1,g0,LBnear_a0.20,15,10,0,0.0,1.0,31.5
NCMAPSS,1,g0,STW_cost_1se,0,10,0,0.0,,30.5
NCMAPSS,1,g0,STW_cost_1se,5,10,0,0.0,,36.0
NCMAPSS,1,g0,STW_cost_1se,10,10,0,0.0,,44.5
NCMAPSS,1,g0,STW_cost_1se,15,10,0,0.0,,48.0
NCMAPSS,1,g0,STW_cost_plain,0,10,0,0.0,,28.5
NCMAPSS,1,g0,STW_cost_plain,5,10,0,0.0,,34.0
NCMAPSS,1,g0,STW_cost_plain,10,10,0,0.0,,42.0
NCMAPSS,1,g0,STW_cost_plain,15,10,0,0.0,,46.0
NCMAPSS,1,g0,STW_window,0,10,0,0.0,,31.0
NCMAPSS,1,g0,STW_window,5,10,0,0.0,,48.0
NCMAPSS,1,g0,STW_window,10,10,0,0.0,,48.0
NCMAPSS,1,g0,STW_window,15,10,0,0.0,,58.0
NCMAPSS,1,g0,age,0,10,0,0.0,,
NCMAPSS,1,g0,age,5,10,0,0.0,,
NCMAPSS,1,g0,age,10,10,0,0.0,,
NCMAPSS,1,g0,age,15,10,0,0.0,,
NCMAPSS,1,g0,perfect,0,10,0,0.0,,1.0
NCMAPSS,1,g0,perfect,5,10,0,0.0,,1.0
NCMAPSS,1,g0,perfect,10,10,0,0.0,,1.0
NCMAPSS,1,g0,perfect,15,10,0,0.0,,1.0
NCMAPSS,1,g1,CNA_DA,0,9,0,0.0,1.0,24.0
NCMAPSS,1,g1,CNA_DA,5,9,0,0.0,1.0,25.0
NCMAPSS,1,g1,CNA_DA,10,9,0,0.0,1.0,31.0
NCMAPSS,1,g1,CNA_DA,15,9,0,0.0,1.0,37.0
NCMAPSS,1,g1,CNA_a0.05,0,9,0,0.0,1.0,24.0
NCMAPSS,1,g1,CNA_a0.05,5,9,0,0.0,1.0,25.0
NCMAPSS,1,g1,CNA_a0.05,10,9,0,0.0,1.0,31.0
NCMAPSS,1,g1,CNA_a0.05,15,9,0,0.0,1.0,37.0
NCMAPSS,1,g1,CNA_a0.10,0,9,0,0.0,1.0,18.0
NCMAPSS,1,g1,CNA_a0.10,5,9,0,0.0,1.0,20.0
NCMAPSS,1,g1,CNA_a0.10,10,9,0,0.0,1.0,23.0
NCMAPSS,1,g1,CNA_a0.10,15,9,0,0.0,1.0,27.0
NCMAPSS,1,g1,CNA_a0.20,0,9,0,0.0,1.0,4.0
NCMAPSS,1,g1,CNA_a0.20,5,9,2,0.2222222222222222,0.5637923840000003,9.0
NCMAPSS,1,g1,CNA_a0.20,10,9,0,0.0,1.0,14.0
NCMAPSS,1,g1,CNA_a0.20,15,9,0,0.0,1.0,20.0
NCMAPSS,1,g1,KAM_P1_heur,0,9,0,0.0,,6.0
NCMAPSS,1,g1,KAM_P1_heur,5,9,0,0.0,,11.0
NCMAPSS,1,g1,KAM_P1_heur,10,9,0,0.0,,15.0
NCMAPSS,1,g1,KAM_P1_heur,15,9,0,0.0,,32.0
NCMAPSS,1,g1,KAM_P1_opt,0,9,0,0.0,,26.0
NCMAPSS,1,g1,KAM_P1_opt,5,9,0,0.0,,26.0
NCMAPSS,1,g1,KAM_P1_opt,10,9,0,0.0,,32.0
NCMAPSS,1,g1,KAM_P1_opt,15,9,0,0.0,,32.0
NCMAPSS,1,g1,LBall_a0.05,0,9,0,0.0,1.0,13.0
NCMAPSS,1,g1,LBall_a0.05,5,9,0,0.0,1.0,18.0
NCMAPSS,1,g1,LBall_a0.05,10,9,0,0.0,1.0,24.0
NCMAPSS,1,g1,LBall_a0.05,15,9,0,0.0,1.0,27.0
NCMAPSS,1,g1,LBall_a0.10,0,9,0,0.0,1.0,9.0
NCMAPSS,1,g1,LBall_a0.10,5,9,0,0.0,1.0,13.0
NCMAPSS,1,g1,LBall_a0.10,10,9,0,0.0,1.0,16.0
NCMAPSS,1,g1,LBall_a0.10,15,9,0,0.0,1.0,21.0
NCMAPSS,1,g1,LBall_a0.20,0,9,3,0.3333333333333333,0.26180249600000016,3.0
NCMAPSS,1,g1,LBall_a0.20,5,9,2,0.2222222222222222,0.5637923840000003,7.0
NCMAPSS,1,g1,LBall_a0.20,10,9,2,0.2222222222222222,0.5637923840000003,11.0
NCMAPSS,1,g1,LBall_a0.20,15,9,8,0.8888888888888888,1.894400000000001e-05,15.0
NCMAPSS,1,g1,LBnear_a0.05,0,9,0,0.0,1.0,14.0
NCMAPSS,1,g1,LBnear_a0.05,5,9,0,0.0,1.0,20.0
NCMAPSS,1,g1,LBnear_a0.05,10,9,0,0.0,1.0,25.0
NCMAPSS,1,g1,LBnear_a0.05,15,9,0,0.0,1.0,31.0
NCMAPSS,1,g1,LBnear_a0.10,0,9,0,0.0,1.0,11.0
NCMAPSS,1,g1,LBnear_a0.10,5,9,0,0.0,1.0,15.0
NCMAPSS,1,g1,LBnear_a0.10,10,9,0,0.0,1.0,20.0
NCMAPSS,1,g1,LBnear_a0.10,15,9,0,0.0,1.0,25.0
NCMAPSS,1,g1,LBnear_a0.20,0,9,0,0.0,1.0,4.0
NCMAPSS,1,g1,LBnear_a0.20,5,9,2,0.2222222222222222,0.5637923840000003,9.0
NCMAPSS,1,g1,LBnear_a0.20,10,9,0,0.0,1.0,13.0
NCMAPSS,1,g1,LBnear_a0.20,15,9,3,0.3333333333333333,0.26180249600000016,16.0
NCMAPSS,1,g1,STW_cost_1se,0,9,0,0.0,,20.0
NCMAPSS,1,g1,STW_cost_1se,5,9,0,0.0,,25.0
NCMAPSS,1,g1,STW_cost_1se,10,9,0,0.0,,26.0
NCMAPSS,1,g1,STW_cost_1se,15,9,0,0.0,,33.0
NCMAPSS,1,g1,STW_cost_plain,0,9,0,0.0,,19.0
NCMAPSS,1,g1,STW_cost_plain,5,9,0,0.0,,23.0
NCMAPSS,1,g1,STW_cost_plain,10,9,0,0.0,,24.0
NCMAPSS,1,g1,STW_cost_plain,15,9,0,0.0,,33.0
NCMAPSS,1,g1,STW_window,0,9,0,0.0,,23.0
NCMAPSS,1,g1,STW_window,5,9,0,0.0,,31.0
NCMAPSS,1,g1,STW_window,10,9,0,0.0,,31.0
NCMAPSS,1,g1,STW_window,15,9,0,0.0,,31.0
NCMAPSS,1,g1,age,0,9,0,0.0,,
NCMAPSS,1,g1,age,5,9,0,0.0,,
NCMAPSS,1,g1,age,10,9,0,0.0,,
NCMAPSS,1,g1,age,15,9,0,0.0,,
NCMAPSS,1,g1,perfect,0,9,0,0.0,,1.0
NCMAPSS,1,g1,perfect,5,9,0,0.0,,1.0
NCMAPSS,1,g1,perfect,10,9,0,0.0,,1.0
NCMAPSS,1,g1,perfect,15,9,0,0.0,,1.0
NCMAPSS,1,g2,CNA_DA,0,15,0,0.0,1.0,19.0
NCMAPSS,1,g2,CNA_DA,5,15,0,0.0,1.0,22.0
NCMAPSS,1,g2,CNA_DA,10,15,0,0.0,1.0,37.0
NCMAPSS,1,g2,CNA_DA,15,15,2,0.13333333333333333,0.4509569810809362,30.0
NCMAPSS,1,g2,CNA_a0.05,0,15,0,0.0,1.0,19.0
NCMAPSS,1,g2,CNA_a0.05,5,15,0,0.0,1.0,22.0
NCMAPSS,1,g2,CNA_a0.05,10,15,0,0.0,1.0,37.0
NCMAPSS,1,g2,CNA_a0.05,15,15,0,0.0,1.0,46.0
NCMAPSS,1,g2,CNA_a0.10,0,15,0,0.0,1.0,15.0
NCMAPSS,1,g2,CNA_a0.10,5,15,0,0.0,1.0,19.0
NCMAPSS,1,g2,CNA_a0.10,10,15,1,0.06666666666666667,0.794108867905351,22.0
NCMAPSS,1,g2,CNA_a0.10,15,15,3,0.2,0.18406106910639106,27.0
NCMAPSS,1,g2,CNA_a0.20,0,15,0,0.0,1.0,14.0
NCMAPSS,1,g2,CNA_a0.20,5,15,0,0.0,1.0,17.0
NCMAPSS,1,g2,CNA_a0.20,10,15,1,0.06666666666666667,0.964815627911168,19.0
NCMAPSS,1,g2,CNA_a0.20,15,15,3,0.2,0.6019767907450877,22.0
NCMAPSS,1,g2,KAM_P1_heur,0,15,1,0.06666666666666667,,13.5
NCMAPSS,1,g2,KAM_P1_heur,5,15,0,0.0,,20.0
NCMAPSS,1,g2,KAM_P1_heur,10,15,0,0.0,,23.0
NCMAPSS,1,g2,KAM_P1_heur,15,15,2,0.13333333333333333,,25.0
NCMAPSS,1,g2,KAM_P1_opt,0,15,0,0.0,,23.0
NCMAPSS,1,g2,KAM_P1_opt,5,15,0,0.0,,25.0
NCMAPSS,1,g2,KAM_P1_opt,10,15,0,0.0,,35.0
NCMAPSS,1,g2,KAM_P1_opt,15,15,0,0.0,,35.0
NCMAPSS,1,g2,LBall_a0.05,0,15,0,0.0,1.0,14.0
NCMAPSS,1,g2,LBall_a0.05,5,15,0,0.0,1.0,19.0
NCMAPSS,1,g2,LBall_a0.05,10,15,0,0.0,1.0,22.0
NCMAPSS,1,g2,LBall_a0.05,15,15,2,0.13333333333333333,0.1709525355035991,31.0
NCMAPSS,1,g2,LBall_a0.10,0,15,1,0.06666666666666667,0.794108867905351,12.0
NCMAPSS,1,g2,LBall_a0.10,5,15,0,0.0,1.0,17.0
NCMAPSS,1,g2,LBall_a0.10,10,15,1,0.06666666666666667,0.794108867905351,20.0
NCMAPSS,1,g2,LBall_a0.10,15,15,3,0.2,0.18406106910639106,24.0
NCMAPSS,1,g2,LBall_a0.20,0,15,2,0.13333333333333333,0.8328742325780478,7.0
NCMAPSS,1,g2,LBall_a0.20,5,15,1,0.06666666666666667,0.964815627911168,13.0
NCMAPSS,1,g2,LBall_a0.20,10,15,2,0.13333333333333333,0.8328742325780478,18.0
NCMAPSS,1,g2,LBall_a0.20,15,15,3,0.2,0.6019767907450877,22.0
NCMAPSS,1,g2,LBnear_a0.05,0,15,0,0.0,1.0,15.0
NCMAPSS,1,g2,LBnear_a0.05,5,15,0,0.0,1.0,20.0
NCMAPSS,1,g2,LBnear_a0.05,10,15,0,0.0,1.0,23.0
NCMAPSS,1,g2,LBnear_a0.05,15,15,1,0.06666666666666667,0.5367087698402466,31.0
NCMAPSS,1,g2,LBnear_a0.10,0,15,0,0.0,1.0,13.0
NCMAPSS,1,g2,LBnear_a0.10,5,15,0,0.0,1.0,18.0
NCMAPSS,1,g2,LBnear_a0.10,10,15,1,0.06666666666666667,0.794108867905351,22.0
NCMAPSS,1,g2,LBnear_a0.10,15,15,3,0.2,0.18406106910639106,27.0
NCMAPSS,1,g2,LBnear_a0.20,0,15,1,0.06666666666666667,0.964815627911168,8.0
NCMAPSS,1,g2,LBnear_a0.20,5,15,1,0.06666666666666667,0.964815627911168,14.0
NCMAPSS,1,g2,LBnear_a0.20,10,15,1,0.06666666666666667,0.964815627911168,19.0
NCMAPSS,1,g2,LBnear_a0.20,15,15,3,0.2,0.6019767907450877,22.0
NCMAPSS,1,g2,STW_cost_1se,0,15,0,0.0,,20.0
NCMAPSS,1,g2,STW_cost_1se,5,15,0,0.0,,21.0
NCMAPSS,1,g2,STW_cost_1se,10,15,0,0.0,,33.0
NCMAPSS,1,g2,STW_cost_1se,15,15,0,0.0,,41.0
NCMAPSS,1,g2,STW_cost_plain,0,15,0,0.0,,19.0
NCMAPSS,1,g2,STW_cost_plain,5,15,0,0.0,,21.0
NCMAPSS,1,g2,STW_cost_plain,10,15,0,0.0,,32.0
NCMAPSS,1,g2,STW_cost_plain,15,15,0,0.0,,41.0
NCMAPSS,1,g2,STW_window,0,15,0,0.0,,19.0
NCMAPSS,1,g2,STW_window,5,15,0,0.0,,22.0
NCMAPSS,1,g2,STW_window,10,15,1,0.06666666666666667,,22.0
NCMAPSS,1,g2,STW_window,15,15,0,0.0,,35.0
NCMAPSS,1,g2,age,0,15,0,0.0,,
NCMAPSS,1,g2,age,5,15,0,0.0,,
NCMAPSS,1,g2,age,10,15,0,0.0,,
NCMAPSS,1,g2,age,15,15,0,0.0,,
NCMAPSS,1,g2,perfect,0,15,0,0.0,,1.0
NCMAPSS,1,g2,perfect,5,15,0,0.0,,1.0
NCMAPSS,1,g2,perfect,10,15,0,0.0,,1.0
NCMAPSS,1,g2,perfect,15,15,0,0.0,,1.0
NCMAPSS,1,g3,CNA_DA,0,10,3,0.3,0.0701908264,27.0
NCMAPSS,1,g3,CNA_DA,5,10,5,0.5,0.0016349374000000003,27.0
NCMAPSS,1,g3,CNA_DA,10,10,1,0.1,0.6513215599000001,31.0
NCMAPSS,1,g3,CNA_DA,15,10,0,0.0,1.0,41.5
NCMAPSS,1,g3,CNA_a0.05,0,10,3,0.3,0.011503557379296871,27.0
NCMAPSS,1,g3,CNA_a0.05,5,10,5,0.5,6.36898314453125e-05,27.0
NCMAPSS,1,g3,CNA_a0.05,10,10,1,0.1,0.4012630607616211,31.0
NCMAPSS,1,g3,CNA_a0.05,15,10,0,0.0,1.0,41.5
NCMAPSS,1,g3,CNA_a0.10,0,10,8,0.8,3.736000000000001e-07,15.0
NCMAPSS,1,g3,CNA_a0.10,5,10,7,0.7,9.121600000000001e-06,14.0
NCMAPSS,1,g3,CNA_a0.10,10,10,4,0.4,0.0127951984,29.0
NCMAPSS,1,g3,CNA_a0.10,15,10,1,0.1,0.6513215599000001,27.5
NCMAPSS,1,g3,CNA_a0.20,0,10,8,0.8,7.792640000000004e-05,3.5
NCMAPSS,1,g3,CNA_a0.20,5,10,8,0.8,7.792640000000004e-05,15.0
NCMAPSS,1,g3,CNA_a0.20,10,10,5,0.5,0.03279349760000002,27.0
NCMAPSS,1,g3,CNA_a0.20,15,10,2,0.2,0.6241903615999997,30.0
NCMAPSS,1,g3,KAM_P1_heur,0,10,8,0.8,,5.0
NCMAPSS,1,g3,KAM_P1_heur,5,10,8,0.8,,9.0
NCMAPSS,1,g3,KAM_P1_heur,10,10,3,0.3,,32.0
NCMAPSS,1,g3,KAM_P1_heur,15,10,1,0.1,,29.0
NCMAPSS,1,g3,KAM_P1_opt,0,10,2,0.2,,32.0
NCMAPSS,1,g3,KAM_P1_opt,5,10,2,0.2,,32.0
NCMAPSS,1,g3,KAM_P1_opt,10,10,1,0.1,,29.0
NCMAPSS,1,g3,KAM_P1_opt,15,10,0,0.0,,41.5
NCMAPSS,1,g3,LBall_a0.05,0,10,8,0.8,1.6050781250000006e-09,15.5
NCMAPSS,1,g3,LBall_a0.05,5,10,7,0.7,8.198398437500002e-08,14.0
NCMAPSS,1,g3,LBall_a0.05,10,10,4,0.4,0.001028497937890625,29.0
NCMAPSS,1,g3,LBall_a0.05,15,10,1,0.1,0.4012630607616211,31.0
NCMAPSS,1,g3,LBall_a0.10,0,10,8,0.8,3.736000000000001e-07,14.0
NCMAPSS,1,g3,LBall_a0.10,5,10,7,0.7,9.121600000000001e-06,12.0
NCMAPSS,1,g3,LBall_a0.10,10,10,5,0.5,0.0016349374000000003,27.0
NCMAPSS,1,g3,LBall_a0.10,15,10,3,0.3,0.0701908264,30.0
NCMAPSS,1,g3,LBall_a0.20,0,10,8,0.8,7.792640000000004e-05,5.5
NCMAPSS,1,g3,LBall_a0.20,5,10,8,0.8,7.792640000000004e-05,14.5
NCMAPSS,1,g3,LBall_a0.20,10,10,7,0.7,0.0008643584000000003,13.0
NCMAPSS,1,g3,LBall_a0.20,15,10,6,0.6,0.0063693824000000026,28.0
NCMAPSS,1,g3,LBnear_a0.05,0,10,8,0.8,1.6050781250000006e-09,17.0
NCMAPSS,1,g3,LBnear_a0.05,5,10,6,0.6,2.7545826171875003e-06,20.0
NCMAPSS,1,g3,LBnear_a0.05,10,10,4,0.4,0.001028497937890625,29.0
NCMAPSS,1,g3,LBnear_a0.05,15,10,1,0.1,0.4012630607616211,27.5
NCMAPSS,1,g3,LBnear_a0.10,0,10,8,0.8,3.736000000000001e-07,15.0
NCMAPSS,1,g3,LBnear_a0.10,5,10,7,0.7,9.121600000000001e-06,13.0
NCMAPSS,1,g3,LBnear_a0.10,10,10,5,0.5,0.0016349374000000003,28.0
NCMAPSS,1,g3,LBnear_a0.10,15,10,2,0.2,0.2639010709,30.0
NCMAPSS,1,g3,LBnear_a0.20,0,10,8,0.8,7.792640000000004e-05,9.5
NCMAPSS,1,g3,LBnear_a0.20,5,10,8,0.8,7.792640000000004e-05,15.0
NCMAPSS,1,g3,LBnear_a0.20,10,10,7,0.7,0.0008643584000000003,14.0
NCMAPSS,1,g3,LBnear_a0.20,15,10,5,0.5,0.03279349760000002,29.0
NCMAPSS,1,g3,STW_cost_1se,0,10,5,0.5,,23.0
NCMAPSS,1,g3,STW_cost_1se,5,10,4,0.4,,27.0
NCMAPSS,1,g3,STW_cost_1se,10,10,1,0.1,,31.0
NCMAPSS,1,g3,STW_cost_1se,15,10,0,0.0,,41.0
NCMAPSS,1,g3,STW_cost_plain,0,10,5,0.5,,20.0
NCMAPSS,1,g3,STW_cost_plain,5,10,6,0.6,,20.5
NCMAPSS,1,g3,STW_cost_plain,10,10,1,0.1,,30.0
NCMAPSS,1,g3,STW_cost_plain,15,10,0,0.0,,40.5
NCMAPSS,1,g3,STW_window,0,10,6,0.6,,24.5
NCMAPSS,1,g3,STW_window,5,10,0,0.0,,32.5
NCMAPSS,1,g3,STW_window,10,10,1,0.1,,32.5
NCMAPSS,1,g3,STW_window,15,10,0,0.0,,50.0
NCMAPSS,1,g3,age,0,10,0,0.0,,
NCMAPSS,1,g3,age,5,10,0,0.0,,
NCMAPSS,1,g3,age,10,10,0,0.0,,
NCMAPSS,1,g3,age,15,10,0,0.0,,
NCMAPSS,1,g3,perfect,0,10,0,0.0,,1.0
NCMAPSS,1,g3,perfect,5,10,0,0.0,,1.0
NCMAPSS,1,g3,perfect,10,10,0,0.0,,1.0
NCMAPSS,1,g3,perfect,15,10,0,0.0,,1.0
NCMAPSS,1,g4,CNA_DA,0,10,0,0.0,1.0,22.0
NCMAPSS,1,g4,CNA_DA,5,10,0,0.0,1.0,27.0
NCMAPSS,1,g4,CNA_DA,10,10,0,0.0,1.0,29.0
NCMAPSS,1,g4,CNA_DA,15,10,0,0.0,1.0,35.0
NCMAPSS,1,g4,CNA_a0.05,0,10,0,0.0,1.0,22.0
NCMAPSS,1,g4,CNA_a0.05,5,10,0,0.0,1.0,27.0
NCMAPSS,1,g4,CNA_a0.05,10,10,0,0.0,1.0,29.0
NCMAPSS,1,g4,CNA_a0.05,15,10,0,0.0,1.0,35.0
NCMAPSS,1,g4,CNA_a0.10,0,10,0,0.0,1.0,17.0
NCMAPSS,1,g4,CNA_a0.10,5,10,0,0.0,1.0,19.5
NCMAPSS,1,g4,CNA_a0.10,10,10,0,0.0,1.0,27.5
NCMAPSS,1,g4,CNA_a0.10,15,10,0,0.0,1.0,30.0
NCMAPSS,1,g4,CNA_a0.20,0,10,1,0.1,0.8926258176,6.0
NCMAPSS,1,g4,CNA_a0.20,5,10,1,0.1,0.8926258176,13.0
NCMAPSS,1,g4,CNA_a0.20,10,10,0,0.0,1.0,21.0
NCMAPSS,1,g4,CNA_a0.20,15,10,0,0.0,1.0,28.0
NCMAPSS,1,g4,KAM_P1_heur,0,10,1,0.1,,8.0
NCMAPSS,1,g4,KAM_P1_heur,5,10,1,0.1,,13.5
NCMAPSS,1,g4,KAM_P1_heur,10,10,0,0.0,,25.5
NCMAPSS,1,g4,KAM_P1_heur,15,10,0,0.0,,25.5
NCMAPSS,1,g4,KAM_P1_opt,0,10,0,0.0,,25.5
NCMAPSS,1,g4,KAM_P1_opt,5,10,0,0.0,,29.0
NCMAPSS,1,g4,KAM_P1_opt,10,10,0,0.0,,33.0
NCMAPSS,1,g4,KAM_P1_opt,15,10,0,0.0,,38.5
NCMAPSS,1,g4,LBall_a0.05,0,10,0,0.0,1.0,14.0
NCMAPSS,1,g4,LBall_a0.05,5,10,0,0.0,1.0,20.0
NCMAPSS,1,g4,LBall_a0.05,10,10,0,0.0,1.0,25.0
NCMAPSS,1,g4,LBall_a0.05,15,10,0,0.0,1.0,30.0
NCMAPSS,1,g4,LBall_a0.10,0,10,1,0.1,0.6513215599000001,10.0
NCMAPSS,1,g4,LBall_a0.10,5,10,1,0.1,0.6513215599000001,14.5
NCMAPSS,1,g4,LBall_a0.10,10,10,0,0.0,1.0,20.5
NCMAPSS,1,g4,LBall_a0.10,15,10,0,0.0,1.0,26.0
NCMAPSS,1,g4,LBall_a0.20,0,10,2,0.2,0.6241903615999997,3.5
NCMAPSS,1,g4,LBall_a0.20,5,10,2,0.2,0.6241903615999997,10.0
NCMAPSS,1,g4,LBall_a0.20,10,10,3,0.3,0.32220047360000015,14.0
NCMAPSS,1,g4,LBall_a0.20,15,10,2,0.2,0.6241903615999997,19.5
NCMAPSS,1,g4,LBnear_a0.05,0,10,0,0.0,1.0,15.5
NCMAPSS,1,g4,LBnear_a0.05,5,10,0,0.0,1.0,21.0
NCMAPSS,1,g4,LBnear_a0.05,10,10,0,0.0,1.0,26.5
NCMAPSS,1,g4,LBnear_a0.05,15,10,0,0.0,1.0,31.0
NCMAPSS,1,g4,LBnear_a0.10,0,10,0,0.0,1.0,11.5
NCMAPSS,1,g4,LBnear_a0.10,5,10,0,0.0,1.0,17.0
NCMAPSS,1,g4,LBnear_a0.10,10,10,0,0.0,1.0,22.5
NCMAPSS,1,g4,LBnear_a0.10,15,10,0,0.0,1.0,27.5
NCMAPSS,1,g4,LBnear_a0.20,0,10,1,0.1,0.8926258176,6.0
NCMAPSS,1,g4,LBnear_a0.20,5,10,1,0.1,0.8926258176,11.0
NCMAPSS,1,g4,LBnear_a0.20,10,10,1,0.1,0.8926258176,16.0
NCMAPSS,1,g4,LBnear_a0.20,15,10,1,0.1,0.8926258176,21.0
NCMAPSS,1,g4,STW_cost_1se,0,10,0,0.0,,22.0
NCMAPSS,1,g4,STW_cost_1se,5,10,0,0.0,,26.0
NCMAPSS,1,g4,STW_cost_1se,10,10,0,0.0,,29.0
NCMAPSS,1,g4,STW_cost_1se,15,10,0,0.0,,35.0
NCMAPSS,1,g4,STW_cost_plain,0,10,0,0.0,,20.0
NCMAPSS,1,g4,STW_cost_plain,5,10,0,0.0,,24.0
NCMAPSS,1,g4,STW_cost_plain,10,10,0,0.0,,28.5
NCMAPSS,1,g4,STW_cost_plain,15,10,0,0.0,,33.0
NCMAPSS,1,g4,STW_window,0,10,0,0.0,,25.0
NCMAPSS,1,g4,STW_window,5,10,0,0.0,,25.0
NCMAPSS,1,g4,STW_window,10,10,0,0.0,,36.0
NCMAPSS,1,g4,STW_window,15,10,0,0.0,,36.0
NCMAPSS,1,g4,age,0,10,0,0.0,,
NCMAPSS,1,g4,age,5,10,0,0.0,,
NCMAPSS,1,g4,age,10,10,0,0.0,,
NCMAPSS,1,g4,age,15,10,0,0.0,,
NCMAPSS,1,g4,perfect,0,10,0,0.0,,1.0
NCMAPSS,1,g4,perfect,5,10,0,0.0,,1.0
NCMAPSS,1,g4,perfect,10,10,0,0.0,,1.0
NCMAPSS,1,g4,perfect,15,10,0,0.0,,1.0
NCMAPSS,1,g5,CNA_DA,0,10,0,0.0,1.0,18.5
NCMAPSS,1,g5,CNA_DA,5,10,0,0.0,1.0,22.5
NCMAPSS,1,g5,CNA_DA,10,10,0,0.0,1.0,29.0
NCMAPSS,1,g5,CNA_DA,15,10,0,0.0,1.0,36.0
NCMAPSS,1,g5,CNA_a0.05,0,10,0,0.0,1.0,18.5
NCMAPSS,1,g5,CNA_a0.05,5,10,0,0.0,1.0,22.5
NCMAPSS,1,g5,CNA_a0.05,10,10,0,0.0,1.0,29.0
NCMAPSS,1,g5,CNA_a0.05,15,10,0,0.0,1.0,36.0
NCMAPSS,1,g5,CNA_a0.10,0,10,0,0.0,1.0,10.0
NCMAPSS,1,g5,CNA_a0.10,5,10,0,0.0,1.0,16.5
NCMAPSS,1,g5,CNA_a0.10,10,10,0,0.0,1.0,24.0
NCMAPSS,1,g5,CNA_a0.10,15,10,0,0.0,1.0,30.5
NCMAPSS,1,g5,CNA_a0.20,0,10,2,0.2,0.6241903615999997,5.0
NCMAPSS,1,g5,CNA_a0.20,5,10,0,0.0,1.0,12.0
NCMAPSS,1,g5,CNA_a0.20,10,10,0,0.0,1.0,18.5
NCMAPSS,1,g5,CNA_a0.20,15,10,0,0.0,1.0,24.0
NCMAPSS,1,g5,KAM_P1_heur,0,10,2,0.2,,5.5
NCMAPSS,1,g5,KAM_P1_heur,5,10,1,0.1,,11.0
NCMAPSS,1,g5,KAM_P1_heur,10,10,0,0.0,,23.0
NCMAPSS,1,g5,KAM_P1_heur,15,10,0,0.0,,28.5
NCMAPSS,1,g5,KAM_P1_opt,0,10,0,0.0,,23.0
NCMAPSS,1,g5,KAM_P1_opt,5,10,0,0.0,,23.0
NCMAPSS,1,g5,KAM_P1_opt,10,10,0,0.0,,28.5
NCMAPSS,1,g5,KAM_P1_opt,15,10,0,0.0,,39.0
NCMAPSS,1,g5,LBall_a0.05,0,10,0,0.0,1.0,11.0
NCMAPSS,1,g5,LBall_a0.05,5,10,0,0.0,1.0,16.5
NCMAPSS,1,g5,LBall_a0.05,10,10,0,0.0,1.0,23.5
NCMAPSS,1,g5,LBall_a0.05,15,10,0,0.0,1.0,29.0
NCMAPSS,1,g5,LBall_a0.10,0,10,0,0.0,1.0,8.5
NCMAPSS,1,g5,LBall_a0.10,5,10,0,0.0,1.0,13.5
NCMAPSS,1,g5,LBall_a0.10,10,10,0,0.0,1.0,21.0
NCMAPSS,1,g5,LBall_a0.10,15,10,0,0.0,1.0,25.5
NCMAPSS,1,g5,LBall_a0.20,0,10,2,0.2,0.6241903615999997,4.0
NCMAPSS,1,g5,LBall_a0.20,5,10,1,0.1,0.8926258176,8.5
NCMAPSS,1,g5,LBall_a0.20,10,10,2,0.2,0.6241903615999997,13.5
NCMAPSS,1,g5,LBall_a0.20,15,10,2,0.2,0.6241903615999997,21.0
NCMAPSS,1,g5,LBnear_a0.05,0,10,0,0.0,1.0,12.0
NCMAPSS,1,g5,LBnear_a0.05,5,10,0,0.0,1.0,17.5
NCMAPSS,1,g5,LBnear_a0.05,10,10,0,0.0,1.0,24.0
NCMAPSS,1,g5,LBnear_a0.05,15,10,0,0.0,1.0,29.0
NCMAPSS,1,g5,LBnear_a0.10,0,10,0,0.0,1.0,10.0
NCMAPSS,1,g5,LBnear_a0.10,5,10,0,0.0,1.0,14.5
NCMAPSS,1,g5,LBnear_a0.10,10,10,0,0.0,1.0,22.0
NCMAPSS,1,g5,LBnear_a0.10,15,10,0,0.0,1.0,27.5
NCMAPSS,1,g5,LBnear_a0.20,0,10,2,0.2,0.6241903615999997,6.0
NCMAPSS,1,g5,LBnear_a0.20,5,10,1,0.1,0.8926258176,10.0
NCMAPSS,1,g5,LBnear_a0.20,10,10,0,0.0,1.0,15.0
NCMAPSS,1,g5,LBnear_a0.20,15,10,1,0.1,0.8926258176,22.0
NCMAPSS,1,g5,STW_cost_1se,0,10,0,0.0,,18.5
NCMAPSS,1,g5,STW_cost_1se,5,10,0,0.0,,24.0
NCMAPSS,1,g5,STW_cost_1se,10,10,0,0.0,,28.5
NCMAPSS,1,g5,STW_cost_1se,15,10,0,0.0,,32.0
NCMAPSS,1,g5,STW_cost_plain,0,10,0,0.0,,17.0
NCMAPSS,1,g5,STW_cost_plain,5,10,0,0.0,,21.5
NCMAPSS,1,g5,STW_cost_plain,10,10,0,0.0,,26.5
NCMAPSS,1,g5,STW_cost_plain,15,10,0,0.0,,34.5
NCMAPSS,1,g5,STW_window,0,10,0,0.0,,16.5
NCMAPSS,1,g5,STW_window,5,10,0,0.0,,32.0
NCMAPSS,1,g5,STW_window,10,10,0,0.0,,32.0
NCMAPSS,1,g5,STW_window,15,10,0,0.0,,43.5
NCMAPSS,1,g5,age,0,10,0,0.0,,
NCMAPSS,1,g5,age,5,10,0,0.0,,
NCMAPSS,1,g5,age,10,10,0,0.0,,
NCMAPSS,1,g5,age,15,10,0,0.0,,
NCMAPSS,1,g5,perfect,0,10,0,0.0,,1.0
NCMAPSS,1,g5,perfect,5,10,0,0.0,,1.0
NCMAPSS,1,g5,perfect,10,10,0,0.0,,1.0
NCMAPSS,1,g5,perfect,15,10,0,0.0,,1.0
NCMAPSS,1,g6,CNA_DA,0,10,0,0.0,1.0,25.0
NCMAPSS,1,g6,CNA_DA,5,10,0,0.0,1.0,27.0
NCMAPSS,1,g6,CNA_DA,10,10,0,0.0,1.0,36.0
NCMAPSS,1,g6,CNA_DA,15,10,0,0.0,1.0,43.5
NCMAPSS,1,g6,CNA_a0.05,0,10,0,0.0,1.0,25.0
NCMAPSS,1,g6,CNA_a0.05,5,10,0,0.0,1.0,27.0
NCMAPSS,1,g6,CNA_a0.05,10,10,0,0.0,1.0,36.0
NCMAPSS,1,g6,CNA_a0.05,15,10,0,0.0,1.0,43.5
NCMAPSS,1,g6,CNA_a0.10,0,10,0,0.0,1.0,20.5
NCMAPSS,1,g6,CNA_a0.10,5,10,0,0.0,1.0,23.5
NCMAPSS,1,g6,CNA_a0.10,10,10,0,0.0,1.0,30.0
NCMAPSS,1,g6,CNA_a0.10,15,10,0,0.0,1.0,40.5
NCMAPSS,1,g6,CNA_a0.20,0,10,0,0.0,1.0,9.0
NCMAPSS,1,g6,CNA_a0.20,5,10,0,0.0,1.0,19.5
NCMAPSS,1,g6,CNA_a0.20,10,10,0,0.0,1.0,23.5
NCMAPSS,1,g6,CNA_a0.20,15,10,2,0.2,0.6241903615999997,24.5
NCMAPSS,1,g6,KAM_P1_heur,0,10,1,0.1,,6.0
NCMAPSS,1,g6,KAM_P1_heur,5,10,1,0.1,,11.0
NCMAPSS,1,g6,KAM_P1_heur,10,10,0,0.0,,26.5
NCMAPSS,1,g6,KAM_P1_heur,15,10,0,0.0,,34.0
NCMAPSS,1,g6,KAM_P1_opt,0,10,0,0.0,,26.5
NCMAPSS,1,g6,KAM_P1_opt,5,10,0,0.0,,26.5
NCMAPSS,1,g6,KAM_P1_opt,10,10,0,0.0,,34.0
NCMAPSS,1,g6,KAM_P1_opt,15,10,0,0.0,,43.0
NCMAPSS,1,g6,LBall_a0.05,0,10,0,0.0,1.0,17.0
NCMAPSS,1,g6,LBall_a0.05,5,10,0,0.0,1.0,22.5
NCMAPSS,1,g6,LBall_a0.05,10,10,0,0.0,1.0,26.0
NCMAPSS,1,g6,LBall_a0.05,15,10,0,0.0,1.0,36.0
NCMAPSS,1,g6,LBall_a0.10,0,10,0,0.0,1.0,11.0
NCMAPSS,1,g6,LBall_a0.10,5,10,0,0.0,1.0,17.0
NCMAPSS,1,g6,LBall_a0.10,10,10,0,0.0,1.0,22.5
NCMAPSS,1,g6,LBall_a0.10,15,10,0,0.0,1.0,26.0
NCMAPSS,1,g6,LBall_a0.20,0,10,1,0.1,0.8926258176,5.0
NCMAPSS,1,g6,LBall_a0.20,5,10,2,0.2,0.6241903615999997,9.0
NCMAPSS,1,g6,LBall_a0.20,10,10,4,0.4,0.12087388160000007,15.0
NCMAPSS,1,g6,LBall_a0.20,15,10,4,0.4,0.12087388160000007,20.5
NCMAPSS,1,g6,LBnear_a0.05,0,10,0,0.0,1.0,19.0
NCMAPSS,1,g6,LBnear_a0.05,5,10,0,0.0,1.0,23.0
NCMAPSS,1,g6,LBnear_a0.05,10,10,0,0.0,1.0,26.0
NCMAPSS,1,g6,LBnear_a0.05,15,10,0,0.0,1.0,38.0
NCMAPSS,1,g6,LBnear_a0.10,0,10,0,0.0,1.0,13.5
NCMAPSS,1,g6,LBnear_a0.10,5,10,0,0.0,1.0,19.5
NCMAPSS,1,g6,LBnear_a0.10,10,10,0,0.0,1.0,24.5
NCMAPSS,1,g6,LBnear_a0.10,15,10,0,0.0,1.0,30.0
NCMAPSS,1,g6,LBnear_a0.20,0,10,1,0.1,0.8926258176,6.0
NCMAPSS,1,g6,LBnear_a0.20,5,10,2,0.2,0.6241903615999997,11.0
NCMAPSS,1,g6,LBnear_a0.20,10,10,2,0.2,0.6241903615999997,17.0
NCMAPSS,1,g6,LBnear_a0.20,15,10,3,0.3,0.32220047360000015,22.5
NCMAPSS,1,g6,STW_cost_1se,0,10,0,0.0,,23.0
NCMAPSS,1,g6,STW_cost_1se,5,10,0,0.0,,27.5
NCMAPSS,1,g6,STW_cost_1se,10,10,0,0.0,,29.5
NCMAPSS,1,g6,STW_cost_1se,15,10,0,0.0,,40.5
NCMAPSS,1,g6,STW_cost_plain,0,10,0,0.0,,22.0
NCMAPSS,1,g6,STW_cost_plain,5,10,0,0.0,,26.0
NCMAPSS,1,g6,STW_cost_plain,10,10,0,0.0,,29.0
NCMAPSS,1,g6,STW_cost_plain,15,10,0,0.0,,38.5
NCMAPSS,1,g6,STW_window,0,10,0,0.0,,25.0
NCMAPSS,1,g6,STW_window,5,10,0,0.0,,25.0
NCMAPSS,1,g6,STW_window,10,10,0,0.0,,42.0
NCMAPSS,1,g6,STW_window,15,10,0,0.0,,42.0
NCMAPSS,1,g6,age,0,10,0,0.0,,
NCMAPSS,1,g6,age,5,10,0,0.0,,
NCMAPSS,1,g6,age,10,10,0,0.0,,
NCMAPSS,1,g6,age,15,10,0,0.0,,
NCMAPSS,1,g6,perfect,0,10,0,0.0,,1.0
NCMAPSS,1,g6,perfect,5,10,0,0.0,,1.0
NCMAPSS,1,g6,perfect,10,10,0,0.0,,1.0
NCMAPSS,1,g6,perfect,15,10,0,0.0,,1.0
NCMAPSS,1,g7,CNA_DA,0,15,4,0.26666666666666666,0.05555563000753602,10.0
NCMAPSS,1,g7,CNA_DA,5,15,0,0.0,1.0,21.0
NCMAPSS,1,g7,CNA_DA,10,15,3,0.2,0.18406106910639106,26.0
NCMAPSS,1,g7,CNA_DA,15,15,3,0.2,0.18406106910639106,30.0
NCMAPSS,1,g7,CNA_a0.05,0,15,0,0.0,1.0,18.0
NCMAPSS,1,g7,CNA_a0.05,5,15,0,0.0,1.0,21.0
NCMAPSS,1,g7,CNA_a0.05,10,15,3,0.2,0.03620023864272912,26.0
NCMAPSS,1,g7,CNA_a0.05,15,15,3,0.2,0.03620023864272912,30.0
NCMAPSS,1,g7,CNA_a0.10,0,15,5,0.3333333333333333,0.012720483641251005,10.0
NCMAPSS,1,g7,CNA_a0.10,5,15,5,0.3333333333333333,0.012720483641251005,13.0
NCMAPSS,1,g7,CNA_a0.10,10,15,5,0.3333333333333333,0.012720483641251005,20.0
NCMAPSS,1,g7,CNA_a0.10,15,15,6,0.4,0.002249670085048001,23.0
NCMAPSS,1,g7,CNA_a0.20,0,15,6,0.4,0.061051429617664056,9.0
NCMAPSS,1,g7,CNA_a0.20,5,15,6,0.4,0.061051429617664056,10.0
NCMAPSS,1,g7,CNA_a0.20,10,15,5,0.3333333333333333,0.16423372393676816,12.5
NCMAPSS,1,g7,CNA_a0.20,15,15,6,0.4,0.061051429617664056,19.0
NCMAPSS,1,g7,KAM_P1_heur,0,15,5,0.3333333333333333,,7.5
NCMAPSS,1,g7,KAM_P1_heur,5,15,6,0.4,,9.5
NCMAPSS,1,g7,KAM_P1_heur,10,15,6,0.4,,13.0
NCMAPSS,1,g7,KAM_P1_heur,15,15,5,0.3333333333333333,,22.0
NCMAPSS,1,g7,KAM_P1_opt,0,15,0,0.0,,22.0
NCMAPSS,1,g7,KAM_P1_opt,5,15,0,0.0,,22.0
NCMAPSS,1,g7,KAM_P1_opt,10,15,1,0.06666666666666667,,28.0
NCMAPSS,1,g7,KAM_P1_opt,15,15,1,0.06666666666666667,,31.0
NCMAPSS,1,g7,LBall_a0.05,0,15,2,0.13333333333333333,0.1709525355035991,10.0
NCMAPSS,1,g7,LBall_a0.05,5,15,5,0.3333333333333333,0.0006146828696831205,15.0
NCMAPSS,1,g7,LBall_a0.05,10,15,5,0.3333333333333333,0.0006146828696831205,19.0
NCMAPSS,1,g7,LBall_a0.05,15,15,5,0.3333333333333333,0.0006146828696831205,25.0
NCMAPSS,1,g7,LBall_a0.10,0,15,5,0.3333333333333333,0.012720483641251005,9.5
NCMAPSS,1,g7,LBall_a0.10,5,15,5,0.3333333333333333,0.012720483641251005,11.0
NCMAPSS,1,g7,LBall_a0.10,10,15,5,0.3333333333333333,0.012720483641251005,15.5
NCMAPSS,1,g7,LBall_a0.10,15,15,6,0.4,0.002249670085048001,20.0
NCMAPSS,1,g7,LBall_a0.20,0,15,6,0.4,0.061051429617664056,6.0
NCMAPSS,1,g7,LBall_a0.20,5,15,7,0.4666666666666667,0.018058806984704016,10.0
NCMAPSS,1,g7,LBall_a0.20,10,15,9,0.6,0.0007849853911040007,10.0
NCMAPSS,1,g7,LBall_a0.20,15,15,8,0.5333333333333333,0.0042397497098240035,15.5
NCMAPSS,1,g7,LBnear_a0.05,0,15,2,0.13333333333333333,0.1709525355035991,11.0
NCMAPSS,1,g7,LBnear_a0.05,5,15,5,0.3333333333333333,0.0006146828696831205,15.5
NCMAPSS,1,g7,LBnear_a0.05,10,15,5,0.3333333333333333,0.0006146828696831205,20.0
NCMAPSS,1,g7,LBnear_a0.05,15,15,5,0.3333333333333333,0.0006146828696831205,26.0
NCMAPSS,1,g7,LBnear_a0.10,0,15,5,0.3333333333333333,0.012720483641251005,10.5
NCMAPSS,1,g7,LBnear_a0.10,5,15,5,0.3333333333333333,0.012720483641251005,12.5
NCMAPSS,1,g7,LBnear_a0.10,10,15,5,0.3333333333333333,0.012720483641251005,17.0
NCMAPSS,1,g7,LBnear_a0.10,15,15,6,0.4,0.002249670085048001,21.0
NCMAPSS,1,g7,LBnear_a0.20,0,15,6,0.4,0.061051429617664056,8.0
NCMAPSS,1,g7,LBnear_a0.20,5,15,6,0.4,0.061051429617664056,11.5
NCMAPSS,1,g7,LBnear_a0.20,10,15,5,0.3333333333333333,0.16423372393676816,13.0
NCMAPSS,1,g7,LBnear_a0.20,15,15,7,0.4666666666666667,0.018058806984704016,18.0
NCMAPSS,1,g7,STW_cost_1se,0,15,1,0.06666666666666667,,14.5
NCMAPSS,1,g7,STW_cost_1se,5,15,3,0.2,,18.0
NCMAPSS,1,g7,STW_cost_1se,10,15,4,0.26666666666666666,,26.0
NCMAPSS,1,g7,STW_cost_1se,15,15,4,0.26666666666666666,,29.0
NCMAPSS,1,g7,STW_cost_plain,0,15,2,0.13333333333333333,,13.0
NCMAPSS,1,g7,STW_cost_plain,5,15,3,0.2,,17.0
NCMAPSS,1,g7,STW_cost_plain,10,15,3,0.2,,23.0
NCMAPSS,1,g7,STW_cost_plain,15,15,5,0.3333333333333333,,28.0
NCMAPSS,1,g7,STW_window,0,15,5,0.3333333333333333,,10.0
NCMAPSS,1,g7,STW_window,5,15,0,0.0,,23.0
NCMAPSS,1,g7,STW_window,10,15,2,0.13333333333333333,,28.0
NCMAPSS,1,g7,STW_window,15,15,4,0.26666666666666666,,28.0
NCMAPSS,1,g7,age,0,15,0,0.0,,
NCMAPSS,1,g7,age,5,15,0,0.0,,
NCMAPSS,1,g7,age,10,15,0,0.0,,
NCMAPSS,1,g7,age,15,15,0,0.0,,
NCMAPSS,1,g7,perfect,0,15,0,0.0,,1.0
NCMAPSS,1,g7,perfect,5,15,0,0.0,,1.0
NCMAPSS,1,g7,perfect,10,15,0,0.0,,1.0
NCMAPSS,1,g7,perfect,15,15,0,0.0,,1.0
NCMAPSS,1,g8,CNA_DA,0,10,1,0.1,0.6513215599000001,14.0
NCMAPSS,1,g8,CNA_DA,5,10,1,0.1,0.6513215599000001,17.5
NCMAPSS,1,g8,CNA_DA,10,10,1,0.1,0.6513215599000001,23.0
NCMAPSS,1,g8,CNA_DA,15,10,4,0.4,0.0127951984,23.0
NCMAPSS,1,g8,CNA_a0.05,0,10,1,0.1,0.4012630607616211,14.0
NCMAPSS,1,g8,CNA_a0.05,5,10,1,0.1,0.4012630607616211,17.5
NCMAPSS,1,g8,CNA_a0.05,10,10,1,0.1,0.4012630607616211,23.0
NCMAPSS,1,g8,CNA_a0.05,15,10,4,0.4,0.001028497937890625,23.0
NCMAPSS,1,g8,CNA_a0.10,0,10,1,0.1,0.6513215599000001,9.0
NCMAPSS,1,g8,CNA_a0.10,5,10,3,0.3,0.0701908264,11.0
NCMAPSS,1,g8,CNA_a0.10,10,10,4,0.4,0.0127951984,15.0
NCMAPSS,1,g8,CNA_a0.10,15,10,4,0.4,0.0127951984,16.5
NCMAPSS,1,g8,CNA_a0.20,0,10,5,0.5,0.03279349760000002,3.0
NCMAPSS,1,g8,CNA_a0.20,5,10,6,0.6,0.0063693824000000026,6.0
NCMAPSS,1,g8,CNA_a0.20,10,10,7,0.7,0.0008643584000000003,8.0
NCMAPSS,1,g8,CNA_a0.20,15,10,5,0.5,0.03279349760000002,15.0
NCMAPSS,1,g8,KAM_P1_heur,0,10,6,0.6,,2.0
NCMAPSS,1,g8,KAM_P1_heur,5,10,5,0.5,,7.0
NCMAPSS,1,g8,KAM_P1_heur,10,10,3,0.3,,15.0
NCMAPSS,1,g8,KAM_P1_heur,15,10,4,0.4,,17.5
NCMAPSS,1,g8,KAM_P1_opt,0,10,1,0.1,,15.0
NCMAPSS,1,g8,KAM_P1_opt,5,10,0,0.0,,17.5
NCMAPSS,1,g8,KAM_P1_opt,10,10,1,0.1,,24.5
NCMAPSS,1,g8,KAM_P1_opt,15,10,2,0.2,,24.5
NCMAPSS,1,g8,LBall_a0.05,0,10,3,0.3,0.011503557379296871,6.0
NCMAPSS,1,g8,LBall_a0.05,5,10,3,0.3,0.011503557379296871,8.0
NCMAPSS,1,g8,LBall_a0.05,10,10,4,0.4,0.001028497937890625,13.0
NCMAPSS,1,g8,LBall_a0.05,15,10,4,0.4,0.001028497937890625,17.5
NCMAPSS,1,g8,LBall_a0.10,0,10,4,0.4,0.0127951984,5.0
NCMAPSS,1,g8,LBall_a0.10,5,10,5,0.5,0.0016349374000000003,7.0
NCMAPSS,1,g8,LBall_a0.10,10,10,7,0.7,9.121600000000001e-06,10.0
NCMAPSS,1,g8,LBall_a0.10,15,10,5,0.5,0.0016349374000000003,15.0
NCMAPSS,1,g8,LBall_a0.20,0,10,5,0.5,0.03279349760000002,2.0
NCMAPSS,1,g8,LBall_a0.20,5,10,7,0.7,0.0008643584000000003,5.5
NCMAPSS,1,g8,LBall_a0.20,10,10,9,0.9,4.198400000000002e-06,7.0
NCMAPSS,1,g8,LBall_a0.20,15,10,8,0.8,7.792640000000004e-05,11.0
NCMAPSS,1,g8,LBnear_a0.05,0,10,3,0.3,0.011503557379296871,6.0
NCMAPSS,1,g8,LBnear_a0.05,5,10,3,0.3,0.011503557379296871,8.0
NCMAPSS,1,g8,LBnear_a0.05,10,10,4,0.4,0.001028497937890625,14.0
NCMAPSS,1,g8,LBnear_a0.05,15,10,4,0.4,0.001028497937890625,18.0
NCMAPSS,1,g8,LBnear_a0.10,0,10,4,0.4,0.0127951984,5.0
NCMAPSS,1,g8,LBnear_a0.10,5,10,5,0.5,0.0016349374000000003,7.0
NCMAPSS,1,g8,LBnear_a0.10,10,10,5,0.5,0.0016349374000000003,11.0
NCMAPSS,1,g8,LBnear_a0.10,15,10,5,0.5,0.0016349374000000003,15.0
NCMAPSS,1,g8,LBnear_a0.20,0,10,5,0.5,0.03279349760000002,3.0
NCMAPSS,1,g8,LBnear_a0.20,5,10,5,0.5,0.03279349760000002,6.0
NCMAPSS,1,g8,LBnear_a0.20,10,10,7,0.7,0.0008643584000000003,8.0
NCMAPSS,1,g8,LBnear_a0.20,15,10,7,0.7,0.0008643584000000003,13.0
NCMAPSS,1,g8,STW_cost_1se,0,10,1,0.1,,10.0
NCMAPSS,1,g8,STW_cost_1se,5,10,1,0.1,,14.0
NCMAPSS,1,g8,STW_cost_1se,10,10,3,0.3,,15.0
NCMAPSS,1,g8,STW_cost_1se,15,10,2,0.2,,21.0
NCMAPSS,1,g8,STW_cost_plain,0,10,1,0.1,,7.0
NCMAPSS,1,g8,STW_cost_plain,5,10,1,0.1,,12.0
NCMAPSS,1,g8,STW_cost_plain,10,10,4,0.4,,14.0
NCMAPSS,1,g8,STW_cost_plain,15,10,5,0.5,,18.0
NCMAPSS,1,g8,STW_window,0,10,0,0.0,,21.5
NCMAPSS,1,g8,STW_window,5,10,0,0.0,,21.5
NCMAPSS,1,g8,STW_window,10,10,2,0.2,,21.5
NCMAPSS,1,g8,STW_window,15,10,3,0.3,,21.5
NCMAPSS,1,g8,age,0,10,2,0.2,,
NCMAPSS,1,g8,age,5,10,2,0.2,,
NCMAPSS,1,g8,age,10,10,2,0.2,,
NCMAPSS,1,g8,age,15,10,2,0.2,,
NCMAPSS,1,g8,perfect,0,10,0,0.0,,1.0
NCMAPSS,1,g8,perfect,5,10,0,0.0,,1.0
NCMAPSS,1,g8,perfect,10,10,0,0.0,,1.0
NCMAPSS,1,g8,perfect,15,10,0,0.0,,1.0
NCMAPSS,2,g0,CNA_DA,0,10,0,0.0,1.0,34.5
NCMAPSS,2,g0,CNA_DA,5,10,0,0.0,1.0,37.5
NCMAPSS,2,g0,CNA_DA,10,10,0,0.0,1.0,44.5
NCMAPSS,2,g0,CNA_DA,15,10,0,0.0,1.0,51.5
NCMAPSS,2,g0,CNA_a0.05,0,10,0,0.0,1.0,34.5
NCMAPSS,2,g0,CNA_a0.05,5,10,0,0.0,1.0,37.5
NCMAPSS,2,g0,CNA_a0.05,10,10,0,0.0,1.0,44.5
NCMAPSS,2,g0,CNA_a0.05,15,10,0,0.0,1.0,51.5
NCMAPSS,2,g0,CNA_a0.10,0,10,0,0.0,1.0,31.5
NCMAPSS,2,g0,CNA_a0.10,5,10,0,0.0,1.0,32.5
NCMAPSS,2,g0,CNA_a0.10,10,10,0,0.0,1.0,40.5
NCMAPSS,2,g0,CNA_a0.10,15,10,0,0.0,1.0,44.5
NCMAPSS,2,g0,CNA_a0.20,0,10,0,0.0,1.0,15.5
NCMAPSS,2,g0,CNA_a0.20,5,10,0,0.0,1.0,26.0
NCMAPSS,2,g0,CNA_a0.20,10,10,0,0.0,1.0,32.5
NCMAPSS,2,g0,CNA_a0.20,15,10,0,0.0,1.0,37.5
NCMAPSS,2,g0,KAM_P1_heur,0,10,0,0.0,,13.0
NCMAPSS,2,g0,KAM_P1_heur,5,10,0,0.0,,20.0
NCMAPSS,2,g0,KAM_P1_heur,10,10,0,0.0,,39.0
NCMAPSS,2,g0,KAM_P1_heur,15,10,0,0.0,,45.5
NCMAPSS,2,g0,KAM_P1_opt,0,10,0,0.0,,39.0
NCMAPSS,2,g0,KAM_P1_opt,5,10,0,0.0,,39.0
NCMAPSS,2,g0,KAM_P1_opt,10,10,0,0.0,,45.5
NCMAPSS,2,g0,KAM_P1_opt,15,10,0,0.0,,49.5
NCMAPSS,2,g0,LBall_a0.05,0,10,0,0.0,1.0,20.0
NCMAPSS,2,g0,LBall_a0.05,5,10,0,0.0,1.0,26.0
NCMAPSS,2,g0,LBall_a0.05,10,10,0,0.0,1.0,33.5
NCMAPSS,2,g0,LBall_a0.05,15,10,0,0.0,1.0,44.0
NCMAPSS,2,g0,LBall_a0.10,0,10,0,0.0,1.0,15.5
NCMAPSS,2,g0,LBall_a0.10,5,10,0,0.0,1.0,21.5
NCMAPSS,2,g0,LBall_a0.10,10,10,0,0.0,1.0,28.5
NCMAPSS,2,g0,LBall_a0.10,15,10,0,0.0,1.0,38.5
NCMAPSS,2,g0,LBall_a0.20,0,10,0,0.0,1.0,11.5
NCMAPSS,2,g0,LBall_a0.20,5,10,0,0.0,1.0,16.0
NCMAPSS,2,g0,LBall_a0.20,10,10,0,0.0,1.0,21.5
NCMAPSS,2,g0,LBall_a0.20,15,10,0,0.0,1.0,29.5
NCMAPSS,2,g0,LBnear_a0.05,0,10,0,0.0,1.0,21.0
NCMAPSS,2,g0,LBnear_a0.05,5,10,0,0.0,1.0,27.0
NCMAPSS,2,g0,LBnear_a0.05,10,10,0,0.0,1.0,37.5
NCMAPSS,2,g0,LBnear_a0.05,15,10,0,0.0,1.0,44.5
NCMAPSS,2,g0,LBnear_a0.10,0,10,0,0.0,1.0,17.0
NCMAPSS,2,g0,LBnear_a0.10,5,10,0,0.0,1.0,22.5
NCMAPSS,2,g0,LBnear_a0.10,10,10,0,0.0,1.0,31.0
NCMAPSS,2,g0,LBnear_a0.10,15,10,0,0.0,1.0,41.0
NCMAPSS,2,g0,LBnear_a0.20,0,10,0,0.0,1.0,13.0
NCMAPSS,2,g0,LBnear_a0.20,5,10,0,0.0,1.0,17.0
NCMAPSS,2,g0,LBnear_a0.20,10,10,0,0.0,1.0,22.5
NCMAPSS,2,g0,LBnear_a0.20,15,10,0,0.0,1.0,31.0
NCMAPSS,2,g0,STW_cost_1se,0,10,0,0.0,,34.0
NCMAPSS,2,g0,STW_cost_1se,5,10,0,0.0,,40.5
NCMAPSS,2,g0,STW_cost_1se,10,10,0,0.0,,45.5
NCMAPSS,2,g0,STW_cost_1se,15,10,0,0.0,,52.0
NCMAPSS,2,g0,STW_cost_plain,0,10,0,0.0,,35.5
NCMAPSS,2,g0,STW_cost_plain,5,10,0,0.0,,39.0
NCMAPSS,2,g0,STW_cost_plain,10,10,0,0.0,,45.0
NCMAPSS,2,g0,STW_cost_plain,15,10,0,0.0,,50.5
NCMAPSS,2,g0,STW_window,0,10,0,0.0,,34.0
NCMAPSS,2,g0,STW_window,5,10,0,0.0,,49.5
NCMAPSS,2,g0,STW_window,10,10,0,0.0,,49.5
NCMAPSS,2,g0,STW_window,15,10,0,0.0,,58.5
NCMAPSS,2,g0,age,0,10,0,0.0,,
NCMAPSS,2,g0,age,5,10,0,0.0,,
NCMAPSS,2,g0,age,10,10,0,0.0,,
NCMAPSS,2,g0,age,15,10,0,0.0,,
NCMAPSS,2,g0,perfect,0,10,0,0.0,,1.0
NCMAPSS,2,g0,perfect,5,10,0,0.0,,1.0
NCMAPSS,2,g0,perfect,10,10,0,0.0,,1.0
NCMAPSS,2,g0,perfect,15,10,0,0.0,,1.0
NCMAPSS,2,g1,CNA_DA,0,9,0,0.0,1.0,14.0
NCMAPSS,2,g1,CNA_DA,5,9,0,0.0,1.0,17.0
NCMAPSS,2,g1,CNA_DA,10,9,0,0.0,1.0,17.0
NCMAPSS,2,g1,CNA_DA,15,9,0,0.0,1.0,24.0
NCMAPSS,2,g1,CNA_a0.05,0,9,0,0.0,1.0,14.0
NCMAPSS,2,g1,CNA_a0.05,5,9,0,0.0,1.0,17.0
NCMAPSS,2,g1,CNA_a0.05,10,9,0,0.0,1.0,17.0
NCMAPSS,2,g1,CNA_a0.05,15,9,0,0.0,1.0,24.0
NCMAPSS,2,g1,CNA_a0.10,0,9,0,0.0,1.0,11.0
NCMAPSS,2,g1,CNA_a0.10,5,9,0,0.0,1.0,13.0
NCMAPSS,2,g1,CNA_a0.10,10,9,0,0.0,1.0,16.0
NCMAPSS,2,g1,CNA_a0.10,15,9,1,0.1111111111111111,0.6125795110000001,20.0
NCMAPSS,2,g1,CNA_a0.20,0,9,1,0.1111111111111111,0.865782272,7.0
NCMAPSS,2,g1,CNA_a0.20,5,9,2,0.2222222222222222,0.5637923840000003,10.0
NCMAPSS,2,g1,CNA_a0.20,10,9,2,0.2222222222222222,0.5637923840000003,12.0
NCMAPSS,2,g1,CNA_a0.20,15,9,3,0.3333333333333333,0.26180249600000016,16.0
NCMAPSS,2,g1,KAM_P1_heur,0,9,1,0.1111111111111111,,5.0
NCMAPSS,2,g1,KAM_P1_heur,5,9,2,0.2222222222222222,,10.0
NCMAPSS,2,g1,KAM_P1_heur,10,9,1,0.1111111111111111,,15.0
NCMAPSS,2,g1,KAM_P1_heur,15,9,1,0.1111111111111111,,20.0
NCMAPSS,2,g1,KAM_P1_opt,0,9,0,0.0,,15.0
NCMAPSS,2,g1,KAM_P1_opt,5,9,0,0.0,,20.0
NCMAPSS,2,g1,KAM_P1_opt,10,9,0,0.0,,25.0
NCMAPSS,2,g1,KAM_P1_opt,15,9,0,0.0,,25.0
NCMAPSS,2,g1,LBall_a0.05,0,9,0,0.0,1.0,10.0
NCMAPSS,2,g1,LBall_a0.05,5,9,1,0.1111111111111111,0.36975059027539064,12.0
NCMAPSS,2,g1,LBall_a0.05,10,9,0,0.0,1.0,15.0
NCMAPSS,2,g1,LBall_a0.05,15,9,1,0.1111111111111111,0.36975059027539064,19.0
NCMAPSS,2,g1,LBall_a0.10,0,9,0,0.0,1.0,8.0
NCMAPSS,2,g1,LBall_a0.10,5,9,2,0.2222222222222222,0.225159022,11.0
NCMAPSS,2,g1,LBall_a0.10,10,9,2,0.2222222222222222,0.225159022,13.0
NCMAPSS,2,g1,LBall_a0.10,15,9,3,0.3333333333333333,0.052972138,16.0
NCMAPSS,2,g1,LBall_a0.20,0,9,2,0.2222222222222222,0.5637923840000003,4.0
NCMAPSS,2,g1,LBall_a0.20,5,9,2,0.2222222222222222,0.5637923840000003,8.0
NCMAPSS,2,g1,LBall_a0.20,10,9,3,0.3333333333333333,0.26180249600000016,11.0
NCMAPSS,2,g1,LBall_a0.20,15,9,7,0.7777777777777778,0.00031385600000000016,13.0
NCMAPSS,2,g1,LBnear_a0.05,0,9,0,0.0,1.0,11.0
NCMAPSS,2,g1,LBnear_a0.05,5,9,0,0.0,1.0,13.0
NCMAPSS,2,g1,LBnear_a0.05,10,9,0,0.0,1.0,16.0
NCMAPSS,2,g1,LBnear_a0.05,15,9,1,0.1111111111111111,0.36975059027539064,20.0
NCMAPSS,2,g1,LBnear_a0.10,0,9,0,0.0,1.0,9.0
NCMAPSS,2,g1,LBnear_a0.10,5,9,1,0.1111111111111111,0.6125795110000001,12.0
NCMAPSS,2,g1,LBnear_a0.10,10,9,1,0.1111111111111111,0.6125795110000001,14.0
NCMAPSS,2,g1,LBnear_a0.10,15,9,3,0.3333333333333333,0.052972138,17.0
NCMAPSS,2,g1,LBnear_a0.20,0,9,1,0.1111111111111111,0.865782272,6.0
NCMAPSS,2,g1,LBnear_a0.20,5,9,2,0.2222222222222222,0.5637923840000003,9.0
NCMAPSS,2,g1,LBnear_a0.20,10,9,2,0.2222222222222222,0.5637923840000003,12.0
NCMAPSS,2,g1,LBnear_a0.20,15,9,5,0.5555555555555556,0.019581440000000012,14.0
NCMAPSS,2,g1,STW_cost_1se,0,9,0,0.0,,13.0
NCMAPSS,2,g1,STW_cost_1se,5,9,0,0.0,,14.0
NCMAPSS,2,g1,STW_cost_1se,10,9,0,0.0,,20.0
NCMAPSS,2,g1,STW_cost_1se,15,9,0,0.0,,23.0
NCMAPSS,2,g1,STW_cost_plain,0,9,0,0.0,,14.0
NCMAPSS,2,g1,STW_cost_plain,5,9,0,0.0,,14.0
NCMAPSS,2,g1,STW_cost_plain,10,9,0,0.0,,19.0
NCMAPSS,2,g1,STW_cost_plain,15,9,0,0.0,,22.0
NCMAPSS,2,g1,STW_window,0,9,0,0.0,,11.0
NCMAPSS,2,g1,STW_window,5,9,0,0.0,,26.0
NCMAPSS,2,g1,STW_window,10,9,0,0.0,,26.0
NCMAPSS,2,g1,STW_window,15,9,0,0.0,,26.0
NCMAPSS,2,g1,age,0,9,0,0.0,,
NCMAPSS,2,g1,age,5,9,0,0.0,,
NCMAPSS,2,g1,age,10,9,0,0.0,,
NCMAPSS,2,g1,age,15,9,0,0.0,,
NCMAPSS,2,g1,perfect,0,9,0,0.0,,1.0
NCMAPSS,2,g1,perfect,5,9,0,0.0,,1.0
NCMAPSS,2,g1,perfect,10,9,0,0.0,,1.0
NCMAPSS,2,g1,perfect,15,9,0,0.0,,1.0
NCMAPSS,2,g2,CNA_DA,0,15,0,0.0,1.0,15.0
NCMAPSS,2,g2,CNA_DA,5,15,0,0.0,1.0,22.0
NCMAPSS,2,g2,CNA_DA,10,15,0,0.0,1.0,29.0
NCMAPSS,2,g2,CNA_DA,15,15,0,0.0,1.0,36.0
NCMAPSS,2,g2,CNA_a0.05,0,15,0,0.0,1.0,15.0
NCMAPSS,2,g2,CNA_a0.05,5,15,0,0.0,1.0,22.0
NCMAPSS,2,g2,CNA_a0.05,10,15,0,0.0,1.0,29.0
NCMAPSS,2,g2,CNA_a0.05,15,15,0,0.0,1.0,36.0
NCMAPSS,2,g2,CNA_a0.10,0,15,0,0.0,1.0,13.0
NCMAPSS,2,g2,CNA_a0.10,5,15,0,0.0,1.0,17.0
NCMAPSS,2,g2,CNA_a0.10,10,15,0,0.0,1.0,24.0
NCMAPSS,2,g2,CNA_a0.10,15,15,1,0.06666666666666667,0.794108867905351,31.0
NCMAPSS,2,g2,CNA_a0.20,0,15,0,0.0,1.0,8.0
NCMAPSS,2,g2,CNA_a0.20,5,15,0,0.0,1.0,15.0
NCMAPSS,2,g2,CNA_a0.20,10,15,0,0.0,1.0,21.0
NCMAPSS,2,g2,CNA_a0.20,15,15,1,0.06666666666666667,0.964815627911168,24.0
NCMAPSS,2,g2,KAM_P1_heur,0,15,0,0.0,,8.0
NCMAPSS,2,g2,KAM_P1_heur,5,15,0,0.0,,16.0
NCMAPSS,2,g2,KAM_P1_heur,10,15,0,0.0,,19.0
NCMAPSS,2,g2,KAM_P1_heur,15,15,1,0.06666666666666667,,29.0
NCMAPSS,2,g2,KAM_P1_opt,0,15,0,0.0,,16.0
NCMAPSS,2,g2,KAM_P1_opt,5,15,0,0.0,,19.0
NCMAPSS,2,g2,KAM_P1_opt,10,15,0,0.0,,36.0
NCMAPSS,2,g2,KAM_P1_opt,15,15,0,0.0,,36.0
NCMAPSS,2,g2,LBall_a0.05,0,15,0,0.0,1.0,13.0
NCMAPSS,2,g2,LBall_a0.05,5,15,0,0.0,1.0,15.0
NCMAPSS,2,g2,LBall_a0.05,10,15,0,0.0,1.0,19.0
NCMAPSS,2,g2,LBall_a0.05,15,15,1,0.06666666666666667,0.5367087698402466,28.0
NCMAPSS,2,g2,LBall_a0.10,0,15,0,0.0,1.0,12.0
NCMAPSS,2,g2,LBall_a0.10,5,15,0,0.0,1.0,15.0
NCMAPSS,2,g2,LBall_a0.10,10,15,0,0.0,1.0,17.0
NCMAPSS,2,g2,LBall_a0.10,15,15,1,0.06666666666666667,0.794108867905351,24.0
NCMAPSS,2,g2,LBall_a0.20,0,15,0,0.0,1.0,7.0
NCMAPSS,2,g2,LBall_a0.20,5,15,1,0.06666666666666667,0.964815627911168,12.0
NCMAPSS,2,g2,LBall_a0.20,10,15,5,0.3333333333333333,0.16423372393676816,14.0
NCMAPSS,2,g2,LBall_a0.20,15,15,6,0.4,0.061051429617664056,16.0
NCMAPSS,2,g2,LBnear_a0.05,0,15,0,0.0,1.0,14.0
NCMAPSS,2,g2,LBnear_a0.05,5,15,0,0.0,1.0,16.0
NCMAPSS,2,g2,LBnear_a0.05,10,15,0,0.0,1.0,22.0
NCMAPSS,2,g2,LBnear_a0.05,15,15,1,0.06666666666666667,0.5367087698402466,29.0
NCMAPSS,2,g2,LBnear_a0.10,0,15,0,0.0,1.0,13.0
NCMAPSS,2,g2,LBnear_a0.10,5,15,0,0.0,1.0,15.0
NCMAPSS,2,g2,LBnear_a0.10,10,15,0,0.0,1.0,18.0
NCMAPSS,2,g2,LBnear_a0.10,15,15,1,0.06666666666666667,0.794108867905351,24.0
NCMAPSS,2,g2,LBnear_a0.20,0,15,0,0.0,1.0,9.0
NCMAPSS,2,g2,LBnear_a0.20,5,15,0,0.0,1.0,13.0
NCMAPSS,2,g2,LBnear_a0.20,10,15,2,0.13333333333333333,0.8328742325780478,15.0
NCMAPSS,2,g2,LBnear_a0.20,15,15,3,0.2,0.6019767907450877,19.0
NCMAPSS,2,g2,STW_cost_1se,0,15,0,0.0,,15.0
NCMAPSS,2,g2,STW_cost_1se,5,15,0,0.0,,19.0
NCMAPSS,2,g2,STW_cost_1se,10,15,0,0.0,,24.0
NCMAPSS,2,g2,STW_cost_1se,15,15,1,0.06666666666666667,,37.0
NCMAPSS,2,g2,STW_cost_plain,0,15,0,0.0,,15.0
NCMAPSS,2,g2,STW_cost_plain,5,15,0,0.0,,18.0
NCMAPSS,2,g2,STW_cost_plain,10,15,0,0.0,,25.0
NCMAPSS,2,g2,STW_cost_plain,15,15,1,0.06666666666666667,,36.0
NCMAPSS,2,g2,STW_window,0,15,0,0.0,,15.0
NCMAPSS,2,g2,STW_window,5,15,0,0.0,,26.0
NCMAPSS,2,g2,STW_window,10,15,0,0.0,,39.0
NCMAPSS,2,g2,STW_window,15,15,0,0.0,,39.0
NCMAPSS,2,g2,age,0,15,0,0.0,,
NCMAPSS,2,g2,age,5,15,0,0.0,,
NCMAPSS,2,g2,age,10,15,0,0.0,,
NCMAPSS,2,g2,age,15,15,0,0.0,,
NCMAPSS,2,g2,perfect,0,15,0,0.0,,1.0
NCMAPSS,2,g2,perfect,5,15,0,0.0,,1.0
NCMAPSS,2,g2,perfect,10,15,0,0.0,,1.0
NCMAPSS,2,g2,perfect,15,15,0,0.0,,1.0
NCMAPSS,2,g3,CNA_DA,0,10,2,0.2,0.2639010709,28.5
NCMAPSS,2,g3,CNA_DA,5,10,2,0.2,0.2639010709,40.0
NCMAPSS,2,g3,CNA_DA,10,10,2,0.2,0.2639010709,43.0
NCMAPSS,2,g3,CNA_DA,15,10,1,0.1,0.6513215599000001,52.0
NCMAPSS,2,g3,CNA_a0.05,0,10,2,0.2,0.08613835589931637,28.5
NCMAPSS,2,g3,CNA_a0.05,5,10,2,0.2,0.08613835589931637,40.0
NCMAPSS,2,g3,CNA_a0.05,10,10,2,0.2,0.08613835589931637,43.0
NCMAPSS,2,g3,CNA_a0.05,15,10,1,0.1,0.4012630607616211,52.0
NCMAPSS,2,g3,CNA_a0.10,0,10,8,0.8,3.736000000000001e-07,13.5
NCMAPSS,2,g3,CNA_a0.10,5,10,6,0.6,0.0001469026,22.5
NCMAPSS,2,g3,CNA_a0.10,10,10,4,0.4,0.0127951984,28.0
NCMAPSS,2,g3,CNA_a0.10,15,10,3,0.3,0.0701908264,45.0
NCMAPSS,2,g3,CNA_a0.20,0,10,9,0.9,4.198400000000002e-06,5.0
NCMAPSS,2,g3,CNA_a0.20,5,10,8,0.8,7.792640000000004e-05,12.5
NCMAPSS,2,g3,CNA_a0.20,10,10,6,0.6,0.0063693824000000026,24.0
NCMAPSS,2,g3,CNA_a0.20,15,10,5,0.5,0.03279349760000002,26.0
NCMAPSS,2,g3,KAM_P1_heur,0,10,9,0.9,,6.0
NCMAPSS,2,g3,KAM_P1_heur,5,10,8,0.8,,13.5
NCMAPSS,2,g3,KAM_P1_heur,10,10,6,0.6,,22.5
NCMAPSS,2,g3,KAM_P1_heur,15,10,2,0.2,,43.5
NCMAPSS,2,g3,KAM_P1_opt,0,10,2,0.2,,29.5
NCMAPSS,2,g3,KAM_P1_opt,5,10,2,0.2,,43.5
NCMAPSS,2,g3,KAM_P1_opt,10,10,1,0.1,,51.0
NCMAPSS,2,g3,KAM_P1_opt,15,10,0,0.0,,55.0
NCMAPSS,2,g3,LBall_a0.05,0,10,8,0.8,1.6050781250000006e-09,15.5
NCMAPSS,2,g3,LBall_a0.05,5,10,6,0.6,2.7545826171875003e-06,22.0
NCMAPSS,2,g3,LBall_a0.05,10,10,5,0.5,6.36898314453125e-05,26.0
NCMAPSS,2,g3,LBall_a0.05,15,10,3,0.3,0.011503557379296871,43.0
NCMAPSS,2,g3,LBall_a0.10,0,10,8,0.8,3.736000000000001e-07,11.0
NCMAPSS,2,g3,LBall_a0.10,5,10,8,0.8,3.736000000000001e-07,16.5
NCMAPSS,2,g3,LBall_a0.10,10,10,6,0.6,0.0001469026,24.0
NCMAPSS,2,g3,LBall_a0.10,15,10,4,0.4,0.0127951984,28.5
NCMAPSS,2,g3,LBall_a0.20,0,10,10,1.0,1.0240000000000006e-07,
NCMAPSS,2,g3,LBall_a0.20,5,10,8,0.8,7.792640000000004e-05,9.5
NCMAPSS,2,g3,LBall_a0.20,10,10,8,0.8,7.792640000000004e-05,16.5
NCMAPSS,2,g3,LBall_a0.20,15,10,6,0.6,0.0063693824000000026,23.0
NCMAPSS,2,g3,LBnear_a0.05,0,10,8,0.8,1.6050781250000006e-09,16.5
NCMAPSS,2,g3,LBnear_a0.05,5,10,6,0.6,2.7545826171875003e-06,23.0
NCMAPSS,2,g3,LBnear_a0.05,10,10,4,0.4,0.001028497937890625,28.0
NCMAPSS,2,g3,LBnear_a0.05,15,10,2,0.2,0.08613835589931637,45.0
NCMAPSS,2,g3,LBnear_a0.10,0,10,8,0.8,3.736000000000001e-07,12.5
NCMAPSS,2,g3,LBnear_a0.10,5,10,6,0.6,0.0001469026,20.0
NCMAPSS,2,g3,LBnear_a0.10,10,10,6,0.6,0.0001469026,25.0
NCMAPSS,2,g3,LBnear_a0.10,15,10,4,0.4,0.0127951984,37.0
NCMAPSS,2,g3,LBnear_a0.20,0,10,9,0.9,4.198400000000002e-06,6.0
NCMAPSS,2,g3,LBnear_a0.20,5,10,8,0.8,7.792640000000004e-05,13.0
NCMAPSS,2,g3,LBnear_a0.20,10,10,6,0.6,0.0063693824000000026,21.0
NCMAPSS,2,g3,LBnear_a0.20,15,10,6,0.6,0.0063693824000000026,25.0
NCMAPSS,2,g3,STW_cost_1se,0,10,3,0.3,,27.0
NCMAPSS,2,g3,STW_cost_1se,5,10,2,0.2,,38.5
NCMAPSS,2,g3,STW_cost_1se,10,10,2,0.2,,40.0
NCMAPSS,2,g3,STW_cost_1se,15,10,1,0.1,,50.0
NCMAPSS,2,g3,STW_cost_plain,0,10,2,0.2,,23.5
NCMAPSS,2,g3,STW_cost_plain,5,10,2,0.2,,33.0
NCMAPSS,2,g3,STW_cost_plain,10,10,2,0.2,,37.0
NCMAPSS,2,g3,STW_cost_plain,15,10,1,0.1,,46.0
NCMAPSS,2,g3,STW_window,0,10,5,0.5,,23.0
NCMAPSS,2,g3,STW_window,5,10,6,0.6,,23.0
NCMAPSS,2,g3,STW_window,10,10,1,0.1,,37.5
NCMAPSS,2,g3,STW_window,15,10,0,0.0,,48.5
NCMAPSS,2,g3,age,0,10,0,0.0,,
NCMAPSS,2,g3,age,5,10,0,0.0,,
NCMAPSS,2,g3,age,10,10,0,0.0,,
NCMAPSS,2,g3,age,15,10,0,0.0,,
NCMAPSS,2,g3,perfect,0,10,0,0.0,,1.0
NCMAPSS,2,g3,perfect,5,10,0,0.0,,1.0
NCMAPSS,2,g3,perfect,10,10,0,0.0,,1.0
NCMAPSS,2,g3,perfect,15,10,0,0.0,,1.0
NCMAPSS,2,g4,CNA_DA,0,10,0,0.0,1.0,22.0
NCMAPSS,2,g4,CNA_DA,5,10,0,0.0,1.0,27.5
NCMAPSS,2,g4,CNA_DA,10,10,0,0.0,1.0,32.0
NCMAPSS,2,g4,CNA_DA,15,10,0,0.0,1.0,39.0
NCMAPSS,2,g4,CNA_a0.05,0,10,0,0.0,1.0,22.0
NCMAPSS,2,g4,CNA_a0.05,5,10,0,0.0,1.0,27.5
NCMAPSS,2,g4,CNA_a0.05,10,10,0,0.0,1.0,32.0
NCMAPSS,2,g4,CNA_a0.05,15,10,0,0.0,1.0,39.0
NCMAPSS,2,g4,CNA_a0.10,0,10,0,0.0,1.0,12.5
NCMAPSS,2,g4,CNA_a0.10,5,10,0,0.0,1.0,18.5
NCMAPSS,2,g4,CNA_a0.10,10,10,0,0.0,1.0,30.5
NCMAPSS,2,g4,CNA_a0.10,15,10,0,0.0,1.0,35.0
NCMAPSS,2,g4,CNA_a0.20,0,10,0,0.0,1.0,5.0
NCMAPSS,2,g4,CNA_a0.20,5,10,0,0.0,1.0,13.0
NCMAPSS,2,g4,CNA_a0.20,10,10,0,0.0,1.0,20.5
NCMAPSS,2,g4,CNA_a0.20,15,10,0,0.0,1.0,30.5
NCMAPSS,2,g4,KAM_P1_heur,0,10,0,0.0,,5.0
NCMAPSS,2,g4,KAM_P1_heur,5,10,1,0.1,,13.0
NCMAPSS,2,g4,KAM_P1_heur,10,10,0,0.0,,23.0
NCMAPSS,2,g4,KAM_P1_heur,15,10,0,0.0,,30.5
NCMAPSS,2,g4,KAM_P1_opt,0,10,0,0.0,,30.5
NCMAPSS,2,g4,KAM_P1_opt,5,10,0,0.0,,30.5
NCMAPSS,2,g4,KAM_P1_opt,10,10,0,0.0,,36.5
NCMAPSS,2,g4,KAM_P1_opt,15,10,0,0.0,,41.0
NCMAPSS,2,g4,LBall_a0.05,0,10,0,0.0,1.0,15.0
NCMAPSS,2,g4,LBall_a0.05,5,10,0,0.0,1.0,22.0
NCMAPSS,2,g4,LBall_a0.05,10,10,0,0.0,1.0,29.0
NCMAPSS,2,g4,LBall_a0.05,15,10,0,0.0,1.0,35.0
NCMAPSS,2,g4,LBall_a0.10,0,10,0,0.0,1.0,12.0
NCMAPSS,2,g4,LBall_a0.10,5,10,0,0.0,1.0,18.0
NCMAPSS,2,g4,LBall_a0.10,10,10,0,0.0,1.0,23.0
NCMAPSS,2,g4,LBall_a0.10,15,10,0,0.0,1.0,31.0
NCMAPSS,2,g4,LBall_a0.20,0,10,1,0.1,0.8926258176,3.0
NCMAPSS,2,g4,LBall_a0.20,5,10,2,0.2,0.6241903615999997,11.0
NCMAPSS,2,g4,LBall_a0.20,10,10,2,0.2,0.6241903615999997,15.0
NCMAPSS,2,g4,LBall_a0.20,15,10,1,0.1,0.8926258176,22.0
NCMAPSS,2,g4,LBnear_a0.05,0,10,0,0.0,1.0,17.0
NCMAPSS,2,g4,LBnear_a0.05,5,10,0,0.0,1.0,22.5
NCMAPSS,2,g4,LBnear_a0.05,10,10,0,0.0,1.0,30.0
NCMAPSS,2,g4,LBnear_a0.05,15,10,0,0.0,1.0,35.0
NCMAPSS,2,g4,LBnear_a0.10,0,10,0,0.0,1.0,13.0
NCMAPSS,2,g4,LBnear_a0.10,5,10,0,0.0,1.0,20.0
NCMAPSS,2,g4,LBnear_a0.10,10,10,0,0.0,1.0,26.5
NCMAPSS,2,g4,LBnear_a0.10,15,10,0,0.0,1.0,32.0
NCMAPSS,2,g4,LBnear_a0.20,0,10,0,0.0,1.0,6.0
NCMAPSS,2,g4,LBnear_a0.20,5,10,1,0.1,0.8926258176,12.0
NCMAPSS,2,g4,LBnear_a0.20,10,10,0,0.0,1.0,18.5
NCMAPSS,2,g4,LBnear_a0.20,15,10,1,0.1,0.8926258176,24.5
NCMAPSS,2,g4,STW_cost_1se,0,10,0,0.0,,21.0
NCMAPSS,2,g4,STW_cost_1se,5,10,0,0.0,,28.0
NCMAPSS,2,g4,STW_cost_1se,10,10,0,0.0,,30.5
NCMAPSS,2,g4,STW_cost_1se,15,10,0,0.0,,39.0
NCMAPSS,2,g4,STW_cost_plain,0,10,0,0.0,,21.5
NCMAPSS,2,g4,STW_cost_plain,5,10,0,0.0,,26.5
NCMAPSS,2,g4,STW_cost_plain,10,10,0,0.0,,30.5
NCMAPSS,2,g4,STW_cost_plain,15,10,0,0.0,,38.5
NCMAPSS,2,g4,STW_window,0,10,0,0.0,,23.5
NCMAPSS,2,g4,STW_window,5,10,0,0.0,,29.0
NCMAPSS,2,g4,STW_window,10,10,0,0.0,,39.5
NCMAPSS,2,g4,STW_window,15,10,0,0.0,,39.5
NCMAPSS,2,g4,age,0,10,0,0.0,,
NCMAPSS,2,g4,age,5,10,0,0.0,,
NCMAPSS,2,g4,age,10,10,0,0.0,,
NCMAPSS,2,g4,age,15,10,0,0.0,,
NCMAPSS,2,g4,perfect,0,10,0,0.0,,1.0
NCMAPSS,2,g4,perfect,5,10,0,0.0,,1.0
NCMAPSS,2,g4,perfect,10,10,0,0.0,,1.0
NCMAPSS,2,g4,perfect,15,10,0,0.0,,1.0
NCMAPSS,2,g5,CNA_DA,0,10,0,0.0,1.0,24.0
NCMAPSS,2,g5,CNA_DA,5,10,0,0.0,1.0,26.5
NCMAPSS,2,g5,CNA_DA,10,10,0,0.0,1.0,29.5
NCMAPSS,2,g5,CNA_DA,15,10,0,0.0,1.0,31.0
NCMAPSS,2,g5,CNA_a0.05,0,10,0,0.0,1.0,24.0
NCMAPSS,2,g5,CNA_a0.05,5,10,0,0.0,1.0,26.5
NCMAPSS,2,g5,CNA_a0.05,10,10,0,0.0,1.0,29.5
NCMAPSS,2,g5,CNA_a0.05,15,10,0,0.0,1.0,31.0
NCMAPSS,2,g5,CNA_a0.10,0,10,0,0.0,1.0,12.5
NCMAPSS,2,g5,CNA_a0.10,5,10,0,0.0,1.0,14.0
NCMAPSS,2,g5,CNA_a0.10,10,10,0,0.0,1.0,25.0
NCMAPSS,2,g5,CNA_a0.10,15,10,0,0.0,1.0,26.5
NCMAPSS,2,g5,CNA_a0.20,0,10,0,0.0,1.0,9.0
NCMAPSS,2,g5,CNA_a0.20,5,10,1,0.1,0.8926258176,12.5
NCMAPSS,2,g5,CNA_a0.20,10,10,1,0.1,0.8926258176,18.5
NCMAPSS,2,g5,CNA_a0.20,15,10,2,0.2,0.6241903615999997,25.0
NCMAPSS,2,g5,KAM_P1_heur,0,10,0,0.0,,7.0
NCMAPSS,2,g5,KAM_P1_heur,5,10,0,0.0,,14.0
NCMAPSS,2,g5,KAM_P1_heur,10,10,0,0.0,,21.0
NCMAPSS,2,g5,KAM_P1_heur,15,10,0,0.0,,25.5
NCMAPSS,2,g5,KAM_P1_opt,0,10,0,0.0,,25.5
NCMAPSS,2,g5,KAM_P1_opt,5,10,0,0.0,,31.5
NCMAPSS,2,g5,KAM_P1_opt,10,10,0,0.0,,31.5
NCMAPSS,2,g5,KAM_P1_opt,15,10,0,0.0,,31.5
NCMAPSS,2,g5,LBall_a0.05,0,10,0,0.0,1.0,12.5
NCMAPSS,2,g5,LBall_a0.05,5,10,0,0.0,1.0,18.0
NCMAPSS,2,g5,LBall_a0.05,10,10,1,0.1,0.4012630607616211,23.5
NCMAPSS,2,g5,LBall_a0.05,15,10,0,0.0,1.0,28.5
NCMAPSS,2,g5,LBall_a0.10,0,10,0,0.0,1.0,10.5
NCMAPSS,2,g5,LBall_a0.10,5,10,0,0.0,1.0,15.0
NCMAPSS,2,g5,LBall_a0.10,10,10,1,0.1,0.6513215599000001,20.0
NCMAPSS,2,g5,LBall_a0.10,15,10,1,0.1,0.6513215599000001,26.0
NCMAPSS,2,g5,LBall_a0.20,0,10,0,0.0,1.0,6.5
NCMAPSS,2,g5,LBall_a0.20,5,10,1,0.1,0.8926258176,12.0
NCMAPSS,2,g5,LBall_a0.20,10,10,1,0.1,0.8926258176,15.5
NCMAPSS,2,g5,LBall_a0.20,15,10,2,0.2,0.6241903615999997,22.5
NCMAPSS,2,g5,LBnear_a0.05,0,10,0,0.0,1.0,13.0
NCMAPSS,2,g5,LBnear_a0.05,5,10,0,0.0,1.0,19.0
NCMAPSS,2,g5,LBnear_a0.05,10,10,1,0.1,0.4012630607616211,24.0
NCMAPSS,2,g5,LBnear_a0.05,15,10,0,0.0,1.0,29.5
NCMAPSS,2,g5,LBnear_a0.10,0,10,0,0.0,1.0,11.0
NCMAPSS,2,g5,LBnear_a0.10,5,10,0,0.0,1.0,15.0
NCMAPSS,2,g5,LBnear_a0.10,10,10,1,0.1,0.6513215599000001,20.5
NCMAPSS,2,g5,LBnear_a0.10,15,10,0,0.0,1.0,26.0
NCMAPSS,2,g5,LBnear_a0.20,0,10,0,0.0,1.0,8.5
NCMAPSS,2,g5,LBnear_a0.20,5,10,1,0.1,0.8926258176,12.5
NCMAPSS,2,g5,LBnear_a0.20,10,10,1,0.1,0.8926258176,18.0
NCMAPSS,2,g5,LBnear_a0.20,15,10,2,0.2,0.6241903615999997,23.5
NCMAPSS,2,g5,STW_cost_1se,0,10,0,0.0,,22.5
NCMAPSS,2,g5,STW_cost_1se,5,10,0,0.0,,22.5
NCMAPSS,2,g5,STW_cost_1se,10,10,0,0.0,,26.0
NCMAPSS,2,g5,STW_cost_1se,15,10,0,0.0,,31.5
NCMAPSS,2,g5,STW_cost_plain,0,10,0,0.0,,20.5
NCMAPSS,2,g5,STW_cost_plain,5,10,0,0.0,,21.5
NCMAPSS,2,g5,STW_cost_plain,10,10,0,0.0,,26.0
NCMAPSS,2,g5,STW_cost_plain,15,10,0,0.0,,30.0
NCMAPSS,2,g5,STW_window,0,10,0,0.0,,21.5
NCMAPSS,2,g5,STW_window,5,10,0,0.0,,21.5
NCMAPSS,2,g5,STW_window,10,10,0,0.0,,35.5
NCMAPSS,2,g5,STW_window,15,10,0,0.0,,35.5
NCMAPSS,2,g5,age,0,10,0,0.0,,
NCMAPSS,2,g5,age,5,10,0,0.0,,
NCMAPSS,2,g5,age,10,10,0,0.0,,
NCMAPSS,2,g5,age,15,10,0,0.0,,
NCMAPSS,2,g5,perfect,0,10,0,0.0,,1.0
NCMAPSS,2,g5,perfect,5,10,0,0.0,,1.0
NCMAPSS,2,g5,perfect,10,10,0,0.0,,1.0
NCMAPSS,2,g5,perfect,15,10,0,0.0,,1.0
NCMAPSS,2,g6,CNA_DA,0,10,0,0.0,1.0,16.5
NCMAPSS,2,g6,CNA_DA,5,10,0,0.0,1.0,20.5
NCMAPSS,2,g6,CNA_DA,10,10,0,0.0,1.0,21.5
NCMAPSS,2,g6,CNA_DA,15,10,0,0.0,1.0,26.5
NCMAPSS,2,g6,CNA_a0.05,0,10,0,0.0,1.0,16.5
NCMAPSS,2,g6,CNA_a0.05,5,10,0,0.0,1.0,20.5
NCMAPSS,2,g6,CNA_a0.05,10,10,0,0.0,1.0,21.5
NCMAPSS,2,g6,CNA_a0.05,15,10,0,0.0,1.0,26.5
NCMAPSS,2,g6,CNA_a0.10,0,10,0,0.0,1.0,8.0
NCMAPSS,2,g6,CNA_a0.10,5,10,0,0.0,1.0,15.5
NCMAPSS,2,g6,CNA_a0.10,10,10,0,0.0,1.0,19.0
NCMAPSS,2,g6,CNA_a0.10,15,10,0,0.0,1.0,25.5
NCMAPSS,2,g6,CNA_a0.20,0,10,0,0.0,1.0,6.5
NCMAPSS,2,g6,CNA_a0.20,5,10,0,0.0,1.0,13.5
NCMAPSS,2,g6,CNA_a0.20,10,10,0,0.0,1.0,16.5
NCMAPSS,2,g6,CNA_a0.20,15,10,0,0.0,1.0,24.0
NCMAPSS,2,g6,KAM_P1_heur,0,10,0,0.0,,4.5
NCMAPSS,2,g6,KAM_P1_heur,5,10,0,0.0,,10.5
NCMAPSS,2,g6,KAM_P1_heur,10,10,0,0.0,,20.5
NCMAPSS,2,g6,KAM_P1_heur,15,10,0,0.0,,27.5
NCMAPSS,2,g6,KAM_P1_opt,0,10,0,0.0,,20.5
NCMAPSS,2,g6,KAM_P1_opt,5,10,0,0.0,,20.5
NCMAPSS,2,g6,KAM_P1_opt,10,10,0,0.0,,27.5
NCMAPSS,2,g6,KAM_P1_opt,15,10,0,0.0,,27.5
NCMAPSS,2,g6,LBall_a0.05,0,10,0,0.0,1.0,9.0
NCMAPSS,2,g6,LBall_a0.05,5,10,0,0.0,1.0,14.0
NCMAPSS,2,g6,LBall_a0.05,10,10,0,0.0,1.0,18.0
NCMAPSS,2,g6,LBall_a0.05,15,10,0,0.0,1.0,23.5
NCMAPSS,2,g6,LBall_a0.10,0,10,0,0.0,1.0,8.0
NCMAPSS,2,g6,LBall_a0.10,5,10,0,0.0,1.0,12.0
NCMAPSS,2,g6,LBall_a0.10,10,10,1,0.1,0.6513215599000001,16.0
NCMAPSS,2,g6,LBall_a0.10,15,10,1,0.1,0.6513215599000001,20.5
NCMAPSS,2,g6,LBall_a0.20,0,10,1,0.1,0.8926258176,3.0
NCMAPSS,2,g6,LBall_a0.20,5,10,3,0.3,0.32220047360000015,7.5
NCMAPSS,2,g6,LBall_a0.20,10,10,4,0.4,0.12087388160000007,11.5
NCMAPSS,2,g6,LBall_a0.20,15,10,5,0.5,0.03279349760000002,15.5
NCMAPSS,2,g6,LBnear_a0.05,0,10,0,0.0,1.0,9.5
NCMAPSS,2,g6,LBnear_a0.05,5,10,0,0.0,1.0,14.0
NCMAPSS,2,g6,LBnear_a0.05,10,10,0,0.0,1.0,18.0
NCMAPSS,2,g6,LBnear_a0.05,15,10,0,0.0,1.0,24.0
NCMAPSS,2,g6,LBnear_a0.10,0,10,0,0.0,1.0,8.0
NCMAPSS,2,g6,LBnear_a0.10,5,10,0,0.0,1.0,13.0
NCMAPSS,2,g6,LBnear_a0.10,10,10,0,0.0,1.0,16.5
NCMAPSS,2,g6,LBnear_a0.10,15,10,1,0.1,0.6513215599000001,20.5
NCMAPSS,2,g6,LBnear_a0.20,0,10,0,0.0,1.0,5.0
NCMAPSS,2,g6,LBnear_a0.20,5,10,3,0.3,0.32220047360000015,8.5
NCMAPSS,2,g6,LBnear_a0.20,10,10,4,0.4,0.12087388160000007,13.5
NCMAPSS,2,g6,LBnear_a0.20,15,10,4,0.4,0.12087388160000007,17.5
NCMAPSS,2,g6,STW_cost_1se,0,10,0,0.0,,15.0
NCMAPSS,2,g6,STW_cost_1se,5,10,0,0.0,,16.5
NCMAPSS,2,g6,STW_cost_1se,10,10,0,0.0,,23.0
NCMAPSS,2,g6,STW_cost_1se,15,10,0,0.0,,26.0
NCMAPSS,2,g6,STW_cost_plain,0,10,0,0.0,,14.5
NCMAPSS,2,g6,STW_cost_plain,5,10,0,0.0,,15.5
NCMAPSS,2,g6,STW_cost_plain,10,10,0,0.0,,19.5
NCMAPSS,2,g6,STW_cost_plain,15,10,0,0.0,,25.0
NCMAPSS,2,g6,STW_window,0,10,0,0.0,,11.0
NCMAPSS,2,g6,STW_window,5,10,0,0.0,,36.0
NCMAPSS,2,g6,STW_window,10,10,0,0.0,,36.0
NCMAPSS,2,g6,STW_window,15,10,0,0.0,,36.0
NCMAPSS,2,g6,age,0,10,0,0.0,,
NCMAPSS,2,g6,age,5,10,0,0.0,,
NCMAPSS,2,g6,age,10,10,0,0.0,,
NCMAPSS,2,g6,age,15,10,0,0.0,,
NCMAPSS,2,g6,perfect,0,10,0,0.0,,1.0
NCMAPSS,2,g6,perfect,5,10,0,0.0,,1.0
NCMAPSS,2,g6,perfect,10,10,0,0.0,,1.0
NCMAPSS,2,g6,perfect,15,10,0,0.0,,1.0
NCMAPSS,2,g7,CNA_DA,0,15,2,0.13333333333333333,0.4509569810809362,15.0
NCMAPSS,2,g7,CNA_DA,5,15,3,0.2,0.18406106910639106,20.0
NCMAPSS,2,g7,CNA_DA,10,15,3,0.2,0.18406106910639106,27.0
NCMAPSS,2,g7,CNA_DA,15,15,2,0.13333333333333333,0.4509569810809362,31.0
NCMAPSS,2,g7,CNA_a0.05,0,15,2,0.13333333333333333,0.1709525355035991,15.0
NCMAPSS,2,g7,CNA_a0.05,5,15,3,0.2,0.03620023864272912,20.0
NCMAPSS,2,g7,CNA_a0.05,10,15,3,0.2,0.03620023864272912,27.0
NCMAPSS,2,g7,CNA_a0.05,15,15,2,0.13333333333333333,0.1709525355035991,31.0
NCMAPSS,2,g7,CNA_a0.10,0,15,3,0.2,0.18406106910639106,13.5
NCMAPSS,2,g7,CNA_a0.10,5,15,3,0.2,0.18406106910639106,18.5
NCMAPSS,2,g7,CNA_a0.10,10,15,3,0.2,0.18406106910639106,22.0
NCMAPSS,2,g7,CNA_a0.10,15,15,2,0.13333333333333333,0.4509569810809362,31.0
NCMAPSS,2,g7,CNA_a0.20,0,15,6,0.4,0.061051429617664056,6.0
NCMAPSS,2,g7,CNA_a0.20,5,15,5,0.3333333333333333,0.16423372393676816,12.5
NCMAPSS,2,g7,CNA_a0.20,10,15,3,0.2,0.6019767907450877,19.0
NCMAPSS,2,g7,CNA_a0.20,15,15,3,0.2,0.6019767907450877,23.0
NCMAPSS,2,g7,KAM_P1_heur,0,15,6,0.4,,7.0
NCMAPSS,2,g7,KAM_P1_heur,5,15,5,0.3333333333333333,,9.5
NCMAPSS,2,g7,KAM_P1_heur,10,15,3,0.2,,21.5
NCMAPSS,2,g7,KAM_P1_heur,15,15,3,0.2,,28.0
NCMAPSS,2,g7,KAM_P1_opt,0,15,2,0.13333333333333333,,16.0
NCMAPSS,2,g7,KAM_P1_opt,5,15,2,0.13333333333333333,,21.5
NCMAPSS,2,g7,KAM_P1_opt,10,15,2,0.13333333333333333,,28.0
NCMAPSS,2,g7,KAM_P1_opt,15,15,2,0.13333333333333333,,33.0
NCMAPSS,2,g7,LBall_a0.05,0,15,3,0.2,0.03620023864272912,14.5
NCMAPSS,2,g7,LBall_a0.05,5,15,3,0.2,0.03620023864272912,19.0
NCMAPSS,2,g7,LBall_a0.05,10,15,3,0.2,0.03620023864272912,21.5
NCMAPSS,2,g7,LBall_a0.05,15,15,3,0.2,0.03620023864272912,27.0
NCMAPSS,2,g7,LBall_a0.10,0,15,4,0.26666666666666666,0.05555563000753602,12.0
NCMAPSS,2,g7,LBall_a0.10,5,15,4,0.26666666666666666,0.05555563000753602,15.0
NCMAPSS,2,g7,LBall_a0.10,10,15,3,0.2,0.18406106910639106,19.0
NCMAPSS,2,g7,LBall_a0.10,15,15,3,0.2,0.18406106910639106,22.5
NCMAPSS,2,g7,LBall_a0.20,0,15,6,0.4,0.061051429617664056,6.0
NCMAPSS,2,g7,LBall_a0.20,5,15,6,0.4,0.061051429617664056,9.0
NCMAPSS,2,g7,LBall_a0.20,10,15,6,0.4,0.061051429617664056,14.5
NCMAPSS,2,g7,LBall_a0.20,15,15,7,0.4666666666666667,0.018058806984704016,19.0
NCMAPSS,2,g7,LBnear_a0.05,0,15,2,0.13333333333333333,0.1709525355035991,15.0
NCMAPSS,2,g7,LBnear_a0.05,5,15,3,0.2,0.03620023864272912,19.0
NCMAPSS,2,g7,LBnear_a0.05,10,15,3,0.2,0.03620023864272912,22.5
NCMAPSS,2,g7,LBnear_a0.05,15,15,3,0.2,0.03620023864272912,28.0
NCMAPSS,2,g7,LBnear_a0.10,0,15,3,0.2,0.18406106910639106,12.5
NCMAPSS,2,g7,LBnear_a0.10,5,15,3,0.2,0.18406106910639106,17.5
NCMAPSS,2,g7,LBnear_a0.10,10,15,3,0.2,0.18406106910639106,20.0
NCMAPSS,2,g7,LBnear_a0.10,15,15,3,0.2,0.18406106910639106,23.0
NCMAPSS,2,g7,LBnear_a0.20,0,15,4,0.26666666666666666,0.3518378954260484,7.0
NCMAPSS,2,g7,LBnear_a0.20,5,15,5,0.3333333333333333,0.16423372393676816,12.0
NCMAPSS,2,g7,LBnear_a0.20,10,15,5,0.3333333333333333,0.16423372393676816,16.0
NCMAPSS,2,g7,LBnear_a0.20,15,15,6,0.4,0.061051429617664056,20.0
NCMAPSS,2,g7,STW_cost_1se,0,15,2,0.13333333333333333,,13.0
NCMAPSS,2,g7,STW_cost_1se,5,15,3,0.2,,17.0
NCMAPSS,2,g7,STW_cost_1se,10,15,1,0.06666666666666667,,25.0
NCMAPSS,2,g7,STW_cost_1se,15,15,2,0.13333333333333333,,31.0
NCMAPSS,2,g7,STW_cost_plain,0,15,4,0.26666666666666666,,12.0
NCMAPSS,2,g7,STW_cost_plain,5,15,3,0.2,,17.5
NCMAPSS,2,g7,STW_cost_plain,10,15,3,0.2,,27.0
NCMAPSS,2,g7,STW_cost_plain,15,15,2,0.13333333333333333,,31.0
NCMAPSS,2,g7,STW_window,0,15,1,0.06666666666666667,,19.5
NCMAPSS,2,g7,STW_window,5,15,3,0.2,,19.5
NCMAPSS,2,g7,STW_window,10,15,2,0.13333333333333333,,27.0
NCMAPSS,2,g7,STW_window,15,15,2,0.13333333333333333,,27.0
NCMAPSS,2,g7,age,0,15,0,0.0,,
NCMAPSS,2,g7,age,5,15,0,0.0,,
NCMAPSS,2,g7,age,10,15,0,0.0,,
NCMAPSS,2,g7,age,15,15,0,0.0,,
NCMAPSS,2,g7,perfect,0,15,0,0.0,,1.0
NCMAPSS,2,g7,perfect,5,15,0,0.0,,1.0
NCMAPSS,2,g7,perfect,10,15,0,0.0,,1.0
NCMAPSS,2,g7,perfect,15,15,0,0.0,,1.0
NCMAPSS,2,g8,CNA_DA,0,10,1,0.1,0.6513215599000001,8.0
NCMAPSS,2,g8,CNA_DA,5,10,0,0.0,1.0,13.5
NCMAPSS,2,g8,CNA_DA,10,10,0,0.0,1.0,18.0
NCMAPSS,2,g8,CNA_DA,15,10,3,0.3,0.0701908264,22.0
NCMAPSS,2,g8,CNA_a0.05,0,10,1,0.1,0.4012630607616211,8.0
NCMAPSS,2,g8,CNA_a0.05,5,10,0,0.0,1.0,13.5
NCMAPSS,2,g8,CNA_a0.05,10,10,0,0.0,1.0,18.0
NCMAPSS,2,g8,CNA_a0.05,15,10,3,0.3,0.011503557379296871,22.0
NCMAPSS,2,g8,CNA_a0.10,0,10,3,0.3,0.0701908264,6.0
NCMAPSS,2,g8,CNA_a0.10,5,10,3,0.3,0.0701908264,11.0
NCMAPSS,2,g8,CNA_a0.10,10,10,5,0.5,0.0016349374000000003,13.5
NCMAPSS,2,g8,CNA_a0.10,15,10,4,0.4,0.0127951984,18.0
NCMAPSS,2,g8,CNA_a0.20,0,10,4,0.4,0.12087388160000007,2.5
NCMAPSS,2,g8,CNA_a0.20,5,10,9,0.9,4.198400000000002e-06,4.0
NCMAPSS,2,g8,CNA_a0.20,10,10,9,0.9,4.198400000000002e-06,7.0
NCMAPSS,2,g8,CNA_a0.20,15,10,6,0.6,0.0063693824000000026,12.5
NCMAPSS,2,g8,KAM_P1_heur,0,10,6,0.6,,3.0
NCMAPSS,2,g8,KAM_P1_heur,5,10,6,0.6,,6.0
NCMAPSS,2,g8,KAM_P1_heur,10,10,4,0.4,,13.0
NCMAPSS,2,g8,KAM_P1_heur,15,10,6,0.6,,13.0
NCMAPSS,2,g8,KAM_P1_opt,0,10,0,0.0,,13.0
NCMAPSS,2,g8,KAM_P1_opt,5,10,0,0.0,,14.5
NCMAPSS,2,g8,KAM_P1_opt,10,10,0,0.0,,21.0
NCMAPSS,2,g8,KAM_P1_opt,15,10,1,0.1,,25.5
NCMAPSS,2,g8,LBall_a0.05,0,10,4,0.4,0.001028497937890625,5.5
NCMAPSS,2,g8,LBall_a0.05,5,10,4,0.4,0.001028497937890625,7.0
NCMAPSS,2,g8,LBall_a0.05,10,10,5,0.5,6.36898314453125e-05,11.5
NCMAPSS,2,g8,LBall_a0.05,15,10,5,0.5,6.36898314453125e-05,15.5
NCMAPSS,2,g8,LBall_a0.10,0,10,4,0.4,0.0127951984,2.5
NCMAPSS,2,g8,LBall_a0.10,5,10,7,0.7,9.121600000000001e-06,5.0
NCMAPSS,2,g8,LBall_a0.10,10,10,9,0.9,9.100000000000004e-09,7.0
NCMAPSS,2,g8,LBall_a0.10,15,10,6,0.6,0.0001469026,12.0
NCMAPSS,2,g8,LBall_a0.20,0,10,8,0.8,7.792640000000004e-05,1.0
NCMAPSS,2,g8,LBall_a0.20,5,10,9,0.9,4.198400000000002e-06,3.0
NCMAPSS,2,g8,LBall_a0.20,10,10,9,0.9,4.198400000000002e-06,5.0
NCMAPSS,2,g8,LBall_a0.20,15,10,10,1.0,1.0240000000000006e-07,7.0
NCMAPSS,2,g8,LBnear_a0.05,0,10,3,0.3,0.011503557379296871,6.0
NCMAPSS,2,g8,LBnear_a0.05,5,10,4,0.4,0.001028497937890625,8.0
NCMAPSS,2,g8,LBnear_a0.05,10,10,5,0.5,6.36898314453125e-05,12.5
NCMAPSS,2,g8,LBnear_a0.05,15,10,4,0.4,0.001028497937890625,17.5
NCMAPSS,2,g8,LBnear_a0.10,0,10,4,0.4,0.0127951984,4.0
NCMAPSS,2,g8,LBnear_a0.10,5,10,5,0.5,0.0016349374000000003,6.0
NCMAPSS,2,g8,LBnear_a0.10,10,10,6,0.6,0.0001469026,9.0
NCMAPSS,2,g8,LBnear_a0.10,15,10,5,0.5,0.0016349374000000003,13.0
NCMAPSS,2,g8,LBnear_a0.20,0,10,7,0.7,0.0008643584000000003,2.0
NCMAPSS,2,g8,LBnear_a0.20,5,10,9,0.9,4.198400000000002e-06,4.0
NCMAPSS,2,g8,LBnear_a0.20,10,10,9,0.9,4.198400000000002e-06,6.0
NCMAPSS,2,g8,LBnear_a0.20,15,10,9,0.9,4.198400000000002e-06,9.0
NCMAPSS,2,g8,STW_cost_1se,0,10,1,0.1,,7.0
NCMAPSS,2,g8,STW_cost_1se,5,10,0,0.0,,15.5
NCMAPSS,2,g8,STW_cost_1se,10,10,1,0.1,,18.5
NCMAPSS,2,g8,STW_cost_1se,15,10,2,0.2,,20.0
NCMAPSS,2,g8,STW_cost_plain,0,10,1,0.1,,7.0
NCMAPSS,2,g8,STW_cost_plain,5,10,1,0.1,,12.5
NCMAPSS,2,g8,STW_cost_plain,10,10,1,0.1,,17.0
NCMAPSS,2,g8,STW_cost_plain,15,10,2,0.2,,19.0
NCMAPSS,2,g8,STW_window,0,10,0,0.0,,15.0
NCMAPSS,2,g8,STW_window,5,10,0,0.0,,15.0
NCMAPSS,2,g8,STW_window,10,10,0,0.0,,31.0
NCMAPSS,2,g8,STW_window,15,10,0,0.0,,31.0
NCMAPSS,2,g8,age,0,10,2,0.2,,
NCMAPSS,2,g8,age,5,10,2,0.2,,
NCMAPSS,2,g8,age,10,10,2,0.2,,
NCMAPSS,2,g8,age,15,10,2,0.2,,
NCMAPSS,2,g8,perfect,0,10,0,0.0,,1.0
NCMAPSS,2,g8,perfect,5,10,0,0.0,,1.0
NCMAPSS,2,g8,perfect,10,10,0,0.0,,1.0
NCMAPSS,2,g8,perfect,15,10,0,0.0,,1.0
